أهم الصفحات,النقرات,عدد الظهور,نسبة النقر إلى الظهور,موضع
https://www.rukn-eltatawer.com/hourly-cleaning-maids-dubai/,102,4835,2.11%,6.9
https://www.rukn-eltatawer.com/hourly-cleaning-maids-sharjah/,98,3701,2.65%,9.95
https://www.rukn-eltatawer.com/cleaning-company-in-sharjah/,77,7206,1.07%,8.18
https://www.rukn-eltatawer.com/hourly-cleaning-maids-abu-dhabi/,69,8801,0.78%,6.92
https://www.rukn-eltatawer.com/general-maintenance-company-in-dubai/,57,695,8.2%,6.7
https://www.rukn-eltatawer.com/,55,2211,2.49%,17.47
https://www.rukn-eltatawer.com/insect-control-in-abu-dhabi/,52,4313,1.21%,7.36
https://www.rukn-eltatawer.com/insect-control-in-sharjah/,48,3417,1.4%,6.08
https://www.rukn-eltatawer.com/general-maintenance-company-sharjah/,47,808,5.82%,8.37
https://www.rukn-eltatawer.com/insect-control-in-dubai/,46,4028,1.14%,5.42
https://www.rukn-eltatawer.com/leak-detection-company-in-dubai/,44,2986,1.47%,9.05
https://www.rukn-eltatawer.com/a-water-leak-detection-company-in-abu-dhabi/,41,2070,1.98%,7.5
https://www.rukn-eltatawer.com/water-leak-detection-company-in-qatar/,41,426,9.62%,5.58
https://www.rukn-eltatawer.com/pest-control-company-in-ajman/,37,2114,1.75%,4.47
https://www.rukn-eltatawer.com/al-ain-landscaping-company/,37,623,5.94%,8.99
https://www.rukn-eltatawer.com/landscaping-company-in-dubai/,37,530,6.98%,7.98
https://www.rukn-eltatawer.com/pest-control-company-in-al-ain/,36,1713,2.1%,7.33
https://www.rukn-eltatawer.com/cleaning-company-in-dubai/,34,3126,1.09%,6.91
https://www.rukn-eltatawer.com/clearing-transactions-in-abu-dhabi/,33,1634,2.02%,5.73
https://www.rukn-eltatawer.com/modern-irrigation-al-ain/,24,47,51.06%,5.79
https://www.rukn-eltatawer.com/surface-insulation-company-in-dubai/,23,1913,1.2%,10.99
https://www.rukn-eltatawer.com/abu-dhabi-landscaping-company/,22,718,3.06%,10.66
https://www.rukn-eltatawer.com/insect-control-in-ras-al-khaimah/,21,983,2.14%,5.63
https://www.rukn-eltatawer.com/dyeing-in-sharjah/,21,618,3.4%,7.58
https://www.rukn-eltatawer.com/sewerage-plumbing-sharjah/,20,2961,0.68%,6.09
https://www.rukn-eltatawer.com/sewer-plumbing-ajman/,20,1161,1.72%,5.46
https://www.rukn-eltatawer.com/abu-dhabi-air-conditioner-cleaning-company/,19,1502,1.26%,13.88
https://www.rukn-eltatawer.com/general-maintenance-company-abu-dhabi/,19,735,2.59%,10.78
https://www.rukn-eltatawer.com/house-cleaning-company-in-fujairah/,18,886,2.03%,7.51
https://www.rukn-eltatawer.com/parquet-installation-in-abu-dhabi/,18,756,2.38%,7.67
https://www.rukn-eltatawer.com/sewerage-plumbing-dubai/,17,3350,0.51%,8.04
https://www.rukn-eltatawer.com/ras-al-khaimah-villas-cleaning-company/,16,2157,0.74%,9.14
https://www.rukn-eltatawer.com/sharjah-gypsum-board-installation-company/,16,698,2.29%,7.24
https://www.rukn-eltatawer.com/tank-lining-maintenance-abu-dhabi/,16,171,9.36%,13.7
https://www.rukn-eltatawer.com/roof-insulation-in-abu-dhabi/,15,1107,1.36%,12.36
https://www.rukn-eltatawer.com/ceramic-installation-company-in-dubai/,15,537,2.79%,5.6
https://www.rukn-eltatawer.com/automatic-door-maintenance-abu-dhabi/,15,365,4.11%,7.93
https://www.rukn-eltatawer.com/house-cleaning-company-in-ajman/,14,922,1.52%,8.07
https://www.rukn-eltatawer.com/sewer-wiring-abu-dhabi/,13,1258,1.03%,7.78
https://www.rukn-eltatawer.com/installing-gypsum-boards-in-abu-dhabi/,13,802,1.62%,6.45
https://www.rukn-eltatawer.com/al-ain-sofa-cleaning-company/,12,1370,0.88%,6.92
https://www.rukn-eltatawer.com/a-contracting-company-in-abu-dhabi/,12,994,1.21%,10.67
https://www.rukn-eltatawer.com/dyeing-in-dubai/,12,916,1.31%,7.43
https://www.rukn-eltatawer.com/sharjah-tank-cleaning-company/,12,452,2.65%,6.11
https://www.rukn-eltatawer.com/kitchen-hood-installation-abu-dhabi/,12,152,7.89%,6.15
https://www.rukn-eltatawer.com/modern-irrigation-dubai/,12,47,25.53%,5.79
https://www.rukn-eltatawer.com/installation-of-gypsum-board-fujairah/,11,109,10.09%,4.65
https://www.rukn-eltatawer.com/pest-control-company-in-fujairah/,10,875,1.14%,5
https://www.rukn-eltatawer.com/ajman-roof-insulation-company/,10,399,2.51%,15.91
https://www.rukn-eltatawer.com/sharjah-pigeons-repellent-installation-company/,9,900,1%,11.33
https://www.rukn-eltatawer.com/abu-dhabi-tank-cleaning-company/,9,776,1.16%,6.92
https://www.rukn-eltatawer.com/sharjah-sofa-cleaning-company/,9,616,1.46%,10.9
https://www.rukn-eltatawer.com/water-leak-detection-company-in-al-ain/,9,512,1.76%,6.4
https://www.rukn-eltatawer.com/dyeing-abu-dhabi/,9,465,1.94%,12.23
https://www.rukn-eltatawer.com/parquet-installation-company-in-sharjah/,9,239,3.77%,4.92
https://www.rukn-eltatawer.com/abu-dhabi-swimming-pool-cleaning-company/,9,217,4.15%,8.85
https://www.rukn-eltatawer.com/vacuum-cleaner-repair-abu-dhabi/,9,186,4.84%,5.21
https://www.rukn-eltatawer.com/termite-control-sharjah/,8,990,0.81%,11.48
https://www.rukn-eltatawer.com/sewerage-plumbing-company-in-al-ain/,8,799,1%,5.5
https://www.rukn-eltatawer.com/a-water-leak-detection-company-in-sharjah/,8,540,1.48%,9.7
https://www.rukn-eltatawer.com/swimming-pools-company-in-sharjah/,8,505,1.58%,10.12
https://www.rukn-eltatawer.com/ras-al-khaimah-sofa-cleaning-company/,8,435,1.84%,5.97
https://www.rukn-eltatawer.com/building-maintenance-dubai/,8,227,3.52%,18.33
https://www.rukn-eltatawer.com/general-maintenance-company-al-ain/,8,175,4.57%,6.95
https://www.rukn-eltatawer.com/kitchen-hood-installation-ajman/,8,59,13.56%,8.22
https://www.rukn-eltatawer.com/shrkh-tnzyf-mkyfat-fy-dby/,7,875,0.8%,8.55
https://www.rukn-eltatawer.com/insect-control-in-umm-al-quwain/,7,603,1.16%,4.75
https://www.rukn-eltatawer.com/swimming-pool-company-in-abu-dhabi/,7,392,1.79%,11.66
https://www.rukn-eltatawer.com/pigeons-repellent-installation-company-in-al-ain/,7,390,1.79%,13.57
https://www.rukn-eltatawer.com/dyeing-in-al-ain/,7,361,1.94%,6.14
https://www.rukn-eltatawer.com/water-leak-detection-umm-al-quwain/,7,337,2.08%,5.42
https://www.rukn-eltatawer.com/paints-company-in-dubai/,7,314,2.23%,8.48
https://www.rukn-eltatawer.com/parquet-installation-company-in-ajman/,7,200,3.5%,5
https://www.rukn-eltatawer.com/ras-al-khaimah-sewage-wiring-company/,6,898,0.67%,6.15
https://www.rukn-eltatawer.com/insulators-company-in-sharjah/,6,844,0.71%,19.9
https://www.rukn-eltatawer.com/gypsum-board-installation-in-dubai/,6,748,0.8%,9.32
https://www.rukn-eltatawer.com/mobile-car-wash-in-abu-dhabi/,6,670,0.9%,19.72
https://www.rukn-eltatawer.com/air-conditioner-cleaning-company-in-ajman/,6,404,1.49%,10.84
https://www.rukn-eltatawer.com/stone-installation-dubai/,6,390,1.54%,8.44
https://www.rukn-eltatawer.com/swimming-pools-company-in-al-ain/,6,366,1.64%,6.5
https://www.rukn-eltatawer.com/sewer-wiring-company-in-fujairah/,6,344,1.74%,5.98
https://www.rukn-eltatawer.com/parquet-installation-company-in-ras-al-khaimah/,6,129,4.65%,18.23
https://www.rukn-eltatawer.com/microwave-repair-ajman/,6,20,30%,8.8
https://www.rukn-eltatawer.com/termite-control-dubai/,5,893,0.56%,8.81
https://www.rukn-eltatawer.com/air-conditioner-cleaning-in-sharjah/,5,762,0.66%,12.69
https://www.rukn-eltatawer.com/dubai-pigeons-repellent-installation/,5,576,0.87%,10.02
https://www.rukn-eltatawer.com/sharjah-carpet-cleaning-company/,5,543,0.92%,9.24
https://www.rukn-eltatawer.com/thermal-insulation-abu-dhabi/,5,388,1.29%,13.2
https://www.rukn-eltatawer.com/pest-control-khor-fakkan/,5,350,1.43%,6.47
https://www.rukn-eltatawer.com/sharjah-soundproofing-installation-company/,5,350,1.43%,8.95
https://www.rukn-eltatawer.com/humidity-treatment-in-dubai/,5,246,2.03%,7.8
https://www.rukn-eltatawer.com/parquet-installation-company-in-al-ain/,5,236,2.12%,8.36
https://www.rukn-eltatawer.com/parquet-installation-company-in-fujairah/,5,96,5.21%,20.06
https://www.rukn-eltatawer.com/solar-systems-installation-abu-dhabi/,5,61,8.2%,8.97
https://www.rukn-eltatawer.com/bathroom-insulation-abu-dhabi/,5,50,10%,19.34
https://www.rukn-eltatawer.com/ajman-sofa-cleaning-company/,4,686,0.58%,5.66
https://www.rukn-eltatawer.com/al-ain-villas-cleaning-company/,4,544,0.74%,14.02
https://www.rukn-eltatawer.com/abu-dhabi-soundproofing-installation-company/,4,539,0.74%,19.4
https://www.rukn-eltatawer.com/umm-al-quwain-villas-cleaning-company/,4,528,0.76%,7.93
https://www.rukn-eltatawer.com/ras-al-khaimah-roof-insulation-company/,4,512,0.78%,11.17
https://www.rukn-eltatawer.com/dubai-villas-cleaning-company/,4,504,0.79%,13.23
https://www.rukn-eltatawer.com/air-conditioner-cleaning-company-in-ras-al-khaimah/,4,502,0.8%,16.26
https://www.rukn-eltatawer.com/abu-dhabi-kitchen-cleaning-company/,4,359,1.11%,10.28
https://www.rukn-eltatawer.com/dyeing-ras-al-khaimah/,4,353,1.13%,7.56
https://www.rukn-eltatawer.com/wood-alternative-installation-company-in-dubai/,4,347,1.15%,7.19
https://www.rukn-eltatawer.com/moisture-treatment-company-in-abu-dhabi/,4,317,1.26%,15.37
https://www.rukn-eltatawer.com/water-leak-detection-company-in-ajman/,4,299,1.34%,5.54
https://www.rukn-eltatawer.com/al-ain-carpet-cleaning-company/,4,287,1.39%,7.08
https://www.rukn-eltatawer.com/sharjah-marble-polishing-and-polishing-company/,4,274,1.46%,11.32
https://www.rukn-eltatawer.com/parquet-installation-company-in-dubai/,4,272,1.47%,5.7
https://www.rukn-eltatawer.com/fujairah-roof-insulation-company/,4,260,1.54%,16.81
https://www.rukn-eltatawer.com/roof-insulation-company-al-ain/,4,252,1.59%,9.3
https://www.rukn-eltatawer.com/shade-installation-abu-dhabi/,4,242,1.65%,6.97
https://www.rukn-eltatawer.com/suspended-ceiling-installation-dubai/,4,204,1.96%,8.64
https://www.rukn-eltatawer.com/air-conditioning-installation-in-ras-al-khaimah/,4,151,2.65%,11.61
https://www.rukn-eltatawer.com/al-ain-gypsum-board-installation-company/,4,106,3.77%,10.43
https://www.rukn-eltatawer.com/category/sewer-drainage/,4,97,4.12%,15.95
https://www.rukn-eltatawer.com/category/cleaning/,4,90,4.44%,4.1
https://www.rukn-eltatawer.com/qa/home-plumber-in-qatar/,4,83,4.82%,9.27
https://www.rukn-eltatawer.com/elevator-maintenance-abu-dhabi/,4,80,5%,7.16
https://www.rukn-eltatawer.com/solar-systems-installation-ajman/,4,67,5.97%,8.97
https://www.rukn-eltatawer.com/old-house-renovation-ras-al-khaimah/,4,51,7.84%,11.69
https://www.rukn-eltatawer.com/category/pest-control/,4,49,8.16%,22.8
https://www.rukn-eltatawer.com/kitchen-hood-installation-al-ain/,4,43,9.3%,12.02
https://www.rukn-eltatawer.com/water-bill-problem-solving-company-in-abu-dhabi/,4,33,12.12%,5
https://www.rukn-eltatawer.com/hourly-cleaning-maids-sharjah/#%D8%A3%D9%81%D8%B6%D9%84_%D8%B9%D8%A7%D9%85%D9%84%D8%A7%D8%AA_%D9%86%D8%B8%D8%A7%D9%81%D8%A9_%D8%A8%D8%A7%D9%84%D8%B3%D8%A7%D8%B9%D8%A9%E2%80%8B_%D9%81%D9%8A_%D8%A7%D9%84%D8%B4%D8%A7%D8%B1%D9%82%D8%A9,3,1261,0.24%,3.6
https://www.rukn-eltatawer.com/dubai-tank-cleaning-company/,3,744,0.4%,6.77
https://www.rukn-eltatawer.com/a-water-leak-detection-company-in-abu-dhabi/#%D8%A3%D9%81%D8%B6%D9%84_%D8%B4%D8%B1%D9%83%D8%A9_%D9%85%D8%AA%D8%AE%D8%B5%D8%B5%D8%A9_%D9%81%D9%8A_%D9%83%D8%B4%D9%81_%D8%AA%D8%B3%D8%B1%D8%A8%D8%A7%D8%AA_%D8%A7%D9%84%D9%85%D9%8A%D8%A7%D9%87_%D9%81%D9%8A_%D8%A3%D8%A8%D9%88%D8%B8%D8%A8%D9%8A,3,717,0.42%,3.29
https://www.rukn-eltatawer.com/dubai-soundproofing-installation-company/,3,568,0.53%,15.68
https://www.rukn-eltatawer.com/al-ain-boards-cleaning-company/,3,488,0.61%,17.51
https://www.rukn-eltatawer.com/water-leak-detection-ras-al-khaimah/,3,364,0.82%,12.45
https://www.rukn-eltatawer.com/umm-al-quwain-sofa-cleaning-company/,3,241,1.24%,11.65
https://www.rukn-eltatawer.com/water-leak-detection-company-in-fujairah/,3,230,1.3%,10.26
https://www.rukn-eltatawer.com/ras-al-khaimah-carpet-cleaning-company/,3,223,1.35%,6.93
https://www.rukn-eltatawer.com/dyeing-in-ajman/,3,199,1.51%,11.22
https://www.rukn-eltatawer.com/gypsum-board-installation-ajman-2/,3,177,1.69%,10.39
https://www.rukn-eltatawer.com/a-plumber-in-dubai/,3,156,1.92%,15.49
https://www.rukn-eltatawer.com/palm-tree-planting-abu-dhabi/,3,147,2.04%,7.78
https://www.rukn-eltatawer.com/cctv-maintenance-dubai/,3,107,2.8%,8.96
https://www.rukn-eltatawer.com/bathroom-renovation-abu-dhabi/,3,96,3.12%,10.85
https://www.rukn-eltatawer.com/humidity-treatment-abu-dhabi/,3,87,3.45%,12.84
https://www.rukn-eltatawer.com/cleaning-swimming-pools-in-umm-al-quwain/,3,77,3.9%,7.48
https://www.rukn-eltatawer.com/general-maintenance-umm-al-quwain/,3,77,3.9%,10.69
https://www.rukn-eltatawer.com/parquet-installation-in-umm-al-quwain/,3,70,4.29%,5.14
https://www.rukn-eltatawer.com/stone-installation-ajman/,3,43,6.98%,9.91
https://www.rukn-eltatawer.com/elevator-maintenance-al-ain/,3,31,9.68%,12.42
https://www.rukn-eltatawer.com/insect-control-in-dubai/#%D8%A7%D9%81%D8%B6%D9%84_%D8%B4%D8%B1%D9%83%D8%A9_%D9%85%D9%83%D8%A7%D9%81%D8%AD%D8%A9_%D8%AD%D8%B4%D8%B1%D8%A7%D8%AA_%D9%81%D9%8A_%D8%AF%D8%A8%D9%8A_%D9%85%D8%B9%D8%AA%D9%85%D8%AF%D8%A9,2,2957,0.07%,2.9
https://www.rukn-eltatawer.com/air-conditioner-cleaning-company-in-al-ain/,2,658,0.3%,15.49
https://www.rukn-eltatawer.com/abu-dhabi-pigeons-repellent-installation-company/,2,537,0.37%,11.77
https://www.rukn-eltatawer.com/abu-dhabi-villas-cleaning-company/,2,532,0.38%,14.61
https://www.rukn-eltatawer.com/house-cleaning-company-in-ajman/#%D8%B4%D8%B1%D9%83%D8%A9_%D8%AA%D9%86%D8%B8%D9%8A%D9%81_%D9%85%D9%86%D8%A7%D8%B2%D9%84_%D9%81%D9%8A_%D8%B9%D8%AC%D9%85%D8%A7%D9%86,2,514,0.39%,6.63
https://www.rukn-eltatawer.com/fujairah-villas-cleaning-company/,2,468,0.43%,11.59
https://www.rukn-eltatawer.com/cleaning-company-in-abu-dhabi/,2,460,0.43%,15.99
https://www.rukn-eltatawer.com/umm-al-quwain-roof-insulation-company/,2,455,0.44%,8.7
https://www.rukn-eltatawer.com/umm-al-quwain-sewage-wiring/,2,323,0.62%,10.56
https://www.rukn-eltatawer.com/dubai-marble-polishing-and-polishing-company/,2,255,0.78%,14.51
https://www.rukn-eltatawer.com/sa/water-leak-detection-umluj/,2,183,1.09%,15.45
https://www.rukn-eltatawer.com/building-maintenance-abu-dhabi/,2,178,1.12%,8.64
https://www.rukn-eltatawer.com/dubai-pool-cleaning/,2,155,1.29%,9.74
https://www.rukn-eltatawer.com/dubai-kitchen-cleaning-company/,2,131,1.53%,11.04
https://www.rukn-eltatawer.com/abu-dhabi-glass-facade-cleaning-company/,2,116,1.72%,11.05
https://www.rukn-eltatawer.com/sharjah-pool-cleaning/,2,113,1.77%,10.65
https://www.rukn-eltatawer.com/automatic-door-maintenance-ajman/,2,85,2.35%,11.21
https://www.rukn-eltatawer.com/installation-of-gypsum-board-umm-al-quwain/,2,74,2.7%,6.39
https://www.rukn-eltatawer.com/artificial-grass-abu-dhabi/,2,64,3.12%,10.45
https://www.rukn-eltatawer.com/interlock-installation-dubai/,2,64,3.12%,13.72
https://www.rukn-eltatawer.com/electrical-maintenance-dubai/,2,62,3.23%,10.39
https://www.rukn-eltatawer.com/solar-systems-installation-sharjah/,2,59,3.39%,6.25
https://www.rukn-eltatawer.com/septic-tank-emptying-abu-dhabi/,2,58,3.45%,9.62
https://www.rukn-eltatawer.com/microwave-repair-abu-dhabi/,2,45,4.44%,8.4
https://www.rukn-eltatawer.com/qa/water-leak-detection-company-in-qatar/,2,35,5.71%,8.2
https://www.rukn-eltatawer.com/home-plumber-ras-al-khaimah/,2,31,6.45%,16.23
https://www.rukn-eltatawer.com/cctv-maintenance-al-ain/,2,25,8%,22.96
https://www.rukn-eltatawer.com/humidity-treatment-al-ain/,2,23,8.7%,17.57
https://www.rukn-eltatawer.com/sa/water-leak-detection-tanuma/,2,23,8.7%,19.09
https://www.rukn-eltatawer.com/kitchen-hood-installation-ras-al-khaimah/,2,21,9.52%,6.67
https://www.rukn-eltatawer.com/solar-systems-installation-ras-al-khaimah/,2,20,10%,3.05
https://www.rukn-eltatawer.com/automatic-door-maintenance-umm-al-quwain/,2,16,12.5%,6.62
https://www.rukn-eltatawer.com/kitchen-hood-installation-sharjah/,2,13,15.38%,3.31
https://www.rukn-eltatawer.com/natural-grass-cutting-sharjah/,2,13,15.38%,16.69
https://www.rukn-eltatawer.com/en/water-leak-detection-al-qurayyat/,2,12,16.67%,5.83
https://www.rukn-eltatawer.com/brick-installation-abu-dhabi/,2,10,20%,11.7
https://www.rukn-eltatawer.com/category/land-scaping/,2,10,20%,29.8
https://www.rukn-eltatawer.com/solar-water-heaters-ras-al-khaimah/,2,9,22.22%,4.78
https://www.rukn-eltatawer.com/chimney-cleaning-abu-dhabi/,2,9,22.22%,5.56
https://www.rukn-eltatawer.com/vinyl-flooring-ras-al-khaimah/,2,7,28.57%,1.14
https://www.rukn-eltatawer.com/vinyl-flooring-dubai/,2,7,28.57%,5.86
https://www.rukn-eltatawer.com/insect-control-in-dubai/#%D8%B4%D8%B1%D9%83%D8%A9_%D9%85%D9%83%D8%A7%D9%81%D8%AD%D8%A9_%D8%AD%D8%B4%D8%B1%D8%A7%D8%AA_%D9%81%D9%8A_%D8%AF%D8%A8%D9%8A,1,2789,0.04%,2.8
https://www.rukn-eltatawer.com/sewerage-plumbing-dubai/#%D8%B4%D8%B1%D9%83%D8%A9_%D8%AA%D8%B3%D9%84%D9%8A%D9%83_%D9%85%D8%AC%D8%A7%D8%B1%D9%8A_%D9%81%D9%8A_%D8%AF%D8%A8%D9%8A_2026_%E2%80%93_%D8%B4%D9%81%D8%B7_%D8%A8%D8%A7%D9%84%D9%88%D8%B9%D8%A9_%D9%88%D8%AA%D9%86%D8%B8%D9%8A%D9%81_%D8%B5%D8%B1%D9%81_%D8%B5%D8%AD%D9%8A_%D8%A8%D8%AF%D9%88%D9%86_%D8%AA%D9%83%D8%B3%D9%8A%D8%B1_%D8%B4%D9%81%D8%B7_%D9%85%D8%AC%D8%A7%D8%B1%D9%8A_%E2%80%A2_%D8%AA%D9%86%D8%B8%D9%8A%D9%81_%D9%85%D9%86%D8%A7%D9%87%D9%8A%D9%84_%E2%80%A2_%D8%B6%D8%BA%D8%B7_%D9%85%D8%A7%D8%A6%D9%8A_%E2%80%A2_%D9%85%D8%AA%D8%A7%D8%AD%D9%88%D9%86_247,1,1432,0.07%,4.47
https://www.rukn-eltatawer.com/pest-control-company-in-ajman/#%D8%B4%D8%B1%D9%83%D8%A9_%D9%85%D9%83%D8%A7%D9%81%D8%AD%D8%A9_%D8%AD%D8%B4%D8%B1%D8%A7%D8%AA_%D9%81%D9%8A_%D8%B9%D8%AC%D9%85%D8%A7%D9%86_%D8%A5%D8%A8%D8%A7%D8%AF%D8%A9_%D9%81%D9%88%D8%B1%D9%8A%D8%A9_%D8%A8%D8%B6%D9%85%D8%A7%D9%86_%D8%A8%D8%AF%D9%88%D9%86_%D9%85%D8%BA%D8%A7%D8%AF%D8%B1%D8%A9_%D8%A7%D9%84%D9%85%D9%86%D8%B2%D9%84,1,1095,0.09%,2.86
https://www.rukn-eltatawer.com/al-ain-sofa-cleaning-company/#%D8%AA%D9%86%D8%B8%D9%8A%D9%81_%D8%A7%D9%84%D9%83%D9%86%D8%A8_%D8%A7%D9%84%D9%83%D8%AA%D8%A7%D9%86_%D8%A7%D9%84%D8%B9%D9%8A%D9%86,1,993,0.1%,5.99
https://www.rukn-eltatawer.com/hourly-cleaning-maids-dubai/#%D8%B9%D8%A7%D9%85%D9%84%D8%A7%D8%AA_%D9%86%D8%B8%D8%A7%D9%81%D8%A9_%D8%A8%D8%A7%D9%84%D8%B3%D8%A7%D8%B9%D8%A9_%D9%81%D9%8A_%D8%AF%D8%A8%D9%8A_%E2%80%93_%D8%AA%D9%86%D8%B8%D9%8A%D9%81_%D8%B4%D8%A7%D9%85%D9%84_%D9%88%D8%AF%D9%82%D9%8A%D9%82,1,688,0.15%,3.43
https://www.rukn-eltatawer.com/insect-control-in-dubai/#%D8%A7%D8%B1%D8%AE%D8%B5_%D8%B4%D8%B1%D9%83%D8%A9_%D9%85%D9%83%D8%A7%D9%81%D8%AD%D8%A9_%D8%AD%D8%B4%D8%B1%D8%A7%D8%AA_%D9%81%D9%8A_%D8%AF%D8%A8%D9%8A,1,639,0.16%,2.55
https://www.rukn-eltatawer.com/indoor-moving-fujairah/,1,617,0.16%,12.46
https://www.rukn-eltatawer.com/abu-dhabi-sofa-cleaning-company/,1,570,0.18%,11.64
https://www.rukn-eltatawer.com/house-cleaning-company-in-ajman/#%D8%B4%D8%B1%D9%83%D8%A9_%D8%B1%D9%83%D9%86_%D8%A7%D9%84%D8%AA%D8%B7%D9%88%D8%B1_%D9%84%D9%80_%D8%AA%D9%86%D8%B8%D9%8A%D9%81_%D9%85%D9%86%D8%A7%D8%B2%D9%84_%D9%81%D9%8A_%D8%B9%D8%AC%D9%85%D8%A7%D9%86,1,551,0.18%,6.63
https://www.rukn-eltatawer.com/ajman-sofa-cleaning-company/#%D8%A7%D9%81%D8%B6%D9%84_%D8%B4%D8%B1%D9%83%D8%A9_%D8%AA%D9%86%D8%B8%D9%8A%D9%81_%D9%83%D9%86%D8%A8_%D9%81%D9%8A_%D8%B9%D8%AC%D9%85%D8%A7%D9%86,1,487,0.21%,3.9
https://www.rukn-eltatawer.com/dubai-sofa-cleaning-company/,1,395,0.25%,11.72
https://www.rukn-eltatawer.com/cold-and-freezing-room-maintenance-in-dubai/,1,346,0.29%,10.01
https://www.rukn-eltatawer.com/air-conditioner-cleaning-in-sharjah/#%D8%A3%D9%81%D8%B6%D9%84_%D8%B4%D8%B1%D9%83%D8%A9_%D8%AA%D9%86%D8%B8%D9%8A%D9%81_%D9%85%D9%83%D9%8A%D9%81%D8%A7%D8%AA_%D9%81%D9%8A_%D8%A7%D9%84%D8%B4%D8%A7%D8%B1%D9%82%D8%A9,1,270,0.37%,4.6
https://www.rukn-eltatawer.com/ajman-villas-cleaning-company/,1,262,0.38%,14.01
https://www.rukn-eltatawer.com/general-maintenance-company-sharjah/#%D8%B4%D8%B1%D9%83%D8%A9_%D8%AA%D8%B1%D9%85%D9%8A%D9%85_%D9%88%D8%B5%D9%8A%D8%A7%D9%86%D8%A9_%D8%AD%D9%85%D8%A7%D9%85%D8%A7%D8%AA_%D8%A7%D9%84%D8%B4%D8%A7%D8%B1%D9%82%D8%A9,1,249,0.4%,6.27
https://www.rukn-eltatawer.com/swimming-pool-cleaning-in-dubai/,1,233,0.43%,13.35
https://www.rukn-eltatawer.com/al-ain-landscaping-company/#%D8%A7%D9%81%D8%B6%D9%84_%D8%B4%D8%B1%D9%83%D8%A9_%D8%AA%D9%86%D8%B3%D9%8A%D9%82_%D8%AD%D8%AF%D8%A7%D8%A6%D9%82_%D8%A8%D8%A7%D9%84%D8%B9%D9%8A%D9%86,1,214,0.47%,3.02
https://www.rukn-eltatawer.com/a-sterilization-company-in-abu-dhabi/,1,202,0.5%,7.36
https://www.rukn-eltatawer.com/abu-dhabi-carpet-cleaning-company/,1,201,0.5%,13.65
https://www.rukn-eltatawer.com/category/water-leak-detection/,1,201,0.5%,31.58
https://www.rukn-eltatawer.com/ajman-carpet-cleaning-company/,1,199,0.5%,9.47
https://www.rukn-eltatawer.com/air-conditioner-cleaning-company-in-umm-al-quwain/,1,196,0.51%,7.06
https://www.rukn-eltatawer.com/ajman-roof-insulation-company/#%D8%A7%D9%81%D8%B6%D9%84_%D8%B4%D8%B1%D9%83%D8%A9_%D8%B9%D8%B2%D9%84_%D8%A3%D8%B3%D8%B7%D8%AD_%D9%81%D9%8A_%D8%B9%D8%AC%D9%85%D8%A7%D9%86,1,183,0.55%,2.74
https://www.rukn-eltatawer.com/fujairah-sofa-cleaning-company/,1,175,0.57%,9.71
https://www.rukn-eltatawer.com/sa/kshf-tsrbat-almyah-fy-abha/,1,169,0.59%,23.83
https://www.rukn-eltatawer.com/parquet-installation-in-abu-dhabi/#%D8%A3%D9%86%D9%88%D8%A7%D8%B9_%D8%A7%D9%84%D8%A8%D8%A7%D8%B1%D9%83%D9%8A%D9%87_%D8%A7%D9%84%D8%AA%D9%89_%D8%AA%D9%88%D9%81%D8%B1%D9%87%D8%A7_%D8%B4%D8%B1%D9%83%D8%A9_%D8%AA%D8%B1%D9%83%D9%8A%D8%A8_%D8%A8%D8%A7%D8%B1%D9%83%D9%8A%D9%87_%D9%81%D9%8A_%D8%A3%D8%A8%D9%88%D8%B8%D8%A8%D9%8A,1,161,0.62%,5.39
https://www.rukn-eltatawer.com/general-maintenance-company-abu-dhabi/#%D8%B4%D8%B1%D9%83%D8%A9_%D8%B5%D9%8A%D8%A7%D9%86%D8%A9_%D8%B9%D8%A7%D9%85%D8%A9_%D8%A3%D8%A8%D9%88%D8%B8%D8%A8%D9%8A,1,150,0.67%,7.32
https://www.rukn-eltatawer.com/vinyl-flooring-abu-dhabi/,1,136,0.74%,10.15
https://www.rukn-eltatawer.com/roof-insulation-company-abu-dhabi/,1,130,0.77%,15.45
https://www.rukn-eltatawer.com/al-ain-marble-polishing-and-polishing/,1,124,0.81%,9.24
https://www.rukn-eltatawer.com/tank-insulation-abu-dhabi/,1,124,0.81%,12.9
https://www.rukn-eltatawer.com/cooker-repair-abu-dhabi/,1,114,0.88%,8.34
https://www.rukn-eltatawer.com/pigeons-repellent-installation-company-in-al-ain/#%D8%A7%D9%81%D8%B6%D9%84_%D8%B4%D8%B1%D9%83%D8%A9_%D8%AA%D8%B1%D9%83%D9%8A%D8%A8_%D8%B7%D8%A7%D8%B1%D8%AF_%D8%AD%D9%85%D8%A7%D9%85_%D9%81%D9%8A_%D8%A7%D9%84%D8%B9%D9%8A%D9%86,1,107,0.93%,3.5
https://www.rukn-eltatawer.com/glass-installation-company-in-dubai/,1,88,1.14%,13.95
https://www.rukn-eltatawer.com/sa/water-leak-detection-an-nuayriyah/,1,88,1.14%,14.69
https://www.rukn-eltatawer.com/oven-repair-fujairah/,1,85,1.18%,9.95
https://www.rukn-eltatawer.com/parquet-installation-company-in-ras-al-khaimah/#%D8%A3%D9%81%D8%B6%D9%84_%D8%B4%D8%B1%D9%83%D8%A9_%D8%AA%D8%B1%D9%83%D9%8A%D8%A8_%D8%A8%D8%A7%D8%B1%D9%83%D9%8A%D9%87_%D9%81%D9%89_%D8%B1%D8%A3%D8%B3_%D8%A7%D9%84%D8%AE%D9%8A%D9%85%D8%A9,1,80,1.25%,2.21
https://www.rukn-eltatawer.com/pigeon-net-installation-sharjah/,1,78,1.28%,20.22
https://www.rukn-eltatawer.com/cctv-maintenance-abu-dhabi/,1,75,1.33%,9.12
https://www.rukn-eltatawer.com/faq/,1,74,1.35%,4
https://www.rukn-eltatawer.com/qa/about/,1,66,1.52%,3.95
https://www.rukn-eltatawer.com/vinyl-flooring-sharjah/,1,66,1.52%,6.41
https://www.rukn-eltatawer.com/stone-installation-al-ain/,1,64,1.56%,9.17
https://www.rukn-eltatawer.com/damage-caused-by-water-leaks/,1,61,1.64%,12.51
https://www.rukn-eltatawer.com/sterilization-in-sharjah/,1,60,1.67%,16.28
https://www.rukn-eltatawer.com/home-sterilization-company-in-ras-al-khaimah/,1,58,1.72%,3.12
https://www.rukn-eltatawer.com/swimming-pool-cleaning-company-in-fujairah-2/,1,58,1.72%,7.12
https://www.rukn-eltatawer.com/sa/water-leak-detection-duba/,1,58,1.72%,13.86
https://www.rukn-eltatawer.com/sa/sa/water-leak-detection-shaqra/,1,58,1.72%,26.48
https://www.rukn-eltatawer.com/parquet-installation-company-in-ras-al-khaimah/#%D8%A3%D9%86%D9%88%D8%A7%D8%B9_%D8%A7%D9%84%D8%A8%D8%A7%D8%B1%D9%83%D9%8A%D9%87_%D8%A7%D9%84%D8%AA%D9%89_%D8%AA%D9%88%D9%81%D8%B1%D9%87%D8%A7_%D8%B4%D8%B1%D9%83%D8%A9_%D8%B1%D9%83%D9%86_%D8%A7%D9%84%D8%AA%D8%B7%D9%88%D8%B1,1,57,1.75%,2.44
https://www.rukn-eltatawer.com/ajman-majlis-cleaning-company/,1,56,1.79%,23.54
https://www.rukn-eltatawer.com/a-restoration-company-in-abu-dhabi/,1,49,2.04%,6.39
https://www.rukn-eltatawer.com/category/maintenance/,1,48,2.08%,7.85
https://www.rukn-eltatawer.com/tank-insulation-dubai/,1,48,2.08%,46.38
https://www.rukn-eltatawer.com/bird-control-abu-dhabi/,1,47,2.13%,20.02
https://www.rukn-eltatawer.com/kitchen-hood-installation-dubai/,1,46,2.17%,10.83
https://www.rukn-eltatawer.com/sterilization-company-in-ajman/,1,42,2.38%,15.98
https://www.rukn-eltatawer.com/elevator-maintenance-sharjah/,1,36,2.78%,9.42
https://www.rukn-eltatawer.com/vinyl-flooring-al-ain/,1,36,2.78%,9.64
https://www.rukn-eltatawer.com/landscaping-ras-al-khaimah/,1,36,2.78%,14.22
https://www.rukn-eltatawer.com/water-pump-installation-sharjah/,1,35,2.86%,9.66
https://www.rukn-eltatawer.com/old-house-renovation-abu-dhabi/,1,32,3.12%,11.59
https://www.rukn-eltatawer.com/chimney-cleaning-fujairah/,1,30,3.33%,25.03
https://www.rukn-eltatawer.com/plaster-installation-ajman/,1,26,3.85%,13.12
https://www.rukn-eltatawer.com/lizard-control-dubai/,1,24,4.17%,6.54
https://www.rukn-eltatawer.com/furniture-carpenter-ras-al-khaimah/,1,23,4.35%,16.52
https://www.rukn-eltatawer.com/preventing-water-leaks/,1,22,4.55%,17.82
https://www.rukn-eltatawer.com/fujairah-apartment-cleaning-company/,1,21,4.76%,39.86
https://www.rukn-eltatawer.com/general-maintenance-umm-al-quwain/#%D9%83%D9%8A%D9%81_%D8%AA%D8%B3%D8%A7%D9%87%D9%85_%D8%B5%D9%8A%D8%A7%D9%86%D8%A9_%D8%A7%D9%84%D9%85%D9%83%D9%8A%D9%81%D8%A7%D8%AA_%D9%81%D9%8A_%D8%AE%D9%81%D8%B6_%D9%81%D8%A7%D8%AA%D9%88%D8%B1%D8%A9_%D8%A7%D9%84%D9%83%D9%87%D8%B1%D8%A8%D8%A7%D8%A1_%D8%A8%D8%A3%D9%85_%D8%A7%D9%84%D9%82%D9%8A%D9%88%D9%8A%D9%86%D8%9F,1,20,5%,1.8
https://www.rukn-eltatawer.com/plumbing-maintenance-sharjah/,1,20,5%,15.35
https://www.rukn-eltatawer.com/qa/water-tank-cleaning-in-qatar/,1,20,5%,42.4
https://www.rukn-eltatawer.com/tank-lining-maintenance-ras-al-khaimah/,1,19,5.26%,9.79
https://www.rukn-eltatawer.com/villa-inspection-sharjah/,1,17,5.88%,11.88
https://www.rukn-eltatawer.com/qa/shrkh-bna-mjals-fy-qtr/,1,16,6.25%,4.5
https://www.rukn-eltatawer.com/furniture-storage-ras-al-khaimah/,1,16,6.25%,20.5
https://www.rukn-eltatawer.com/elevator-maintenance-abu-dhabi/#%D8%A7%D9%84%D8%A7%D8%AA%D8%B5%D8%A7%D9%84_%D9%88%D8%A7%D9%84%D8%AF%D8%B9%D9%85_%D8%A7%D9%84%D8%B9%D9%85%D9%84%D8%A7%D8%A1,1,15,6.67%,3.4
https://www.rukn-eltatawer.com/automatic-irrigation-dubai/,1,13,7.69%,3.08
https://www.rukn-eltatawer.com/microwave-repair-al-ain/,1,13,7.69%,25.15
https://www.rukn-eltatawer.com/automatic-door-maintenance-ras-al-khaimah/,1,12,8.33%,14.67
https://www.rukn-eltatawer.com/water-pump-installation-al-ain/,1,10,10%,5.5
https://www.rukn-eltatawer.com/en/water-leak-detection-al-aflaj/,1,10,10%,8.1
https://www.rukn-eltatawer.com/palm-tree-planting-al-ain/,1,10,10%,8.3
https://www.rukn-eltatawer.com/cooker-repair-al-ain/,1,10,10%,18.1
https://www.rukn-eltatawer.com/waterfalls-and-fountains-in-abu-dhabi/,1,9,11.11%,3.56
https://www.rukn-eltatawer.com/kitchen-renovation-al-ain/,1,9,11.11%,7.33
https://www.rukn-eltatawer.com/stone-facade-cleaning-abu-dhabi/,1,9,11.11%,13.89
https://www.rukn-eltatawer.com/thermal-insulation-dubai/,1,8,12.5%,10.5
https://www.rukn-eltatawer.com/en/false-ceiling-installation-abu-dhabi/,1,7,14.29%,4.29
https://www.rukn-eltatawer.com/city/al-ain/,1,7,14.29%,6.71
https://www.rukn-eltatawer.com/pergola-installation-ras-al-khaimah/,1,7,14.29%,29.71
https://www.rukn-eltatawer.com/humidity-treatment-ras-al-khaimah/,1,6,16.67%,2.5
https://www.rukn-eltatawer.com/sa/en/water-leak-detection-al-qurayyat/,1,6,16.67%,6.33
https://www.rukn-eltatawer.com/wall-fountain-abu-dhabi/,1,6,16.67%,30.33
https://www.rukn-eltatawer.com/cctv-maintenance-umm-al-quwain/,1,6,16.67%,37.33
https://www.rukn-eltatawer.com/qa/,1,5,20%,4.6
https://www.rukn-eltatawer.com/mall-cleaning-dubai/,1,5,20%,6.6
https://www.rukn-eltatawer.com/door-window-blacksmith-al-ain/,1,4,25%,3.25
https://www.rukn-eltatawer.com/en/ceramic-porcelain-installation-fujairah/,1,4,25%,4.5
https://www.rukn-eltatawer.com/building-maintenance-al-ain/,1,4,25%,5.25
https://www.rukn-eltatawer.com/aluminium-installation-abu-dhabi/,1,4,25%,7.75
https://www.rukn-eltatawer.com/sa/works/صيانة-تكييف/,1,4,25%,15.5
https://www.rukn-eltatawer.com/artificial-waterfall-al-ain/,1,4,25%,25.5
https://www.rukn-eltatawer.com/vacuum-cleaner-repair-umm-al-quwain/,1,4,25%,35.75
https://www.rukn-eltatawer.com/electrical-maintenance-fujairah/,1,3,33.33%,1
https://www.rukn-eltatawer.com/window-installation-al-ain/,1,3,33.33%,1.67
https://www.rukn-eltatawer.com/solar-water-heaters-ajman/,1,3,33.33%,3
https://www.rukn-eltatawer.com/elevator-maintenance-fujairah/,1,3,33.33%,3.67
https://www.rukn-eltatawer.com/qa/shrkh-syanh-abwab-khshbyh-fy-qtr/,1,3,33.33%,5
https://www.rukn-eltatawer.com/door-installation-abu-dhabi/,1,3,33.33%,5.67
https://www.rukn-eltatawer.com/en/kitchen-renovation-ajman/,1,3,33.33%,6
https://www.rukn-eltatawer.com/lizard-control-sharjah/,1,3,33.33%,7
https://www.rukn-eltatawer.com/washing-machine-repair-al-ain/,1,3,33.33%,8.33
https://www.rukn-eltatawer.com/en/kerbstone-installation-fujairah/,1,2,50%,2.5
https://www.rukn-eltatawer.com/crack-repair-abu-dhabi/,1,2,50%,5
https://www.rukn-eltatawer.com/category/maintenanc/,1,2,50%,5.5
https://www.rukn-eltatawer.com/plaster-installation-abu-dhabi/,1,2,50%,5.5
https://www.rukn-eltatawer.com/automatic-irrigation-ras-al-khaimah/,1,2,50%,6.5
https://www.rukn-eltatawer.com/glass-aluminium-partition-umm-al-quwain/,1,1,100%,1
https://www.rukn-eltatawer.com/wall-foam-installation-al-ain/,1,1,100%,1
https://www.rukn-eltatawer.com/qa/shrkh-fhs-mbany-fy-qtr/,1,1,100%,3
https://www.rukn-eltatawer.com/qa/shrkh-trmym-mtabkh-fy-qtr/,1,1,100%,3
https://www.rukn-eltatawer.com/blog/city/sharjah/,1,1,100%,4
https://www.rukn-eltatawer.com/qa/shrkh-trkyb-asqf-mstaarh-fy-qtr/,1,1,100%,4
https://www.rukn-eltatawer.com/water-tank-cooling-abu-dhabi/,1,1,100%,8
https://www.rukn-eltatawer.com/plaster-installation-fujairah/,1,1,100%,10
https://www.rukn-eltatawer.com/hourly-cleaning-maids-abu-dhabi/#%D9%86%D8%B5%D8%A7%D8%A6%D8%AD_%D8%B4%D8%B1%D9%83%D8%A9_%D8%AE%D8%A7%D8%AF%D9%85%D8%A7%D8%AA_%D9%88_%D8%B9%D8%A7%D9%85%D9%84%D8%A7%D8%AA_%D8%AA%D9%86%D8%B8%D9%8A%D9%81_%D8%A8%D8%A7%D9%84%D8%B3%D8%A7%D8%B9%D9%87_%D9%81%D9%8A_%D8%A3%D8%A8%D9%88%D8%B8%D8%A8%D9%8A_%D9%84%D9%84%D9%85%D8%AD%D8%A7%D9%81%D8%B8%D8%A9_%D8%B9%D9%84%D9%89_%D9%86%D8%B8%D8%A7%D9%81%D8%A9_%D8%A7%D9%84%D9%85%D9%86%D8%B2%D9%84,0,3618,0%,4
https://www.rukn-eltatawer.com/cleaning-company-in-sharjah/#%D8%A3%D9%81%D8%B6%D9%84_%D8%B4%D8%B1%D9%83%D8%A9_%D8%B1%D9%83%D9%86_%D8%A7%D9%84%D8%AA%D8%B7%D9%88%D8%B1_%D8%A3%D9%81%D8%B6%D9%84_%D8%B4%D8%B1%D9%83%D8%A9_%D8%AA%D9%86%D8%B8%D9%8A%D9%81_%D9%85%D9%86%D8%A7%D8%B2%D9%84_%D9%81%D9%8A_%D8%A7%D9%84%D8%B4%D8%A7%D8%B1%D9%82%D8%A9_%D8%AA%D8%B9%D9%82%D9%8A%D9%85_%D9%81%D9%86%D8%AF%D9%82%D9%8A_%D8%A8%D8%B6%D9%85%D8%A7%D9%86_2026,0,3171,0%,3.95
https://www.rukn-eltatawer.com/hourly-cleaning-maids-abu-dhabi/#%D8%A3%D9%81%D8%B6%D9%84_%D8%B4%D8%B1%D9%83%D8%A9_%D8%B9%D8%A7%D9%85%D9%84%D8%A7%D8%AA_%D8%AA%D9%86%D8%B8%D9%8A%D9%81_%D8%A8%D8%A7%D9%84%D8%B3%D8%A7%D8%B9%D9%87_%D9%81%D9%8A_%D8%A3%D8%A8%D9%88%D8%B8%D8%A8%D9%8A_%D9%88%D8%AE%D8%A7%D8%AF%D9%85%D8%A7%D8%AA,0,3119,0%,4.11
https://www.rukn-eltatawer.com/cleaning-company-in-sharjah/#%D8%AE%D8%AF%D9%85%D8%A7%D8%AA_%D9%88%D8%A3%D8%B3%D8%B9%D8%A7%D8%B1_%D8%B4%D8%B1%D9%83%D8%A9_%D8%B1%D9%83%D9%86_%D8%A7%D9%84%D8%AA%D8%B7%D9%88%D8%B1_%D8%A3%D9%81%D8%B6%D9%84_%D8%B4%D8%B1%D9%83%D8%A9_%D8%AA%D9%86%D8%B8%D9%8A%D9%81_%D9%85%D9%86%D8%A7%D8%B2%D9%84_%D9%81%D9%8A_%D8%A7%D9%84%D8%B4%D8%A7%D8%B1%D9%82%D8%A9_2026,0,3015,0%,3.95
https://www.rukn-eltatawer.com/hourly-cleaning-maids-abu-dhabi/#%D9%83%D9%8A%D9%81%D9%8A%D8%A9_%D8%A7%D8%AE%D8%AA%D9%8A%D8%A7%D8%B1_%D8%A3%D9%81%D8%B6%D9%84_%D8%B4%D8%B1%D9%83%D8%A9_%D8%AA%D9%86%D8%B8%D9%8A%D9%81_%D8%A8%D8%A7%D9%84%D8%B3%D8%A7%D8%B9%D8%A9_%D9%81%D9%8A_%D8%A3%D8%A8%D9%88%D8%B8%D8%A8%D9%8A,0,2988,0%,4.07
https://www.rukn-eltatawer.com/hourly-cleaning-maids-abu-dhabi/#%D8%AE%D8%AF%D9%85%D8%A7%D8%AA_%D8%B4%D8%B1%D9%83%D8%A9_%D8%AA%D9%86%D8%B8%D9%8A%D9%81_%D8%A8%D8%A7%D9%84%D8%B3%D8%A7%D8%B9%D8%A9_%D9%81%D9%8A_%D8%A3%D8%A8%D9%88%D8%B8%D8%A8%D9%8A,0,2876,0%,4.06
https://www.rukn-eltatawer.com/insect-control-in-dubai/#%D8%B4%D8%B1%D9%83%D8%A9_%D8%B1%D8%B4_%D8%AD%D8%B4%D8%B1%D8%A7%D8%AA_%D9%81%D9%8A_%D8%AF%D8%A8%D9%8A,0,2811,0%,2.81
https://www.rukn-eltatawer.com/cleaning-company-in-sharjah/#%D8%B9%D9%84%D8%A7%D9%85%D8%A7%D8%AA_%D9%88%D9%85%D8%AE%D8%A7%D8%B7%D8%B1_%D8%A5%D9%87%D9%85%D8%A7%D9%84_%D8%AA%D9%86%D8%B8%D9%8A%D9%81_%D8%A7%D9%84%D9%85%D9%86%D8%A7%D8%B2%D9%84_%D9%81%D9%8A_%D8%A7%D9%84%D8%B4%D8%A7%D8%B1%D9%82%D8%A9_%D8%A7%D9%84%D8%AA%D9%8A_%D9%8A%D8%AC%D8%A8_%D8%A7%D9%84%D8%AD%D8%B0%D8%B1_%D9%85%D9%86%D9%87%D8%A7,0,2608,0%,4.04
https://www.rukn-eltatawer.com/cleaning-company-in-sharjah/#%D8%B4%D8%B1%D9%83%D8%A9_%D8%B1%D9%83%D9%86_%D8%A7%D9%84%D8%AA%D8%B7%D9%88%D8%B1_%D8%A3%D9%81%D8%B6%D9%84_%D8%B4%D8%B1%D9%83%D8%A9_%D8%AA%D9%86%D8%B8%D9%8A%D9%81_%D9%85%D9%86%D8%A7%D8%B2%D9%84_%D9%81%D9%8A_%D8%A7%D9%84%D8%B4%D8%A7%D8%B1%D9%82%D8%A9_%D8%A8%D8%A7%D8%B3%D8%AA%D8%AE%D8%AF%D8%A7%D9%85_%D8%AA%D9%82%D9%86%D9%8A%D8%A7%D8%AA_2026_%D8%A7%D9%84%D8%B0%D9%83%D9%8A%D8%A9,0,2604,0%,4.04
https://www.rukn-eltatawer.com/hourly-cleaning-maids-abu-dhabi/#%D8%B4%D8%BA%D8%A7%D9%84%D8%A7%D8%AA_%D8%B9%D8%A7%D9%85%D9%84%D8%A7%D8%AA_%D8%AA%D9%86%D8%B8%D9%8A%D9%81_%D8%A8%D8%A7%D9%84%D8%B3%D8%A7%D8%B9%D9%87_%D9%81%D9%8A_%D8%A3%D8%A8%D9%88%D8%B8%D8%A8%D9%8A,0,2590,0%,4.05
https://www.rukn-eltatawer.com/cleaning-company-in-sharjah/#%D9%85%D9%85%D9%8A%D8%B2%D8%A7%D8%AA_%D8%B4%D8%B1%D9%83%D8%A9_%D8%B1%D9%83%D9%86_%D8%A7%D9%84%D8%AA%D8%B7%D9%88%D8%B1_%D9%84%D8%AA%D9%86%D8%B8%D9%8A%D9%81_%D8%A7%D9%84%D9%85%D9%86%D8%A7%D8%B2%D9%84_%D9%81%D9%8A_%D8%A7%D9%84%D8%B4%D8%A7%D8%B1%D9%82%D8%A9,0,2542,0%,4.04
https://www.rukn-eltatawer.com/cleaning-company-in-sharjah/#%D8%A7%D9%84%D8%A3%D8%B3%D8%A8%D8%A7%D8%A8_%D8%A7%D9%84%D8%AC%D8%B0%D8%B1%D9%8A%D8%A9_%D9%84%D8%AA%D8%B1%D8%A7%D9%83%D9%85_%D8%A7%D9%84%D8%A3%D9%88%D8%B3%D8%A7%D8%AE_%D9%88%D8%A7%D9%84%D8%AA%D8%B4%D8%AE%D9%8A%D8%B5_%D8%A7%D9%84%D8%A7%D8%AD%D8%AA%D8%B1%D8%A7%D9%81%D9%8A_2026,0,2533,0%,4.04
https://www.rukn-eltatawer.com/cleaning-company-in-sharjah/#5_%D8%A3%D8%AE%D8%B7%D8%A7%D8%A1_%D8%B4%D8%A7%D8%A6%D8%B9%D8%A9_%D8%AA%D8%B6%D8%A7%D8%B9%D9%81_%D8%AA%D8%B1%D8%A7%D9%83%D9%85_%D8%A7%D9%84%D8%A3%D9%88%D8%B3%D8%A7%D8%AE_%D9%81%D9%8A_%D9%85%D9%86%D8%A7%D8%B2%D9%84_%D9%81%D9%8A_%D8%A7%D9%84%D8%B4%D8%A7%D8%B1%D9%82%D8%A9_%D9%88%D9%83%D9%8A%D9%81%D9%8A%D8%A9_%D8%AA%D8%AC%D9%86%D8%A8%D9%87%D8%A7,0,2533,0%,4.04
https://www.rukn-eltatawer.com/insect-control-in-dubai/#%D8%AE%D8%AF%D9%85%D8%A7%D8%AA_%D8%B4%D8%B1%D9%83%D8%A9_%D9%85%D9%83%D8%A7%D9%81%D8%AD%D8%A9_%D8%AD%D8%B4%D8%B1%D8%A7%D8%AA_%D9%81%D9%8A_%D8%AF%D8%A8%D9%8A,0,2460,0%,2.81
https://www.rukn-eltatawer.com/insect-control-in-dubai/#%D9%85%D9%83%D8%A7%D9%81%D8%AD%D8%A9_%D8%AD%D8%B4%D8%B1%D8%A7%D8%AA_%D8%A7%D9%84%D8%A8%D9%82_%D9%81%D9%8A_%D8%AF%D8%A8%D9%8A,0,2454,0%,2.86
https://www.rukn-eltatawer.com/hourly-cleaning-maids-abu-dhabi/#%D8%A3%D8%B1%D8%AE%D8%B5_%D8%B4%D8%B1%D9%83%D8%A9_%D8%AE%D8%A7%D8%AF%D9%85%D8%A7%D8%AA_%D9%88_%D8%B9%D8%A7%D9%85%D9%84%D8%A7%D8%AA_%D8%AA%D9%86%D8%B8%D9%8A%D9%81_%D8%A8%D8%A7%D9%84%D8%B3%D8%A7%D8%B9%D9%87_%D9%81%D9%8A_%D8%A3%D8%A8%D9%88%D8%B8%D8%A8%D9%8A,0,2321,0%,4.23
https://www.rukn-eltatawer.com/insect-control-in-dubai/#%D8%B4%D8%B1%D9%83%D8%A9_%D9%85%D9%83%D8%A7%D9%81%D8%AD%D8%A9_%D8%A7%D9%84%D8%B5%D8%B1%D8%A7%D8%B5%D9%8A%D8%B1_%D9%81%D9%8A_%D8%AF%D8%A8%D9%8A,0,2231,0%,2.71
https://www.rukn-eltatawer.com/insect-control-in-sharjah/#%D8%A7%D9%81%D8%B6%D9%84_%D8%B4%D8%B1%D9%83%D8%A9_%D9%85%D9%83%D8%A7%D9%81%D8%AD%D8%A9_%D8%AD%D8%B4%D8%B1%D8%A7%D8%AA_%D9%81%D9%8A_%D8%A7%D9%84%D8%B4%D8%A7%D8%B1%D9%82%D8%A9,0,2155,0%,3.99
https://www.rukn-eltatawer.com/cleaning-company-in-dubai/#%D8%B9%D9%84%D8%A7%D9%85%D8%A7%D8%AA_%D9%88%D9%85%D8%AE%D8%A7%D8%B7%D8%B1_%D8%A5%D9%87%D9%85%D8%A7%D9%84_%D8%AA%D9%86%D8%B8%D9%8A%D9%81_%D8%A7%D9%84%D9%85%D9%86%D8%A7%D8%B2%D9%84_%D9%81%D9%8A_%D8%AF%D8%A8%D9%8A_%D8%A7%D9%84%D8%AA%D9%8A_%D9%84%D8%A7_%D9%8A%D8%AC%D8%A8_%D8%AA%D8%AC%D8%A7%D9%87%D9%84%D9%87%D8%A7,0,2011,0%,4.43
https://www.rukn-eltatawer.com/insect-control-in-sharjah/#%D8%B4%D8%B1%D9%83%D8%A9_%D9%85%D9%83%D8%A7%D9%81%D8%AD%D8%A9_%D8%AD%D8%B4%D8%B1%D8%A7%D8%AA_%D9%81%D9%8A_%D8%A7%D9%84%D8%B4%D8%A7%D8%B1%D9%82%D8%A9,0,1997,0%,3.95
https://www.rukn-eltatawer.com/cleaning-company-in-dubai/#%D8%AE%D8%AF%D9%85%D8%A7%D8%AA_%D9%88%D8%A3%D8%B3%D8%B9%D8%A7%D8%B1_%D8%A3%D9%81%D8%B6%D9%84_%D8%B4%D8%B1%D9%83%D8%A9_%D8%AA%D9%86%D8%B8%D9%8A%D9%81_%D9%85%D9%86%D8%A7%D8%B2%D9%84_%D9%81%D9%8A_%D8%AF%D8%A8%D9%8A_2026,0,1938,0%,4.36
https://www.rukn-eltatawer.com/insect-control-in-sharjah/#%D8%B4%D8%B1%D9%83%D8%A9_%D9%85%D9%83%D8%A7%D9%81%D8%AD%D8%A9_%D8%A7%D9%84%D8%B5%D8%B1%D8%A7%D8%B5%D9%8A%D8%B1_%D9%81%D9%8A_%D8%A7%D9%84%D8%B4%D8%A7%D8%B1%D9%82%D8%A9,0,1937,0%,4.07
https://www.rukn-eltatawer.com/insect-control-in-sharjah/#%D9%85%D9%83%D8%A7%D9%81%D8%AD%D8%A9_%D8%AD%D8%B4%D8%B1%D8%A7%D8%AA_%D8%A7%D9%84%D8%A8%D9%82_%D9%81%D9%8A_%D8%A7%D9%84%D8%B4%D8%A7%D8%B1%D9%82%D8%A9,0,1871,0%,4.12
https://www.rukn-eltatawer.com/insect-control-in-dubai/#%D9%85%D9%83%D8%A7%D9%81%D8%AD%D8%A9_%D8%A7%D9%84%D9%86%D9%85%D9%84_%D8%A7%D9%84%D8%A7%D8%A8%D9%8A%D8%B6_%D9%81%D9%8A_%D8%AF%D8%A8%D9%8A,0,1719,0%,2.89
https://www.rukn-eltatawer.com/insect-control-in-abu-dhabi/#%D8%AE%D8%AF%D9%85%D8%A7%D8%AA_%D8%B4%D8%B1%D9%83%D8%A9_%D8%B1%D9%83%D9%86_%D8%A7%D9%84%D8%AA%D8%B7%D9%88%D8%B1_%D9%84%D9%85%D9%83%D8%A7%D9%81%D8%AD%D8%A9_%D8%A7%D9%84%D8%AD%D8%B4%D8%B1%D8%A7%D8%AA_%D9%81%D9%8A_%D8%A3%D8%A8%D9%88%D8%B8%D8%A8%D9%8A,0,1717,0%,3.77
https://www.rukn-eltatawer.com/insect-control-in-sharjah/#%D8%AE%D8%AF%D9%85%D8%A7%D8%AA_%D8%B4%D8%B1%D9%83%D8%A9_%D9%85%D9%83%D8%A7%D9%81%D8%AD%D8%A9_%D8%AD%D8%B4%D8%B1%D8%A7%D8%AA_%D9%81%D9%8A_%D8%A7%D9%84%D8%B4%D8%A7%D8%B1%D9%82%D8%A9,0,1687,0%,3.7
https://www.rukn-eltatawer.com/hourly-cleaning-maids-dubai/#%D8%A3%D9%81%D8%B6%D9%84_%D8%B4%D8%B1%D9%83%D8%A9_%D8%B4%D8%BA%D8%A7%D9%84%D8%A7%D8%AA_%D8%AA%D9%86%D8%B8%D9%8A%D9%81_%D8%A8%D8%A7%D9%84%D8%A5%D9%8A%D8%AC%D8%A7%D8%B1_%D8%A8%D8%A7%D9%84%D8%B3%D8%A7%D8%B9%D8%A9_%D9%81%D9%8A_%D8%AF%D8%A8%D9%8A_%D9%85%D8%B9_%D8%B6%D9%85%D8%A7%D9%86_%D9%88%D9%85%D9%88%D8%AB%D9%88%D9%82%D9%8A%D8%A9_%D9%83%D8%A7%D9%85%D9%84%D8%A9,0,1636,0%,3.61
https://www.rukn-eltatawer.com/insect-control-in-sharjah/#%D8%B4%D8%B1%D9%83%D8%A9_%D8%B1%D8%B4_%D8%AD%D8%B4%D8%B1%D8%A7%D8%AA_%D9%81%D9%8A_%D8%A7%D9%84%D8%B4%D8%A7%D8%B1%D9%82%D8%A9_%D8%A8%D8%A7%D9%84%D8%B6%D9%85%D8%A7%D9%86,0,1620,0%,3.68
https://www.rukn-eltatawer.com/insect-control-in-abu-dhabi/#%D8%A7%D9%84%D8%A3%D8%AF%D9%88%D8%A7%D8%AA_%D8%A7%D9%84%D8%AA%D9%8A_%D8%AA%D8%B3%D8%AA%D8%AE%D8%AF%D9%85%D9%87%D8%A7_%D8%B4%D8%B1%D9%83%D9%87_%D9%85%D9%83%D8%A7%D9%81%D8%AD%D9%87_%D8%AD%D8%B4%D8%B1%D8%A7%D8%AA_%D9%81%D9%8A_%D8%A3%D8%A8%D9%88%D8%B8%D8%A8%D9%8A,0,1602,0%,3.84
https://www.rukn-eltatawer.com/cleaning-company-in-dubai/#%D9%84%D9%85%D8%A7%D8%B0%D8%A7_%D8%AA%D8%B9%D8%AA%D8%A8%D8%B1_%E2%80%9C%D8%B1%D9%83%D9%86_%D8%A7%D9%84%D8%AA%D8%B7%D9%88%D8%B1%E2%80%9D_%D8%A7%D9%84%D8%AE%D9%8A%D8%A7%D8%B1_%D8%A7%D9%84%D8%A3%D9%88%D9%84_%D9%84%D8%AA%D9%86%D8%B8%D9%8A%D9%81_%D8%A7%D9%84%D9%85%D9%86%D8%A7%D8%B2%D9%84_%D9%81%D9%8A_%D8%AF%D8%A8%D9%8A%D8%9F,0,1596,0%,4.5
https://www.rukn-eltatawer.com/insect-control-in-sharjah/#%D9%85%D9%83%D8%A7%D9%81%D8%AD%D8%A9_%D8%A7%D9%84%D9%86%D9%85%D9%84_%D8%A7%D9%84%D8%A7%D8%A8%D9%8A%D8%B6_%D9%81%D9%8A_%D8%A7%D9%84%D8%B4%D8%A7%D8%B1%D9%82%D8%A9,0,1592,0%,4.07
https://www.rukn-eltatawer.com/insect-control-in-abu-dhabi/#%D9%86%D8%B5%D8%A7%D8%A6%D8%AD_%D8%AA%D9%82%D8%AF%D9%85%D9%87%D8%A7_%D8%B4%D8%B1%D9%83%D8%A9_%D9%85%D9%83%D8%A7%D9%81%D8%AD%D8%A9_%D8%AD%D8%B4%D8%B1%D8%A7%D8%AA_%D9%81%D9%8A_%D8%A3%D8%A8%D9%88%D8%B8%D8%A8%D9%8A,0,1565,0%,3.74
https://www.rukn-eltatawer.com/sewerage-plumbing-sharjah/#%D8%B4%D8%B1%D9%83%D8%A9_%D8%AA%D8%B3%D9%84%D9%8A%D9%83_%D8%A7%D9%84%D9%85%D8%AC%D8%A7%D8%B1%D9%8A_%D9%81%D9%8A_%D8%A7%D9%84%D8%B4%D8%A7%D8%B1%D9%82%D8%A9_2026_%D8%B4%D9%81%D8%B7_%D8%A8%D8%A7%D9%84%D9%88%D8%B9%D8%A9_%E2%80%A2_%D8%AA%D9%86%D8%B8%D9%8A%D9%81_%D8%B5%D8%B1%D9%81_%D8%B5%D8%AD%D9%8A_%E2%80%A2_%D8%B6%D8%BA%D8%B7_%D9%85%D8%A7%D8%A6%D9%8A_%E2%80%A2_%D9%85%D8%AA%D8%A7%D8%AD%D9%88%D9%86_247,0,1520,0%,3.27
https://www.rukn-eltatawer.com/cleaning-company-in-dubai/#%D8%AA%D9%86%D8%B8%D9%8A%D9%81_%D8%A7%D9%84%D9%85%D9%86%D8%A7%D8%B2%D9%84_%D9%81%D9%8A_%D8%AF%D8%A8%D9%8A_%D8%A8%D8%A7%D8%B3%D8%AA%D8%AE%D8%AF%D8%A7%D9%85_%D8%AA%D9%82%D9%86%D9%8A%D8%A7%D8%AA_2026_%D8%A7%D9%84%D8%B0%D9%83%D9%8A%D8%A9_%D8%A8%D8%AF%D9%88%D9%86_%D9%85%D9%88%D8%A7%D8%AF_%D8%B6%D8%A7%D8%B1%D8%A9,0,1513,0%,4.39
https://www.rukn-eltatawer.com/cleaning-company-in-dubai/#5_%D8%A3%D8%AE%D8%B7%D8%A7%D8%A1_%D8%B4%D8%A7%D8%A6%D8%B9%D8%A9_%D8%AA%D8%B6%D8%A7%D8%B9%D9%81_%D8%AA%D8%B1%D8%A7%D9%83%D9%85_%D8%A7%D9%84%D8%A3%D9%88%D8%B3%D8%A7%D8%AE_%D9%81%D9%8A_%D9%85%D9%86%D8%A7%D8%B2%D9%84_%D8%AF%D8%A8%D9%8A_%D9%88%D9%83%D9%8A%D9%81%D9%8A%D8%A9_%D8%AA%D8%AC%D9%86%D8%A8%D9%87%D8%A7,0,1511,0%,4.39
https://www.rukn-eltatawer.com/cleaning-company-in-dubai/#%D8%A7%D9%84%D8%A3%D8%B3%D8%A8%D8%A7%D8%A8_%D8%A7%D9%84%D8%AC%D8%B0%D8%B1%D9%8A%D8%A9_%D9%84%D8%AA%D8%B1%D8%A7%D9%83%D9%85_%D8%A7%D9%84%D8%A3%D9%88%D8%B3%D8%A7%D8%AE_%D9%88%D8%A7%D9%84%D8%AA%D8%B4%D8%AE%D9%8A%D8%B5_%D8%A7%D9%84%D8%A7%D8%AD%D8%AA%D8%B1%D8%A7%D9%81%D9%8A_2026,0,1509,0%,4.39
https://www.rukn-eltatawer.com/cleaning-company-in-dubai/#%D8%AA%D9%86%D8%B8%D9%8A%D9%81_%D9%88%D8%AA%D8%B9%D9%82%D9%8A%D9%85_%D8%A7%D9%84%D9%85%D8%B7%D8%A7%D8%A8%D8%AE_%D9%88%D8%A7%D9%84%D8%AD%D9%85%D8%A7%D9%85%D8%A7%D8%AA_%D9%81%D9%8A_%D8%AF%D8%A8%D9%8A_%D8%A8%D8%A7%D8%AD%D8%AA%D8%B1%D8%A7%D9%81%D9%8A%D8%A9_%D8%B7%D8%A8%D9%8A%D8%A9,0,1509,0%,4.39
https://www.rukn-eltatawer.com/hourly-cleaning-maids-dubai/#%D9%84%D9%85%D8%A7%D8%B0%D8%A7_%D9%8A%D8%AC%D8%A8_%D8%A3%D9%86_%D8%AA%D8%AE%D8%AA%D8%A7%D8%B1_%D8%B9%D8%A7%D9%85%D9%84%D8%A7%D8%AA_%D8%AA%D9%86%D8%B8%D9%8A%D9%81_%D8%A8%D8%A7%D9%84%D8%B3%D8%A7%D8%B9%D8%A9_%D9%81%D9%8A_%D8%AF%D8%A8%D9%8A_%D8%B1%D9%83%D9%86_%D8%A7%D9%84%D8%AA%D8%B7%D9%88%D8%B1%D8%9F,0,1507,0%,3.62
https://www.rukn-eltatawer.com/ras-al-khaimah-villas-cleaning-company/#%D8%AE%D8%AF%D9%85%D8%A7%D8%AA_%D8%AA%D9%86%D8%B8%D9%8A%D9%81_%D9%81%D9%8A_%D8%B1%D8%A7%D8%B3_%D8%A7%D9%84%D8%AE%D9%8A%D9%85%D8%A9,0,1451,0%,5.85
https://www.rukn-eltatawer.com/sewerage-plumbing-sharjah/#%D9%85%D9%85%D9%8A%D8%B2%D8%A7%D8%AA_%D8%B4%D8%B1%D9%83%D8%A9_%D8%AA%D8%B3%D9%84%D9%8A%D9%83_%D8%A7%D9%84%D9%85%D8%AC%D8%A7%D8%B1%D9%8A_%D9%81%D9%8A_%D8%A7%D9%84%D8%B4%D8%A7%D8%B1%D9%82%D8%A9,0,1418,0%,3.19
https://www.rukn-eltatawer.com/sewerage-plumbing-dubai/#%D9%85%D9%85%D9%8A%D8%B2%D8%A7%D8%AA_%D8%B4%D8%B1%D9%83%D8%A9_%D8%AA%D8%B3%D9%84%D9%8A%D9%83_%D9%85%D8%AC%D8%A7%D8%B1%D9%8A_%D8%A8%D8%AF%D8%A8%D9%8A,0,1387,0%,4.47
https://www.rukn-eltatawer.com/insect-control-in-abu-dhabi/#%D8%A3%D9%87%D9%85%D9%8A%D8%A9_%D8%AE%D8%AF%D9%85%D8%A7%D8%AA_%D9%85%D9%83%D8%A7%D9%81%D8%AD%D8%A9_%D8%A7%D9%84%D8%AD%D8%B4%D8%B1%D8%A7%D8%AA_%D9%81%D9%8A_%D8%A3%D8%A8%D9%88%D8%B8%D8%A8%D9%8A,0,1378,0%,3.85
https://www.rukn-eltatawer.com/hourly-cleaning-maids-abu-dhabi/#%D9%81%D9%88%D8%A7%D8%A6%D8%AF_%D8%A7%D8%B3%D8%AA%D8%AE%D8%AF%D8%A7%D9%85_%D8%AE%D8%AF%D9%85%D8%A7%D8%AA_%D8%B4%D8%B1%D9%83%D8%A9_%D8%AA%D9%86%D8%B8%D9%8A%D9%81_%D8%A8%D8%A7%D9%84%D8%B3%D8%A7%D8%B9%D8%A9,0,1369,0%,4.38
https://www.rukn-eltatawer.com/ras-al-khaimah-villas-cleaning-company/#%D8%A7%D9%81%D8%B6%D9%84_%D8%B4%D8%B1%D9%83%D8%A9_%D8%AA%D9%86%D8%B8%D9%8A%D9%81_%D9%81%D9%84%D9%84_%D9%81%D9%8A_%D8%B1%D8%A3%D8%B3_%D8%A7%D9%84%D8%AE%D9%8A%D9%85%D8%A9,0,1365,0%,5.73
https://www.rukn-eltatawer.com/hourly-cleaning-maids-abu-dhabi/#%D8%A3%D8%B1%D9%82%D8%A7%D9%85_%D9%85%D9%83%D8%A7%D8%AA%D8%A8_%D8%AE%D8%AF%D9%85_%D8%B9%D8%A7%D9%85%D9%84%D8%A7%D8%AA_%D8%AA%D9%86%D8%B8%D9%8A%D9%81_%D8%A8%D8%A7%D9%84%D8%B3%D8%A7%D8%B9%D9%87_%D9%81%D9%8A_%D8%A7%D8%A8%D9%88%D8%B8%D8%A8%D9%8A,0,1350,0%,4.06
https://www.rukn-eltatawer.com/hourly-cleaning-maids-dubai/#%D9%85%D8%A7_%D8%A7%D9%84%D9%81%D8%B1%D9%82_%D8%A8%D9%8A%D9%86_%D8%B9%D8%A7%D9%85%D9%84%D8%A7%D8%AA_%D8%AA%D9%86%D8%B8%D9%8A%D9%81_%D8%A8%D8%A7%D9%84%D8%B3%D8%A7%D8%B9%D8%A9_%D9%81%D9%8A_%D8%AF%D8%A8%D9%8A_%D9%88%D8%A7%D9%84%D8%B4%D8%BA%D8%A7%D9%84%D8%A7%D8%AA_%D8%A7%D9%84%D8%AA%D9%82%D9%84%D9%8A%D8%AF%D9%8A%D8%A7%D8%AA%D8%9F,0,1333,0%,3.77
https://www.rukn-eltatawer.com/insect-control-in-abu-dhabi/#%D8%AE%D8%AF%D9%85%D8%A7%D8%AA_%D8%B4%D8%B1%D9%83%D8%A9_%D9%85%D9%83%D8%A7%D9%81%D8%AD%D8%A9_%D8%AD%D8%B4%D8%B1%D8%A7%D8%AA_%D9%81%D9%8A_%D8%A3%D8%A8%D9%88%D8%B8%D8%A8%D9%8A_%D8%A3%D9%86%D9%88%D8%A7%D8%B9_%D8%A7%D9%84%D8%AD%D8%B4%D8%B1%D8%A7%D8%AA_%D8%A7%D9%84%D8%AA%D9%8A_%D8%AA%D9%82%D9%88%D9%85_%D8%B4%D8%B1%D9%83%D8%AA%D9%86%D8%A7_%D8%A8%D8%A7%D9%84%D9%82%D8%B6%D8%A7%D8%A1_%D8%B9%D9%84%D9%8A%D9%87%D8%A7,0,1326,0%,3.8
https://www.rukn-eltatawer.com/insect-control-in-abu-dhabi/#%D8%B4%D8%B1%D9%83%D9%87_%D9%85%D9%83%D8%A7%D9%81%D8%AD%D9%87_%D8%AD%D8%B4%D8%B1%D8%A7%D8%AA_%D9%81%D9%8A_%D8%A3%D8%A8%D9%88%D8%B8%D8%A8%D9%8A,0,1325,0%,3.8
https://www.rukn-eltatawer.com/ras-al-khaimah-villas-cleaning-company/#%D8%B4%D8%B1%D9%83%D8%A9_%D8%AA%D9%86%D8%B8%D9%8A%D9%81_%D8%B4%D9%82%D9%82_%D8%A8%D8%B1%D8%A3%D8%B3_%D8%A7%D9%84%D8%AE%D9%8A%D9%85%D8%A9,0,1295,0%,6.09
https://www.rukn-eltatawer.com/hourly-cleaning-maids-dubai/#%D8%A3%D8%B3%D8%B9%D8%A7%D8%B1_%D8%B9%D8%A7%D9%85%D9%84%D8%A7%D8%AA_%D8%AA%D9%86%D8%B8%D9%8A%D9%81_%D8%A8%D8%A7%D9%84%D8%B3%D8%A7%D8%B9%D8%A9_%D9%81%D9%8A_%D8%AF%D8%A8%D9%8A,0,1274,0%,3.78
https://www.rukn-eltatawer.com/hourly-cleaning-maids-dubai/#%D9%84%D9%8A%D8%B4_%D8%A7%D9%84%D9%86%D8%A7%D8%B3_%D8%AA%D9%81%D8%B6%D9%91%D9%84_%D8%B9%D8%A7%D9%85%D9%84%D8%A7%D8%AA_%D8%AA%D9%86%D8%B8%D9%8A%D9%81_%D8%A8%D8%A7%D9%84%D8%B3%D8%A7%D8%B9%D8%A9_%D9%81%D9%8A_%D8%AF%D8%A8%D9%8A%D8%9F,0,1272,0%,3.76
https://www.rukn-eltatawer.com/hourly-cleaning-maids-sharjah/#%D8%AE%D8%AF%D9%85%D8%A7%D8%AA_%D8%B9%D8%A7%D9%85%D9%84%D8%A7%D8%AA_%D9%86%D8%B8%D8%A7%D9%81%D8%A9_%D8%A8%D8%A7%D9%84%D8%B3%D8%A7%D8%B9%D8%A9%E2%80%8B_%D9%81%D9%8A_%D8%A7%D9%84%D8%B4%D8%A7%D8%B1%D9%82%D8%A9,0,1261,0%,3.6
https://www.rukn-eltatawer.com/sewerage-plumbing-sharjah/#%D9%81%D9%86%D9%8A_%D8%AA%D8%B3%D9%84%D9%8A%D9%83_%D8%A7%D9%84%D9%85%D8%AC%D8%A7%D8%B1%D9%8A_%D9%81%D9%89_%D8%A7%D9%84%D8%B4%D8%A7%D8%B1%D9%82%D8%A9,0,1235,0%,3.21
https://www.rukn-eltatawer.com/hourly-cleaning-maids-abu-dhabi/#%D8%AE%D8%A7%D8%AF%D9%85%D8%A7%D8%AA_%D9%88%D8%B9%D8%A7%D9%85%D9%84%D8%A7%D8%AA_%D8%AA%D9%86%D8%B8%D9%8A%D9%81_%D8%A8%D8%A7%D9%84%D8%B3%D8%A7%D8%B9%D9%87_%D9%81%D9%8A_%D8%A3%D8%A8%D9%88%D8%B8%D8%A8%D9%8A,0,1182,0%,4.1
https://www.rukn-eltatawer.com/sewerage-plumbing-dubai/#%D8%AE%D8%AF%D9%85%D8%A7%D8%AA_%D9%84%D8%AA%D8%B3%D9%84%D9%8A%D9%83_%D8%A7%D9%84%D9%85%D8%AC%D8%A7%D8%B1%D9%8A_%D9%81%D9%8A_%D8%AF%D8%A8%D9%8A,0,1176,0%,4.44
https://www.rukn-eltatawer.com/sewerage-plumbing-dubai/#%D8%AE%D8%B7%D9%88%D8%A7%D8%AA_%D8%AA%D8%B3%D9%84%D9%8A%D9%83_%D9%85%D8%AC%D8%A7%D8%B1%D9%8A_%D8%A8%D8%AF%D8%A8%D9%8A,0,1172,0%,4.4
https://www.rukn-eltatawer.com/al-ain-sofa-cleaning-company/#%D8%B4%D8%B1%D9%83%D8%A9_%D8%AA%D9%86%D8%B8%D9%8A%D9%81_%D9%83%D9%86%D8%A8_%D8%A8%D8%A7%D9%84%D8%A8%D8%AE%D8%A7%D8%B1_%D9%81%D9%8A_%D8%A7%D9%84%D8%B9%D9%8A%D9%86,0,1156,0%,5.92
https://www.rukn-eltatawer.com/sewerage-plumbing-dubai/#%F0%9F%9A%BF_%D8%AA%D8%B3%D9%84%D9%8A%D9%83_%D9%85%D8%AC%D8%A7%D8%B1%D9%8A_%D8%A7%D9%84%D8%AD%D9%85%D8%A7%D9%85%D8%A7%D8%AA_%D9%81%D9%8A_%D8%AF%D8%A8%D9%8A_%E2%80%94_%D8%AD%D9%84_%D8%B3%D8%B1%D9%8A%D8%B9_%D9%84%D9%85%D8%B4%D9%83%D9%84%D8%A9_%D8%AD%D8%B1%D8%AC%D8%A9,0,1151,0%,4.41
https://www.rukn-eltatawer.com/sewerage-plumbing-dubai/#%F0%9F%8F%86_%D8%B4%D8%B1%D9%83%D8%A9_%D8%AA%D8%B3%D9%84%D9%8A%D9%83_%D8%A7%D9%84%D9%85%D8%AC%D8%A7%D8%B1%D9%8A_%D9%81%D9%8A_%D8%AF%D8%A8%D9%8A_%E2%80%94_%D8%A7%D9%84%D8%AE%D8%A8%D8%B1%D8%A9_%D8%A7%D9%84%D8%AD%D9%82%D9%8A%D9%82%D9%8A%D8%A9_%D8%A7%D9%84%D8%AA%D9%8A_%D8%AA%D8%AB%D9%82_%D8%A8%D9%87%D8%A7,0,1149,0%,4.39
https://www.rukn-eltatawer.com/al-ain-sofa-cleaning-company/#%D8%B4%D8%B1%D9%83%D8%A9_%D8%AA%D9%86%D8%B8%D9%8A%D9%81_%D9%81%D9%8A_%D8%A7%D9%84%D8%B9%D9%8A%D9%86,0,1144,0%,5.96
https://www.rukn-eltatawer.com/al-ain-sofa-cleaning-company/#%D8%B4%D8%B1%D9%83%D8%A9_%D8%AA%D9%86%D8%B8%D9%8A%D9%81_%D9%83%D9%86%D8%A8_%D8%A7%D9%84%D8%B9%D9%8A%D9%86,0,1144,0%,5.96
https://www.rukn-eltatawer.com/sewerage-plumbing-dubai/#%F0%9F%A4%96_%D8%AA%D9%82%D9%86%D9%8A%D8%A7%D8%AA_%D8%AA%D8%B3%D9%84%D9%8A%D9%83_%D8%A7%D9%84%D9%85%D8%AC%D8%A7%D8%B1%D9%8A_%D8%A7%D9%84%D9%85%D8%AA%D8%B7%D9%88%D8%B1%D8%A9_%D8%A7%D9%84%D8%AA%D9%8A_%D9%86%D8%B3%D8%AA%D8%AE%D8%AF%D9%85%D9%87%D8%A7_%D9%81%D9%8A_%D8%AF%D8%A8%D9%8A,0,1139,0%,4.39
https://www.rukn-eltatawer.com/sewerage-plumbing-sharjah/#%D8%A7%D9%84%D8%B9%D8%B2%D9%84_%D8%A7%D9%84%D9%85%D8%A7%D8%A6%D9%8A_%D9%81%D9%8A_%D8%B4%D8%B1%D9%83%D8%A9_%D8%AA%D8%B3%D9%84%D9%8A%D9%83_%D8%A7%D9%84%D9%85%D8%AC%D8%A7%D8%B1%D9%8A_%D9%81%D9%89_%D8%A7%D9%84%D8%B4%D8%A7%D8%B1%D9%82%D8%A9,0,1108,0%,3.08
https://www.rukn-eltatawer.com/pest-control-company-in-ajman/#%D8%AE%D8%AF%D9%85%D8%A7%D8%AA_%D8%B4%D8%B1%D9%83%D8%A9_%D9%85%D9%83%D8%A7%D9%81%D8%AD%D8%A9_%D8%AD%D8%B4%D8%B1%D8%A7%D8%AA_%D9%81%D9%8A_%D8%B9%D8%AC%D9%85%D8%A7%D9%86_%D8%A5%D8%A8%D8%A7%D8%AF%D8%A9_%D9%81%D9%88%D8%B1%D9%8A%D8%A9_%D9%84%D8%AC%D9%85%D9%8A%D8%B9_%D8%A3%D9%86%D9%88%D8%A7%D8%B9_%D8%A7%D9%84%D8%A2%D9%81%D8%A7%D8%AA,0,1085,0%,2.84
https://www.rukn-eltatawer.com/hourly-cleaning-maids-abu-dhabi/#%D8%AE%D8%AF%D9%85_%D8%A8%D8%A7%D9%84%D9%8A%D9%88%D9%85_%D8%B9%D8%A7%D9%85%D9%84%D8%A7%D8%AA_%D8%AA%D9%86%D8%B8%D9%8A%D9%81_%D8%A8%D8%A7%D9%84%D8%B3%D8%A7%D8%B9%D9%87_%D9%81%D9%8A_%D8%A3%D8%A8%D9%88%D8%B8%D8%A8%D9%8A,0,1053,0%,3.97
https://www.rukn-eltatawer.com/insect-control-in-abu-dhabi/#%D8%A3%D9%81%D8%B6%D9%84_%D8%B4%D8%B1%D9%83%D8%A9_%D9%85%D9%83%D8%A7%D9%81%D8%AD%D8%A9_%D8%AD%D8%B4%D8%B1%D8%A7%D8%AA_%D9%81%D9%8A_%D8%A3%D8%A8%D9%88%D8%B8%D8%A8%D9%8A,0,1038,0%,3.47
https://www.rukn-eltatawer.com/pest-control-company-in-al-ain/#%D8%B4%D8%B1%D9%83%D8%A9_%D9%85%D9%83%D8%A7%D9%81%D8%AD%D9%87_%D8%A7%D9%84%D8%AD%D8%B4%D8%B1%D8%A7%D8%AA_%D9%81%D9%8A_%D8%A7%D9%84%D8%B9%D9%8A%D9%86,0,1033,0%,2.67
https://www.rukn-eltatawer.com/sewerage-plumbing-sharjah/#%D8%AE%D8%B7%D9%88%D8%A7%D8%AA_%D8%B9%D9%85%D9%84_%D8%B4%D8%B1%D9%83%D8%A9_%D8%AA%D8%B3%D9%84%D9%8A%D9%83_%D8%A7%D9%84%D9%85%D8%AC%D8%A7%D8%B1%D9%8A_%D9%81%D9%89_%D8%A7%D9%84%D8%B4%D8%A7%D8%B1%D9%82%D8%A9,0,1033,0%,3.4
https://www.rukn-eltatawer.com/pest-control-company-in-al-ain/#%D8%B4%D8%B1%D9%83%D8%A9_%D9%85%D9%83%D8%A7%D9%81%D8%AD%D8%A9_%D8%AD%D8%B4%D8%B1%D8%A7%D8%AA_%D8%A7%D9%84%D8%B9%D9%8A%D9%86,0,1022,0%,2.66
https://www.rukn-eltatawer.com/hourly-cleaning-maids-sharjah/#%D8%AE%D8%B7%D9%88%D8%A7%D8%AA_%D8%A7%D9%84%D8%AA%D9%8A_%D8%AA%D8%AA%D8%A8%D8%B9%D9%87%D8%A7_%D8%B9%D8%A7%D9%85%D9%84%D8%A7%D8%AA_%D9%86%D8%B8%D8%A7%D9%81%D8%A9_%D8%A8%D8%A7%D9%84%D8%B3%D8%A7%D8%B9%D8%A9%E2%80%8B_%D9%81%D9%8A_%D8%A7%D9%84%D8%B4%D8%A7%D8%B1%D9%82%D8%A9,0,1020,0%,3.42
https://www.rukn-eltatawer.com/al-ain-sofa-cleaning-company/#%D8%A7%D9%81%D8%B6%D9%84_%D8%B4%D8%B1%D9%83%D8%A9_%D8%AA%D9%86%D8%B8%D9%8A%D9%81_%D9%83%D9%86%D8%A8_%D8%A8%D8%A7%D9%84%D8%B9%D9%8A%D9%86,0,1005,0%,5.95
https://www.rukn-eltatawer.com/pest-control-company-in-al-ain/#%D9%85%D9%85%D9%8A%D8%B2%D8%A7%D8%AA_%D8%B4%D8%B1%D9%83%D8%A9_%D9%85%D9%83%D8%A7%D9%81%D8%AD%D8%A9_%D8%AD%D8%B4%D8%B1%D8%A7%D8%AA_%D9%81%D9%8A_%D8%A7%D9%84%D8%B9%D9%8A%D9%86,0,1003,0%,2.65
https://www.rukn-eltatawer.com/al-ain-sofa-cleaning-company/#%D8%AA%D9%86%D8%B8%D9%8A%D9%81_%D8%A7%D9%84%D9%83%D9%86%D8%A8_%D8%A7%D9%84%D8%AC%D9%84%D8%AF_%D8%A8%D8%A7%D9%84%D8%B9%D9%8A%D9%86,0,993,0%,5.99
https://www.rukn-eltatawer.com/pest-control-company-in-al-ain/#%D8%AE%D8%AF%D9%85%D8%A7%D8%AA_%D9%85%D9%83%D8%A7%D9%81%D8%AD%D8%A9_%D8%AD%D8%B4%D8%B1%D8%A7%D8%AA_%D8%A7%D9%84%D8%B9%D9%8A%D9%86,0,983,0%,2.64
https://www.rukn-eltatawer.com/pest-control-company-in-al-ain/#%D8%AE%D8%AF%D9%85%D8%A7%D8%AA_%D8%B4%D8%B1%D9%83%D9%87_%D9%85%D9%83%D8%A7%D9%81%D8%AD%D9%87_%D8%AD%D8%B4%D8%B1%D8%A7%D8%AA_%D9%81%D9%8A_%D8%A7%D9%84%D8%B9%D9%8A%D9%86,0,950,0%,2.41
https://www.rukn-eltatawer.com/sewerage-plumbing-sharjah/#%D8%B4%D8%B1%D9%83%D8%A9_%D8%AA%D8%B3%D9%84%D9%8A%D9%83_%D8%A7%D9%84%D9%85%D8%AC%D8%A7%D8%B1%D9%8A_%D9%81%D9%8A_%D8%A7%D9%84%D8%B4%D8%A7%D8%B1%D9%82%D8%A9,0,929,0%,2.84
https://www.rukn-eltatawer.com/clearing-transactions-in-abu-dhabi/#%D8%B3%D8%B1%D8%B9%D8%A9_%D9%88%D8%AF%D9%82%D8%A9_%D8%A7%D9%84%D8%AE%D8%AF%D9%85%D8%A7%D8%AA,0,900,0%,4.64
https://www.rukn-eltatawer.com/clearing-transactions-in-abu-dhabi/#%D9%85%D9%82%D8%AF%D9%85%D8%A9,0,900,0%,4.64
https://www.rukn-eltatawer.com/clearing-transactions-in-abu-dhabi/#%D8%A7%D8%B3%D8%AA%D9%87%D8%AF%D8%A7%D9%81_%D8%A7%D9%84%D8%B9%D9%85%D9%84%D8%A7%D8%A1,0,898,0%,4.64
https://www.rukn-eltatawer.com/pest-control-company-in-ajman/#%D9%84%D9%85%D8%A7%D8%B0%D8%A7_%D9%86%D9%8F%D8%B5%D9%86%D9%81_%D9%83%D8%A3%D9%81%D8%B6%D9%84_%D8%B4%D8%B1%D9%83%D8%A9_%D9%85%D9%83%D8%A7%D9%81%D8%AD%D8%A9_%D8%AD%D8%B4%D8%B1%D8%A7%D8%AA_%D9%81%D9%8A_%D8%B9%D8%AC%D9%85%D8%A7%D9%86_%D9%84%D8%B9%D8%A7%D9%85_2026%D8%9F,0,894,0%,2.85
https://www.rukn-eltatawer.com/pest-control-company-in-ajman/#%D8%A7%D9%84%D9%85%D8%A8%D9%8A%D8%AF%D8%A7%D8%AA_%D8%A7%D9%84%D8%AA%D9%8A_%D8%AA%D8%B3%D8%AA%D8%AE%D8%AF%D9%85%D9%87%D8%A7_%D8%B4%D8%B1%D9%83%D8%A9_%D9%85%D9%83%D8%A7%D9%81%D8%AD%D8%A9_%D8%AD%D8%B4%D8%B1%D8%A7%D8%AA_%D9%81%D9%8A_%D8%B9%D8%AC%D9%85%D8%A7%D9%86_%D8%A5%D8%A8%D8%A7%D8%AF%D8%A9_%D8%A2%D9%85%D9%86%D8%A9_100,0,893,0%,2.86
https://www.rukn-eltatawer.com/pest-control-company-in-ajman/#%D9%85%D9%85%D9%8A%D8%B2%D8%A7%D8%AA_%D8%B4%D8%B1%D9%83%D8%A9_%D9%85%D9%83%D8%A7%D9%81%D8%AD%D8%A9_%D8%AD%D8%B4%D8%B1%D8%A7%D8%AA_%D9%81%D9%8A_%D8%B9%D8%AC%D9%85%D8%A7%D9%86_%D9%84%D9%85%D8%A7%D8%B0%D8%A7_%E2%80%9C%D8%B1%D9%83%D9%86_%D8%A7%D9%84%D8%AA%D8%B7%D9%88%D8%B1%E2%80%9D_%D9%87%D9%8A_%D8%A7%D9%84%D8%A3%D9%81%D8%B6%D9%84%D8%9F,0,892,0%,2.85
https://www.rukn-eltatawer.com/pest-control-company-in-ajman/#%D8%A7%D9%84%D8%A3%D8%AF%D9%88%D8%A7%D8%AA_%D8%A7%D9%84%D8%AA%D9%8A_%D8%AA%D8%B3%D8%AA%D8%AE%D8%AF%D9%85%D9%87%D8%A7_%D8%B4%D8%B1%D9%83%D8%A9_%D9%85%D9%83%D8%A7%D9%81%D8%AD%D8%A9_%D8%AD%D8%B4%D8%B1%D8%A7%D8%AA_%D9%81%D9%8A_%D8%B9%D8%AC%D9%85%D8%A7%D9%86_%D8%AA%D9%82%D9%86%D9%8A%D8%A9_%D8%AA%D8%A8%D9%8A%D8%AF_%D8%A7%D9%84%D8%AD%D8%B4%D8%B1%D8%A7%D8%AA_%D9%86%D9%87%D8%A7%D8%A6%D9%8A%D8%A7%D9%8B,0,884,0%,2.88
https://www.rukn-eltatawer.com/sewerage-plumbing-sharjah/#%D8%AE%D8%AF%D9%85%D8%A7%D8%AA_%D8%B4%D8%B1%D9%83%D8%A9_%D8%AA%D8%B3%D9%84%D9%8A%D9%83_%D8%A7%D9%84%D9%85%D8%AC%D8%A7%D8%B1%D9%8A_%D9%81%D9%89_%D8%A7%D9%84%D8%B4%D8%A7%D8%B1%D9%82%D8%A9,0,859,0%,3.04
https://www.rukn-eltatawer.com/pest-control-company-in-al-ain/#%D9%85%D9%83%D8%A7%D9%81%D8%AD%D8%A9_%D8%AD%D8%B4%D8%B1%D8%A7%D8%AA_%D8%A7%D9%84%D8%B9%D9%8A%D9%86,0,853,0%,2.46
https://www.rukn-eltatawer.com/hourly-cleaning-maids-dubai/#%D9%85%D8%A7%D8%B0%D8%A7_%D8%AA%D9%82%D9%88%D9%85_%D8%A8%D9%87_%D8%B9%D8%A7%D9%85%D9%84%D8%A7%D8%AA_%D8%A7%D9%84%D8%AA%D9%86%D8%B8%D9%8A%D9%81_%D8%A8%D8%A7%D9%84%D8%B3%D8%A7%D8%B9%D8%A9_%D9%81%D9%8A_%D8%AF%D8%A8%D9%8A%D8%9F,0,830,0%,3.62
https://www.rukn-eltatawer.com/pest-control-company-in-ajman/#%D9%84%D9%85%D8%A7%D8%B0%D8%A7_%E2%80%9C%D8%B1%D9%83%D9%86_%D8%A7%D9%84%D8%AA%D8%B7%D9%88%D8%B1%E2%80%9D_%D9%87%D9%8A_%D8%A7%D8%AE%D8%AA%D9%8A%D8%A7%D8%B1%D9%83_%D8%A7%D9%84%D8%A3%D9%88%D9%84_%D9%83%D8%A3%D9%81%D8%B6%D9%84_%D8%B4%D8%B1%D9%83%D8%A9_%D9%85%D9%83%D8%A7%D9%81%D8%AD%D8%A9_%D8%AD%D8%B4%D8%B1%D8%A7%D8%AA_%D9%81%D9%8A_%D8%B9%D8%AC%D9%85%D8%A7%D9%86%D8%9F,0,802,0%,2.82
https://www.rukn-eltatawer.com/clearing-transactions-in-abu-dhabi/#%D8%AE%D8%AF%D9%85%D8%A7%D8%AA_%D8%A3%D9%81%D8%B6%D9%84_%D8%B4%D8%B1%D9%83%D8%A9_%D8%AA%D8%AE%D9%84%D9%8A%D8%B5_%D9%85%D8%B9%D8%A7%D9%85%D9%84%D8%A7%D8%AA_%D9%81%D9%8A_%D8%A3%D8%A8%D9%88%D8%B8%D8%A8%D9%8A_%D8%B1%D9%83%D9%86_%D8%A7%D9%84%D8%AA%D8%B7%D9%88%D8%B1,0,791,0%,4.66
https://www.rukn-eltatawer.com/a-water-leak-detection-company-in-abu-dhabi/#%F0%9F%8F%86_%D9%85%D9%85%D9%8A%D8%B2%D8%A7%D8%AA_%D8%B4%D8%B1%D9%83%D8%A9_%D8%B1%D9%83%D9%86_%D8%A7%D9%84%D8%AA%D8%B7%D9%88%D8%B1_%D8%A3%D9%81%D8%B6%D9%84_%D8%B4%D8%B1%D9%83%D8%A9_%D9%83%D8%B4%D9%81_%D8%AA%D8%B3%D8%B1%D8%A8%D8%A7%D8%AA_%D8%A7%D9%84%D9%85%D9%8A%D8%A7%D9%87_%D9%81%D9%8A_%D8%A3%D8%A8%D9%88%D8%B8%D8%A8%D9%8A,0,770,0%,3.24
https://www.rukn-eltatawer.com/insect-control-in-ras-al-khaimah/#%D8%AE%D8%AF%D9%85%D8%A7%D8%AA_%D8%B4%D8%B1%D9%83%D8%A9_%D9%85%D9%83%D8%A7%D9%81%D8%AD%D9%87_%D8%A7%D9%84%D8%AD%D8%B4%D8%B1%D8%A7%D8%AA_%D9%81%D9%8A_%D8%B1%D8%A3%D8%B3_%D8%A7%D9%84%D8%AE%D9%8A%D9%85%D8%A9,0,765,0%,2.87
https://www.rukn-eltatawer.com/pest-control-company-in-al-ain/#%D8%A7%D9%84%D8%A3%D8%AF%D9%88%D8%A7%D8%AA_%D8%A7%D9%84%D8%AA%D9%8A_%D8%AA%D8%B3%D8%AA%D8%AE%D8%AF%D9%85%D9%87%D8%A7_%D8%B4%D8%B1%D9%83%D8%A9_%D9%85%D9%83%D8%A7%D9%81%D8%AD%D8%A9_%D8%A7%D9%84%D8%AD%D8%B4%D8%B1%D8%A7%D8%AA_%D9%81%D9%8A_%D8%A7%D9%84%D8%B9%D9%8A%D9%86,0,764,0%,2.71
https://www.rukn-eltatawer.com/insect-control-in-ras-al-khaimah/#%D9%85%D9%85%D9%8A%D8%B2%D8%A7%D8%AA_%D8%B4%D8%B1%D9%83%D9%87_%D9%85%D9%83%D8%A7%D9%81%D8%AD%D9%87_%D8%AD%D8%B4%D8%B1%D8%A7%D8%AA_%D9%81%D9%8A_%D8%B1%D8%A3%D8%B3_%D8%A7%D9%84%D8%AE%D9%8A%D9%85%D8%A9,0,763,0%,2.86
https://www.rukn-eltatawer.com/sewer-plumbing-ajman/#%D8%A3%D9%81%D8%B6%D9%84_%D8%B4%D8%B1%D9%83%D8%A9_%D8%AA%D8%B3%D9%84%D9%8A%D9%83_%D9%85%D8%AC%D8%A7%D8%B1%D9%8A_%D9%81%D9%8A_%D8%B9%D8%AC%D9%85%D8%A7%D9%86_%D8%B4%D9%81%D8%B7_%D9%88%D8%AA%D9%86%D8%B8%D9%8A%D9%81_%D8%A8%D8%B6%D9%85%D8%A7%D9%86_2026,0,720,0%,3.41
https://www.rukn-eltatawer.com/sewer-plumbing-ajman/#%D8%A7%D9%84%D8%B7%D8%B1%D9%82_%D8%A7%D9%84%D8%AD%D8%AF%D9%8A%D8%AB%D8%A9_%D8%A7%D9%84%D8%AA%D9%8A_%D8%AA%D8%B3%D8%AA%D8%AE%D8%AF%D9%85%D9%87%D8%A7_%D8%B4%D8%B1%D9%83%D8%A9_%D8%AA%D8%B3%D9%84%D9%8A%D9%83_%D9%85%D8%AC%D8%A7%D8%B1%D9%8A_%D9%81%D9%8A_%D8%B9%D8%AC%D9%85%D8%A7%D9%86,0,718,0%,3.4
https://www.rukn-eltatawer.com/ras-al-khaimah-sewage-wiring-company/#%D8%AE%D8%B7%D9%88%D8%A7%D8%AA_%D8%B9%D9%85%D9%84_%D8%B4%D8%B1%D9%83%D8%A9_%D8%AA%D8%B3%D9%84%D9%8A%D9%83_%D8%A7%D9%84%D9%85%D8%AC%D8%A7%D8%B1%D9%8A_%D9%81%D9%8A_%D8%B1%D8%A3%D8%B3_%D8%A7%D9%84%D8%AE%D9%8A%D9%85%D8%A9,0,695,0%,3.48
https://www.rukn-eltatawer.com/ras-al-khaimah-sewage-wiring-company/#%D9%85%D9%85%D9%8A%D8%B2%D8%A7%D8%AA_%D8%B4%D8%B1%D9%83%D8%A9_%D8%AA%D8%B3%D9%84%D9%8A%D9%83_%D8%A7%D9%84%D9%85%D8%AC%D8%A7%D8%B1%D9%8A_%D9%81%D9%89_%D8%B1%D8%A3%D8%B3_%D8%A7%D9%84%D8%AE%D9%8A%D9%85%D8%A9,0,693,0%,3.48
https://www.rukn-eltatawer.com/insect-control-in-ras-al-khaimah/#%D8%A3%D9%81%D8%B6%D9%84_%D8%B4%D8%B1%D9%83%D8%A9_%D8%AA%D9%86%D8%B8%D9%8A%D9%81_%D9%88%D9%85%D9%83%D8%A7%D9%81%D8%AD%D8%A9_%D8%AD%D8%B4%D8%B1%D8%A7%D8%AA_%D9%81%D9%8A_%D8%B1%D8%A3%D8%B3_%D8%A7%D9%84%D8%AE%D9%8A%D9%85%D8%A9,0,681,0%,2.76
https://www.rukn-eltatawer.com/insect-control-in-ras-al-khaimah/#%D8%A7%D9%84%D8%A3%D8%AF%D9%88%D8%A7%D8%AA_%D8%A7%D9%84%D8%AA%D9%8A_%D8%AA%D8%B3%D8%AA%D8%AE%D8%AF%D9%85%D9%87%D8%A7_%D8%B4%D8%B1%D9%83%D8%A9_%D9%85%D9%83%D8%A7%D9%81%D8%AD%D8%A9_%D8%AD%D8%B4%D8%B1%D8%A7%D8%AA_%D9%81%D9%8A_%D8%B1%D8%A3%D8%B3_%D8%A7%D9%84%D8%AE%D9%8A%D9%85%D8%A9,0,681,0%,2.76
https://www.rukn-eltatawer.com/insect-control-in-ras-al-khaimah/#%D8%B9%D9%88%D8%A7%D9%85%D9%84_%D8%A5%D9%86%D8%AA%D8%B4%D8%A7%D8%B1_%D8%A7%D9%84%D8%AD%D8%B4%D8%B1%D8%A7%D8%AA_%D8%A8%D8%A7%D9%84%D9%85%D9%86%D8%B2%D9%84,0,680,0%,2.76
https://www.rukn-eltatawer.com/house-cleaning-company-in-fujairah/#%D8%A7%D9%84%D8%AE%D8%AF%D9%85%D8%A7%D8%AA_%D8%A7%D9%84%D8%AA%D9%8A_%D8%AA%D9%82%D8%AF%D9%85%D9%87%D8%A7_%D8%B4%D8%B1%D9%83%D8%A9_%D8%AA%D9%86%D8%B8%D9%8A%D9%81_%D9%85%D9%86%D8%A7%D8%B2%D9%84_%D9%81%D9%89_%D8%A7%D9%84%D9%81%D8%AC%D9%8A%D8%B1%D8%A9,0,631,0%,2.91
https://www.rukn-eltatawer.com/house-cleaning-company-in-fujairah/#%D8%B4%D8%B1%D9%83%D8%A9_%D8%AA%D9%86%D8%B8%D9%8A%D9%81_%D8%A8%D8%A7%D9%84%D8%A8%D8%AE%D8%A7%D8%B1_%D9%81%D9%8A_%D8%A7%D9%84%D9%81%D8%AC%D9%8A%D8%B1%D8%A9,0,624,0%,2.91
https://www.rukn-eltatawer.com/hourly-cleaning-maids-dubai/#%D8%A7%D9%84%D8%AE%D9%84%D8%A7%D8%B5%D8%A9_%E2%80%93_%D9%84%D9%8A%D8%B4_%D8%AA%D8%AE%D8%AA%D8%A7%D8%B1_%D8%B9%D8%A7%D9%85%D9%84%D8%A7%D8%AA_%D8%AA%D9%86%D8%B8%D9%8A%D9%81_%D8%A8%D8%A7%D9%84%D8%B3%D8%A7%D8%B9%D8%A9_%D9%81%D9%8A_%D8%AF%D8%A8%D9%8A_%D9%85%D9%86_%D8%B4%D8%B1%D9%83%D8%A9_%D9%85%D8%AD%D8%AA%D8%B1%D9%81%D8%A9%D8%9F,0,615,0%,3.96
https://www.rukn-eltatawer.com/a-water-leak-detection-company-in-abu-dhabi/#%D9%84%D9%85%D8%A7%D8%B0%D8%A7_%D8%AA%D8%AE%D8%AA%D8%A7%D8%B1_%D8%B4%D8%B1%D9%83%D8%A9_%D8%B1%D9%83%D9%86_%D8%A7%D9%84%D8%AA%D8%B7%D9%88%D8%B1_%D9%84%D9%83%D8%B4%D9%81_%D8%AA%D8%B3%D8%B1%D8%A8%D8%A7%D8%AA_%D8%A7%D9%84%D9%85%D9%8A%D8%A7%D9%87_%D9%81%D9%8A_%D8%A3%D8%A8%D9%88%D8%B8%D8%A8%D9%8A%D8%9F,0,595,0%,3.26
https://www.rukn-eltatawer.com/a-water-leak-detection-company-in-abu-dhabi/#%F0%9F%8C%9F_%D9%81%D9%88%D8%A7%D8%A6%D8%AF_%D8%A7%D9%84%D9%83%D8%B4%D9%81_%D8%A7%D9%84%D9%85%D8%A8%D9%83%D8%B1_%D8%B9%D9%86_%D8%AA%D8%B3%D8%B1%D8%A8%D8%A7%D8%AA_%D8%A7%D9%84%D9%85%D9%8A%D8%A7%D9%87_%D9%81%D9%8A_%D8%A3%D8%A8%D9%88%D8%B8%D8%A8%D9%8A,0,591,0%,3.24
https://www.rukn-eltatawer.com/ras-al-khaimah-sewage-wiring-company/#%D8%AE%D8%AF%D9%85%D8%A7%D8%AA_%D8%B4%D8%B1%D9%83%D8%A9_%D8%AA%D8%B3%D9%84%D9%8A%D9%83_%D8%A7%D9%84%D9%85%D8%AC%D8%A7%D8%B1%D9%8A_%D9%81%D9%89_%D8%B1%D8%A3%D8%B3_%D8%A7%D9%84%D8%AE%D9%8A%D9%85%D8%A9,0,591,0%,3.56
https://www.rukn-eltatawer.com/abu-dhabi-tank-cleaning-company/#%D8%AE%D8%AF%D9%85%D8%A7%D8%AA_%D8%B4%D8%B1%D9%83%D8%A9_%D8%AA%D9%86%D8%B8%D9%8A%D9%81_%D9%88%D8%AA%D8%B9%D9%82%D9%8A%D9%85_%D8%AE%D8%B2%D8%A7%D9%86%D8%A7%D8%AA_%D9%81%D9%8A_%D8%A7%D8%A8%D9%88%D8%B8%D8%A8%D9%8A,0,591,0%,5.13
https://www.rukn-eltatawer.com/abu-dhabi-tank-cleaning-company/#%D9%85%D9%85%D9%8A%D8%B2%D8%A7%D8%AA_%D8%B4%D8%B1%D9%83%D8%A9_%D8%AA%D9%86%D8%B8%D9%8A%D9%81_%D8%AE%D8%B2%D8%A7%D9%86%D8%A7%D8%AA_%D8%A3%D8%A8%D9%88%D8%B8%D8%A8%D9%8A,0,590,0%,5.13
https://www.rukn-eltatawer.com/ras-al-khaimah-sewage-wiring-company/#%D8%AA%D8%B3%D9%84%D9%8A%D9%83_%D8%A7%D9%84%D9%85%D8%AC%D8%A7%D8%B1%D9%8A_%D9%84%D9%84%D8%AD%D9%85%D8%A7%D9%85%D8%A7%D8%AA,0,589,0%,3.55
https://www.rukn-eltatawer.com/ras-al-khaimah-sewage-wiring-company/#%D8%A7%D9%81%D8%B5%D9%84_%D8%B4%D8%B1%D9%83%D8%A9_%D8%AA%D8%B3%D9%84%D9%8A%D9%83_%D8%A7%D9%84%D9%85%D8%AC%D8%A7%D8%B1%D9%8A_%D9%81%D9%8A_%D8%B1%D8%A3%D8%B3_%D8%A7%D9%84%D8%AE%D9%8A%D9%85%D8%A9,0,589,0%,3.56
https://www.rukn-eltatawer.com/ras-al-khaimah-sewage-wiring-company/#%D9%85%D8%A7_%D9%87%D9%8A_%D8%A7%D8%AC%D9%87%D8%B2%D8%A9_%D8%AA%D8%B3%D9%84%D9%8A%D9%83_%D8%A7%D9%84%D9%85%D8%AC%D8%A7%D8%B1%D9%8A_%D9%81%D9%89_%D8%B1%D8%A3%D8%B3_%D8%A7%D9%84%D8%AE%D9%8A%D9%85%D8%A9,0,589,0%,3.56
https://www.rukn-eltatawer.com/ras-al-khaimah-sewage-wiring-company/#%D8%A3%D8%B3%D8%A8%D8%A7%D8%A8_%D8%A5%D9%86%D8%B3%D8%AF%D8%A7%D8%AF_%D8%A7%D9%84%D9%85%D8%AC%D8%A7%D8%B1%D9%8A_%D9%81%D9%8A_%D8%B1%D8%A3%D8%B3_%D8%A7%D9%84%D8%AE%D9%8A%D9%85%D8%A9,0,589,0%,3.58
https://www.rukn-eltatawer.com/sewer-plumbing-ajman/#%D9%85%D9%85%D9%8A%D8%B2%D8%A7%D8%AA_%D8%B4%D8%B1%D9%83%D8%A9_%D8%AA%D8%B3%D9%84%D9%8A%D9%83_%D8%A7%D9%84%D9%85%D8%AC%D8%A7%D8%B1%D9%8A_%D9%81%D9%8A_%D8%B9%D8%AC%D9%85%D8%A7%D9%86,0,576,0%,3.41
https://www.rukn-eltatawer.com/sewer-plumbing-ajman/#5_%D8%A3%D8%AE%D8%B7%D8%A7%D8%A1_%D8%AA%D8%AF%D9%85%D8%B1_%D8%A7%D9%84%D8%B3%D8%A8%D8%A7%D9%83%D8%A9_%D9%88%D9%86%D8%B5%D8%A7%D8%A6%D8%AD_%D9%85%D9%87%D9%85%D8%A9_%D9%8A%D8%AC%D8%A8_%D8%A7%D8%AA%D8%A8%D8%A7%D8%B9%D9%87%D8%A7_%D8%A8%D8%B9%D8%AF_%D8%AA%D8%B3%D9%84%D9%8A%D9%83_%D8%A7%D9%84%D9%85%D8%AC%D8%A7%D8%B1%D9%8A,0,575,0%,3.4
https://www.rukn-eltatawer.com/sewer-plumbing-ajman/#%D8%A7%D9%84%D8%A3%D8%B3%D8%A8%D8%A7%D8%A8_%D8%A7%D9%84%D8%AC%D8%B0%D8%B1%D9%8A%D8%A9_%D9%84%D8%A7%D9%86%D8%B3%D8%AF%D8%A7%D8%AF_%D8%A7%D9%84%D8%B5%D8%B1%D9%81_%D8%A7%D9%84%D8%B5%D8%AD%D9%8A_%D9%88%D8%A7%D9%84%D8%AA%D8%B4%D8%AE%D9%8A%D8%B5_%D8%A7%D9%84%D8%A7%D8%AD%D8%AA%D8%B1%D8%A7%D9%81%D9%8A_2026,0,575,0%,3.41
https://www.rukn-eltatawer.com/sewer-plumbing-ajman/#%D8%B9%D9%84%D8%A7%D8%AC_%D8%A7%D9%86%D8%B3%D8%AF%D8%A7%D8%AF_%D8%A7%D9%84%D9%85%D8%AC%D8%A7%D8%B1%D9%8A_%D9%81%D9%8A_%D8%A7%D9%84%D9%85%D8%B7%D8%A8%D8%AE_%D9%88%D8%A7%D9%84%D8%AD%D9%85%D8%A7%D9%85%D8%A7%D8%AA_%D8%A8%D8%B9%D8%AC%D9%85%D8%A7%D9%86_%D8%A8%D8%B4%D9%83%D9%84_%D8%AC%D8%B0%D8%B1%D9%8A,0,574,0%,3.4
https://www.rukn-eltatawer.com/sewer-plumbing-ajman/#%D9%85%D8%A7_%D9%87%D9%8A_%D9%85%D8%AE%D8%A7%D8%B7%D8%B1_%D9%88%D8%B9%D9%84%D8%A7%D9%85%D8%A7%D8%AA_%D8%A7%D9%86%D8%B3%D8%AF%D8%A7%D8%AF_%D8%A7%D9%84%D9%85%D8%AC%D8%A7%D8%B1%D9%8A_%D9%81%D9%8A_%D8%B9%D8%AC%D9%85%D8%A7%D9%86_%D8%A7%D9%84%D8%AA%D9%8A_%D9%84%D8%A7_%D9%8A%D8%AC%D8%A8_%D8%AA%D8%AC%D8%A7%D9%87%D9%84%D9%87%D8%A7%D8%9F,0,574,0%,3.4
https://www.rukn-eltatawer.com/house-cleaning-company-in-ajman/#%D8%A3%D9%81%D8%B6%D9%84_%D8%B4%D8%B1%D9%83%D8%A9_%D8%AA%D9%86%D8%B8%D9%8A%D9%81_%D9%81%D9%8A_%D8%B9%D8%AC%D9%85%D8%A7%D9%86,0,530,0%,6.61
https://www.rukn-eltatawer.com/house-cleaning-company-in-fujairah/#%D8%B4%D8%B1%D9%83%D8%A9_%D8%AA%D9%86%D8%B8%D9%8A%D9%81_%D9%85%D9%86%D8%A7%D8%B2%D9%84_%D9%81%D9%8A_%D8%A7%D9%84%D9%81%D8%AC%D9%8A%D8%B1%D8%A9,0,523,0%,2.84
https://www.rukn-eltatawer.com/house-cleaning-company-in-fujairah/#%D9%85%D9%85%D9%8A%D8%B2%D8%A7%D8%AA_%D8%B4%D8%B1%D9%83%D8%A9_%D8%B1%D9%83%D9%86_%D8%A7%D9%84%D8%AA%D8%B7%D9%88%D8%B1_%D9%81%D9%89_%D8%A7%D9%84%D9%81%D8%AC%D9%8A%D8%B1%D8%A9,0,516,0%,2.83
https://www.rukn-eltatawer.com/ajman-sofa-cleaning-company/#%D8%B4%D8%B1%D9%83%D8%A9_%D8%AA%D9%86%D8%B8%D9%8A%D9%81_%D9%83%D9%86%D8%A8_%D8%A8%D8%B9%D8%AC%D9%85%D8%A7%D9%86,0,514,0%,3.88
https://www.rukn-eltatawer.com/a-water-leak-detection-company-in-abu-dhabi/#%F0%9F%A7%AA_%D8%A7%D9%84%D8%A3%D8%AC%D9%87%D8%B2%D8%A9_%D8%A7%D9%84%D9%85%D8%B3%D8%AA%D8%AE%D8%AF%D9%85%D8%A9_%D9%81%D9%8A_%D9%83%D8%B4%D9%81_%D8%AA%D8%B3%D8%B1%D8%A8%D8%A7%D8%AA_%D8%A7%D9%84%D9%85%D9%8A%D8%A7%D9%87_%D9%81%D9%8A_%D8%A3%D8%A8%D9%88%D8%B8%D8%A8%D9%8A,0,503,0%,3.21
https://www.rukn-eltatawer.com/a-water-leak-detection-company-in-abu-dhabi/#%D8%AA%D9%82%D9%86%D9%8A%D8%A7%D8%AA_%D9%83%D8%B4%D9%81_%D8%AA%D8%B3%D8%B1%D8%A8%D8%A7%D8%AA_%D8%A7%D9%84%D9%85%D9%8A%D8%A7%D9%87,0,500,0%,3.35
https://www.rukn-eltatawer.com/hourly-cleaning-maids-dubai/#%D8%B4%D8%B1%D9%83%D8%A9_%D8%AA%D9%86%D8%B8%D9%8A%D9%81_%D8%A8%D8%A7%D9%84%D8%B3%D8%A7%D8%B9%D8%A9_%D8%AF%D8%A8%D9%8A_%E2%80%93_%D8%A7%D9%84%D8%AC%D9%88%D8%AF%D8%A9_%D9%88%D8%A7%D9%84%D8%B3%D8%B1%D8%B9%D8%A9,0,478,0%,3.93
https://www.rukn-eltatawer.com/dyeing-in-dubai/#%D8%B4%D8%B1%D9%83%D8%A7%D8%AA_%D8%B5%D8%A8%D8%BA_%D8%A8%D8%AF%D8%A8%D9%8A,0,477,0%,3.23
https://www.rukn-eltatawer.com/pest-control-company-in-fujairah/#%D8%AE%D8%AF%D9%85%D8%A7%D8%AA_%D8%B4%D8%B1%D9%83%D8%A9_%D8%AA%D9%86%D8%B8%D9%8A%D9%81_%D9%88%D9%85%D9%83%D8%A7%D9%81%D8%AD%D8%A9_%D8%AD%D8%B4%D8%B1%D8%A7%D8%AA_%D9%81%D9%8A_%D8%A7%D9%84%D9%81%D8%AC%D9%8A%D8%B1%D8%A9,0,474,0%,2.52
https://www.rukn-eltatawer.com/dyeing-in-dubai/#%D8%B4%D8%B1%D9%83%D8%A9_%D8%B5%D8%A8%D8%BA_%D8%A8%D8%AF%D8%A8%D9%8A,0,469,0%,3.19
https://www.rukn-eltatawer.com/general-maintenance-company-in-dubai/#%D8%A3%D9%81%D8%B6%D9%84_%D8%B4%D8%B1%D9%83%D8%A9_%D8%B5%D9%8A%D8%A7%D9%86%D8%A9_%D8%B9%D8%A7%D9%85%D8%A9_%D8%AF%D8%A8%D9%8A_%D8%AA%D9%83%D8%B3%D9%8A%D8%B1_%D9%88%D8%AA%D8%B1%D9%85%D9%8A%D9%85_%D8%A7%D9%84%D9%81%D9%84%D9%84_%D9%88%D8%A7%D9%84%D8%AD%D9%85%D8%A7%D9%85%D8%A7%D8%AA,0,457,0%,2.8
https://www.rukn-eltatawer.com/pest-control-company-in-fujairah/#%D8%A7%D9%84%D8%A3%D8%AF%D9%88%D8%A7%D8%AA_%D8%A7%D9%84%D8%AA%D9%8A_%D8%AA%D8%B3%D8%AA%D8%AE%D8%AF%D9%85%D9%87%D8%A7_%D8%B4%D8%B1%D9%83%D8%A9_%D9%85%D9%83%D8%A7%D9%81%D8%AD%D8%A9_%D8%A7%D9%84%D8%AD%D8%B4%D8%B1%D8%A7%D8%AA_%D9%81%D9%8A_%D8%A7%D9%84%D9%81%D8%AC%D9%8A%D8%B1%D8%A9,0,450,0%,2.49
https://www.rukn-eltatawer.com/surface-insulation-company-in-dubai/#8_%D8%B9%D9%84%D8%A7%D9%85%D8%A7%D8%AA_%D8%AA%D9%82%D9%88%D9%84_%D8%A5%D9%86_%D8%B3%D8%B7%D8%AD_%D9%85%D8%A8%D9%86%D8%A7%D9%83_%D9%81%D9%8A_%D8%AF%D8%A8%D9%8A_%D9%8A%D8%AD%D8%AA%D8%A7%D8%AC_%D8%B9%D8%B2%D9%84%D8%A7%D9%8B_%D9%81%D9%88%D8%B1%D9%8A%D8%A7%D9%8B_%E2%80%93_%D9%84%D8%A7_%D8%AA%D8%AA%D8%AC%D8%A7%D9%87%D9%84%D9%87%D8%A7,0,446,0%,3.62
https://www.rukn-eltatawer.com/surface-insulation-company-in-dubai/#%D8%A7%D9%84%D8%AE%D8%B7%D9%88%D8%A7%D8%AA_%D8%A7%D9%84%D9%85%D8%AA%D8%A8%D8%B9%D8%A9_%D9%81%D9%8A_%D8%B9%D8%B2%D9%84_%D8%A7%D8%B3%D8%B7%D8%AD_%D9%81%D9%8A_%D8%AF%D8%A8%D9%8A,0,444,0%,3.61
https://www.rukn-eltatawer.com/pest-control-company-in-fujairah/#%D9%85%D9%85%D9%8A%D8%B2%D8%A7%D8%AA_%D8%B4%D8%B1%D9%83%D8%A9_%D9%85%D9%83%D8%A7%D9%81%D8%AD%D9%87_%D8%A7%D9%84%D8%AD%D8%B4%D8%B1%D8%A7%D8%AA_%D9%81%D9%8A_%D8%A7%D9%84%D9%81%D8%AC%D9%8A%D8%B1%D8%A9,0,440,0%,2.53
https://www.rukn-eltatawer.com/surface-insulation-company-in-dubai/#%D8%A7%D9%84%D8%A3%D8%B3%D8%A8%D8%A7%D8%A8_%D8%A7%D9%84%D8%AC%D8%B0%D8%B1%D9%8A%D8%A9_%D9%84%D8%AA%D8%AF%D9%87%D9%88%D8%B1_%D8%B9%D8%B2%D9%84_%D8%A7%D9%84%D8%A3%D8%B3%D8%B7%D8%AD_%D9%81%D9%8A_%D8%AF%D8%A8%D9%8A_%E2%80%93_%D8%A7%D9%84%D8%AA%D8%B4%D8%AE%D9%8A%D8%B5_%D8%A7%D9%84%D8%A7%D8%AD%D8%AA%D8%B1%D8%A7%D9%81%D9%8A_%D8%A7%D9%84%D9%83%D8%A7%D9%85%D9%84,0,437,0%,3.61
https://www.rukn-eltatawer.com/surface-insulation-company-in-dubai/#7_%D8%A3%D8%AE%D8%B7%D8%A7%D8%A1_%D8%B4%D8%A7%D8%A6%D8%B9%D8%A9_%D9%8A%D9%82%D8%B9_%D9%81%D9%8A%D9%87%D8%A7_%D9%85%D9%86_%D9%8A%D8%A8%D8%AD%D8%AB_%D8%B9%D9%86_%D8%B4%D8%B1%D9%83%D8%A9_%D8%B9%D8%B2%D9%84_%D8%A3%D8%B3%D8%B7%D8%AD_%D9%81%D9%8A_%D8%AF%D8%A8%D9%8A_%E2%80%93_%D9%88%D9%83%D9%8A%D9%81_%D8%AA%D8%AA%D8%AC%D9%86%D8%A8%D9%87%D8%A7,0,437,0%,3.62
https://www.rukn-eltatawer.com/dyeing-in-dubai/#%D8%B5%D8%A8%D8%A7%D8%BA_%D8%B1%D8%AE%D9%8A%D8%B5_%D8%A8%D8%AF%D8%A8%D9%8A,0,436,0%,3.21
https://www.rukn-eltatawer.com/surface-insulation-company-in-dubai/#%D9%85%D9%85%D9%8A%D8%B2%D8%A7%D8%AA_%D8%B4%D8%B1%D9%83%D8%A9_%D8%B9%D8%B2%D9%84_%D8%A7%D8%B3%D8%B7%D8%AD_%D9%81%D9%8A_%D8%AF%D8%A8%D9%8A,0,436,0%,3.62
https://www.rukn-eltatawer.com/abu-dhabi-tank-cleaning-company/#%D8%A3%D9%86%D9%88%D8%A7%D8%B9_%D8%A7%D9%84%D8%AE%D8%B2%D8%A7%D9%86%D8%A7%D8%AA_%D9%81%D9%8A_%D8%A7%D8%A8%D9%88_%D8%B8%D8%A8%D9%8A,0,424,0%,4.91
https://www.rukn-eltatawer.com/abu-dhabi-air-conditioner-cleaning-company/#%D8%B1%D9%83%D9%86_%D8%A7%D9%84%D8%AA%D8%B7%D9%88%D8%B1_%D8%A3%D9%81%D8%B6%D9%84_%D8%B4%D8%B1%D9%83%D8%A9_%D8%AA%D9%86%D8%B8%D9%8A%D9%81_%D9%85%D9%83%D9%8A%D9%81%D8%A7%D8%AA_%D9%81%D9%8A_%D8%A3%D8%A8%D9%88%D8%B8%D8%A8%D9%8A,0,423,0%,5.65
https://www.rukn-eltatawer.com/water-heater-repair-dubai/,0,420,0%,7.87
https://www.rukn-eltatawer.com/pest-control-company-in-fujairah/#%D8%A3%D9%81%D8%B6%D9%84_%D8%B4%D8%B1%D9%83%D8%A9_%D9%85%D9%83%D8%A7%D9%81%D8%AD%D8%A9_%D8%AD%D8%B4%D8%B1%D8%A7%D8%AA_%D9%81%D9%8A_%D8%A7%D9%84%D9%81%D8%AC%D9%8A%D8%B1%D8%A9,0,416,0%,2.5
https://www.rukn-eltatawer.com/pest-control-company-in-fujairah/#%D8%A3%D9%86%D9%88%D8%A7%D8%B9_%D8%A7%D9%84%D8%AD%D8%B4%D8%B1%D8%A7%D8%AA_%D8%A7%D9%84%D8%AA%D9%8A_%D8%AA%D9%82%D9%88%D9%85_%D8%B4%D8%B1%D9%83%D8%AA%D9%86%D8%A7_%D8%A8%D8%A7%D9%84%D9%82%D8%B6%D8%A7%D8%A1_%D8%B9%D9%84%D9%8A%D9%87%D8%A7,0,416,0%,2.5
https://www.rukn-eltatawer.com/pest-control-company-in-fujairah/#%D9%85%D8%A7_%D9%87%D9%89_%D8%A3%D8%B3%D8%A8%D8%A7%D8%A8_%D8%A5%D9%86%D8%AA%D8%B4%D8%A7%D8%B1_%D8%A7%D9%84%D8%AD%D8%B4%D8%B1%D8%A7%D8%AA,0,416,0%,2.5
https://www.rukn-eltatawer.com/insect-control-in-dubai/#%D8%A3%D9%86%D9%88%D8%A7%D8%B9_%D8%A7%D9%84%D8%AD%D8%B4%D8%B1%D8%A7%D8%AA_%D8%A7%D9%84%D8%AA%D9%8A_%D9%86%D8%AA%D8%B9%D8%A7%D9%85%D9%84_%D9%85%D8%B9%D9%87%D8%A7_%D9%81%D9%8A_%D8%AF%D8%A8%D9%8A,0,414,0%,4.24
https://www.rukn-eltatawer.com/dyeing-in-dubai/#%D8%B4%D8%B1%D9%83%D8%A9_%D8%B5%D8%A8%D8%BA_%D9%88%D9%88%D8%B1%D9%82_%D8%AD%D8%A7%D8%A6%D8%B7_%D8%A8%D8%AF%D8%A8%D9%8A,0,407,0%,3.16
https://www.rukn-eltatawer.com/ajman-sofa-cleaning-company/#%D8%B4%D8%B1%D9%83%D8%A7%D8%AA_%D9%86%D8%B8%D8%A7%D9%81%D8%A9_%D9%83%D9%86%D8%A8_%D9%81%D9%89_%D8%B9%D8%AC%D9%85%D8%A7%D9%86,0,400,0%,4
https://www.rukn-eltatawer.com/ajman-sofa-cleaning-company/#%D8%B7%D8%B1%D9%82_%D8%A7%D9%84%D8%B4%D8%B1%D9%83%D8%A9_%D9%81%D9%8A_%D8%B9%D9%85%D9%84%D9%8A%D8%A9_%D8%AA%D9%86%D8%B8%D9%8A%D9%81_%D9%88%D8%BA%D8%B3%D9%8A%D9%84_%D8%A7%D9%84%D9%83%D9%86%D8%A8,0,400,0%,4
https://www.rukn-eltatawer.com/termite-control-sharjah/#%D8%A7%D9%81%D8%B6%D9%84_%D8%B4%D8%B1%D9%83%D8%A9_%D9%85%D9%83%D8%A7%D9%81%D8%AD%D8%A9_%D8%A7%D9%84%D8%B1%D9%85%D8%A9_%D9%81%D9%8A_%D8%A7%D9%84%D8%B4%D8%A7%D8%B1%D9%82%D8%A9,0,395,0%,4.02
https://www.rukn-eltatawer.com/a-water-leak-detection-company-in-abu-dhabi/#%D8%AE%D8%AF%D9%85%D8%A7%D8%AA_%D8%B4%D8%B1%D9%83%D8%A9_%D8%B1%D9%83%D9%86_%D8%A7%D9%84%D8%AA%D8%B7%D9%88%D8%B1_%D9%84%D9%83%D8%B4%D9%81_%D8%AA%D8%B3%D8%B1%D8%A8%D8%A7%D8%AA_%D8%A7%D9%84%D9%85%D9%8A%D8%A7%D9%87_%D9%81%D9%8A_%D8%A3%D8%A8%D9%88%D8%B8%D8%A8%D9%8A,0,393,0%,3.22
https://www.rukn-eltatawer.com/termite-control-sharjah/#%D8%B4%D8%B1%D9%83%D8%A9_%D9%85%D9%83%D8%A7%D9%81%D8%AD%D8%A9_%D8%A7%D9%84%D8%B1%D9%85%D8%A9_%D9%81%D9%8A_%D8%A7%D9%84%D8%B4%D8%A7%D8%B1%D9%82%D8%A9,0,393,0%,4.03
https://www.rukn-eltatawer.com/umm-al-quwain-villas-cleaning-company/#%D8%A7%D9%81%D8%B6%D9%84_%D8%B4%D8%B1%D9%83%D8%A9_%D8%AA%D9%86%D8%B8%D9%8A%D9%81_%D9%81%D9%84%D9%84_%D8%A7%D9%85_%D8%A7%D9%84%D9%82%D9%8A%D9%88%D9%8A%D9%86,0,391,0%,5.37
https://www.rukn-eltatawer.com/sa/water-leak-detection-al-majmaah/,0,391,0%,21.45
https://www.rukn-eltatawer.com/dubai-carpet-cleaning-company/,0,388,0%,7.3
https://www.rukn-eltatawer.com/abu-dhabi-air-conditioner-cleaning-company/#%D9%85%D9%85%D9%8A%D8%B2%D8%A7%D8%AA_%D8%B4%D8%B1%D9%83%D8%A9_%D8%AA%D9%86%D8%B8%D9%8A%D9%81_%D9%85%D9%83%D9%8A%D9%81%D8%A7%D8%AA_%D9%81%D9%89_%D8%A3%D8%A8%D9%88%D8%B8%D8%A8%D9%8A,0,387,0%,5.29
https://www.rukn-eltatawer.com/umm-al-quwain-villas-cleaning-company/#%D8%A7%D9%84%D8%AE%D8%AF%D9%85%D8%A7%D8%AA_%D8%A7%D9%84%D8%AA%D9%8A_%D8%AA%D9%82%D8%AF%D9%85%D9%87%D8%A7_%D8%A3%D9%81%D8%B6%D9%84_%D8%B4%D8%B1%D9%83%D8%A9_%D8%AA%D9%86%D8%B8%D9%8A%D9%81_%D8%A7%D9%84%D9%81%D9%84%D9%84_%D9%81%D9%8A_%D8%A7%D9%84%D8%B4%D8%A7%D8%B1%D9%82%D8%A9,0,380,0%,5.36
https://www.rukn-eltatawer.com/general-maintenance-company-in-dubai/#%D8%AA%D8%B1%D9%85%D9%8A%D9%85_%D9%88%D8%AA%D8%AC%D8%AF%D9%8A%D8%AF_%D8%A7%D9%84%D9%81%D9%84%D9%84_%D9%81%D9%8A_%D8%AF%D8%A8%D9%8A,0,378,0%,2.81
https://www.rukn-eltatawer.com/termite-control-sharjah/#%D8%B4%D8%B1%D9%83%D8%A9_%D8%B1%D8%B4_%D8%A7%D9%84%D8%B1%D9%85%D8%A9_%D9%81%D9%8A_%D8%A7%D9%84%D8%B4%D8%A7%D8%B1%D9%82%D8%A9,0,374,0%,3.9
https://www.rukn-eltatawer.com/ras-al-khaimah-roof-insulation-company/#%D9%85%D9%85%D9%8A%D8%B2%D8%A7%D8%AA_%D8%B4%D8%B1%D9%83%D8%A9_%D8%B9%D8%B2%D9%84_%D8%A3%D8%B3%D8%B7%D8%AD_%D8%B1%D8%A3%D8%B3_%D8%A7%D9%84%D8%AE%D9%8A%D9%85%D8%A9,0,371,0%,5.52
https://www.rukn-eltatawer.com/termite-control-dubai/#%D8%A7%D9%81%D8%B6%D9%84_%D8%B4%D8%B1%D9%83%D8%A9_%D9%85%D9%83%D8%A7%D9%81%D8%AD%D8%A9_%D8%A7%D9%84%D8%B1%D9%85%D8%A9_%D9%81%D9%8A_%D8%AF%D8%A8%D9%8A,0,369,0%,5.49
https://www.rukn-eltatawer.com/insulators-company-in-sharjah/#%D8%A7%D9%81%D8%B6%D9%84_%D8%B4%D8%B1%D9%83%D8%A9_%D8%B9%D8%B2%D9%84_%D8%A7%D8%B3%D8%B7%D8%AD_%D9%81%D9%8A_%D8%A7%D9%84%D8%B4%D8%A7%D8%B1%D9%82%D8%A9,0,368,0%,2.59
https://www.rukn-eltatawer.com/termite-control-dubai/#%D8%B4%D8%B1%D9%83%D8%A9_%D9%85%D9%83%D8%A7%D9%81%D8%AD%D8%A9_%D8%A7%D9%84%D8%B1%D9%85%D8%A9_%D9%81%D9%8A_%D8%AF%D8%A8%D9%8A,0,367,0%,5.47
https://www.rukn-eltatawer.com/dyeing-in-dubai/#%D8%AE%D8%AF%D9%85%D8%A7%D8%AA_%D8%B4%D8%B1%D9%83%D8%A9_%D8%B5%D8%A8%D8%BA_%D8%A8%D8%AF%D8%A8%D9%8A,0,364,0%,3.1
https://www.rukn-eltatawer.com/sewerage-plumbing-sharjah/#%D9%85%D8%B9%D8%AF%D8%A7%D8%AA_%D8%B5%D9%8A%D8%A7%D9%86%D8%A9_%D8%AA%D8%B3%D9%84%D9%8A%D9%83_%D8%A7%D9%84%D9%85%D8%AC%D8%A7%D8%B1%D9%8A_%D9%81%D9%89_%D8%A7%D9%84%D8%B4%D8%A7%D8%B1%D9%82%D8%A9,0,364,0%,3.94
https://www.rukn-eltatawer.com/general-maintenance-company-in-dubai/#%D8%AE%D8%AF%D9%85%D8%A7%D8%AA_%D8%AA%D9%83%D8%B3%D9%8A%D8%B1_%D9%88%D8%AA%D8%B1%D9%85%D9%8A%D9%85_%D9%81%D9%84%D9%84_%D9%88%D8%AD%D9%85%D8%A7%D9%85%D8%A7%D8%AA_%D8%AF%D8%A8%D9%8A,0,363,0%,2.83
https://www.rukn-eltatawer.com/sharjah-gypsum-board-installation-company/#%D8%AE%D8%AF%D9%85%D8%A7%D8%AA_%D8%B4%D8%B1%D9%83%D8%A9_%D8%AA%D8%B1%D9%83%D9%8A%D8%A8_%D8%AC%D8%A8%D8%B3_%D8%A8%D9%88%D8%B1%D8%AF_%D9%81%D9%8A_%D8%A7%D9%84%D8%B4%D8%A7%D8%B1%D9%82%D8%A9,0,363,0%,3
https://www.rukn-eltatawer.com/sharjah-gypsum-board-installation-company/#%D8%A3%D9%81%D8%B6%D9%84_%D8%B4%D8%B1%D9%83%D8%A9_%D8%AA%D8%B1%D9%83%D9%8A%D8%A8_%D8%AC%D8%A8%D8%B3_%D8%A8%D9%88%D8%B1%D8%AF_%D9%81%D9%8A_%D8%A7%D9%84%D8%B4%D8%A7%D8%B1%D9%82%D8%A9,0,360,0%,2.97
https://www.rukn-eltatawer.com/al-ain-villas-cleaning-company/#%D8%A3%D9%81%D8%B6%D9%84_%D8%B4%D8%B1%D9%83%D8%A9_%D8%AA%D9%86%D8%B8%D9%8A%D9%81_%D9%81%D9%84%D9%84_%D8%A8%D8%A7%D9%84%D8%B9%D9%8A%D9%86,0,359,0%,3.58
https://www.rukn-eltatawer.com/al-ain-villas-cleaning-company/#%D8%B4%D8%B1%D9%83%D8%A9_%D8%AA%D8%B9%D9%82%D9%8A%D9%85_%D9%81%D9%8A_%D8%A7%D9%84%D8%B9%D9%8A%D9%86,0,359,0%,3.58
https://www.rukn-eltatawer.com/al-ain-villas-cleaning-company/#%D8%B4%D8%B1%D9%83%D8%A9_%D9%86%D8%B8%D8%A7%D9%81%D8%A9_%D9%81%D9%84%D9%84_%D8%A8%D8%A7%D9%84%D8%B9%D9%8A%D9%86,0,359,0%,3.58
https://www.rukn-eltatawer.com/sewerage-plumbing-sharjah/#%D8%A7%D8%AF%D8%A7%D8%A9_%D8%AA%D8%B3%D9%84%D9%8A%D9%83_%D8%A7%D9%84%D9%85%D8%AC%D8%A7%D8%B1%D9%8A_%D9%81%D9%8A_%D8%A7%D9%84%D8%B4%D8%A7%D8%B1%D9%82%D8%A9,0,359,0%,3.81
https://www.rukn-eltatawer.com/dyeing-in-dubai/#%D8%AA%D9%82%D9%8A%D9%8A%D9%85_%D8%B3%D9%88%D9%82_%D8%B5%D8%A8%D8%BA_%D8%A7%D9%84%D8%AF%D9%87%D8%A7%D9%86%D8%A7%D8%AA_%D9%81%D9%8A_%D8%AF%D8%A8%D9%8A,0,358,0%,3.1
https://www.rukn-eltatawer.com/insect-control-in-sharjah/#%D8%B4%D8%B1%D9%83%D8%A9_%D9%85%D8%A8%D9%8A%D8%AF%D8%A7%D8%AA_%D8%AD%D8%B4%D8%B1%D9%8A%D8%A9_%D9%81%D9%8A_%D8%A7%D9%84%D8%B4%D8%A7%D8%B1%D9%82%D8%A9,0,356,0%,4.66
https://www.rukn-eltatawer.com/ras-al-khaimah-cleaning/,0,356,0%,26.17
https://www.rukn-eltatawer.com/roof-insulation-in-abu-dhabi/#%D8%B4%D8%B1%D9%83%D8%A9_%D8%B9%D8%B2%D9%84_%D8%A3%D8%B3%D8%B7%D8%AD_%D9%81%D9%8A_%D8%A3%D8%A8%D9%88%D8%B8%D8%A8%D9%8A_%D9%85%D9%86_%D8%A7%D9%84%D8%B1%D8%B7%D9%88%D8%A8%D8%A9,0,353,0%,3.64
https://www.rukn-eltatawer.com/sharjah-pigeons-repellent-installation-company/#%D8%A7%D9%84%D8%AE%D8%AF%D9%85%D8%A7%D8%AA_%D8%A7%D9%84%D8%AA%D9%8A_%D8%AA%D9%82%D8%AF%D9%85%D9%87%D8%A7_%D8%A3%D9%81%D8%B6%D9%84_%D8%B4%D8%B1%D9%83%D8%A9_%D8%AA%D8%B1%D9%83%D9%8A%D8%A8_%D8%B7%D8%A7%D8%B1%D8%AF_%D8%A7%D9%84%D8%AD%D9%85%D8%A7%D9%85_%D9%81%D9%8A_%D8%A7%D9%84%D8%B4%D8%A7%D8%B1%D9%82%D8%A9,0,352,0%,4.1
https://www.rukn-eltatawer.com/sharjah-pigeons-repellent-installation-company/#%D8%A7%D9%81%D8%B6%D9%84_%D8%B4%D8%B1%D9%83%D8%A9_%D8%AA%D8%B1%D9%83%D9%8A%D8%A8_%D8%B7%D8%A7%D8%B1%D8%AF_%D8%AD%D9%85%D8%A7%D9%85_%D9%81%D9%8A_%D8%A7%D9%84%D8%B4%D8%A7%D8%B1%D9%82%D8%A9,0,349,0%,4.11
https://www.rukn-eltatawer.com/sewer-wiring-abu-dhabi/#%D8%B7%D8%B1%D9%82_%D9%85%D8%B9%D8%A7%D9%84%D8%AC%D8%A9_%D8%B4%D8%B1%D9%83%D8%A9_%D8%AA%D8%B3%D9%84%D9%8A%D9%83_%D9%85%D8%AC%D8%A7%D8%B1%D9%89_%D9%81%D9%8A_%D8%A3%D8%A8%D9%88%D8%B8%D8%A8%D9%8A_%D9%84%D8%A7%D9%86%D8%B3%D8%AF%D8%A7%D8%AF_%D8%A7%D9%84%D9%85%D8%AC%D8%A7%D8%B1%D9%8A,0,348,0%,3.98
https://www.rukn-eltatawer.com/roof-insulation-in-abu-dhabi/#%D8%B4%D8%B1%D9%83%D8%A9_%D8%B9%D8%B2%D9%84_%D8%A3%D8%B3%D8%B7%D8%AD_%D9%81%D9%8A_%D8%A3%D8%A8%D9%88%D8%B8%D8%A8%D9%8A,0,343,0%,3.59
https://www.rukn-eltatawer.com/general-maintenance-company-in-dubai/#%D8%AA%D9%83%D8%B3%D9%8A%D8%B1_%D9%88%D8%AA%D8%B1%D9%85%D9%8A%D9%85_%D8%AD%D9%85%D8%A7%D9%85%D8%A7%D8%AA_%D8%A7%D9%84%D9%81%D9%84%D9%84_%D9%81%D9%8A_%D8%B4%D8%B1%D9%83%D8%A9_%D8%B5%D9%8A%D8%A7%D9%86%D8%A9_%D8%B9%D8%A7%D9%85%D8%A9_%D8%AF%D8%A8%D9%8A,0,339,0%,2.77
https://www.rukn-eltatawer.com/termite-control-sharjah/#%D8%A3%D9%86%D9%88%D8%A7%D8%B9_%D9%85%D8%A8%D9%8A%D8%AF%D8%A7%D8%AA_%D9%85%D9%83%D8%A7%D9%81%D8%AD%D8%A9_%D8%A7%D9%84%D8%B1%D9%85%D8%A9_%D9%81%D9%8A_%D8%A7%D9%84%D8%B4%D8%A7%D8%B1%D9%82%D8%A9,0,339,0%,4.31
https://www.rukn-eltatawer.com/termite-control-dubai/#%D8%A3%D9%87%D9%85%D9%8A%D8%A9_%D9%85%D9%83%D8%A7%D9%81%D8%AD%D8%A9_%D8%A7%D9%84%D8%B1%D9%85%D8%A9_%D9%81%D9%8A_%D8%AF%D8%A8%D9%8A,0,339,0%,5.32
https://www.rukn-eltatawer.com/insulators-company-in-sharjah/#%D8%AE%D8%AF%D9%85%D8%A7%D8%AA_%D8%B4%D8%B1%D9%83%D8%A9_%D8%B9%D8%B2%D9%84_%D8%A7%D8%B3%D8%B7%D8%AD_%D9%81%D9%8A_%D8%A7%D9%84%D8%B4%D8%A7%D8%B1%D9%82%D8%A9,0,338,0%,2.65
https://www.rukn-eltatawer.com/termite-control-sharjah/#%D8%AE%D8%B7%D9%88%D8%A7%D8%AA_%D8%B4%D8%B1%D9%83%D8%A9_%D9%85%D9%83%D8%A7%D9%81%D8%AD%D8%A9_%D8%A7%D9%84%D8%B1%D9%85%D8%A9_%D9%81%D9%8A_%D8%A7%D9%84%D8%B4%D8%A7%D8%B1%D9%82%D8%A9,0,337,0%,4.33
https://www.rukn-eltatawer.com/termite-control-sharjah/#%D8%AE%D8%AF%D9%85%D8%A7%D8%AA_%D8%B4%D8%B1%D9%83%D8%A9_%D9%85%D9%83%D8%A7%D9%81%D8%AD%D8%A9_%D8%A7%D9%84%D8%B1%D9%85%D8%A9_%D9%81%D9%8A_%D8%A7%D9%84%D8%B4%D8%A7%D8%B1%D9%82%D8%A9,0,336,0%,4.33
https://www.rukn-eltatawer.com/sewer-wiring-abu-dhabi/#%D8%A3%D9%81%D8%B6%D9%84_%D8%B4%D8%B1%D9%83%D8%A9_%D8%AA%D8%B3%D9%84%D9%8A%D9%83_%D9%85%D8%AC%D8%A7%D8%B1%D9%8A_%D9%81%D9%8A_%D8%A3%D8%A8%D9%88%D8%B8%D8%A8%D9%8A,0,335,0%,3.99
https://www.rukn-eltatawer.com/dyeing-in-dubai/#%D8%B5%D8%A8%D8%BA%D8%A7%D8%AA_%D8%B1%D8%AE%D9%8A%D8%B5%D8%A9_%D9%81%D9%8A_%D8%AF%D8%A8%D9%8A,0,332,0%,3.14
https://www.rukn-eltatawer.com/ras-al-khaimah-sofa-cleaning-company/#%D8%A7%D9%81%D8%B6%D9%84_%D8%B4%D8%B1%D9%83%D8%A9_%D8%AA%D9%86%D8%B8%D9%8A%D9%81_%D9%83%D9%86%D8%A8_%D9%81%D9%8A_%D8%B1%D8%A7%D8%B3_%D8%A7%D9%84%D8%AE%D9%8A%D9%85%D8%A9,0,331,0%,2.67
https://www.rukn-eltatawer.com/ras-al-khaimah-sofa-cleaning-company/#%D8%AE%D8%AF%D9%85%D8%A7%D8%AA_%D8%AA%D9%86%D8%B8%D9%8A%D9%81_%D9%81%D9%8A_%D8%B1%D8%A7%D8%B3_%D8%A7%D9%84%D8%AE%D9%8A%D9%85%D8%A9,0,331,0%,2.67
https://www.rukn-eltatawer.com/sewerage-plumbing-sharjah/#%D8%AA%D8%B3%D9%84%D9%8A%D9%83_%D9%85%D8%AC%D8%A7%D8%B1%D9%8A_%D8%A7%D9%84%D8%AD%D9%85%D8%A7%D9%85%D8%A7%D8%AA,0,330,0%,3.74
https://www.rukn-eltatawer.com/termite-control-dubai/#%D8%B4%D8%B1%D9%83%D8%A9_%D9%85%D9%83%D8%A7%D9%81%D8%AD%D8%A9_%D8%A7%D9%84%D8%B1%D9%85%D8%A9_%D9%85%D8%B9_%D8%B6%D9%85%D8%A7%D9%86_%D9%81%D9%8A_%D8%AF%D8%A8%D9%8A,0,326,0%,5.36
https://www.rukn-eltatawer.com/termite-control-sharjah/#%D9%85%D9%83%D8%A7%D9%81%D8%AD%D8%A9_%D8%A7%D9%84%D8%B1%D9%85%D8%A9_%D9%81%D9%8A_%D8%A7%D9%84%D8%AD%D8%AF%D8%A7%D8%A6%D9%82_%D9%81%D9%8A_%D8%A7%D9%84%D8%B4%D8%A7%D8%B1%D9%82%D8%A9,0,325,0%,4.26
https://www.rukn-eltatawer.com/termite-control-dubai/#%D8%AE%D8%AF%D9%85%D8%A7%D8%AA_%D8%B4%D8%B1%D9%83%D8%A9_%D9%85%D9%83%D8%A7%D9%81%D8%AD%D8%A9_%D8%A7%D9%84%D8%B1%D9%85%D8%A9_%D9%81%D9%8A_%D8%AF%D8%A8%D9%8A,0,325,0%,5.35
https://www.rukn-eltatawer.com/umm-al-quwain-villas-cleaning-company/#%D8%A7%D9%81%D8%B6%D9%84_%D8%B4%D8%B1%D9%83%D8%A7%D8%AA_%D8%AA%D9%86%D8%B8%D9%8A%D9%81_%D8%A7%D9%84%D9%81%D9%84%D9%84_%D9%81%D9%8A_%D8%A7%D9%85_%D8%A7%D9%84%D9%82%D9%8A%D9%88%D9%8A%D9%86,0,323,0%,5.4
https://www.rukn-eltatawer.com/termite-control-dubai/#%D8%B7%D8%B1%D9%82_%D8%B4%D8%B1%D9%83%D8%A9_%D9%85%D9%83%D8%A7%D9%81%D8%AD%D8%A9_%D8%A7%D9%84%D8%B1%D9%85%D8%A9_%D9%81%D9%8A_%D8%AF%D8%A8%D9%8A,0,322,0%,5.31
https://www.rukn-eltatawer.com/ras-al-khaimah-roof-insulation-company/#%D8%AE%D8%B7%D9%88%D8%A7%D8%AA_%D8%B4%D8%B1%D9%83%D8%A9_%D8%B9%D8%B2%D9%84_%D8%A7%D8%B3%D8%B7%D8%AD_%D8%A8%D8%B1%D8%A7%D8%B3_%D8%A7%D9%84%D8%AE%D9%8A%D9%85%D8%A9,0,321,0%,5.68
https://www.rukn-eltatawer.com/air-conditioner-cleaning-company-in-al-ain/#%D8%AE%D8%AF%D9%85%D8%A7%D8%AA_%D8%B4%D8%B1%D9%83%D8%A9_%D8%B1%D9%83%D9%86_%D8%A7%D9%84%D8%AA%D8%B7%D9%88%D8%B1_%D9%84%D8%AA%D9%86%D8%B8%D9%8A%D9%81_%D9%88%D8%B5%D9%8A%D8%A7%D9%86%D8%A9_%D9%85%D9%83%D9%8A%D9%81%D8%A7%D8%AA_%D8%A7%D9%84%D9%87%D9%88%D8%A7%D8%A1_%D9%81%D9%8A_%D8%A7%D9%84%D8%B9%D9%8A%D9%86,0,321,0%,7.57
https://www.rukn-eltatawer.com/insect-control-in-abu-dhabi/#%D8%A7%D9%84%D9%85%D8%A8%D9%8A%D8%AF%D8%A7%D8%AA_%D8%A7%D9%84%D8%AA%D9%8A_%D8%AA%D8%B3%D8%AA%D8%AE%D8%AF%D9%85%D9%87%D8%A7_%D8%B4%D8%B1%D9%83%D8%AA%D9%86%D8%A7_%D9%84%D8%A5%D8%A8%D8%A7%D8%AF%D8%A9_%D8%A7%D9%84%D8%AD%D8%B4%D8%B1%D8%A7%D8%AA,0,317,0%,4.85
https://www.rukn-eltatawer.com/dyeing-in-sharjah/#%D8%B4%D8%B1%D9%83%D8%A9_%D8%B5%D8%A8%D8%BA_%D9%81%D9%8A_%D8%A7%D9%84%D8%B4%D8%A7%D8%B1%D9%82%D8%A9,0,316,0%,3.29
https://www.rukn-eltatawer.com/umm-al-quwain-villas-cleaning-company/#%D8%B4%D8%B1%D9%83%D8%A9_%D8%AA%D9%86%D8%B8%D9%8A%D9%81_%D9%81%D9%84%D9%84_%D9%81%D9%8A_%D8%A3%D9%85_%D8%A7%D9%84%D9%82%D9%8A%D9%88%D9%8A%D9%86,0,316,0%,5.42
https://www.rukn-eltatawer.com/insect-control-in-sharjah/#%D9%85%D9%83%D8%A7%D9%81%D8%AD%D8%A9_%D8%A7%D9%84%D9%81%D8%A6%D8%B1%D8%A7%D9%86_%D9%81%D9%8A_%D8%A7%D9%84%D8%B4%D8%A7%D8%B1%D9%82%D8%A9_%D8%A8%D8%A3%D8%AD%D8%AF%D8%AB_%D8%A7%D9%84%D8%A3%D8%AF%D9%88%D8%A7%D8%AA_%D9%81%D9%8A_%D8%A7%D9%84%D8%B4%D8%A7%D8%B1%D9%82%D8%A9,0,315,0%,5.81
https://www.rukn-eltatawer.com/sharjah-tank-cleaning-company/#%D8%A7%D9%81%D8%B6%D9%84_%D8%B4%D8%B1%D9%83%D8%A9_%D8%AA%D9%86%D8%B8%D9%8A%D9%81_%D8%AE%D8%B2%D8%A7%D9%86%D8%A7%D8%AA_%D9%81%D9%8A_%D8%A7%D9%84%D8%B4%D8%A7%D8%B1%D9%82%D8%A9,0,309,0%,3.69
https://www.rukn-eltatawer.com/sharjah-tank-cleaning-company/#%D8%B7%D8%B1%D9%82_%D8%AA%D9%86%D8%B8%D9%8A%D9%81_%D8%A7%D9%84%D8%AE%D8%B2%D8%A7%D9%86,0,309,0%,3.69
https://www.rukn-eltatawer.com/abu-dhabi-landscaping-company/#%D8%AA%D8%B5%D9%85%D9%8A%D9%85_%D9%88%D8%AA%D9%86%D9%81%D9%8A%D8%B0_%D8%AD%D8%AF%D8%A7%D8%A6%D9%82_%D9%81%D9%8A_%D8%A7%D8%A8%D9%88%D8%B8%D8%A8%D9%8A,0,303,0%,3.04
https://www.rukn-eltatawer.com/dyeing-in-sharjah/#%D8%A7%D9%81%D8%B6%D9%84_%D8%B4%D8%B1%D9%83%D8%A9_%D8%B5%D8%A8%D8%BA_%D9%81%D9%8A_%D8%A7%D9%84%D8%B4%D8%A7%D8%B1%D9%82%D8%A9,0,303,0%,3.27
https://www.rukn-eltatawer.com/dyeing-in-sharjah/#%D9%85%D9%85%D9%8A%D8%B2%D8%A7%D8%AA_%D8%B4%D8%B1%D9%83%D8%A9_%D8%B5%D8%A8%D8%BA_%D9%81%D9%8A_%D8%A7%D9%84%D8%B4%D8%A7%D8%B1%D9%82%D8%A9,0,303,0%,3.27
https://www.rukn-eltatawer.com/air-conditioner-cleaning-in-sharjah/#%D9%85%D9%85%D9%8A%D8%B2%D8%A7%D8%AA_%D8%B4%D8%B1%D9%83%D8%A9_%D8%AA%D9%86%D8%B8%D9%8A%D9%81_%D9%85%D9%83%D9%8A%D9%81%D8%A7%D8%AA_%D9%81%D9%89_%D8%A7%D9%84%D8%B4%D8%A7%D8%B1%D9%82%D8%A9,0,302,0%,4.71
https://www.rukn-eltatawer.com/abu-dhabi-air-conditioner-cleaning-company/#%D8%A7%D9%84%D8%AA%D9%88%D8%A7%D8%B5%D9%84_%D9%85%D8%B9_%D8%B4%D8%B1%D9%83%D8%A9_%D8%AA%D9%86%D8%B8%D9%8A%D9%81_%D9%85%D9%83%D9%8A%D9%81%D8%A7%D8%AA_%D9%81%D9%8A_%D8%A3%D8%A8%D9%88%D8%B8%D8%A8%D9%8A,0,302,0%,5.29
https://www.rukn-eltatawer.com/air-conditioner-cleaning-company-in-al-ain/#%D8%B4%D8%B1%D9%83%D8%A9_%D8%AA%D9%86%D8%B8%D9%8A%D9%81_%D9%85%D9%83%D9%8A%D9%81%D8%A7%D8%AA_%D9%81%D9%8A_%D8%A7%D9%84%D8%B9%D9%8A%D9%86,0,302,0%,7.62
https://www.rukn-eltatawer.com/air-conditioner-cleaning-in-sharjah/#%D8%A7%D9%84%D8%AA%D9%88%D8%A7%D8%B5%D9%84_%D9%85%D8%B9_%D8%B4%D8%B1%D9%83%D8%A9_%D8%AA%D9%86%D8%B8%D9%8A%D9%81_%D9%85%D9%83%D9%8A%D9%81%D8%A7%D8%AA_%D9%81%D9%8A_%D8%A7%D9%84%D8%B4%D8%A7%D8%B1%D9%82%D8%A9,0,301,0%,4.65
https://www.rukn-eltatawer.com/abu-dhabi-air-conditioner-cleaning-company/#%D8%AE%D8%AF%D9%85%D8%A7%D8%AA_%D8%B4%D8%B1%D9%83%D8%A9_%D8%AA%D9%86%D8%B8%D9%8A%D9%81_%D9%85%D9%83%D9%8A%D9%81%D8%A7%D8%AA_%D9%81%D9%8A_%D8%A3%D8%A8%D9%88%D8%B8%D8%A8%D9%8A,0,300,0%,5.28
https://www.rukn-eltatawer.com/abu-dhabi-air-conditioner-cleaning-company/#%D8%B9%D9%85%D9%84%D9%8A%D8%A9_%D8%AA%D9%86%D8%B8%D9%8A%D9%81_%D8%A7%D9%84%D9%85%D9%83%D9%8A%D9%81%D8%A7%D8%AA_%D9%85%D9%86_%D9%82%D8%A8%D9%84_%D8%B4%D8%B1%D9%83%D8%A9_%D8%AA%D9%86%D8%B8%D9%8A%D9%81_%D9%85%D9%83%D9%8A%D9%81%D8%A7%D8%AA_%D9%81%D9%8A_%D8%A3%D8%A8%D9%88%D8%B8%D8%A8%D9%8A,0,299,0%,5.34
https://www.rukn-eltatawer.com/dyeing-in-sharjah/#%D8%AA%D8%B4%D8%B7%D9%8A%D8%A8_%D8%B5%D8%A8%D8%BA_%D9%81%D9%8A_%D8%A7%D9%84%D8%B4%D8%A7%D8%B1%D9%82%D8%A9,0,296,0%,3.41
https://www.rukn-eltatawer.com/dyeing-in-sharjah/#%D8%B4%D8%B1%D9%83%D8%A7%D8%AA_%D8%A7%D9%84%D8%B5%D8%A8%D8%BA_%D9%88%D9%88%D8%B1%D9%82_%D8%A7%D9%84%D8%AD%D8%A7%D8%A6%D8%B7_%D9%81%D9%8A_%D8%A7%D9%84%D8%B4%D8%A7%D8%B1%D9%82%D8%A9,0,296,0%,3.41
https://www.rukn-eltatawer.com/al-ain-villas-cleaning-company/#%D8%AA%D9%86%D8%B8%D9%8A%D9%81_%D9%83%D9%86%D8%A8,0,295,0%,3.37
https://www.rukn-eltatawer.com/leak-detection-company-in-dubai/#%D8%A3%D8%AC%D9%87%D8%B2%D8%A9_%D9%88%D8%AA%D9%82%D9%86%D9%8A%D8%A7%D8%AA_%D9%83%D8%B4%D9%81_%D8%AA%D8%B3%D8%B1%D8%A8%D8%A7%D8%AA_%D8%A7%D9%84%D9%85%D9%8A%D8%A7%D9%87_%D9%81%D9%8A_%D8%AF%D8%A8%D9%8A_2026_%E2%80%93_%D8%A8%D8%AF%D9%88%D9%86_%D8%AA%D9%83%D8%B3%D9%8A%D8%B1_%D9%88%D8%A8%D8%AF%D9%82%D8%A9_%D8%B3%D9%86%D8%AA%D9%8A%D9%85%D8%AA%D8%B1%D9%8A%D8%A9,0,294,0%,3.64
https://www.rukn-eltatawer.com/leak-detection-company-in-dubai/#%D8%A3%D8%B3%D8%A8%D8%A7%D8%A8_%D8%AA%D8%B3%D8%B1%D8%A8%D8%A7%D8%AA_%D8%A7%D9%84%D9%85%D9%8A%D8%A7%D9%87_%D9%81%D9%8A_%D9%85%D8%A8%D8%A7%D9%86%D9%8A_%D8%AF%D8%A8%D9%8A_2026_%E2%80%93_%D8%A7%D9%84%D8%AA%D8%B4%D8%AE%D9%8A%D8%B5_%D8%A7%D9%84%D8%AC%D8%B0%D8%B1%D9%8A_%D8%A7%D9%84%D9%83%D8%A7%D9%85%D9%84,0,294,0%,3.64
https://www.rukn-eltatawer.com/leak-detection-company-in-dubai/#%D8%AE%D8%AF%D9%85%D8%A7%D8%AA_%D8%B4%D8%B1%D9%83%D8%A9_%D9%83%D8%B4%D9%81_%D8%AA%D8%B3%D8%B1%D8%A8%D8%A7%D8%AA_%D8%A7%D9%84%D9%85%D9%8A%D8%A7%D9%87_%D9%81%D9%8A_%D8%AF%D8%A8%D9%8A_%D8%B1%D9%83%D9%86_%D8%A7%D9%84%D8%AA%D8%B7%D9%88%D8%B1_2026_%E2%80%93_%D8%A7%D9%84%D8%A3%D8%B3%D8%B9%D8%A7%D8%B1_%D9%88%D8%A7%D9%84%D8%AA%D9%81%D8%A7%D8%B5%D9%8A%D9%84_%D8%A7%D9%84%D9%83%D8%A7%D9%85%D9%84%D8%A9,0,294,0%,3.64
https://www.rukn-eltatawer.com/leak-detection-company-in-dubai/#%D9%83%D9%8A%D9%81_%D8%AA%D8%B9%D9%85%D9%84_%D8%B4%D8%B1%D9%83%D8%A9_%D8%B1%D9%83%D9%86_%D8%A7%D9%84%D8%AA%D8%B7%D9%88%D8%B1_%D9%84%D9%83%D8%B4%D9%81_%D8%AA%D8%B3%D8%B1%D8%A8%D8%A7%D8%AA_%D8%A7%D9%84%D9%85%D9%8A%D8%A7%D9%87_%D9%81%D9%8A_%D8%AF%D8%A8%D9%8A%D8%9F_%D8%A7%D9%84%D8%A8%D8%B1%D9%88%D8%AA%D9%88%D9%83%D9%88%D9%84_%D8%A7%D9%84%D9%83%D8%A7%D9%85%D9%84_%D8%AE%D8%B7%D9%88%D8%A9_%D8%A8%D8%AE%D8%B7%D9%88%D8%A9,0,294,0%,3.64
https://www.rukn-eltatawer.com/leak-detection-company-in-dubai/#8_%D8%B9%D9%84%D8%A7%D9%85%D8%A7%D8%AA_%D8%AA%D9%8F%D8%AE%D8%A8%D8%B1%D9%83_%D8%A3%D9%86_%D9%85%D9%86%D8%B2%D9%84%D9%83_%D9%81%D9%8A_%D8%AF%D8%A8%D9%8A_%D9%8A%D8%B9%D8%A7%D9%86%D9%8A_%D9%85%D9%86_%D8%AA%D8%B3%D8%B1%D8%A8_%D9%85%D8%A7%D8%A6%D9%8A_%D8%AE%D9%81%D9%8A_%E2%80%93_%D9%84%D8%A7_%D8%AA%D8%AA%D8%AC%D8%A7%D9%87%D9%84_%D8%A3%D9%8A%D8%A7%D9%8B_%D9%85%D9%86%D9%87%D8%A7,0,294,0%,3.64
https://www.rukn-eltatawer.com/fujairah-villas-cleaning-company/#%D8%A3%D9%81%D8%B6%D9%84_%D8%B4%D8%B1%D9%83%D8%A9_%D8%AA%D9%86%D8%B8%D9%8A%D9%81_%D9%81%D9%84%D9%84_%D9%81%D9%8A_%D8%A7%D9%84%D9%81%D8%AC%D9%8A%D8%B1%D8%A9,0,290,0%,5.35
https://www.rukn-eltatawer.com/insect-control-in-umm-al-quwain/#%D8%AE%D8%AF%D9%85%D8%A7%D8%AA_%D8%B4%D8%B1%D9%83%D8%A9_%D9%85%D9%83%D8%A7%D9%81%D8%AD%D8%A9_%D8%A7%D9%84%D8%AD%D8%B4%D8%B1%D8%A7%D8%AA_%D9%81%D9%8A_%D8%A3%D9%85_%D8%A7%D9%84%D9%82%D9%8A%D9%88%D9%8A%D9%86,0,287,0%,2.13
https://www.rukn-eltatawer.com/insect-control-in-umm-al-quwain/#%D9%85%D9%85%D9%8A%D8%B2%D8%A7%D8%AA_%D8%B4%D8%B1%D9%83%D8%A9_%D9%85%D9%83%D8%A7%D9%81%D8%AD%D8%A9_%D8%AD%D8%B4%D8%B1%D8%A7%D8%AA_%D9%81%D9%8A_%D8%A3%D9%85_%D8%A7%D9%84%D9%82%D9%8A%D9%88%D9%8A%D9%86,0,287,0%,2.13
https://www.rukn-eltatawer.com/sharjah-tank-cleaning-company/#%D8%B4%D8%B1%D9%83%D8%A9_%D8%AA%D9%86%D8%B8%D9%8A%D9%81_%D9%88%D8%BA%D8%B3%D9%8A%D9%84_%D8%AE%D8%B2%D8%A7%D9%86%D8%A7%D8%AA_%D8%A7%D9%84%D8%B4%D8%A7%D8%B1%D9%82%D8%A9,0,287,0%,3.72
https://www.rukn-eltatawer.com/abu-dhabi-landscaping-company/#%D8%B4%D8%B1%D9%83%D8%A7%D8%AA_%D8%AA%D9%86%D8%B3%D9%8A%D9%82_%D8%AD%D8%AF%D8%A7%D8%A6%D9%82_%D9%88%D9%85%D8%AA%D9%86%D8%B2%D9%87%D8%A7%D8%AA_%D8%A7%D8%A8%D9%88%D8%B8%D8%A8%D9%8A,0,284,0%,3.04
https://www.rukn-eltatawer.com/sewerage-plumbing-company-in-al-ain/#%D8%B4%D8%B1%D9%83%D8%A9_%D8%AA%D8%B3%D9%84%D9%8A%D9%83_%D9%85%D8%AC%D8%A7%D8%B1%D9%8A_%D9%81%D9%8A_%D8%A7%D9%84%D8%B9%D9%8A%D9%86,0,281,0%,2.44
https://www.rukn-eltatawer.com/pest-control-khor-fakkan/#%D8%A3%D9%81%D8%B6%D9%84_%D8%B4%D8%B1%D9%83%D8%A9_%D9%85%D9%83%D8%A7%D9%81%D8%AD%D8%A9_%D8%AD%D8%B4%D8%B1%D8%A7%D8%AA_%D9%81%D9%8A_%D8%AE%D9%88%D8%B1%D9%81%D9%83%D8%A7%D9%86_%D8%A5%D8%A8%D8%A7%D8%AF%D8%A9_%D9%86%D9%87%D8%A7%D8%A6%D9%8A%D8%A9_%D8%A8%D8%B6%D9%85%D8%A7%D9%86_2026,0,281,0%,5.4
https://www.rukn-eltatawer.com/pest-control-khor-fakkan/#%D8%AE%D8%AF%D9%85%D8%A7%D8%AA%D9%86%D8%A7_%D9%88%D8%A3%D8%B3%D8%B9%D8%A7%D8%B1_%D8%B4%D8%B1%D9%83%D8%A9_%D9%85%D9%83%D8%A7%D9%81%D8%AD%D8%A9_%D8%AD%D8%B4%D8%B1%D8%A7%D8%AA_%D9%81%D9%8A_%D8%AE%D9%88%D8%B1%D9%81%D9%83%D8%A7%D9%86_%D9%84%D8%B9%D8%A7%D9%85_2026,0,281,0%,5.4
https://www.rukn-eltatawer.com/fujairah-villas-cleaning-company/#%D8%B4%D8%B1%D9%83%D8%A9_%D8%AA%D9%86%D8%B8%D9%8A%D9%81_%D9%81%D9%8A_%D8%AF%D8%A8%D8%A7_%D8%A7%D9%84%D9%81%D8%AC%D9%8A%D8%B1%D8%A9,0,280,0%,5.31
https://www.rukn-eltatawer.com/sharjah-carpet-cleaning-company/#%D8%B4%D8%B1%D9%83%D8%A9_%D8%BA%D8%B3%D9%8A%D9%84_%D8%A7%D9%84%D8%B3%D8%AC%D8%A7%D8%AF_%D9%81%D9%8A_%D8%A7%D9%84%D9%85%D9%86%D8%B2%D9%84,0,278,0%,4.74
https://www.rukn-eltatawer.com/sharjah-carpet-cleaning-company/#%D8%BA%D8%B3%D9%8A%D9%84_%D8%B3%D8%AC%D8%A7%D8%AF_%D9%81%D9%8A_%D8%A7%D9%84%D8%B4%D8%A7%D8%B1%D9%82%D8%A9,0,278,0%,4.74
https://www.rukn-eltatawer.com/sewerage-plumbing-company-in-al-ain/#%D8%A7%D9%81%D8%B6%D9%84_%D8%B4%D8%B1%D9%83%D8%A9_%D8%AA%D8%B3%D9%84%D9%8A%D9%83_%D9%85%D8%AC%D8%A7%D8%B1%D9%8A_%D9%81%D9%8A_%D8%A7%D9%84%D8%B9%D9%8A%D9%86_%D9%85%D8%B9%D8%AA%D9%85%D8%AF%D8%A9,0,277,0%,2.45
https://www.rukn-eltatawer.com/sharjah-carpet-cleaning-company/#%D8%B4%D8%B1%D9%83%D8%A9_%D8%AA%D9%86%D8%B8%D9%8A%D9%81_%D9%83%D9%86%D8%A8,0,276,0%,4.72
https://www.rukn-eltatawer.com/sharjah-gypsum-board-installation-company/#%D8%B4%D8%B1%D9%83%D8%A7%D8%AA_%D8%AC%D8%A8%D8%B3_%D8%A8%D9%88%D8%B1%D8%AF_%D9%81%D9%8A_%D8%A7%D9%84%D8%A7%D9%85%D8%A7%D8%B1%D8%A7%D8%AA,0,275,0%,3.08
https://www.rukn-eltatawer.com/fujairah-villas-cleaning-company/#%D8%B4%D8%B1%D9%83%D8%A7%D8%AA_%D8%AA%D9%86%D8%B8%D9%8A%D9%81_%D9%81%D9%84%D9%84_%D8%A8%D8%A7%D9%84%D9%81%D8%AC%D9%8A%D8%B1%D8%A9,0,275,0%,5.41
https://www.rukn-eltatawer.com/air-conditioner-cleaning-in-sharjah/#%D8%A3%D9%87%D9%85%D9%8A%D8%A9_%D8%AA%D9%86%D8%B8%D9%8A%D9%81_%D8%A7%D9%84%D9%85%D9%83%D9%8A%D9%81%D8%A7%D8%AA_%D9%81%D9%8A_%D8%A7%D9%84%D8%B4%D8%A7%D8%B1%D9%82%D8%A9_%D8%A8%D8%A7%D9%86%D8%AA%D8%B8%D8%A7%D9%85,0,272,0%,4.57
https://www.rukn-eltatawer.com/pest-control-khor-fakkan/#%D8%AE%D8%B7%D9%88%D8%A7%D8%AA_%D9%85%D9%83%D8%A7%D9%81%D8%AD%D8%A9_%D8%A7%D9%84%D8%AD%D8%B4%D8%B1%D8%A7%D8%AA_%D9%81%D9%8A_%D8%AE%D9%88%D8%B1%D9%81%D9%83%D8%A7%D9%86_%D8%A8%D8%A7%D8%B3%D8%AA%D8%AE%D8%AF%D8%A7%D9%85_%D8%AA%D9%82%D9%86%D9%8A%D8%A7%D8%AA_2026_%D8%A7%D9%84%D9%85%D8%AA%D9%82%D8%AF%D9%85%D8%A9,0,272,0%,5.45
https://www.rukn-eltatawer.com/pest-control-khor-fakkan/#%D9%84%D9%85%D8%A7%D8%B0%D8%A7_%D8%AA%D8%B9%D8%AA%D8%A8%D8%B1_%E2%80%9C%D8%B1%D9%83%D9%86_%D8%A7%D9%84%D8%AA%D8%B7%D9%88%D8%B1%E2%80%9D_%D8%A7%D9%84%D8%AE%D9%8A%D8%A7%D8%B1_%D8%A7%D9%84%D9%85%D9%81%D8%B6%D9%84_%D9%84%D9%85%D9%83%D8%A7%D9%81%D8%AD%D8%A9_%D8%A7%D9%84%D8%AD%D8%B4%D8%B1%D8%A7%D8%AA_%D9%81%D9%8A_%D8%AE%D9%88%D8%B1%D9%81%D9%83%D8%A7%D9%86%D8%9F,0,272,0%,5.45
https://www.rukn-eltatawer.com/pest-control-khor-fakkan/#%D9%85%D8%A7_%D9%87%D9%8A_%D8%B9%D9%84%D8%A7%D9%85%D8%A7%D8%AA_%D8%A7%D9%86%D8%AA%D8%B4%D8%A7%D8%B1_%D8%A7%D9%84%D8%AD%D8%B4%D8%B1%D8%A7%D8%AA_%D9%81%D9%8A_%D8%AE%D9%88%D8%B1%D9%81%D9%83%D8%A7%D9%86_%D8%A7%D9%84%D8%AA%D9%8A_%D8%AA%D9%86%D8%B0%D8%B1_%D8%A8%D8%AE%D8%B7%D8%B1_%D8%AD%D9%82%D9%8A%D9%82%D9%8A%D8%9F,0,272,0%,5.45
https://www.rukn-eltatawer.com/pest-control-khor-fakkan/#5_%D8%A3%D8%AE%D8%B7%D8%A7%D8%A1_%D8%B4%D8%A7%D8%A6%D8%B9%D8%A9_%D8%AA%D8%B6%D8%A7%D8%B9%D9%81_%D8%A3%D8%B6%D8%B1%D8%A7%D8%B1_%D8%A7%D9%84%D8%AD%D8%B4%D8%B1%D8%A7%D8%AA_%D9%81%D9%8A_%D8%AE%D9%88%D8%B1%D9%81%D9%83%D8%A7%D9%86_%D9%88%D9%83%D9%8A%D9%81%D9%8A%D8%A9_%D8%AA%D8%AC%D9%86%D8%A8%D9%87%D8%A7,0,272,0%,5.45
https://www.rukn-eltatawer.com/ras-al-khaimah-roof-insulation-company/#%D8%B4%D8%B1%D9%83%D8%A7%D8%AA_%D8%B9%D8%B2%D9%84_%D8%A7%D9%84%D8%A7%D8%B3%D8%B7%D8%AD_%D9%88%D8%A7%D9%84%D8%AE%D8%B2%D8%A7%D9%86%D8%A7%D8%AA_%D8%B1%D8%A3%D8%B3_%D8%A7%D9%84%D8%AE%D9%8A%D9%85%D8%A9,0,271,0%,5.41
https://www.rukn-eltatawer.com/landscaping-company-in-dubai/#%D8%A3%D9%81%D8%B6%D9%84_%D8%B4%D8%B1%D9%83%D8%A9_%D8%AA%D9%86%D8%B3%D9%8A%D9%82_%D8%AD%D8%AF%D8%A7%D8%A6%D9%82_%D9%81%D9%8A_%D8%AF%D8%A8%D9%8A,0,270,0%,2.87
https://www.rukn-eltatawer.com/landscaping-company-in-dubai/#%D8%B4%D8%B1%D9%83%D8%A9_%D8%AA%D9%86%D8%B3%D9%8A%D9%82_%D8%AD%D8%AF%D8%A7%D8%A6%D9%82_%D9%81%D9%8A_%D8%AF%D8%A8%D9%8A,0,270,0%,2.87
https://www.rukn-eltatawer.com/abu-dhabi-landscaping-company/#%D8%A7%D9%81%D8%B6%D9%84_%D8%B4%D8%B1%D9%83%D8%A9_%D8%AA%D9%86%D8%B3%D9%8A%D9%82_%D8%AD%D8%AF%D8%A7%D8%A6%D9%82_%D9%81%D9%8A_%D8%A7%D8%A8%D9%88_%D8%B8%D8%A8%D9%8A,0,270,0%,3.14
https://www.rukn-eltatawer.com/air-conditioner-cleaning-in-sharjah/#%D8%B9%D9%84%D8%A7%D9%85%D8%A7%D8%AA_%D8%A7%D9%84%D8%A7%D8%AD%D8%AA%D9%8A%D8%A7%D8%AC_%D9%84%D8%AA%D9%86%D8%B8%D9%8A%D9%81_%D8%A7%D9%84%D9%85%D9%83%D9%8A%D9%81%D8%A7%D8%AA_%D9%81%D9%8A_%D8%A7%D9%84%D8%B4%D8%A7%D8%B1%D9%82%D8%A9,0,270,0%,4.58
https://www.rukn-eltatawer.com/dubai-carpet-cleaning-company/#%D8%A3%D9%81%D8%B6%D9%84_%D8%B4%D8%B1%D9%83%D8%A9_%D8%AA%D9%86%D8%B8%D9%8A%D9%81_%D8%B3%D8%AC%D8%A7%D8%AF_%D8%AF%D8%A8%D9%8A,0,269,0%,5.59
https://www.rukn-eltatawer.com/dubai-carpet-cleaning-company/#%D9%85%D9%85%D9%8A%D8%B2%D8%A7%D8%AA_%D8%B4%D8%B1%D9%83%D8%A9_%D8%AA%D9%86%D8%B8%D9%8A%D9%81_%D8%B3%D8%AC%D8%A7%D8%AF_%D9%81%D9%8A_%D8%AF%D8%A8%D9%8A,0,269,0%,5.59
https://www.rukn-eltatawer.com/sewer-wiring-company-in-fujairah/#%D8%AE%D8%B7%D9%88%D8%A7%D8%AA_%D8%B9%D9%85%D9%84_%D8%B4%D8%B1%D9%83%D8%A9_%D8%AA%D8%B3%D9%84%D9%8A%D9%83_%D9%85%D8%AC%D8%A7%D8%B1%D9%8A_%D9%81%D9%8A_%D8%A7%D9%84%D9%81%D8%AC%D9%8A%D8%B1%D8%A9,0,266,0%,2.68
https://www.rukn-eltatawer.com/insect-control-in-abu-dhabi/#%D8%A3%D8%B3%D8%A8%D8%A7%D8%A8_%D8%A5%D9%86%D8%AA%D8%B4%D8%A7%D8%B1_%D8%A7%D9%84%D8%AD%D8%B4%D8%B1%D8%A7%D8%AA,0,266,0%,3.56
https://www.rukn-eltatawer.com/sharjah-tank-cleaning-company/#%D8%B4%D8%B1%D9%83%D8%A9_%D8%AA%D9%86%D8%B8%D9%8A%D9%81_%D8%AE%D8%B2%D8%A7%D9%86%D8%A7%D8%AA_%D8%A7%D9%84%D9%85%D9%8A%D8%A7%D9%87_%D8%A8%D8%A7%D9%84%D8%B4%D8%A7%D8%B1%D9%82%D8%A9,0,265,0%,3.67
https://www.rukn-eltatawer.com/sewer-wiring-abu-dhabi/#%D8%A7%D8%AC%D9%87%D8%B2%D8%A9_%D8%AA%D8%B3%D9%84%D9%8A%D9%83_%D8%A7%D9%84%D9%85%D8%AC%D8%A7%D8%B1%D9%8A_%D9%81%D9%8A_%D8%A3%D8%A8%D9%88%D8%B8%D8%A8%D9%8A,0,265,0%,4.06
https://www.rukn-eltatawer.com/sewer-wiring-company-in-fujairah/#%D9%85%D9%85%D9%8A%D8%B2%D8%A7%D8%AA_%D8%B4%D8%B1%D9%83%D8%A9_%D8%AA%D8%B3%D9%84%D9%8A%D9%83_%D9%85%D8%AC%D8%A7%D8%B1%D9%8A_%D9%81%D9%8A_%D8%A7%D9%84%D9%81%D8%AC%D9%8A%D8%B1%D8%A9,0,262,0%,2.66
https://www.rukn-eltatawer.com/sa/water-leak-detection-makkah-neighborhoods/,0,262,0%,5.57
https://www.rukn-eltatawer.com/abu-dhabi-landscaping-company/#%D8%B4%D8%B1%D9%83%D8%A9_%D8%AA%D9%86%D8%B3%D9%8A%D9%82_%D8%AD%D8%AF%D8%A7%D8%A6%D9%82_%D8%A3%D8%A8%D9%88%D8%B8%D8%A8%D9%8A,0,260,0%,3.14
https://www.rukn-eltatawer.com/dubai-pigeons-repellent-installation/#%D8%AE%D8%AF%D9%85%D8%A7%D8%AA_%D8%B4%D8%B1%D9%83%D8%A9_%D9%85%D9%83%D8%A7%D9%81%D8%AD%D8%A9_%D8%AD%D9%85%D8%A7%D9%85_%D8%A8%D8%A7%D9%84%D8%A7%D9%85%D8%A7%D8%B1%D8%A7%D8%AA,0,258,0%,3.17
https://www.rukn-eltatawer.com/a-water-leak-detection-company-in-abu-dhabi/#%F0%9F%A7%B0_%D8%A3%D9%87%D9%85_%D8%AE%D8%AF%D9%85%D8%A7%D8%AA_%D8%B4%D8%B1%D9%83%D8%A9_%D9%83%D8%B4%D9%81_%D8%AA%D8%B3%D8%B1%D8%A8%D8%A7%D8%AA_%D8%A7%D9%84%D9%85%D9%8A%D8%A7%D9%87_%D9%81%D9%8A_%D8%A3%D8%A8%D9%88%D8%B8%D8%A8%D9%8A,0,258,0%,3.21
https://www.rukn-eltatawer.com/insulators-company-in-sharjah/#%D8%A7%D9%84%D8%AE%D8%B7%D9%88%D8%A7%D8%AA_%D8%A7%D9%84%D9%85%D8%AA%D8%A8%D8%B9%D8%A9_%D9%81%D9%8A_%D8%B9%D8%B2%D9%84_%D8%A7%D8%B3%D8%B7%D8%AD_%D9%81%D9%8A_%D8%A7%D9%84%D8%B4%D8%A7%D8%B1%D9%82%D8%A9,0,257,0%,2.64
https://www.rukn-eltatawer.com/dubai-pigeons-repellent-installation/#%D8%A7%D9%81%D8%B6%D9%84_%D8%B4%D8%B1%D9%83%D8%A9_%D8%AA%D8%B1%D9%83%D9%8A%D8%A8_%D8%B7%D8%A7%D8%B1%D8%AF_%D8%AD%D9%85%D8%A7%D9%85_%D9%81%D9%8A_%D8%AF%D8%A8%D9%8A,0,257,0%,3.23
https://www.rukn-eltatawer.com/sharjah-pigeons-repellent-installation-company/#%D9%84%D9%85%D8%A7%D8%B0%D8%A7_%D9%86%D8%AD%D9%86_%D8%A3%D9%81%D8%B6%D9%84_%D8%B4%D8%B1%D9%83%D8%A9_%D8%AA%D8%B1%D9%83%D9%8A%D8%A8_%D8%B7%D8%A7%D8%B1%D8%AF_%D8%AD%D9%85%D8%A7%D9%85_%D9%81%D9%8A_%D8%A7%D9%84%D8%B4%D8%A7%D8%B1%D9%82%D8%A9,0,257,0%,3.79
https://www.rukn-eltatawer.com/abu-dhabi-landscaping-company/#%D8%B4%D8%B1%D9%83%D8%A9_%D8%AA%D9%86%D8%B3%D9%8A%D9%82_%D8%AD%D8%AF%D8%A7%D8%A6%D9%82_%D8%A3%D8%A8%D9%88%D8%B8%D8%A8%D9%8A_%E2%80%93_%D9%82%D8%B7%D8%B9_%D8%A7%D9%84%D8%A7%D8%B4%D8%AC%D8%A7%D8%B1_%D9%81%D9%8A_%D8%A3%D8%A8%D9%88%D8%B8%D8%A8%D9%8A,0,256,0%,3.15
https://www.rukn-eltatawer.com/insulators-company-in-sharjah/#%D9%85%D9%85%D9%8A%D8%B2%D8%A7%D8%AA_%D8%B4%D8%B1%D9%83%D8%A9_%D8%B9%D8%B2%D9%84_%D8%A7%D8%B3%D8%B7%D8%AD_%D9%81%D9%8A_%D8%A7%D9%84%D8%B4%D8%A7%D8%B1%D9%82%D8%A9,0,253,0%,2.6
https://www.rukn-eltatawer.com/abu-dhabi-air-conditioner-cleaning-company/#%D8%A3%D8%B3%D8%B9%D8%A7%D8%B1_%D8%B4%D8%B1%D9%83%D8%A9_%D8%AA%D9%86%D8%B8%D9%8A%D9%81_%D9%85%D9%83%D9%8A%D9%81%D8%A7%D8%AA_%D9%81%D9%8A_%D8%A3%D8%A8%D9%88%D8%B8%D8%A8%D9%8A,0,250,0%,4.96
https://www.rukn-eltatawer.com/general-maintenance-company-sharjah/#%D8%B4%D8%B1%D9%83%D8%A9_%D8%AA%D8%B1%D9%85%D9%8A%D9%85_%D9%81%D9%84%D9%84_%D8%A7%D9%84%D8%B4%D8%A7%D8%B1%D9%82%D8%A9,0,249,0%,6.27
https://www.rukn-eltatawer.com/sharjah-tank-cleaning-company/#%D8%B4%D8%B1%D9%83%D8%A7%D8%AA_%D9%86%D8%B8%D8%A7%D9%81%D8%A9_%D8%AE%D8%B2%D8%A7%D9%86%D8%A7%D8%AA_%D8%A7%D9%84%D8%B4%D8%A7%D8%B1%D9%82%D8%A9,0,247,0%,3.64
https://www.rukn-eltatawer.com/ceramic-installation-company-in-dubai/#%D8%B4%D8%B1%D9%83%D8%A9_%D8%AA%D8%B1%D9%83%D9%8A%D8%A8_%D8%B3%D9%8A%D8%B1%D8%A7%D9%85%D9%8A%D9%83_%D9%81%D9%8A_%D8%AF%D8%A8%D9%8A,0,247,0%,3.65
https://www.rukn-eltatawer.com/ceramic-installation-company-in-dubai/#%D8%AE%D8%A8%D8%B1%D8%A9_%D9%88%D9%83%D9%81%D8%A7%D8%A1%D8%A9_%D8%A7%D9%84%D9%81%D9%86%D9%8A_%D8%A7%D9%84%D9%85%D8%A8%D9%84%D8%B7_%D8%B4%D8%B1%D9%83%D8%A9_%D8%AA%D8%B1%D9%83%D9%8A%D8%A8_%D8%B3%D9%8A%D8%B1%D8%A7%D9%85%D9%8A%D9%83_%D9%81%D9%8A_%D8%AF%D8%A8%D9%8A,0,245,0%,3.65
https://www.rukn-eltatawer.com/sharjah-tank-cleaning-company/#%D8%B4%D8%B1%D9%83%D8%A9_%D8%AA%D9%86%D8%B8%D9%8A%D9%81_%D8%AA%D9%86%D9%83%D8%A7%D8%AA_%D8%A7%D9%84%D9%85%D9%8A%D8%A7%D9%87_%D8%A8%D8%A7%D9%84%D8%B4%D8%A7%D8%B1%D9%82%D8%A9,0,244,0%,3.68
https://www.rukn-eltatawer.com/air-conditioner-cleaning-company-in-al-ain/#%D8%A7%D9%84%D8%AA%D9%88%D8%A7%D8%B5%D9%84_%D9%85%D8%B9_%D8%B4%D8%B1%D9%83%D8%A9_%D8%AA%D9%86%D8%B8%D9%8A%D9%81_%D9%85%D9%83%D9%8A%D9%81%D8%A7%D8%AA_%D9%81%D9%8A_%D8%A7%D9%84%D8%B9%D9%8A%D9%86,0,244,0%,7.49
https://www.rukn-eltatawer.com/roof-insulation-in-abu-dhabi/#%D8%A7%D9%81%D8%B6%D9%84_%D8%A7%D9%86%D9%88%D8%A7%D8%B9_%D8%A7%D9%84%D8%B9%D8%B2%D9%84_%D8%A7%D9%84%D8%AD%D8%B1%D8%A7%D8%B1%D9%8A_%D8%B4%D8%B1%D9%83%D8%A9_%D8%B9%D8%B2%D9%84_%D8%A3%D8%B3%D8%B7%D8%AD_%D9%81%D9%8A_%D8%A3%D8%A8%D9%88%D8%B8%D8%A8%D9%8A_%D8%B1%D9%83%D9%86_%D8%A7%D9%84%D8%AA%D8%B7%D9%88%D8%B1,0,242,0%,3.99
https://www.rukn-eltatawer.com/dubai-sofa-cleaning-company/#%D8%B4%D8%B1%D9%83%D8%A9_%D8%AA%D9%86%D8%B8%D9%8A%D9%81_%D9%85%D8%AC%D8%A7%D9%84%D8%B3_%D8%AF%D8%A8%D9%8A,0,241,0%,6.79
https://www.rukn-eltatawer.com/dubai-sofa-cleaning-company/#_%D8%B4%D8%B1%D9%83%D8%A9_%D8%AA%D9%86%D8%B8%D9%8A%D9%81_%D9%83%D9%86%D8%A8_%D8%A8%D8%A7%D9%84%D8%A8%D8%AE%D8%A7%D8%B1_%D8%A8%D8%AF%D8%A8%D9%89,0,241,0%,6.79
https://www.rukn-eltatawer.com/air-conditioner-cleaning-company-in-al-ain/#%D9%85%D9%85%D9%8A%D8%B2%D8%A7%D8%AA_%D8%B4%D8%B1%D9%83%D8%A9_%D8%AA%D9%86%D8%B8%D9%8A%D9%81_%D9%85%D9%83%D9%8A%D9%81%D8%A7%D8%AA_%D9%81%D9%8A_%D8%A7%D9%84%D8%B9%D9%8A%D9%86,0,241,0%,7.49
https://www.rukn-eltatawer.com/ceramic-installation-company-in-dubai/#%D8%AE%D8%AF%D9%85%D8%A7%D8%AA_%D8%B4%D8%B1%D9%83%D8%A9_%D8%AA%D8%B1%D9%83%D9%8A%D8%A8_%D8%B3%D9%8A%D8%B1%D8%A7%D9%85%D9%8A%D9%83_%D9%81%D9%8A_%D8%AF%D8%A8%D9%8A,0,240,0%,3.67
https://www.rukn-eltatawer.com/ceramic-installation-company-in-dubai/#%D9%85%D8%A7_%D9%87%D9%8A_%D8%A7%D9%84%D8%AE%D8%AF%D9%85%D8%A7%D8%AA_%D8%A7%D9%84%D8%AA%D9%8A_%D8%AA%D9%82%D8%AF%D9%85%D9%87%D8%A7_%D8%A3%D9%81%D8%B6%D9%84_%D8%B4%D8%B1%D9%83%D8%A9_%D8%AA%D8%B1%D9%83%D9%8A%D8%A8_%D8%B3%D9%8A%D8%B1%D8%A7%D9%85%D9%8A%D9%83_%D9%81%D9%8A_%D8%AF%D8%A8%D9%8A%D8%9F,0,238,0%,3.68
https://www.rukn-eltatawer.com/dubai-sofa-cleaning-company/#%D8%A7%D9%81%D8%B6%D9%84_%D8%B4%D8%B1%D9%83%D8%A9_%D8%AA%D9%86%D8%B8%D9%8A%D9%81_%D9%83%D9%86%D8%A8_%D8%A8%D8%A7%D9%84%D8%A8%D8%AE%D8%A7%D8%B1_%D8%A8%D8%AF%D8%A8%D9%89,0,238,0%,6.78
https://www.rukn-eltatawer.com/insulators-company-in-sharjah/#%D8%A3%D8%AF%D9%88%D8%A7%D8%AA_%D8%B4%D8%B1%D9%83%D8%A9_%D8%B9%D8%B2%D9%84_%D8%A3%D8%B3%D8%B7%D8%AD_%D9%81%D9%8A_%D8%A7%D9%84%D8%B4%D8%A7%D8%B1%D9%82%D8%A9,0,237,0%,2.49
https://www.rukn-eltatawer.com/ceramic-installation-company-in-dubai/#%D8%A3%D9%87%D9%85%D9%8A%D8%A9_%D8%A7%D8%AE%D8%AA%D9%8A%D8%A7%D8%B1_%D9%81%D9%86%D9%8A_%D9%85%D8%A8%D9%84%D8%B7_%D9%85%D8%AD%D8%AA%D8%B1%D9%81_%D8%B4%D8%B1%D9%83%D8%A9_%D8%AA%D8%B1%D9%83%D9%8A%D8%A8_%D8%B3%D9%8A%D8%B1%D8%A7%D9%85%D9%8A%D9%83_%D9%81%D9%8A_%D8%AF%D8%A8%D9%8A,0,237,0%,3.66
https://www.rukn-eltatawer.com/sharjah-pigeons-repellent-installation-company/#%D8%B4%D8%B1%D9%83%D8%A7%D8%AA_%D9%85%D9%83%D8%A7%D9%81%D8%AD%D8%A9_%D8%A7%D9%84%D8%AD%D9%85%D8%A7%D9%85_%D8%AF%D8%A7%D8%AE%D9%84_%D8%A7%D9%84%D8%A7%D9%85%D8%A7%D8%B1%D8%A7%D8%AA,0,237,0%,3.97
https://www.rukn-eltatawer.com/ras-al-khaimah-roof-insulation-company/#%D8%B4%D8%B1%D9%83%D8%A9_%D8%B9%D8%B2%D9%84_%D9%85%D8%A7%D8%A6%D9%8A_%D9%88%D8%AD%D8%B1%D8%A7%D8%B1%D9%8A_%D9%84%D9%84%D8%A7%D8%B3%D8%B7%D8%AD_%D8%B1%D8%A3%D8%B3_%D8%A7%D9%84%D8%AE%D9%8A%D9%85%D8%A9,0,237,0%,5.39
https://www.rukn-eltatawer.com/ceramic-installation-company-in-dubai/#%D8%AF%D8%B1%D8%A7%D8%B3%D8%A7%D8%AA_%D8%AD%D8%A7%D9%84%D8%A9_%D9%88%D8%AA%D8%AC%D8%A7%D8%B1%D8%A8_%D8%B9%D9%85%D9%84%D8%A7%D8%A1_%D8%B4%D8%B1%D9%83%D8%A9_%D8%AA%D8%B1%D9%83%D9%8A%D8%A8_%D8%B3%D9%8A%D8%B1%D8%A7%D9%85%D9%8A%D9%83_%D9%81%D9%8A_%D8%AF%D8%A8%D9%8A,0,236,0%,3.67
https://www.rukn-eltatawer.com/air-conditioner-cleaning-in-sharjah/#%D8%AE%D8%AF%D9%85%D8%A7%D8%AA_%D8%B4%D8%B1%D9%83%D8%A9_%D8%AA%D9%86%D8%B8%D9%8A%D9%81_%D9%85%D9%83%D9%8A%D9%81%D8%A7%D8%AA_%D9%81%D9%8A_%D8%A7%D9%84%D8%B4%D8%A7%D8%B1%D9%82%D8%A9,0,236,0%,4.08
https://www.rukn-eltatawer.com/air-conditioner-cleaning-in-sharjah/#%D8%B4%D8%B1%D9%83%D8%A9_%D8%AA%D9%86%D8%B8%D9%8A%D9%81_%D9%85%D9%83%D9%8A%D9%81%D8%A7%D8%AA_%D9%81%D9%8A_%D8%A7%D9%84%D8%B4%D8%A7%D8%B1%D9%82%D8%A9,0,236,0%,4.08
https://www.rukn-eltatawer.com/roof-insulation-in-abu-dhabi/#%D9%81%D9%88%D8%A7%D8%A6%D8%AF_%D8%B9%D8%B2%D9%84_%D8%A7%D8%B3%D8%B7%D8%AD_%D8%A7%D9%84%D9%85%D9%86%D8%A7%D8%B2%D9%84_%D9%81%D9%8A_%D8%B4%D8%B1%D9%83%D8%A9_%D8%B9%D8%B2%D9%84_%D8%A3%D8%B3%D8%B7%D8%AD_%D9%81%D9%8A_%D8%A3%D8%A8%D9%88%D8%B8%D8%A8%D9%8A,0,236,0%,4.29
https://www.rukn-eltatawer.com/al-ain-landscaping-company/#%D8%B4%D8%B1%D9%83%D8%A7%D8%AA_%D8%AA%D9%86%D8%B3%D9%8A%D9%82_%D8%AD%D8%AF%D8%A7%D8%A6%D9%82_%D9%81%D9%8A_%D8%A7%D9%84%D8%B9%D9%8A%D9%86,0,235,0%,2.97
https://www.rukn-eltatawer.com/insect-control-in-sharjah/#%D8%AC%D9%87%D8%A7%D8%B2_%D9%85%D9%83%D8%A7%D9%81%D8%AD%D8%A9_%D8%A7%D9%84%D9%86%D8%A7%D9%85%D9%88%D8%B3_%D9%81%D9%8A_%D8%A7%D9%84%D8%B4%D8%A7%D8%B1%D9%82%D8%A9,0,235,0%,6.8
https://www.rukn-eltatawer.com/swimming-pools-company-in-sharjah/#%D9%85%D9%85%D9%8A%D8%B2%D8%A7%D8%AA_%D8%B4%D8%B1%D9%83%D8%A9_%D8%A5%D9%86%D8%B4%D8%A7%D8%A1_%D9%88%D8%B5%D9%8A%D8%A7%D9%86%D8%A9_%D9%85%D8%B3%D8%A7%D8%A8%D8%AD_%D8%A7%D9%84%D8%B4%D8%A7%D8%B1%D9%82%D8%A9,0,233,0%,6.17
https://www.rukn-eltatawer.com/sewer-wiring-abu-dhabi/#%D8%AE%D8%AF%D9%85%D8%A7%D8%AA_%D8%B4%D8%B1%D9%83%D8%A9_%D8%AA%D8%B3%D9%84%D9%8A%D9%83_%D9%85%D8%AC%D8%A7%D8%B1%D9%8A_%D9%81%D9%8A_%D8%A3%D8%A8%D9%88%D8%B8%D8%A8%D9%8A,0,231,0%,3.88
https://www.rukn-eltatawer.com/insect-control-in-umm-al-quwain/#%D8%A3%D8%B3%D8%A8%D8%A7%D8%A8_%D8%A5%D9%86%D8%AA%D8%B4%D8%A7%D8%B1_%D8%A7%D9%84%D8%AD%D8%B4%D8%B1%D8%A7%D8%AA,0,227,0%,2.1
https://www.rukn-eltatawer.com/insect-control-in-umm-al-quwain/#%D8%A3%D9%81%D8%B6%D9%84_%D8%B4%D8%B1%D9%83%D8%A9_%D9%85%D9%83%D8%A7%D9%81%D8%AD%D8%A9_%D8%AD%D8%B4%D8%B1%D8%A7%D8%AA_%D9%81%D9%8A_%D8%A3%D9%85_%D8%A7%D9%84%D9%82%D9%8A%D9%88%D9%8A%D9%86,0,227,0%,2.1
https://www.rukn-eltatawer.com/insect-control-in-umm-al-quwain/#%D8%A7%D9%84%D8%A3%D8%AF%D9%88%D8%A7%D8%AA_%D8%A7%D9%84%D8%AA%D9%8A_%D8%AA%D8%B3%D8%AA%D8%AE%D8%AF%D9%85%D9%87%D8%A7_%D8%B4%D8%B1%D9%83%D8%A9_%D9%85%D9%83%D8%A7%D9%81%D8%AD%D8%A9_%D8%AD%D8%B4%D8%B1%D8%A7%D8%AA_%D9%81%D9%8A_%D8%A3%D9%85_%D8%A7%D9%84%D9%82%D9%8A%D9%88%D9%8A%D9%86,0,227,0%,2.1
https://www.rukn-eltatawer.com/insect-control-in-umm-al-quwain/#%D8%A7%D9%84%D9%85%D8%A8%D9%8A%D8%AF%D8%A7%D8%AA_%D8%A7%D9%84%D8%AA%D9%8A_%D8%AA%D8%B3%D8%AA%D8%AE%D8%AF%D9%85%D9%87%D8%A7_%D8%B4%D8%B1%D9%83%D8%AA%D9%86%D8%A7_%D9%84%D8%A5%D8%A8%D8%A7%D8%AF%D8%A9_%D8%A7%D9%84%D8%AD%D8%B4%D8%B1%D8%A7%D8%AA,0,227,0%,2.1
https://www.rukn-eltatawer.com/al-ain-landscaping-company/#%D8%AA%D9%86%D8%B3%D9%8A%D9%82_%D8%AD%D8%AF%D8%A7%D8%A6%D9%82_%D8%A7%D9%84%D9%81%D9%84%D9%84_%D8%A7%D9%84%D8%B9%D9%8A%D9%86,0,227,0%,2.99
https://www.rukn-eltatawer.com/ras-al-khaimah-roof-insulation-company/#%D8%A7%D9%81%D8%B6%D9%84_%D8%B4%D8%B1%D9%83%D8%A9_%D8%B9%D8%B2%D9%84_%D8%A3%D8%B3%D8%B7%D8%AD_%D9%81%D9%8A_%D8%B1%D8%A3%D8%B3_%D8%A7%D9%84%D8%AE%D9%8A%D9%85%D8%A9,0,227,0%,5.51
https://www.rukn-eltatawer.com/ras-al-khaimah-roof-insulation-company/#%D8%AE%D8%AF%D9%85%D8%A7%D8%AA_%D8%B9%D8%B2%D9%84_%D8%A3%D8%B3%D8%B7%D8%AD_%D8%A8%D8%B1%D8%A7%D8%B3_%D8%A7%D9%84%D8%AE%D9%8A%D9%85%D8%A9,0,227,0%,5.51
https://www.rukn-eltatawer.com/ras-al-khaimah-roof-insulation-company/#%D8%B4%D8%B1%D9%83%D8%A9_%D8%B9%D8%B2%D9%84_%D8%A3%D8%B3%D8%B7%D8%AD_%D9%81%D9%88%D9%85_%D8%B1%D8%A3%D8%B3_%D8%A7%D9%84%D8%AE%D9%8A%D9%85%D8%A9,0,227,0%,5.51
https://www.rukn-eltatawer.com/sewerage-plumbing-sharjah/#%D9%81%D8%AA%D8%AD_%D8%A8%D8%A7%D9%84%D9%88%D8%B9%D8%A7%D8%AA_%D8%A7%D9%84%D9%85%D8%AC%D8%A7%D8%B1%D9%8A_%D9%81%D9%8A_%D8%A7%D9%84%D8%B4%D8%A7%D8%B1%D9%82%D8%A9,0,224,0%,3.85
https://www.rukn-eltatawer.com/termite-control-dubai/#%D8%B4%D8%B1%D9%83%D8%A9_%D9%85%D9%83%D8%A7%D9%81%D8%AD%D8%A9_%D8%A7%D9%84%D9%86%D9%85%D9%84_%D8%A7%D9%84%D8%A7%D8%A8%D9%8A%D8%B6_%D9%81%D9%8A_%D8%AF%D8%A8%D9%8A,0,224,0%,4.95
https://www.rukn-eltatawer.com/water-leak-detection-company-in-ajman/#%D8%A3%D9%81%D8%B6%D9%84_%D8%B4%D8%B1%D9%83%D8%A9_%D9%83%D8%B4%D9%81_%D8%AA%D8%B3%D8%B1%D8%A8%D8%A7%D8%AA_%D8%A7%D9%84%D9%85%D9%8A%D8%A7%D9%87_%D9%81%D9%8A_%D8%B9%D8%AC%D9%85%D8%A7%D9%86,0,223,0%,3.47
https://www.rukn-eltatawer.com/pest-control-khor-fakkan/#%D9%85%D9%83%D8%A7%D9%81%D8%AD%D8%A9_%D8%A8%D9%82_%D8%A7%D9%84%D9%81%D8%B1%D8%A7%D8%B4_%D9%88%D8%A7%D9%84%D9%82%D9%88%D8%A7%D8%B1%D8%B6_%D9%81%D9%8A_%D8%AE%D9%88%D8%B1%D9%81%D9%83%D8%A7%D9%86_%D8%A8%D8%B7%D8%B1%D9%82_%D8%A2%D9%85%D9%86%D8%A9_%D9%88%D9%85%D8%B6%D9%85%D9%88%D9%86%D8%A9,0,222,0%,5.17
https://www.rukn-eltatawer.com/dubai-pigeons-repellent-installation/#%D8%AA%D8%B1%D9%83%D9%8A%D8%A8_%D8%B7%D8%A7%D8%B1%D8%AF_%D8%AD%D9%85%D8%A7%D9%85_%D9%88_%D8%B7%D9%8A%D9%88%D8%B1_%D9%81%D9%8A_%D8%A7%D9%84%D8%A7%D9%85%D8%A7%D8%B1%D8%A7%D8%AA,0,221,0%,3.47
https://www.rukn-eltatawer.com/dubai-pigeons-repellent-installation/#%D8%B4%D8%B1%D9%83%D8%A7%D8%AA_%D9%85%D9%83%D8%A7%D9%81%D8%AD%D8%A9_%D8%A7%D9%84%D8%AD%D9%85%D8%A7%D9%85_%D8%AF%D8%A7%D8%AE%D9%84_%D8%A7%D9%84%D8%A7%D9%85%D8%A7%D8%B1%D8%A7%D8%AA,0,220,0%,3.4
https://www.rukn-eltatawer.com/swimming-pools-company-in-sharjah/#%D8%B4%D8%B1%D9%83%D8%A9_%D8%A5%D9%86%D8%B4%D8%A7%D8%A1_%D9%88%D8%B5%D9%8A%D8%A7%D9%86%D8%A9_%D9%85%D8%B3%D8%A7%D8%A8%D8%AD_%D8%A7%D9%84%D8%B4%D8%A7%D8%B1%D9%82%D8%A9,0,219,0%,6.28
https://www.rukn-eltatawer.com/swimming-pools-company-in-sharjah/#%D8%AE%D8%B7%D9%88%D8%A7%D8%AA_%D8%B4%D8%B1%D9%83%D8%A9_%D8%AA%D9%86%D8%B8%D9%8A%D9%81_%D9%85%D8%B3%D8%A7%D8%A8%D8%AD_%D9%81%D9%8A_%D8%A7%D9%84%D8%B4%D8%A7%D8%B1%D9%82%D8%A9,0,218,0%,6.28
https://www.rukn-eltatawer.com/abu-dhabi-air-conditioner-cleaning-company/#%D8%A3%D9%81%D8%B6%D9%84_%D8%B4%D8%B1%D9%83%D8%A9_%D8%AA%D9%86%D8%B8%D9%8A%D9%81_%D9%85%D9%83%D9%8A%D9%81%D8%A7%D8%AA_%D9%81%D9%8A_%D8%A3%D8%A8%D9%88%D8%B8%D8%A8%D9%8A,0,217,0%,4.74
https://www.rukn-eltatawer.com/al-ain-landscaping-company/#%D8%AA%D8%B2%D9%8A%D9%86_%D8%AD%D8%AF%D8%A7%D8%A6%D9%82_%D9%81%D9%8A_%D8%A7%D9%84%D8%B9%D9%8A%D9%86,0,214,0%,2.99
https://www.rukn-eltatawer.com/a-water-leak-detection-company-in-abu-dhabi/#%F0%9F%8C%8A_%D8%A3%D9%87%D9%85%D9%8A%D8%A9_%D8%A7%D9%84%D9%83%D8%B4%D9%81_%D8%B9%D9%86_%D8%AA%D8%B3%D8%B1%D8%A8%D8%A7%D8%AA_%D8%A7%D9%84%D9%85%D9%8A%D8%A7%D9%87,0,214,0%,3.36
https://www.rukn-eltatawer.com/water-leak-detection-company-in-ajman/#%D9%86%D8%B5%D8%A7%D8%A6%D8%AD_%D8%B4%D8%B1%D9%83%D8%A9_%D9%83%D8%B4%D9%81_%D8%AA%D8%B3%D8%B1%D8%A8%D8%A7%D8%AA_%D8%A7%D9%84%D9%85%D9%8A%D8%A7%D9%87_%D9%81%D9%8A_%D8%B9%D8%AC%D9%85%D8%A7%D9%86,0,214,0%,3.42
https://www.rukn-eltatawer.com/abu-dhabi-sofa-cleaning-company/#%D8%AE%D8%AF%D9%85%D8%A7%D8%AA_%D8%B4%D8%B1%D9%83%D8%A9_%D8%AA%D9%86%D8%B8%D9%8A%D9%81_%D9%83%D9%86%D8%A8_%D8%A3%D8%A8%D9%88%D8%B8%D8%A8%D9%8A,0,213,0%,8.95
https://www.rukn-eltatawer.com/ceramic-installation-company-in-dubai/#%D8%A3%D9%87%D9%85%D9%8A%D8%A9_%D8%A7%D8%AE%D8%AA%D9%8A%D8%A7%D8%B1_%D8%B4%D8%B1%D9%83%D8%A9_%D8%AA%D8%B1%D9%83%D9%8A%D8%A8_%D8%B3%D9%8A%D8%B1%D8%A7%D9%85%D9%8A%D9%83_%D9%81%D9%8A_%D8%AF%D8%A8%D9%8A_%D8%A7%D9%84%D9%85%D9%86%D8%A7%D8%B3%D8%A8%D8%A9,0,211,0%,3.3
https://www.rukn-eltatawer.com/dyeing-in-al-ain/#%D8%A3%D8%B1%D8%AE%D8%B5_%D8%B4%D8%B1%D9%83%D8%A7%D8%AA_%D8%B5%D8%A8%D8%BA_%D9%81%D9%8A_%D8%A7%D9%84%D8%B9%D9%8A%D9%86,0,211,0%,4.67
https://www.rukn-eltatawer.com/roof-insulation-in-abu-dhabi/#%D8%B4%D8%B1%D9%83%D8%A9_%D8%B9%D8%B2%D9%84_%D8%A3%D8%B3%D8%B7%D8%AD_%D9%81%D9%8A_%D8%A3%D8%A8%D9%88%D8%B8%D8%A8%D9%8A_%D9%85%D8%A8%D9%84%D8%B7%D8%A9,0,210,0%,3.82
https://www.rukn-eltatawer.com/sewerage-plumbing-company-in-al-ain/#%D8%B2%D9%86%D8%A8%D8%B1%D9%83_%D8%AA%D8%B3%D9%84%D9%8A%D9%83_%D8%A7%D9%84%D9%85%D8%AC%D8%A7%D8%B1%D9%8A_%D9%81%D9%8A_%D8%A7%D9%84%D8%B9%D9%8A%D9%86,0,209,0%,2.51
https://www.rukn-eltatawer.com/sewerage-plumbing-company-in-al-ain/#%D8%AE%D8%B7%D9%88%D8%A7%D8%AA_%D8%B4%D8%B1%D9%83%D8%A9_%D8%AA%D8%B3%D9%84%D9%8A%D9%83_%D9%85%D8%AC%D8%A7%D8%B1%D9%8A_%D9%81%D9%8A_%D8%A7%D9%84%D8%B9%D9%8A%D9%86,0,208,0%,2.5
https://www.rukn-eltatawer.com/sewerage-plumbing-company-in-al-ain/#%D8%AE%D8%AF%D9%85%D8%A7%D8%AA_%D8%B4%D8%B1%D9%83%D8%A9_%D8%AA%D8%B3%D9%84%D9%8A%D9%83_%D9%85%D8%AC%D8%A7%D8%B1%D9%8A_%D9%81%D9%8A_%D8%A7%D9%84%D8%B9%D9%8A%D9%86,0,207,0%,2.49
https://www.rukn-eltatawer.com/sewer-wiring-company-in-fujairah/#%D8%AE%D8%AF%D9%85%D8%A7%D8%AA_%D8%AA%D8%B3%D9%84%D9%8A%D9%83_%D9%85%D8%AC%D8%A7%D8%B1%D9%8A_%D9%81%D9%8A_%D8%A7%D9%84%D9%81%D8%AC%D9%8A%D8%B1%D8%A9,0,207,0%,2.7
https://www.rukn-eltatawer.com/sewer-wiring-company-in-fujairah/#%D8%B7%D8%B1%D9%82_%D9%85%D8%B9%D8%A7%D9%84%D8%AC%D8%A9_%D8%B4%D8%B1%D9%83%D8%A9_%D8%AA%D8%B3%D9%84%D9%8A%D9%83_%D8%A7%D9%84%D9%85%D8%AC%D8%A7%D8%B1%D9%8A_%D9%81%D9%89_%D8%A7%D9%84%D9%81%D8%AC%D9%8A%D8%B1%D8%A9,0,207,0%,2.72
https://www.rukn-eltatawer.com/dyeing-in-al-ain/#%D8%B1%D9%82%D9%85_%D8%B4%D8%B1%D9%83%D8%A7%D8%AA_%D8%B5%D8%A8%D8%BA_%D9%81%D9%8A_%D8%A7%D9%84%D8%B9%D9%8A%D9%86,0,207,0%,4.72
https://www.rukn-eltatawer.com/air-conditioner-cleaning-company-in-al-ain/#%D9%86%D8%B5%D8%A7%D8%A6%D8%AD_%D8%B4%D8%B1%D9%83%D8%A9_%D8%AA%D9%86%D8%B8%D9%8A%D9%81_%D9%85%D9%83%D9%8A%D9%81%D8%A7%D8%AA_%D9%81%D9%89_%D8%A7%D9%84%D8%B9%D9%8A%D9%86,0,206,0%,7.39
https://www.rukn-eltatawer.com/sewer-wiring-company-in-fujairah/#%D8%A3%D8%B3%D8%A8%D8%A7%D8%A8_%D8%A7%D9%86%D8%B3%D8%AF%D8%A7%D8%AF_%D8%A7%D9%84%D9%85%D8%AC%D8%A7%D8%B1%D9%8A_%D9%81%D9%8A_%D8%A7%D9%84%D9%81%D8%AC%D9%8A%D8%B1%D8%A9,0,205,0%,2.7
https://www.rukn-eltatawer.com/sewer-wiring-company-in-fujairah/#%D8%A3%D9%81%D8%B6%D9%84_%D8%B4%D8%B1%D9%83%D8%A9_%D8%AA%D8%B3%D9%84%D9%8A%D9%83_%D9%85%D8%AC%D8%A7%D8%B1%D9%8A_%D9%81%D9%8A_%D8%A7%D9%84%D9%81%D8%AC%D9%8A%D8%B1%D8%A9,0,205,0%,2.7
https://www.rukn-eltatawer.com/sewer-wiring-company-in-fujairah/#%D9%85%D8%A7_%D9%87%D9%8A_%D9%85%D8%B4%D8%A7%D9%83%D9%84_%D8%A7%D9%86%D8%B3%D8%AF%D8%A7%D8%AF_%D8%A7%D9%84%D9%85%D8%AC%D8%A7%D8%B1%D9%8A_%D8%9F,0,205,0%,2.7
https://www.rukn-eltatawer.com/dubai-tank-cleaning-company/#%D8%A7%D9%81%D8%B6%D9%84_%D8%B4%D8%B1%D9%83%D8%A9_%D8%AA%D9%86%D8%B8%D9%8A%D9%81_%D8%AE%D8%B2%D8%A7%D9%86%D8%A7%D8%AA_%D8%AF%D8%A8%D9%8A,0,205,0%,2.83
https://www.rukn-eltatawer.com/sewer-wiring-abu-dhabi/#%D8%AE%D8%B7%D9%88%D8%A7%D8%AA_%D8%B9%D9%85%D9%84_%D8%B4%D8%B1%D9%83%D8%A9_%D8%AA%D8%B3%D9%84%D9%8A%D9%83_%D9%85%D8%AC%D8%A7%D8%B1%D9%8A_%D9%81%D9%8A_%D8%A3%D8%A8%D9%88%D8%B8%D8%A8%D9%8A,0,205,0%,3.95
https://www.rukn-eltatawer.com/dyeing-in-al-ain/#%D8%B4%D8%B1%D9%83%D8%A9_%D8%B5%D8%A8%D8%BA_%D9%81%D9%8A_%D8%A8%D8%A7%D9%84%D8%B9%D9%8A%D9%86,0,204,0%,4.68
https://www.rukn-eltatawer.com/dyeing-in-al-ain/#%D8%B4%D8%B1%D9%83%D8%A7%D8%AA_%D8%B5%D8%A8%D8%BA_%D9%81%D9%8A_%D8%A7%D9%84%D8%B9%D9%8A%D9%86,0,204,0%,4.69
https://www.rukn-eltatawer.com/dyeing-in-al-ain/#%D8%A7%D9%81%D8%B6%D9%84_%D8%B5%D8%A8%D8%A7%D8%BA_%D9%81%D9%8A_%D8%A7%D9%84%D8%B9%D9%8A%D9%86,0,203,0%,4.76
https://www.rukn-eltatawer.com/al-ain-landscaping-company/#%D8%B9%D8%B4%D8%A8_%D8%B5%D9%86%D8%A7%D8%B9%D9%8A_%D9%81%D9%8A_%D8%A7%D9%84%D8%B9%D9%8A%D9%86,0,202,0%,3.08
https://www.rukn-eltatawer.com/sharjah-villas-cleaning-company/,0,202,0%,47.54
https://www.rukn-eltatawer.com/umm-al-quwain-sewage-wiring/#%D8%AE%D8%AF%D9%85%D8%A7%D8%AA_%D8%B4%D8%B1%D9%83%D8%A9_%D8%AA%D8%B3%D9%84%D9%8A%D9%83_%D8%A7%D9%84%D9%85%D8%AC%D8%A7%D8%B1%D9%8A_%D9%81%D9%8A_%D8%A3%D9%85_%D8%A7%D9%84%D9%82%D9%8A%D9%88%D9%8A%D9%86,0,201,0%,3.48
https://www.rukn-eltatawer.com/umm-al-quwain-sewage-wiring/#%D9%85%D9%85%D9%8A%D8%B2%D8%A7%D8%AA_%D8%B4%D8%B1%D9%83%D8%A9_%D8%AA%D8%B3%D9%84%D9%8A%D9%83_%D8%A7%D9%84%D9%85%D8%AC%D8%A7%D8%B1%D9%8A_%D9%81%D9%8A_%D8%A3%D9%85_%D8%A7%D9%84%D9%82%D9%8A%D9%88%D9%8A%D9%86,0,201,0%,3.48
https://www.rukn-eltatawer.com/al-ain-landscaping-company/#%D8%A7%D8%B1%D8%AE%D8%B5_%D8%A7%D8%B3%D8%B9%D8%A7%D8%B1_%D8%AA%D9%86%D8%B3%D9%8A%D9%82_%D8%A7%D9%84%D8%AD%D8%AF%D8%A7%D8%A6%D9%82_%D9%81%D9%8A_%D8%A7%D9%84%D8%B9%D9%8A%D9%86,0,199,0%,3.09
https://www.rukn-eltatawer.com/sewerage-plumbing-company-in-al-ain/#%D8%AC%D9%87%D8%A7%D8%B2_%D8%AA%D8%B3%D9%84%D9%8A%D9%83_%D9%85%D8%AC%D8%A7%D8%B1%D9%8A_%D9%81%D9%8A_%D8%A7%D9%84%D8%B9%D9%8A%D9%86,0,198,0%,2.45
https://www.rukn-eltatawer.com/dubai-villas-cleaning-company/#%D8%A7%D9%81%D8%B6%D9%84_%D8%B4%D8%B1%D9%83%D8%A9_%D8%AA%D9%86%D8%B8%D9%8A%D9%81_%D9%81%D9%84%D9%84_%D8%AF%D8%A8%D9%8A,0,196,0%,3.68
https://www.rukn-eltatawer.com/dubai-villas-cleaning-company/#%D8%AE%D8%AF%D9%85%D8%A7%D8%AA_%D8%B4%D8%B1%D9%83%D8%A9_%D8%AA%D9%86%D8%B8%D9%8A%D9%81_%D9%81%D9%84%D9%84_%D8%A8%D8%AF%D8%A8%D9%8A,0,196,0%,3.68
https://www.rukn-eltatawer.com/roof-insulation-in-abu-dhabi/#%D8%B4%D8%B1%D9%83%D8%A7%D8%AA_%D8%B9%D8%B2%D9%84_%D8%A3%D8%B3%D8%B7%D8%AD_%D9%81%D9%8A_%D8%A3%D8%A8%D9%88%D8%B8%D8%A8%D9%8A,0,195,0%,3.45
https://www.rukn-eltatawer.com/dubai-villas-cleaning-company/#%D9%86%D8%B8%D8%A7%D9%81%D8%A9_%D8%AD%D8%AF%D8%A7%D8%A6%D9%82_%D8%A7%D9%84%D9%81%D9%84%D9%84_%D8%A8%D8%AF%D8%A8%D9%8A,0,195,0%,3.69
https://www.rukn-eltatawer.com/water-leak-detection-company-in-qatar/#%D8%A3%D9%87%D9%85%D9%8A%D8%A9_%D9%83%D8%B4%D9%81_%D8%AA%D8%B3%D8%B1%D8%A8%D8%A7%D8%AA_%D8%A7%D9%84%D9%85%D9%8A%D8%A7%D9%87_%D8%AD%D9%85%D8%A7%D9%8A%D8%A9_%D9%84%D9%85%D9%86%D8%B2%D9%84%D9%83_%D9%88%D8%A7%D8%B3%D8%AA%D8%AB%D9%85%D8%A7%D8%B1%D9%83,0,195,0%,5.37
https://www.rukn-eltatawer.com/water-leak-detection-company-in-qatar/#%D8%AA%D9%82%D9%86%D9%8A%D8%A7%D8%AA_%D8%B4%D8%B1%D9%83%D8%A9_%D9%83%D8%B4%D9%81_%D8%AA%D8%B3%D8%B1%D8%A8%D8%A7%D8%AA_%D8%A7%D9%84%D9%85%D9%8A%D8%A7%D9%87_%D9%81%D9%8A_%D9%82%D8%B7%D8%B1,0,195,0%,5.37
https://www.rukn-eltatawer.com/sharjah-glass-facade-cleaning-company/,0,193,0%,8.96
https://www.rukn-eltatawer.com/ajman-roof-insulation-company/#%D8%AE%D8%B7%D9%88%D8%A7%D8%AA_%D8%B9%D9%85%D9%84_%D8%B4%D8%B1%D9%83%D8%A9_%D8%B9%D8%B2%D9%84_%D8%A7%D8%B3%D8%B7%D8%AD_%D9%81%D9%8A_%D8%B9%D8%AC%D9%85%D8%A7%D9%86,0,192,0%,2.75
https://www.rukn-eltatawer.com/shrkh-tnzyf-mkyfat-fy-dby/#%F0%9F%8F%86_%D8%B4%D8%B1%D9%83%D8%A9_%D8%AA%D9%86%D8%B8%D9%8A%D9%81_%D9%85%D9%83%D9%8A%D9%81%D8%A7%D8%AA_%D9%81%D9%8A_%D8%AF%D8%A8%D9%8A_%E2%80%93_%D8%AE%D8%AF%D9%85%D8%A9_24_%D8%B3%D8%A7%D8%B9%D8%A9_%D9%88%D8%B6%D9%85%D8%A7%D9%86_%D8%B4%D8%A7%D9%85%D9%84_%D8%B1%D9%83%D9%86_%D8%A7%D9%84%D8%AA%D8%B7%D9%88%D8%B1,0,190,0%,9.45
https://www.rukn-eltatawer.com/roof-insulation-in-abu-dhabi/#%D8%A3%D9%81%D8%B6%D9%84_%D8%B4%D8%B1%D9%83%D8%A9_%D8%B9%D8%B2%D9%84_%D8%A3%D8%B3%D8%B7%D8%AD_%D9%81%D9%8A_%D8%A3%D8%A8%D9%88%D8%B8%D8%A8%D9%8A,0,186,0%,3.18
https://www.rukn-eltatawer.com/sewer-wiring-abu-dhabi/#%D8%AA%D8%B3%D9%84%D9%8A%D9%83_%D9%85%D8%AC%D8%A7%D8%B1%D9%8A_%D8%A7%D9%84%D9%85%D8%B7%D8%A8%D8%AE_%D9%81%D9%8A_%D8%A7%D8%A8%D9%88%D8%B8%D8%A8%D9%8A,0,185,0%,4.36
https://www.rukn-eltatawer.com/shrkh-tnzyf-mkyfat-fy-dby/#%D9%83%D9%8A%D9%81_%D8%AA%D8%B9%D9%85%D9%84_%D8%B4%D8%B1%D9%83%D8%A9_%D8%AA%D9%86%D8%B8%D9%8A%D9%81_%D9%85%D9%83%D9%8A%D9%81%D8%A7%D8%AA_%D9%81%D9%8A_%D8%AF%D8%A8%D9%8A%D8%9F_%E2%80%93_%D8%A8%D8%B1%D9%88%D8%AA%D9%88%D9%83%D9%88%D9%84_%D8%B1%D9%83%D9%86_%D8%A7%D9%84%D8%AA%D8%B7%D9%88%D8%B1_%D9%85%D9%86_9_%D8%AE%D8%B7%D9%88%D8%A7%D8%AA,0,185,0%,9.5
https://www.rukn-eltatawer.com/dubai-tank-cleaning-company/#%D8%B4%D8%B1%D9%83%D8%A9_%D8%AA%D9%86%D8%B8%D9%8A%D9%81_%D8%AE%D8%B2%D8%A7%D9%86%D8%A7%D8%AA_%D8%AF%D8%A8%D9%8A,0,182,0%,2.8
https://www.rukn-eltatawer.com/pest-control-company-in-al-ain/#%D8%B1%D8%B4_%D8%AD%D8%B4%D8%B1%D8%A7%D8%AA_%D8%A7%D9%84%D8%B9%D9%8A%D9%86,0,179,0%,2.69
https://www.rukn-eltatawer.com/landscaping-company-in-dubai/#%D9%85%D8%A7_%D8%A7%D9%84%D8%AC%D9%87%D8%A7%D8%AA_%D8%A7%D9%84%D8%AA%D9%8A_%D8%AA%D9%88%D9%81%D8%B1_%D8%A7%D9%84%D8%B4%D8%B1%D9%83%D8%A9_%D9%84%D9%87%D8%A7_%D8%AE%D8%AF%D9%85%D8%A7%D8%AA%D9%87%D8%A7,0,179,0%,2.75
https://www.rukn-eltatawer.com/dubai-carpet-cleaning-company/#%D8%AE%D8%AF%D9%85%D8%A7%D8%AA_%D8%B4%D8%B1%D9%83%D8%A9_%D8%B1%D9%83%D9%86_%D8%A7%D9%84%D8%AA%D8%B7%D9%88%D8%B1,0,178,0%,4.83
https://www.rukn-eltatawer.com/dubai-carpet-cleaning-company/#%D8%B4%D8%B1%D9%83%D8%A9_%D8%BA%D8%B3%D9%8A%D9%84_%D8%B3%D8%AC%D8%A7%D8%AF_%D8%A8%D8%AF%D8%A8%D9%8A,0,178,0%,4.83
https://www.rukn-eltatawer.com/water-leak-detection-company-in-qatar/#%D8%AE%D8%AF%D9%85%D8%A7%D8%AA_%D8%B4%D8%B1%D9%83%D8%A9_%D8%B1%D9%83%D9%86_%D8%A7%D9%84%D8%AA%D8%B7%D9%88%D8%B1_%D9%81%D9%8A_%D9%82%D8%B7%D8%B1,0,177,0%,5.5
https://www.rukn-eltatawer.com/shrkh-tnzyf-mkyfat-fy-dby/#%D8%A3%D8%B3%D8%B9%D8%A7%D8%B1_%D8%B4%D8%B1%D9%83%D8%A9_%D8%AA%D9%86%D8%B8%D9%8A%D9%81_%D9%85%D9%83%D9%8A%D9%81%D8%A7%D8%AA_%D9%81%D9%8A_%D8%AF%D8%A8%D9%8A_2026_%E2%80%93_%D8%B4%D9%81%D8%A7%D9%81%D8%A9_%D9%88%D8%A8%D8%AF%D9%88%D9%86_%D9%85%D9%81%D8%A7%D8%AC%D8%A2%D8%AA,0,177,0%,9.62
https://www.rukn-eltatawer.com/shrkh-tnzyf-mkyfat-fy-dby/#%D9%85%D8%A7_%D9%87%D9%8A_%D8%B4%D8%B1%D9%83%D8%A9_%D8%AA%D9%86%D8%B8%D9%8A%D9%81_%D9%85%D9%83%D9%8A%D9%81%D8%A7%D8%AA_%D9%81%D9%8A_%D8%AF%D8%A8%D9%8A%D8%9F,0,173,0%,9.65
https://www.rukn-eltatawer.com/shrkh-tnzyf-mkyfat-fy-dby/#8_%D8%B9%D9%84%D8%A7%D9%85%D8%A7%D8%AA_%D8%AA%D8%AE%D8%A8%D8%B1%D9%83_%D8%A3%D9%86_%D9%85%D9%83%D9%8A%D9%81%D9%83_%D9%8A%D8%AD%D8%AA%D8%A7%D8%AC_%D8%B4%D8%B1%D9%83%D8%A9_%D8%AA%D9%86%D8%B8%D9%8A%D9%81_%D9%85%D9%83%D9%8A%D9%81%D8%A7%D8%AA_%D9%81%D9%8A_%D8%AF%D8%A8%D9%8A_%D9%81%D9%88%D8%B1%D8%A7%D9%8B,0,173,0%,9.65
https://www.rukn-eltatawer.com/air-conditioner-cleaning-company-in-ajman/#%D8%A3%D9%81%D8%B6%D9%84_%D8%B4%D8%B1%D9%83%D8%A9_%D8%AA%D9%86%D8%B8%D9%8A%D9%81_%D9%85%D9%83%D9%8A%D9%81%D8%A7%D8%AA_%D9%81%D9%8A_%D8%B9%D8%AC%D9%85%D8%A7%D9%86,0,172,0%,6.08
https://www.rukn-eltatawer.com/air-conditioner-cleaning-company-in-ajman/#%D8%AE%D8%AF%D9%85%D8%A7%D8%AA_%D8%B4%D8%B1%D9%83%D8%A9_%D8%AA%D9%86%D8%B8%D9%8A%D9%81_%D9%85%D9%83%D9%8A%D9%81%D8%A7%D8%AA_%D9%81%D9%89_%D8%B9%D8%AC%D9%85%D8%A7%D9%86,0,172,0%,6.08
https://www.rukn-eltatawer.com/sa/water-leak-detection-unaizah/,0,172,0%,37.25
https://www.rukn-eltatawer.com/insect-control-in-dubai/#%D8%B4%D8%B1%D9%83%D8%A9_%D9%85%D8%A8%D9%8A%D8%AF%D8%A7%D8%AA_%D8%AD%D8%B4%D8%B1%D9%8A%D8%A9_%D9%81%D9%8A_%D8%AF%D8%A8%D9%8A,0,170,0%,3.64
https://www.rukn-eltatawer.com/abu-dhabi-kitchen-cleaning-company/#%D8%A7%D9%81%D8%B6%D9%84_%D8%B4%D8%B1%D9%83%D8%A9_%D8%AA%D9%86%D8%B8%D9%8A%D9%81_%D9%85%D8%B7%D8%A7%D8%A8%D8%AE_%D9%81%D9%8A_%D8%A3%D8%A8%D9%88%D8%B8%D8%A8%D9%8A,0,170,0%,3.78
https://www.rukn-eltatawer.com/air-conditioner-cleaning-company-in-al-ain/#%D8%AE%D8%AF%D9%85%D8%A7%D8%AA_%D8%AA%D9%86%D8%B8%D9%8A%D9%81_%D9%85%D9%83%D9%8A%D9%81%D8%A7%D8%AA_%D8%A7%D9%84%D9%87%D9%88%D8%A7%D8%A1,0,169,0%,7.21
https://www.rukn-eltatawer.com/a-water-leak-detection-company-in-abu-dhabi/#%D8%A7%D9%84%D8%AA%D8%B3%D8%B1%D8%A8_%D8%A7%D9%84%D9%85%D8%A7%D8%A6%D9%8A,0,168,0%,3.13
https://www.rukn-eltatawer.com/sewerage-plumbing-company-in-al-ain/#%D8%A7%D8%B3%D9%8A%D8%A7%D8%AE_%D8%AA%D8%B3%D9%84%D9%8A%D9%83_%D8%A7%D9%84%D9%85%D8%AC%D8%A7%D8%B1%D9%8A_%D9%81%D9%8A_%D8%A7%D9%84%D8%B9%D9%8A%D9%86,0,167,0%,2.1
https://www.rukn-eltatawer.com/a-water-leak-detection-company-in-sharjah/#rukn-h-3,0,167,0%,4.96
https://www.rukn-eltatawer.com/dyeing-abu-dhabi/#%D8%B4%D8%B1%D9%83%D8%A7%D8%AA_%D8%B5%D8%A8%D8%BA_%D9%81%D9%8A_%D8%A7%D8%A8%D9%88%D8%B8%D8%A8%D9%8A,0,164,0%,6.04
https://www.rukn-eltatawer.com/dyeing-abu-dhabi/#%D9%85%D8%B2%D8%A7%D9%8A%D8%A7_%D8%B4%D8%B1%D9%83%D8%A9_%D8%B5%D8%A8%D8%BA_%D9%81%D9%8A_%D8%A3%D8%A8%D9%88%D8%B8%D8%A8%D9%8A,0,164,0%,6.04
https://www.rukn-eltatawer.com/abu-dhabi-sofa-cleaning-company/#%D8%A7%D9%84%D8%A3%D8%AF%D9%88%D8%A7%D8%AA_%D8%A7%D9%84%D9%85%D8%B3%D8%AA%D8%AE%D8%AF%D9%85%D8%A9_%D9%81%D9%8A_%D8%AA%D9%86%D8%B8%D9%8A%D9%81_%D9%83%D9%86%D8%A8_%D8%A3%D8%A8%D9%88%D8%B8%D8%A8%D9%8A,0,163,0%,9.02
https://www.rukn-eltatawer.com/water-leak-detection-company-in-ajman/#%D8%A3%D8%AC%D9%87%D8%B2%D9%87_%D9%83%D8%B4%D9%81_%D8%AA%D8%B3%D8%B1%D9%8A%D8%A8%D8%A7%D8%AA_%D8%A7%D9%84%D9%85%D9%8A%D8%A7%D9%87_%D8%A8%D8%B9%D8%AC%D9%85%D8%A7%D9%86,0,162,0%,3.67
https://www.rukn-eltatawer.com/abu-dhabi-kitchen-cleaning-company/#%D8%AE%D8%AF%D9%85%D8%A7%D8%AA_%D8%B4%D8%B1%D9%83%D8%A9_%D8%AA%D9%86%D8%B8%D9%8A%D9%81_%D8%A7%D9%84%D9%85%D8%B7%D8%A7%D8%A8%D8%AE_%D9%88%D8%A5%D8%B2%D8%A7%D9%84%D8%A9_%D8%A7%D9%84%D8%AF%D9%87%D9%88%D9%86_%D8%A8%D8%A7%D8%A8%D9%88_%D8%B8%D8%A8%D9%8A,0,162,0%,3.88
https://www.rukn-eltatawer.com/a-water-leak-detection-company-in-sharjah/#rukn-h-1,0,162,0%,4.91
https://www.rukn-eltatawer.com/a-water-leak-detection-company-in-sharjah/#rukn-h-11,0,162,0%,4.97
https://www.rukn-eltatawer.com/sharjah-soundproofing-installation-company/#%D8%AE%D8%AF%D9%85%D8%A7%D8%AA_%D8%B4%D8%B1%D9%83%D8%A9_%D8%B9%D8%B2%D9%84_%D8%B5%D9%88%D8%AA_%D9%81%D9%8A_%D8%A7%D9%84%D8%B4%D8%A7%D8%B1%D9%82%D8%A9,0,161,0%,5.08
https://www.rukn-eltatawer.com/general-maintenance-company-abu-dhabi/#%D8%B4%D8%B1%D9%83%D8%A9_%D8%AA%D9%83%D8%B3%D9%8A%D8%B1_%D9%88%D8%AA%D8%B1%D9%85%D9%8A%D9%85_%D9%81%D9%84%D9%84_%D8%B4%D8%B1%D9%83%D8%A9_%D8%B5%D9%8A%D8%A7%D9%86%D8%A9_%D8%B9%D8%A7%D9%85%D8%A9_%D8%A3%D8%A8%D9%88%D8%B8%D8%A8%D9%8A,0,161,0%,7.17
https://www.rukn-eltatawer.com/dubai-tank-cleaning-company/#%D8%B4%D8%B1%D9%83%D8%A9_%D8%AA%D9%86%D8%B8%D9%8A%D9%81_%D8%AE%D8%B2%D8%A7%D9%86%D8%A7%D8%AA_%D8%A7%D9%84%D9%85%D9%8A%D8%A7%D9%87_%D9%81%D9%89_%D8%AF%D8%A8%D9%89,0,160,0%,2.66
https://www.rukn-eltatawer.com/dyeing-abu-dhabi/#%D8%A3%D8%B3%D8%B9%D8%A7%D8%B1_%D8%B4%D8%B1%D9%83%D8%A9_%D8%B1%D9%83%D9%86_%D8%A7%D9%84%D8%AA%D8%B7%D9%88%D8%B1,0,160,0%,6.01
https://www.rukn-eltatawer.com/swimming-pools-company-in-sharjah/#%D8%A3%D8%B1%D8%AE%D8%B5_%D8%B4%D8%B1%D9%83%D8%A9_%D8%AA%D9%86%D8%B8%D9%8A%D9%81_%D9%85%D8%B3%D8%A7%D8%A8%D8%AD_%D9%81%D9%8A_%D8%A7%D9%84%D8%B4%D8%A7%D8%B1%D9%82%D8%A9,0,160,0%,6.35
https://www.rukn-eltatawer.com/sharjah-soundproofing-installation-company/#%D8%B4%D8%B1%D9%83%D8%A7%D8%AA_%D8%B9%D8%B2%D9%84_%D8%A7%D9%84%D8%B5%D9%88%D8%AA_%D9%81%D9%8A_%D8%A7%D9%84%D8%A5%D9%85%D8%A7%D8%B1%D8%A7%D8%AA,0,159,0%,5.12
https://www.rukn-eltatawer.com/air-conditioner-cleaning-company-in-al-ain/#%D8%AE%D8%AF%D9%85%D8%A7%D8%AA_%D8%B4%D8%B1%D9%83%D8%A9_%D8%A7%D8%B5%D9%84%D8%A7%D8%AD_%D9%85%D9%83%D9%8A%D9%81%D8%A7%D8%AA_%D9%81%D9%8A_%D8%A7%D9%84%D8%B9%D9%8A%D9%86,0,157,0%,7.54
https://www.rukn-eltatawer.com/dubai-tank-cleaning-company/#%D8%A7%D9%84%D8%AE%D8%AF%D9%85%D8%A7%D8%AA_%D8%A7%D9%84%D8%AA%D9%8A_%D8%AA%D9%82%D8%AF%D9%85%D9%87%D8%A7_%D8%B4%D8%B1%D9%83%D8%A7%D8%AA_%D8%BA%D8%B3%D9%8A%D9%84_%D8%A7%D9%84%D8%AE%D8%B2%D8%A7%D9%86%D8%A7%D8%AA_%D8%A8%D8%AF%D8%A8%D9%89,0,155,0%,2.79
https://www.rukn-eltatawer.com/dyeing-abu-dhabi/#%D8%B4%D8%B1%D9%83%D8%A7%D8%AA_%D8%AF%D9%87%D8%A7%D9%86%D8%A7%D8%AA_%D9%81%D9%8A_%D8%A3%D8%A8%D9%88%D8%B8%D8%A8%D9%8A,0,155,0%,6.21
https://www.rukn-eltatawer.com/water-leak-detection-company-in-ajman/#%D8%AE%D8%AF%D9%85%D8%A7%D8%AA_%D8%B4%D8%B1%D9%83%D8%A9_%D9%83%D8%B4%D9%81_%D8%AA%D8%B3%D8%B1%D8%A8%D8%A7%D8%AA_%D8%A7%D9%84%D9%85%D9%8A%D8%A7%D9%87_%D9%81%D9%8A_%D8%B9%D8%AC%D9%85%D8%A7%D9%86,0,154,0%,3.64
https://www.rukn-eltatawer.com/parquet-installation-company-in-al-ain/#%D8%A3%D9%86%D9%88%D8%A7%D8%B9_%D8%A7%D9%84%D8%A8%D8%A7%D8%B1%D9%83%D9%8A%D9%87_%D8%A7%D9%84%D8%AA%D9%89_%D8%AA%D9%88%D9%81%D8%B1%D9%87%D8%A7_%D8%B4%D8%B1%D9%83%D8%A9_%D8%AA%D8%B1%D9%83%D9%8A%D8%A8_%D8%A8%D8%A7%D8%B1%D9%83%D9%8A%D9%87_%D9%81%D9%8A_%D8%A7%D9%84%D8%B9%D9%8A%D9%86,0,151,0%,2.2
https://www.rukn-eltatawer.com/shrkh-tnzyf-mkyfat-fy-dby/#%D8%A7%D9%84%D8%AE%D8%AF%D9%85%D8%A7%D8%AA_%D8%A7%D9%84%D9%83%D8%A7%D9%85%D9%84%D8%A9_%D8%A7%D9%84%D8%AA%D9%8A_%D8%AA%D9%82%D8%AF%D9%85%D9%87%D8%A7_%D8%B4%D8%B1%D9%83%D8%A9_%D8%AA%D9%86%D8%B8%D9%8A%D9%81_%D9%85%D9%83%D9%8A%D9%81%D8%A7%D8%AA_%D9%81%D9%8A_%D8%AF%D8%A8%D9%8A,0,151,0%,9.81
https://www.rukn-eltatawer.com/sewer-wiring-abu-dhabi/#%D8%B9%D8%A7%D9%85%D9%84_%D8%AA%D8%B3%D9%84%D9%8A%D9%83_%D9%85%D8%AC%D8%A7%D8%B1%D9%8A_%D9%81%D9%8A_%D8%A7%D8%A8%D9%88%D8%B8%D8%A8%D9%8A,0,150,0%,3.54
https://www.rukn-eltatawer.com/dyeing-abu-dhabi/#%D8%B5%D8%A8%D8%A7%D8%BA_%D9%81%D9%8A_%D8%A3%D8%A8%D9%88%D8%B8%D8%A8%D9%8A,0,149,0%,6.21
https://www.rukn-eltatawer.com/abu-dhabi-sofa-cleaning-company/#%D8%A3%D9%81%D8%B6%D9%84_%D8%B4%D8%B1%D9%83%D8%A9_%D9%85%D8%B6%D9%85%D9%88%D9%86%D8%A9_%D9%84%D8%AA%D9%86%D8%B8%D9%8A%D9%81_%D8%A7%D9%84%D9%83%D9%86%D8%A8_%D9%81%D9%8A_%D8%A3%D8%A8%D9%88_%D8%B8%D8%A8%D9%8A,0,148,0%,8.99
https://www.rukn-eltatawer.com/shrkh-tnzyf-mkyfat-fy-dby/#7_%D8%A3%D8%AE%D8%B7%D8%A7%D8%A1_%D8%B4%D8%A7%D8%A6%D8%B9%D8%A9_%D9%8A%D9%82%D8%B9_%D9%81%D9%8A%D9%87%D8%A7_%D8%B3%D9%83%D8%A7%D9%86_%D8%AF%D8%A8%D9%8A_%D8%B9%D9%86%D8%AF_%D8%AA%D9%86%D8%B8%D9%8A%D9%81_%D8%A7%D9%84%D9%85%D9%83%D9%8A%D9%81%D8%A7%D8%AA_%E2%80%93_%D9%88%D9%83%D9%8A%D9%81_%D8%AA%D8%AA%D8%AC%D9%86%D8%A8%D9%87%D8%A7,0,147,0%,10.12
https://www.rukn-eltatawer.com/dubai-tank-cleaning-company/#%D8%A7%D9%84%D8%A3%D8%AF%D9%88%D8%A7%D8%AA_%D8%A7%D9%84%D8%AA%D9%8A_%D8%AA%D8%B3%D8%AA%D8%AE%D8%AF%D9%85%D9%87%D8%A7_%D8%A7%D9%84%D8%B4%D8%B1%D9%83%D8%A9_%D9%81%D9%8A_%D8%AA%D9%86%D8%B8%D9%8A%D9%81_%D8%A7%D9%84%D8%AE%D8%B2%D8%A7%D9%86%D8%A7%D8%AA,0,146,0%,2.7
https://www.rukn-eltatawer.com/parquet-installation-company-in-dubai/#%D8%A3%D9%81%D8%B6%D9%84_%D8%B4%D8%B1%D9%83%D8%A9_%D8%AA%D8%B1%D9%83%D9%8A%D8%A8_%D8%A8%D8%A7%D8%B1%D9%83%D9%8A%D9%87_%D9%81%D9%8A_%D8%AF%D8%A8%D9%8A,0,146,0%,2.74
https://www.rukn-eltatawer.com/parquet-installation-company-in-dubai/#%D8%A3%D9%86%D9%88%D8%A7%D8%B9_%D8%A7%D9%84%D8%A8%D8%A7%D8%B1%D9%83%D9%8A%D9%87_%D8%A7%D9%84%D8%AA%D9%89_%D8%AA%D9%88%D9%81%D8%B1%D9%87%D8%A7_%D8%B4%D8%B1%D9%83%D8%A9_%D8%AA%D8%B1%D9%83%D9%8A%D8%A8_%D8%A8%D8%A7%D8%B1%D9%83%D9%8A%D9%87_%D9%81%D9%8A_%D8%AF%D8%A8%D9%8A,0,146,0%,2.74
https://www.rukn-eltatawer.com/insulators-company-in-sharjah/#%D8%B9%D8%B2%D9%84_%D8%A7%D8%B3%D8%B7%D8%AD_%D9%81%D9%88%D9%85_%D8%A8%D8%A7%D9%84%D8%B4%D8%A7%D8%B1%D9%82%D8%A9,0,146,0%,3.08
https://www.rukn-eltatawer.com/roof-insulation-company-al-ain/#%D9%85%D8%A7_%D9%87%D9%8A_%D9%85%D9%88%D8%A7%D8%AF_%D8%B4%D8%B1%D9%83%D8%A9_%D8%B9%D8%B2%D9%84_%D8%A3%D8%B3%D8%B7%D8%AD_%D8%A7%D9%84%D8%B9%D9%8A%D9%86%D8%9F,0,145,0%,2.75
https://www.rukn-eltatawer.com/roof-insulation-company-al-ain/#%D9%85%D9%85%D9%8A%D8%B2%D8%A7%D8%AA_%D8%B4%D8%B1%D9%83%D8%A9_%D8%B9%D8%B2%D9%84_%D8%A3%D8%B3%D8%B7%D8%AD_%D8%A7%D9%84%D8%B9%D9%8A%D9%86,0,145,0%,2.75
https://www.rukn-eltatawer.com/umm-al-quwain-sewage-wiring/#%D8%A7%D9%81%D8%B6%D9%84_%D8%B4%D8%B1%D9%83%D8%A9_%D8%AA%D8%B3%D9%84%D9%8A%D9%83_%D8%A7%D9%84%D9%85%D8%AC%D8%A7%D8%B1%D9%8A_%D9%81%D9%8A_%D8%A3%D9%85_%D8%A7%D9%84%D9%82%D9%8A%D9%88%D9%8A%D9%86,0,143,0%,3.92
https://www.rukn-eltatawer.com/sa/price/تكلفة-عزل-الأسطح/,0,143,0%,86.42
https://www.rukn-eltatawer.com/air-conditioner-cleaning-company-in-ajman/#%D8%A3%D9%86%D9%88%D8%A7%D8%B9_%D8%A7%D9%84%D9%85%D9%83%D9%8A%D9%81%D8%A7%D8%AA_%D8%A7%D9%84%D8%AA%D9%8A_%D8%AA%D9%82%D9%88%D9%85_%D8%B4%D8%B1%D9%83%D8%AA%D9%86%D8%A7_%D8%A8%D8%AA%D9%86%D8%B8%D9%8A%D9%81%D9%87%D8%A7,0,142,0%,5.8
https://www.rukn-eltatawer.com/air-conditioner-cleaning-company-in-ajman/#%D8%B4%D8%B1%D9%83%D8%A9_%D8%AA%D8%B5%D9%84%D9%8A%D8%AD_%D9%85%D9%83%D9%8A%D9%81%D8%A7%D8%AA_%D8%B9%D8%AC%D9%85%D8%A7%D9%86,0,142,0%,5.8
https://www.rukn-eltatawer.com/general-maintenance-company-abu-dhabi/#%D8%AE%D8%AF%D9%85%D8%A7%D8%AA_%D8%AA%D9%83%D8%B3%D9%8A%D8%B1_%D9%88%D8%AA%D8%B1%D9%85%D9%8A%D9%85_%D9%81%D9%84%D9%84_%D9%88%D8%AD%D9%85%D8%A7%D9%85%D8%A7%D8%AA_%D8%A3%D8%A8%D9%88%D8%B8%D8%A8%D9%8A,0,142,0%,7.12
https://www.rukn-eltatawer.com/air-conditioner-cleaning-company-in-al-ain/#%D8%A3%D8%B3%D8%B9%D8%A7%D8%B1_%D8%AA%D9%86%D8%B8%D9%8A%D9%81_%D8%A7%D9%84%D9%85%D9%83%D9%8A%D9%81%D8%A7%D8%AA_%D9%81%D9%8A_%D8%A7%D9%84%D8%B9%D9%8A%D9%86,0,141,0%,7.77
https://www.rukn-eltatawer.com/water-leak-detection-company-in-ajman/#%D9%81%D9%86%D9%8A_%D9%83%D8%B4%D9%81_%D8%AA%D8%B3%D8%B1%D8%A8%D8%A7%D8%AA_%D8%A7%D9%84%D9%85%D9%8A%D8%A7%D9%87_%D9%81%D9%8A_%D8%B9%D8%AC%D9%85%D8%A7%D9%86,0,140,0%,3.69
https://www.rukn-eltatawer.com/sharjah-soundproofing-installation-company/#%D8%A3%D9%81%D8%B6%D9%84_%D8%B4%D8%B1%D9%83%D8%A9_%D8%AA%D8%B1%D9%83%D9%8A%D8%A8_%D8%B9%D8%A7%D8%B2%D9%84_%D8%B5%D9%88%D8%AA_%D9%81%D9%8A_%D8%A7%D9%84%D8%B4%D8%A7%D8%B1%D9%82%D8%A9,0,140,0%,5.31
https://www.rukn-eltatawer.com/parquet-installation-in-abu-dhabi/#%D8%A3%D9%81%D8%B6%D9%84_%D8%B4%D8%B1%D9%83%D8%A9_%D8%AA%D8%B1%D9%83%D9%8A%D8%A8_%D8%A8%D8%A7%D8%B1%D9%83%D9%8A%D9%87_%D9%81%D9%8A_%D8%A3%D8%A8%D9%88%D8%B8%D8%A8%D9%8A,0,140,0%,5.43
https://www.rukn-eltatawer.com/parquet-installation-company-in-al-ain/#%D8%A3%D9%81%D8%B6%D9%84_%D8%B4%D8%B1%D9%83%D8%A9_%D8%AA%D8%B1%D9%83%D9%8A%D8%A8_%D8%A8%D8%A7%D8%B1%D9%83%D9%8A%D9%87_%D9%81%D9%8A_%D8%A7%D9%84%D8%B9%D9%8A%D9%86,0,139,0%,2.23
https://www.rukn-eltatawer.com/roof-insulation-company-al-ain/#%D8%B9%D8%B2%D9%84_%D8%A3%D8%B3%D8%B7%D8%AD_%D8%B4%D9%8A%D9%86%D9%83%D9%88_%D8%A8%D8%A7%D9%84%D8%B9%D9%8A%D9%86,0,139,0%,2.76
https://www.rukn-eltatawer.com/dubai-tank-cleaning-company/#%D8%B4%D8%B1%D9%83%D8%A9_%D8%AA%D9%86%D8%B8%D9%8A%D9%81_%D9%88_%D8%BA%D8%B3%D9%8A%D9%84_%D8%AE%D8%B2%D8%A7%D9%86%D8%A7%D8%AA_%D9%81%D9%8A_%D8%A7%D9%84%D8%A5%D9%85%D8%A7%D8%B1%D8%A7%D8%AA,0,138,0%,2.7
https://www.rukn-eltatawer.com/general-maintenance-company-abu-dhabi/#%D8%B4%D8%B1%D9%83%D8%A9_%D8%AA%D8%B1%D9%85%D9%8A%D9%85_%D9%88%D8%B5%D9%8A%D8%A7%D9%86%D8%A9_%D8%AD%D9%85%D8%A7%D9%85%D8%A7%D8%AA_%D9%88%D9%81%D9%84%D9%84_%D8%A8%D8%A7%D8%A8%D9%88_%D8%B8%D8%A8%D9%8A,0,137,0%,7.21
https://www.rukn-eltatawer.com/cctv-installation-company-in-dubai/,0,134,0%,13.83
https://www.rukn-eltatawer.com/parquet-installation-company-in-sharjah/#%D8%A3%D9%86%D9%88%D8%A7%D8%B9_%D8%A7%D9%84%D8%A8%D8%A7%D8%B1%D9%83%D9%8A%D9%87_%D8%A7%D9%84%D8%AA%D9%89_%D8%AA%D9%88%D9%81%D8%B1%D9%87%D8%A7_%D8%B4%D8%B1%D9%83%D8%A9_%D8%AA%D8%B1%D9%83%D9%8A%D8%A8_%D8%A8%D8%A7%D8%B1%D9%83%D9%8A%D9%87_%D9%81%D9%8A_%D8%A7%D9%84%D8%B4%D8%A7%D8%B1%D9%82%D8%A9,0,132,0%,2.36
https://www.rukn-eltatawer.com/pigeons-repellent-installation-company-in-al-ain/#%D8%AE%D8%AF%D9%85%D8%A7%D8%AA_%D8%B4%D8%B1%D9%83%D8%A9_%D8%AA%D8%B1%D9%83%D9%8A%D8%A8_%D8%B7%D8%A7%D8%B1%D8%AF_%D8%AD%D9%85%D8%A7%D9%85_%D9%81%D9%8A_%D8%A7%D9%84%D8%B9%D9%8A%D9%86,0,132,0%,3.3
https://www.rukn-eltatawer.com/parquet-installation-company-in-sharjah/#%D8%A3%D9%81%D8%B6%D9%84_%D8%B4%D8%B1%D9%83%D8%A9_%D8%AA%D8%B1%D9%83%D9%8A%D8%A8_%D8%A8%D8%A7%D8%B1%D9%83%D9%8A%D9%87_%D9%81%D9%8A_%D8%A7%D9%84%D8%B4%D8%A7%D8%B1%D9%82%D8%A9,0,129,0%,2.37
https://www.rukn-eltatawer.com/water-leak-detection-company-in-ajman/#%D9%83%D8%B4%D9%81_%D8%AA%D8%B3%D8%B1%D8%A8%D8%A7%D8%AA_%D8%A7%D9%84%D9%85%D9%8A%D8%A7%D9%87_%D9%81%D9%8A_%D8%B9%D8%AC%D9%85%D8%A7%D9%86_%D8%A8%D8%AF%D9%88%D9%86_%D8%AA%D9%83%D8%B3%D9%8A%D8%B1,0,129,0%,3.62
https://www.rukn-eltatawer.com/sewer-wiring-abu-dhabi/#%D9%85%D8%B9%D8%AF%D8%A7%D8%AA_%D8%AA%D8%B3%D9%84%D9%8A%D9%83_%D8%A7%D9%84%D9%85%D8%AC%D8%A7%D8%B1%D9%8A%E2%80%8B_%D9%81%D9%8A_%D8%A7%D8%A8%D9%88%D8%B8%D8%A8%D9%8A,0,129,0%,3.95
https://www.rukn-eltatawer.com/insect-control-in-dubai/#%D8%AA%D9%86%D8%B8%D9%8A%D9%81_%D8%A7%D9%84%D8%A8%D9%8A%D8%AA_%D9%85%D9%86_%D8%A7%D9%84%D8%AD%D8%B4%D8%B1%D8%A7%D8%AA_%D9%81%D9%8A_%D8%AF%D8%A8%D9%8A,0,129,0%,4.74
https://www.rukn-eltatawer.com/air-conditioner-cleaning-company-in-ajman/#%D8%AE%D8%B7%D9%88%D8%A7%D8%AA_%D8%B9%D9%85%D9%84_%D8%B4%D8%B1%D9%83%D8%A9_%D8%B1%D9%83%D9%86_%D8%A7%D9%84%D8%AA%D8%B7%D9%88%D8%B1,0,129,0%,5.86
https://www.rukn-eltatawer.com/dyeing-ras-al-khaimah/#%D8%B4%D8%B1%D9%83%D8%A7%D8%AA_%D8%A7%D9%84%D8%B5%D8%A8%D8%BA_%D9%81%D9%8A_%D8%B1%D8%A7%D8%B3_%D8%A7%D9%84%D8%AE%D9%8A%D9%85%D8%A9,0,129,0%,6.54
https://www.rukn-eltatawer.com/dyeing-ras-al-khaimah/#%D8%B4%D8%B1%D9%83%D8%A7%D8%AA_%D8%B5%D8%A8%D8%BA_%D9%81%D9%8A_%D8%B1%D8%A7%D8%B3_%D8%A7%D9%84%D8%AE%D9%8A%D9%85%D8%A9,0,129,0%,6.54
https://www.rukn-eltatawer.com/parquet-installation-in-abu-dhabi/#%D9%85%D9%85%D9%8A%D8%B2%D8%A7%D8%AA_%D8%B4%D8%B1%D9%83%D8%A9_%D8%B1%D9%83%D9%86_%D8%A7%D9%84%D8%AA%D8%B7%D9%88%D8%B1_%D9%81%D9%8A_%D8%AA%D8%B1%D9%83%D9%8A%D8%A8_%D8%A7%D9%84%D8%A8%D8%A7%D8%B1%D9%83%D9%8A%D9%87_%D9%81%D9%8A_%D8%A3%D8%A8%D9%88%D8%B8%D8%A8%D9%8A,0,128,0%,5.06
https://www.rukn-eltatawer.com/dyeing-ras-al-khaimah/#%D8%B5%D8%A8%D8%A7%D8%BA_%D9%81%D9%8A_%D8%B1%D8%A7%D8%B3_%D8%A7%D9%84%D8%AE%D9%8A%D9%85%D8%A9,0,128,0%,6.58
https://www.rukn-eltatawer.com/sa/water-leak-detection-bisha/,0,128,0%,18.13
https://www.rukn-eltatawer.com/pigeons-repellent-installation-company-in-al-ain/#%D8%B4%D8%B1%D9%83%D8%A9_%D8%AA%D8%B1%D9%83%D9%8A%D8%A8_%D8%B7%D8%A7%D8%B1%D8%AF_%D8%AD%D9%85%D8%A7%D9%85_%D9%81%D9%8A_%D8%A7%D9%84%D8%B9%D9%8A%D9%86,0,125,0%,3.21
https://www.rukn-eltatawer.com/fujairah-sofa-cleaning-company/#%D8%A3%D9%81%D8%B6%D9%84_%D8%B4%D8%B1%D9%83%D8%A9_%D8%AA%D9%86%D8%B8%D9%8A%D9%81_%D9%83%D9%86%D8%A8_%D8%A8%D8%A7%D9%84%D9%81%D8%AC%D9%8A%D8%B1%D8%A9,0,125,0%,4.35
https://www.rukn-eltatawer.com/al-ain-boards-cleaning-company/#%D8%A3%D9%81%D8%B6%D9%84_%D8%B4%D8%B1%D9%83%D8%A9_%D8%AA%D9%86%D8%B8%D9%8A%D9%81_%D9%85%D8%AC%D8%A7%D9%84%D8%B3_%D8%A7%D9%84%D8%B9%D9%8A%D9%86,0,123,0%,2.02
https://www.rukn-eltatawer.com/al-ain-boards-cleaning-company/#%D8%AE%D8%AF%D9%85%D8%A7%D8%AA_%D8%B4%D8%B1%D9%83%D8%A9_%D8%AA%D9%86%D8%B8%D9%8A%D9%81_%D9%85%D8%AC%D8%A7%D9%84%D8%B3_%D8%A7%D9%84%D8%B9%D9%8A%D9%86,0,123,0%,2.02
https://www.rukn-eltatawer.com/ras-al-khaimah-carpet-cleaning-company/#%D8%A7%D9%81%D8%B6%D9%84_%D8%B4%D8%B1%D9%83%D8%A9_%D8%AA%D9%86%D8%B8%D9%8A%D9%81_%D8%B3%D8%AC%D8%A7%D8%AF_%D8%B1%D8%A3%D8%B3_%D8%A7%D9%84%D8%AE%D9%8A%D9%85%D8%A9,0,123,0%,3.42
https://www.rukn-eltatawer.com/pest-control-company-in-al-ain/#%D9%81%D9%88%D8%A7%D8%A6%D8%AF_%D8%A7%D9%84%D8%AA%D8%B9%D8%A7%D9%82%D8%AF_%D9%85%D8%B9_%D8%B4%D8%B1%D9%83%D8%A9_%D9%85%D9%83%D8%A7%D9%81%D8%AD%D8%A9_%D8%A7%D9%84%D8%AD%D8%B4%D8%B1%D8%A7%D8%AA,0,123,0%,4.24
https://www.rukn-eltatawer.com/fujairah-sofa-cleaning-company/#%D8%AA%D9%86%D8%B8%D9%8A%D9%81_%D8%A7%D9%84%D9%83%D9%86%D8%A8_%D8%A8%D8%A7%D9%84%D8%A8%D8%AE%D8%A7%D8%B1,0,123,0%,4.37
https://www.rukn-eltatawer.com/fujairah-sofa-cleaning-company/#%D8%B4%D8%B1%D9%83%D8%A9_%D8%AA%D9%86%D8%B8%D9%8A%D9%81_%D9%83%D9%86%D8%A8_%D9%81%D9%8A_%D8%A7%D9%84%D9%81%D8%AC%D9%8A%D8%B1%D8%A9,0,123,0%,4.37
https://www.rukn-eltatawer.com/dubai-sofa-cleaning-company/#%D8%B4%D8%B1%D9%83%D8%A9_%D8%AA%D9%86%D8%B8%D9%8A%D9%81_%D8%B3%D8%AA%D8%A7%D8%A6%D8%B1_%D8%A8%D8%A7%D9%84%D8%A8%D8%AE%D8%A7%D8%B1_%D9%81%D9%8A_%D8%AF%D8%A8%D9%8A,0,123,0%,6.85
https://www.rukn-eltatawer.com/water-leak-detection-company-in-al-ain/#8_%D8%B9%D9%84%D8%A7%D9%85%D8%A7%D8%AA_%D8%AA%D9%83%D8%B4%D9%81_%D8%A3%D9%86_%D9%85%D9%86%D8%B2%D9%84%D9%83_%D9%81%D9%8A_%D8%A7%D9%84%D8%B9%D9%8A%D9%86_%D9%8A%D8%B9%D8%A7%D9%86%D9%8A_%D9%85%D9%86_%D8%AA%D8%B3%D8%B1%D8%A8_%D9%85%D9%8A%D8%A7%D9%87_%D8%AE%D9%81%D9%8A_%D9%88%D9%8A%D8%AD%D8%AA%D8%A7%D8%AC_%D8%A5%D9%84%D9%89_%D8%B4%D8%B1%D9%83%D8%A9_%D9%83%D8%B4%D9%81_%D8%AA%D8%B3%D8%B1%D8%A8%D8%A7%D8%AA_%D8%A7%D9%84%D9%85%D9%8A%D8%A7%D9%87_%D9%81%D9%8A_%D8%A7%D9%84%D8%B9%D9%8A%D9%86%E2%80%93_%D8%AA%D8%B5%D8%B1%D9%81_%D9%82%D8%A8%D9%84_%D9%81%D9%88%D8%A7%D8%AA_%D8%A7%D9%84%D8%A3%D9%88%D8%A7%D9%86,0,122,0%,2.54
https://www.rukn-eltatawer.com/ras-al-khaimah-carpet-cleaning-company/#%D8%AE%D8%AF%D9%85%D8%A7%D8%AA_%D8%B4%D8%B1%D9%83%D8%A9_%D8%AA%D9%86%D8%B8%D9%8A%D9%81_%D8%B3%D8%AC%D8%A7%D8%AF_%D8%B1%D8%A3%D8%B3_%D8%A7%D9%84%D8%AE%D9%8A%D9%85%D8%A9,0,122,0%,3.43
https://www.rukn-eltatawer.com/air-conditioner-cleaning-company-in-umm-al-quwain/#%D8%A3%D9%81%D8%B6%D9%84_%D8%B4%D8%B1%D9%83%D8%A9_%D8%AA%D9%86%D8%B8%D9%8A%D9%81_%D9%85%D9%83%D9%8A%D9%81%D8%A7%D8%AA_%D9%81%D9%8A_%D8%A7%D9%85_%D8%A7%D9%84%D9%82%D9%8A%D9%88%D9%8A%D9%86,0,122,0%,5.16
https://www.rukn-eltatawer.com/air-conditioner-cleaning-company-in-umm-al-quwain/#%D8%B4%D8%B1%D9%83%D8%A9_%D8%AA%D9%86%D8%B8%D9%8A%D9%81_%D9%85%D9%83%D9%8A%D9%81%D8%A7%D8%AA_%D9%81%D9%8A_%D8%A7%D9%85_%D8%A7%D9%84%D9%82%D9%8A%D9%88%D9%8A%D9%86,0,122,0%,5.16
https://www.rukn-eltatawer.com/abu-dhabi-majlis-cleaning-company/,0,122,0%,12.69
https://www.rukn-eltatawer.com/insulators-company-in-sharjah/#%D9%85%D8%A7_%D8%A3%D9%86%D9%88%D8%A7%D8%B9_%D8%B9%D9%88%D8%A7%D8%B2%D9%84_%D8%A7%D8%B3%D8%B7%D8%AD_%D9%81%D9%8A_%D8%A7%D9%84%D8%B4%D8%A7%D8%B1%D9%82%D8%A9_%D8%A7%D9%84%D8%AA%D9%8A_%D9%86%D9%88%D9%81%D8%B1%D9%87%D8%A7%D8%9F,0,121,0%,2.37
https://www.rukn-eltatawer.com/water-leak-detection-company-in-al-ain/#%D8%A3%D8%B3%D8%A8%D8%A7%D8%A8_%D8%AA%D8%B3%D8%B1%D8%A8%D8%A7%D8%AA_%D8%A7%D9%84%D9%85%D9%8A%D8%A7%D9%87_%D9%81%D9%8A_%D8%A7%D9%84%D8%B9%D9%8A%D9%86_%E2%80%93_%D8%B4%D8%B1%D9%83%D8%A9_%D9%83%D8%B4%D9%81_%D8%AA%D8%B3%D8%B1%D8%A8%D8%A7%D8%AA_%D8%A7%D9%84%D9%85%D9%8A%D8%A7%D9%87_%D9%81%D9%8A_%D8%A7%D9%84%D8%B9%D9%8A%D9%86_%D8%B1%D9%83%D9%86_%D8%A7%D9%84%D8%AA%D8%B7%D9%88%D8%B1_%D8%A7%D9%84%D8%AA%D8%B4%D8%AE%D9%8A%D8%B5_%D8%A7%D9%84%D8%AC%D8%B0%D8%B1%D9%8A_%D8%A7%D9%84%D8%B0%D9%8A_%D9%84%D8%A7_%D9%8A%D9%8F%D8%AE%D8%A8%D8%B1%D9%83_%D8%A8%D9%87_%D8%A3%D8%AD%D8%AF,0,120,0%,2.43
https://www.rukn-eltatawer.com/water-leak-detection-company-in-ajman/#%D8%B4%D8%B1%D9%83%D8%A9_%D9%83%D8%B4%D9%81_%D8%AA%D8%B3%D8%B1%D9%8A%D8%A8%D8%A7%D8%AA_%D8%A7%D9%84%D9%85%D8%A7%D9%87_%D8%A8%D8%B9%D8%AC%D9%85%D8%A7%D9%86,0,120,0%,3.55
https://www.rukn-eltatawer.com/abu-dhabi-kitchen-cleaning-company/#%D8%AA%D9%86%D8%B8%D9%8A%D9%81_%D9%85%D8%B7%D8%A7%D8%A8%D8%AE_%D9%88%D8%A5%D8%B2%D8%A7%D9%84%D8%A9_%D8%AF%D9%87%D9%88%D9%86_%D8%A8%D8%A7%D9%84%D8%A8%D8%AE%D8%A7%D8%B1_%D9%81%D9%8A_%D8%A7%D8%A8%D9%88_%D8%B8%D8%A8%D9%8A,0,120,0%,4.62
https://www.rukn-eltatawer.com/parquet-installation-company-in-ajman/#%D8%A3%D9%86%D9%88%D8%A7%D8%B9_%D8%A7%D9%84%D8%A8%D8%A7%D8%B1%D9%83%D9%8A%D9%87_%D8%A7%D9%84%D8%AA%D9%89_%D8%AA%D9%88%D9%81%D8%B1%D9%87%D8%A7_%D8%B4%D8%B1%D9%83%D8%A9_%D8%AA%D8%B1%D9%83%D9%8A%D8%A8_%D8%A8%D8%A7%D8%B1%D9%83%D9%8A%D9%87_%D9%81%D9%8A_%D8%B9%D8%AC%D9%85%D8%A7%D9%86,0,119,0%,1.84
https://www.rukn-eltatawer.com/parquet-installation-company-in-ajman/#%D9%85%D9%85%D9%8A%D8%B2%D8%A7%D8%AA_%D8%B4%D8%B1%D9%83%D8%A9_%D8%AA%D8%B1%D9%83%D9%8A%D8%A8_%D8%A8%D8%A7%D8%B1%D9%83%D9%8A%D9%87_%D9%81%D9%8A_%D8%B9%D8%AC%D9%85%D8%A7%D9%86,0,119,0%,1.84
https://www.rukn-eltatawer.com/sharjah-sofa-cleaning-company/#%D8%A7%D9%81%D8%B6%D9%84_%D8%B4%D8%B1%D9%83%D8%A7%D8%AA_%D8%AA%D9%86%D8%B8%D9%8A%D9%81_%D8%A7%D9%84%D9%83%D9%86%D8%A8_%D9%81%D9%8A_%D8%A7%D9%84%D8%B4%D8%A7%D8%B1%D9%82%D8%A9,0,118,0%,4.06
https://www.rukn-eltatawer.com/abu-dhabi-villas-cleaning-company/#%D8%AE%D8%AF%D9%85%D8%A7%D8%AA_%D8%B4%D8%B1%D9%83%D8%A9_%D8%AA%D9%86%D8%B8%D9%8A%D9%81_%D9%81%D9%84%D9%84_%D9%81%D9%8A_%D8%A3%D8%A8%D9%88%D8%B8%D8%A8%D9%8A,0,118,0%,6.96
https://www.rukn-eltatawer.com/abu-dhabi-villas-cleaning-company/#%D8%B4%D8%B1%D9%83%D8%A9_%D8%AA%D9%86%D8%B8%D9%8A%D9%81_%D9%81%D9%84%D9%84_%D9%81%D9%8A_%D8%A3%D8%A8%D9%88%D8%B8%D8%A8%D9%8A_%D8%A8%D8%A7%D9%84%D8%B3%D8%A7%D8%B9%D8%A7%D8%AA,0,118,0%,6.96
https://www.rukn-eltatawer.com/pest-control-company-in-al-ain/#%D8%A7%D9%84%D9%82%D8%B6%D8%A7%D8%A1_%D8%B9%D9%84%D9%89_%D8%A7%D9%84%D8%AD%D8%B4%D8%B1%D8%A7%D8%AA_%D8%A7%D9%84%D8%B9%D9%8A%D9%86,0,117,0%,2.99
https://www.rukn-eltatawer.com/sharjah-sofa-cleaning-company/#%D8%B4%D8%B1%D9%83%D8%A9_%D8%AA%D9%86%D8%B8%D9%8A%D9%81_%D9%81%D9%8A_%D8%A7%D9%84%D8%B4%D8%A7%D8%B1%D9%82%D8%A9,0,117,0%,4.08
https://www.rukn-eltatawer.com/a-water-leak-detection-company-in-sharjah/#rukn-h-9,0,117,0%,4.96
https://www.rukn-eltatawer.com/sharjah-sofa-cleaning-company/#%D8%B4%D8%B1%D9%83%D8%A9_%D8%AA%D9%86%D8%B8%D9%8A%D9%81_%D9%83%D9%86%D8%A8_%D9%88%D8%B3%D8%AC%D8%A7%D8%AF_%D8%A8%D8%A7%D9%84%D8%B4%D8%A7%D8%B1%D9%82%D8%A9,0,116,0%,4.03
https://www.rukn-eltatawer.com/parquet-installation-company-in-al-ain/#%D9%85%D9%85%D9%8A%D8%B2%D8%A7%D8%AA_%D8%B4%D8%B1%D9%83%D8%A9_%D8%AA%D8%B1%D9%83%D9%8A%D8%A8_%D8%A7%D9%84%D8%A8%D8%A7%D8%B1%D9%83%D9%8A%D9%87,0,115,0%,2.48
https://www.rukn-eltatawer.com/sharjah-sofa-cleaning-company/#%D8%A7%D9%84%D8%AE%D8%AF%D9%85%D8%A7%D8%AA_%D8%A7%D9%84%D8%AA%D9%8A_%D8%AA%D9%82%D8%AF%D9%85%D9%87%D8%A7_%D8%B4%D8%B1%D9%83%D8%A9_%D9%86%D8%B8%D8%A7%D9%81%D8%A9_%D9%83%D9%86%D8%A8_%D8%A8%D8%A7%D9%84%D8%B4%D8%A7%D8%B1%D9%82%D8%A9,0,115,0%,4.05
https://www.rukn-eltatawer.com/abu-dhabi-pigeons-repellent-installation-company/#%D8%AE%D8%AF%D9%85%D8%A7%D8%AA_%D8%B4%D8%B1%D9%83%D8%A9_%D8%AA%D8%B1%D9%83%D9%8A%D8%A8_%D8%B7%D8%A7%D8%B1%D8%AF_%D8%AD%D9%85%D8%A7%D9%85_%D9%81%D9%8A_%D8%A3%D8%A8%D9%88%D8%B8%D8%A8%D9%8A,0,115,0%,4.07
https://www.rukn-eltatawer.com/dyeing-in-dubai/#%D8%A7%D8%B3%D8%AA%D8%B1%D8%A7%D8%AA%D9%8A%D8%AC%D9%8A%D8%A7%D8%AA_%D8%A7%D9%84%D8%AA%D9%85%D9%8A%D8%B2_%D9%84%D8%B4%D8%B1%D9%83%D8%A9_%D8%B1%D9%83%D9%86_%D8%A7%D9%84%D8%AA%D8%B7%D9%88%D8%B1,0,114,0%,3.62
https://www.rukn-eltatawer.com/sewerage-plumbing-sharjah/#%D8%B4%D9%81%D8%B7_%D8%A7%D9%84%D8%A8%D9%8A%D8%A7%D8%B1%D8%A7%D8%AA_%D9%88%D8%BA%D8%B1%D9%81_%D8%A7%D9%84%D8%AA%D9%81%D8%AA%D9%8A%D8%B4_%D9%81%D9%8A_%D8%A7%D9%84%D8%B4%D8%A7%D8%B1%D9%82%D8%A9,0,114,0%,5.6
https://www.rukn-eltatawer.com/ajman-carpet-cleaning-company/#%D8%A7%D9%81%D8%B6%D9%84_%D8%B4%D8%B1%D9%83%D8%A9_%D8%AA%D9%86%D8%B8%D9%8A%D9%81_%D8%B3%D8%AC%D8%A7%D8%AF_%D8%A8%D8%B9%D8%AC%D9%85%D8%A7%D9%86,0,114,0%,5.84
https://www.rukn-eltatawer.com/ajman-carpet-cleaning-company/#%D8%AE%D8%AF%D9%85%D8%A7%D8%AA_%D8%B4%D8%B1%D9%83%D8%A9_%D8%AA%D9%86%D8%B8%D9%8A%D9%81_%D8%A7%D9%84%D8%B3%D8%AC%D8%A7%D8%AF_%D9%81%D9%8A_%D8%B9%D8%AC%D9%85%D8%A7%D9%86,0,114,0%,5.84
https://www.rukn-eltatawer.com/dubai-glass-facade-cleaning-company/,0,114,0%,7.39
https://www.rukn-eltatawer.com/a-water-leak-detection-company-in-sharjah/#rukn-h-10,0,113,0%,4.93
https://www.rukn-eltatawer.com/a-water-leak-detection-company-in-sharjah/#rukn-h-0,0,113,0%,4.96
https://www.rukn-eltatawer.com/a-water-leak-detection-company-in-sharjah/#rukn-h-2,0,113,0%,4.96
https://www.rukn-eltatawer.com/abu-dhabi-kitchen-cleaning-company/#%D8%AE%D8%B7%D9%88%D8%A7%D8%AA_%D8%AA%D9%86%D8%B8%D9%8A%D9%81_%D8%A7%D9%84%D9%85%D8%B7%D8%A7%D8%A8%D8%AE_%D9%88%D8%A5%D8%B2%D8%A7%D9%84%D8%A9_%D8%A7%D9%84%D8%AF%D9%87%D9%88%D9%86_%D8%A7%D8%A8%D9%88_%D8%B8%D8%A8%D9%8A,0,112,0%,4.82
https://www.rukn-eltatawer.com/steam-car-wash-abu-dhabi/,0,112,0%,14.98
https://www.rukn-eltatawer.com/insulators-company-in-sharjah/#%D8%B9%D8%B2%D9%84_%D8%A7%D9%84%D8%A7%D8%B3%D8%B7%D8%AD_%D8%A8%D8%A7%D9%84%D8%A7%D9%8A%D8%A8%D9%88%D9%83%D8%B3%D9%8A_%D9%81%D9%8A_%D8%A7%D9%84%D8%B4%D8%A7%D8%B1%D9%82%D8%A9,0,111,0%,2.13
https://www.rukn-eltatawer.com/ajman-roof-insulation-company/#%D8%B9%D8%B2%D9%84_%D8%A3%D8%B3%D8%B7%D8%AD_%D8%AD%D8%B1%D8%A7%D8%B1%D9%8A_%D9%81%D9%8A_%D8%B9%D8%AC%D9%85%D8%A7%D9%86,0,111,0%,2.59
https://www.rukn-eltatawer.com/insect-control-in-dubai/#%D9%85%D9%83%D8%A7%D9%81%D8%AD%D8%A9_%D8%A7%D9%84%D9%88%D8%B2%D8%BA_%D9%81%D9%8A_%D8%AF%D8%A8%D9%8A,0,111,0%,5.1
https://www.rukn-eltatawer.com/water-leak-detection-ras-al-khaimah/#%D8%A3%D8%B3%D8%B9%D8%A7%D8%B1_%D8%B4%D8%B1%D9%83%D8%A9_%D9%83%D8%B4%D9%81_%D8%AA%D8%B3%D8%B1%D8%A8%D8%A7%D8%AA_%D8%A7%D9%84%D9%85%D9%8A%D8%A7%D9%87_%D9%81%D9%8A_%D8%B1%D8%A7%D8%B3_%D8%A7%D9%84%D8%AE%D9%8A%D9%85%D8%A9,0,110,0%,2.34
https://www.rukn-eltatawer.com/water-leak-detection-ras-al-khaimah/#%D8%A3%D9%81%D8%B6%D9%84_%D8%B4%D8%B1%D9%83%D8%A9_%D9%83%D8%B4%D9%81_%D8%AA%D8%B3%D8%B1%D8%A8%D8%A7%D8%AA_%D8%A7%D9%84%D9%85%D9%8A%D8%A7%D9%87_%D9%81%D9%8A_%D8%B1%D8%A7%D8%B3_%D8%A7%D9%84%D8%AE%D9%8A%D9%85%D8%A9,0,110,0%,2.34
https://www.rukn-eltatawer.com/ajman-roof-insulation-company/#_%D8%B9%D8%B2%D9%84_%D8%A3%D8%B3%D8%B7%D8%AD_%D9%88%D8%AE%D8%B2%D8%A7%D9%86%D8%A7%D8%AA_%D9%81%D9%8A_%D8%B9%D8%AC%D9%85%D8%A7%D9%86,0,110,0%,2.56
https://www.rukn-eltatawer.com/insulators-company-in-sharjah/#%D8%B9%D8%B2%D9%84_%D8%AE%D8%B2%D8%A7%D9%86%D8%A7%D8%AA_%D8%A7%D9%84%D9%85%D9%8A%D8%A7%D9%87_%D9%81%D9%8A_%D8%A7%D9%84%D8%B4%D8%A7%D8%B1%D9%82%D8%A9,0,110,0%,2.72
https://www.rukn-eltatawer.com/dubai-villas-cleaning-company/#%D8%B4%D8%B1%D9%83%D8%A9_%D8%AA%D9%86%D8%B8%D9%8A%D9%81_%D8%A7%D9%84%D9%81%D9%84%D9%84_%D8%AF%D8%A8%D9%8A_%D8%B9%D9%85%D8%A7%D9%84%D8%A9_%D9%81%D9%84%D8%A8%D9%8A%D9%86%D9%8A%D8%A9,0,110,0%,3.28
https://www.rukn-eltatawer.com/ajman-roof-insulation-company/#%D8%B9%D8%B2%D9%84_%D8%A7%D8%B3%D8%B7%D8%AD_%D8%A7%D9%84%D9%85%D8%A8%D8%A7%D9%86%D9%8A_%D9%81%D9%8A_%D8%B9%D8%AC%D9%85%D8%A7%D9%86,0,109,0%,2.64
https://www.rukn-eltatawer.com/clearing-transactions-in-abu-dhabi/#%D8%AE%D8%AF%D9%85%D8%A7%D8%AA_%D8%A3%D9%81%D8%B6%D9%84_%D8%B4%D8%B1%D9%83%D8%A9_%D8%AA%D8%AE%D9%84%D9%8A%D8%B5_%D9%85%D8%B9%D8%A7%D9%85%D9%84%D8%A7%D8%AA_%D9%81%D9%8A_%D8%A3%D8%A8%D9%88%D8%B8%D8%A8%D9%8A_season97,0,109,0%,4.48
https://www.rukn-eltatawer.com/parquet-installation-in-abu-dhabi/#%D8%B7%D8%B1%D9%82_%D8%AA%D8%B1%D9%83%D9%8A%D8%A8_%D8%A3%D8%B1%D8%B6%D9%8A%D8%A7%D8%AA_%D8%A7%D9%84%D8%A8%D8%A7%D8%B1%D9%83%D9%8A%D9%87,0,109,0%,5.14
https://www.rukn-eltatawer.com/fujairah-sofa-cleaning-company/#%D8%B4%D8%B1%D9%83%D8%A7%D8%AA_%D8%AA%D9%86%D8%B8%D9%8A%D9%81_%D9%83%D9%86%D8%A8_%D8%A7%D9%84%D9%81%D8%AC%D9%8A%D8%B1%D8%A9,0,108,0%,4.38
https://www.rukn-eltatawer.com/parquet-installation-in-abu-dhabi/#%D8%A7%D9%84%D8%AA%D8%B9%D8%B1%D9%8A%D9%81_%D8%A8%D8%B4%D8%B1%D9%83%D8%A9_%D8%B1%D9%83%D9%86_%D8%A7%D9%84%D8%AA%D8%B7%D9%88%D8%B1,0,108,0%,5.09
https://www.rukn-eltatawer.com/parquet-installation-in-abu-dhabi/#%D8%AE%D8%B7%D9%88%D8%A7%D8%AA_%D8%AA%D8%B1%D9%83%D9%8A%D8%A8_%D8%A7%D9%84%D8%A8%D8%A7%D8%B1%D9%83%D9%8A%D9%87_%D9%81%D9%8A_%D8%A3%D8%A8%D9%88%D8%B8%D8%A8%D9%8A,0,108,0%,5.09
https://www.rukn-eltatawer.com/abu-dhabi-carpet-cleaning-company/#%D8%A7%D9%84%D8%AE%D8%B7%D9%88%D8%A7%D8%AA_%D8%A7%D9%84%D8%AA%D9%8A_%D8%AA%D9%82%D9%88%D9%85_%D8%A8%D9%87%D8%A7_%D8%B4%D8%B1%D9%83%D8%A9_%D8%AA%D9%86%D8%B8%D9%8A%D9%81_%D8%B3%D8%AC%D8%A7%D8%AF_%D8%A3%D8%A8%D9%88%D8%B8%D8%A8%D9%8A,0,107,0%,7.76
https://www.rukn-eltatawer.com/abu-dhabi-pigeons-repellent-installation-company/#%D9%85%D9%85%D9%8A%D8%B2%D8%A7%D8%AA_%D8%B4%D8%B1%D9%83%D8%A9_%D9%85%D9%83%D8%A7%D9%81%D8%AD%D8%A9_%D8%A7%D9%84%D8%AD%D9%85%D8%A7%D9%85_%D9%88%D8%A7%D9%84%D8%B7%D9%8A%D9%88%D8%B1_%D8%A7%D8%A8%D9%88%D8%B8%D8%A8%D9%8A,0,106,0%,4.22
https://www.rukn-eltatawer.com/mobile-car-wash-in-abu-dhabi/#%D8%A7%D9%84%D9%85%D8%B2%D8%A7%D9%8A%D8%A7_%D9%88%D8%A7%D9%84%D9%81%D9%88%D8%A7%D8%A6%D8%AF,0,106,0%,8.63
https://www.rukn-eltatawer.com/mobile-car-wash-in-abu-dhabi/#%D8%AE%D8%AF%D9%85%D8%A7%D8%AA_%D8%BA%D8%B3%D9%8A%D9%84_%D8%A7%D9%84%D8%B3%D9%8A%D8%A7%D8%B1%D8%A7%D8%AA,0,106,0%,8.63
https://www.rukn-eltatawer.com/mobile-car-wash-in-abu-dhabi/#%D9%83%D9%8A%D9%81%D9%8A%D8%A9_%D8%A7%D8%AE%D8%AA%D9%8A%D8%A7%D8%B1_%D8%B4%D8%B1%D9%83%D8%A9_%D8%BA%D8%B3%D9%8A%D9%84_%D8%B3%D9%8A%D8%A7%D8%B1%D8%A7%D8%AA_%D9%85%D8%AA%D9%86%D9%82%D9%84%D8%A9_%D9%81%D9%8A_%D8%A3%D8%A8%D9%88%D8%B8%D8%A8%D9%8A,0,106,0%,8.63
https://www.rukn-eltatawer.com/mobile-car-wash-in-abu-dhabi/#%D9%85%D9%82%D8%AF%D9%85%D8%A9,0,106,0%,8.63
https://www.rukn-eltatawer.com/ras-al-khaimah-carpet-cleaning-company/#%D8%A7%D9%81%D8%B6%D9%84_%D9%85%D8%BA%D8%A7%D8%B3%D9%84_%D8%B3%D8%AC%D8%A7%D8%AF_%D9%81%D9%8A_%D8%B1%D8%A7%D8%B3_%D8%A7%D9%84%D8%AE%D9%8A%D9%85%D8%A9,0,105,0%,3.62
https://www.rukn-eltatawer.com/ras-al-khaimah-carpet-cleaning-company/#%D8%B4%D8%B1%D9%83%D8%A9_%D9%84%D9%86%D8%B8%D8%A7%D9%81%D8%A9_%D9%88_%D8%BA%D8%B3%D9%8A%D9%84_%D8%A7%D9%84%D8%B3%D8%AC%D8%A7%D8%AF_%D8%A8%D8%B1%D8%A7%D8%B3_%D8%A7%D9%84%D8%AE%D9%8A%D9%85%D8%A9,0,105,0%,3.62
https://www.rukn-eltatawer.com/pigeons-repellent-installation-company-in-al-ain/#%D9%84%D9%85%D8%A7%D8%B0%D8%A7_%D8%B4%D8%B1%D9%83%D8%AA%D9%86%D8%A7_%D8%A3%D9%81%D8%B6%D9%84_%D8%B4%D8%B1%D9%83%D8%A9_%D8%AA%D8%B1%D9%83%D9%8A%D8%A8_%D8%B7%D8%A7%D8%B1%D8%AF_%D8%A7%D9%84%D8%AD%D9%85%D8%A7%D9%85_%D9%81%D9%8A_%D8%A7%D9%84%D8%B9%D9%8A%D9%86,0,104,0%,3.36
https://www.rukn-eltatawer.com/ras-al-khaimah-carpet-cleaning-company/#%D8%A7%D9%84%D8%A3%D8%AF%D9%88%D8%A7%D8%AA_%D8%A7%D9%84%D9%85%D8%B3%D8%AA%D8%AE%D8%AF%D9%85%D8%A9_%D9%81%D9%8A_%D8%AA%D9%86%D8%B8%D9%8A%D9%81_%D8%B3%D8%AC%D8%A7%D8%AF_%D8%B1%D8%A3%D8%B3_%D8%A7%D9%84%D8%AE%D9%8A%D9%85%D8%A9,0,104,0%,3.6
https://www.rukn-eltatawer.com/fujairah-sofa-cleaning-company/#%D8%AE%D8%B7%D9%88%D8%A7%D8%AA_%D8%AA%D9%86%D8%B8%D9%8A%D9%81_%D9%83%D9%86%D8%A8_%D8%A7%D9%84%D9%81%D8%AC%D9%8A%D8%B1%D8%A9,0,104,0%,4.33
https://www.rukn-eltatawer.com/water-leak-detection-umm-al-quwain/#%D8%A3%D9%81%D8%B6%D9%84_%D8%B4%D8%B1%D9%83%D8%A9_%D9%83%D8%B4%D9%81_%D8%AA%D8%B3%D8%B1%D8%A8%D8%A7%D8%AA_%D8%A7%D9%84%D9%85%D9%8A%D8%A7%D9%87_%D9%81%D9%8A_%D8%A3%D9%85_%D8%A7%D9%84%D9%82%D9%8A%D9%88%D9%8A%D9%86_%D9%81%D8%AD%D8%B5_%D8%A8%D8%AF%D9%88%D9%86_%D8%AA%D9%83%D8%B3%D9%8A%D8%B1_2026,0,103,0%,2.25
https://www.rukn-eltatawer.com/water-leak-detection-umm-al-quwain/#%D8%AE%D8%AF%D9%85%D8%A7%D8%AA_%D9%88%D8%A3%D8%B3%D8%B9%D8%A7%D8%B1_%D8%A3%D9%81%D8%B6%D9%84_%D8%B4%D8%B1%D9%83%D8%A9_%D9%83%D8%B4%D9%81_%D8%AA%D8%B3%D8%B1%D8%A8%D8%A7%D8%AA_%D8%A7%D9%84%D9%85%D9%8A%D8%A7%D9%87_%D9%81%D9%8A_%D8%A3%D9%85_%D8%A7%D9%84%D9%82%D9%8A%D9%88%D9%8A%D9%86_2026,0,103,0%,2.25
https://www.rukn-eltatawer.com/parquet-installation-company-in-al-ain/#%D8%B7%D8%B1%D9%82_%D8%AA%D8%B1%D9%83%D9%8A%D8%A8_%D8%A3%D8%B1%D8%B6%D9%8A%D8%A7%D8%AA_%D8%A7%D9%84%D8%A8%D8%A7%D8%B1%D9%83%D9%8A%D9%87,0,103,0%,2.55
https://www.rukn-eltatawer.com/pigeons-repellent-installation-company-in-al-ain/#%D8%B4%D8%B1%D9%83%D8%A9_%D8%B4%D8%B1%D9%83%D8%A9_%D8%AA%D8%B1%D9%83%D9%8A%D8%A8_%D8%B7%D8%A7%D8%B1%D8%AF_%D8%AD%D9%85%D8%A7%D9%85_%D9%81%D9%8A_%D8%A7%D9%84%D8%B9%D9%8A%D9%86,0,102,0%,3.38
https://www.rukn-eltatawer.com/sharjah-soundproofing-installation-company/#%D8%B7%D8%B1%D9%82_%D8%AA%D8%B1%D9%83%D9%8A%D8%A8_%D8%B9%D8%A7%D8%B2%D9%84_%D8%A7%D9%84%D8%B5%D9%88%D8%AA_%D8%A7%D9%84%D8%B4%D8%A7%D8%B1%D9%82%D8%A9,0,102,0%,5.26
https://www.rukn-eltatawer.com/ajman-roof-insulation-company/#%D8%AE%D8%AF%D9%85%D8%A7%D8%AA_%D8%B4%D8%B1%D9%83%D8%A9_%D8%B9%D8%B2%D9%84_%D8%A3%D8%B3%D8%B7%D8%AD_%D8%B9%D8%AC%D9%85%D8%A7%D9%86,0,101,0%,2.56
https://www.rukn-eltatawer.com/abu-dhabi-carpet-cleaning-company/#%D8%A7%D9%84%D8%A3%D8%AF%D9%88%D8%A7%D8%AA_%D8%A7%D9%84%D8%AA%D9%8A_%D8%AA%D8%B3%D8%AA%D8%AE%D8%AF%D9%85%D9%87%D8%A7_%D8%B4%D8%B1%D9%83%D8%A9_%D8%AA%D9%86%D8%B8%D9%8A%D9%81_%D8%B3%D8%AC%D8%A7%D8%AF_%D8%A3%D8%A8%D9%88%D8%B8%D8%A8%D9%8A,0,101,0%,7.63
https://www.rukn-eltatawer.com/ajman-roof-insulation-company/#%D9%85%D9%85%D9%8A%D8%B2%D8%A7%D8%AA_%D8%B4%D8%B1%D9%83%D8%A9_%D8%B9%D8%B2%D9%84_%D8%A3%D8%B3%D8%B7%D8%AD_%D9%81%D9%8A_%D8%B9%D8%AC%D9%85%D8%A7%D9%86,0,100,0%,2.44
https://www.rukn-eltatawer.com/dyeing-fujairah/,0,99,0%,10.08
https://www.rukn-eltatawer.com/al-ain-carpet-cleaning-company/#%D8%A7%D9%81%D8%B6%D9%84_%D8%B4%D8%B1%D9%83%D8%A9_%D8%AA%D9%86%D8%B8%D9%8A%D9%81_%D8%B3%D8%AC%D8%A7%D8%AF_%D8%A8%D8%A7%D9%84%D8%B9%D9%8A%D9%86,0,98,0%,3.73
https://www.rukn-eltatawer.com/al-ain-carpet-cleaning-company/#%D8%B4%D8%B1%D9%83%D8%A9_%D8%AA%D9%86%D8%B8%D9%8A%D9%81_%D9%85%D9%88%D9%83%D9%8A%D8%AA_%D9%81%D9%8A_%D8%A7%D9%84%D8%B9%D9%8A%D9%86,0,98,0%,3.73
https://www.rukn-eltatawer.com/ajman-villas-cleaning-company/#%D8%A3%D9%81%D8%B6%D9%84_%D8%B4%D8%B1%D9%83%D8%A9_%D8%AA%D9%86%D8%B8%D9%8A%D9%81_%D9%81%D9%84%D9%84_%D8%A8%D8%B9%D8%AC%D9%85%D8%A7%D9%86,0,98,0%,5.13
https://www.rukn-eltatawer.com/abu-dhabi-sofa-cleaning-company/#%D8%A3%D9%86%D9%88%D8%A7%D8%B9_%D8%A7%D9%84%D9%83%D9%86%D8%A8_%D9%88%D8%B7%D8%B1%D9%82_%D8%AA%D9%86%D8%B8%D9%8A%D9%81%D9%87%D8%A7,0,98,0%,9.12
https://www.rukn-eltatawer.com/abu-dhabi-sofa-cleaning-company/#%D8%B4%D8%B1%D9%83%D8%A9_%D8%AA%D8%B9%D9%82%D9%8A%D9%85_%D9%83%D9%86%D8%A8_%D8%A3%D8%A8%D9%88_%D8%B8%D8%A8%D9%8A,0,98,0%,9.12
https://www.rukn-eltatawer.com/pest-control-company-in-ajman/#%D8%A3%D9%86%D9%88%D8%A7%D8%B9_%D8%A7%D9%84%D8%AD%D8%B4%D8%B1%D8%A7%D8%AA_%D8%A7%D9%84%D8%AA%D9%8A_%D8%AA%D9%82%D9%88%D9%85_%D8%B4%D8%B1%D9%83%D8%AA%D9%86%D8%A7_%D8%A8%D8%A7%D9%84%D9%82%D8%B6%D8%A7%D8%A1_%D8%B9%D9%84%D9%8A%D9%87%D8%A7_%D9%81%D9%8A_%D8%B9%D8%AC%D9%85%D8%A7%D9%86,0,96,0%,3.14
https://www.rukn-eltatawer.com/furniture-carpenter-umm-al-quwain/,0,96,0%,9.1
https://www.rukn-eltatawer.com/abu-dhabi-pigeons-repellent-installation-company/#%D8%A7%D9%81%D8%B6%D9%84_%D8%B4%D8%B1%D9%83%D8%A9_%D8%AA%D8%B1%D9%83%D9%8A%D8%A8_%D8%B7%D8%A7%D8%B1%D8%AF_%D8%AD%D9%85%D8%A7%D9%85_%D9%81%D9%8A_%D8%A3%D8%A8%D9%88%D8%B8%D8%A8%D9%8A,0,94,0%,3.99
https://www.rukn-eltatawer.com/ajman-villas-cleaning-company/#%D8%B4%D8%B1%D9%83%D8%A9_%D8%AA%D9%86%D8%B8%D9%8A%D9%81_%D8%AD%D8%AF%D8%A7%D8%A6%D9%82_%D9%81%D9%84%D9%84_%D8%B9%D8%AC%D9%85%D8%A7%D9%86,0,94,0%,5.07
https://www.rukn-eltatawer.com/air-conditioner-cleaning-company-in-umm-al-quwain/#%D8%AE%D8%B7%D9%88%D8%A7%D8%AA_%D8%AA%D9%86%D8%B8%D9%8A%D9%81_%D8%A7%D9%84%D9%85%D9%83%D9%8A%D9%81%D8%A7%D8%AA_%D9%81%D9%8A_%D8%A7%D9%85_%D8%A7%D9%84%D9%82%D9%8A%D9%88%D9%8A%D9%86,0,93,0%,5.55
https://www.rukn-eltatawer.com/air-conditioner-cleaning-company-in-umm-al-quwain/#%D9%85%D9%85%D9%8A%D8%B2%D8%A7%D8%AA_%D8%B4%D8%B1%D9%83%D8%A9_%D8%AA%D9%86%D8%B8%D9%8A%D9%81_%D8%A7%D9%84%D9%85%D9%83%D9%8A%D9%81%D8%A7%D8%AA,0,93,0%,5.55
https://www.rukn-eltatawer.com/parquet-installation-company-in-sharjah/#%D9%85%D9%85%D9%8A%D8%B2%D8%A7%D8%AA_%D8%B4%D8%B1%D9%83%D8%A9_%D8%AA%D8%B1%D9%83%D9%8A%D8%A8_%D8%A7%D9%84%D8%A8%D8%A7%D8%B1%D9%83%D9%8A%D9%87,0,92,0%,2.29
https://www.rukn-eltatawer.com/hourly-cleaning-maids-dubai/#%D8%A3%D8%B9%D9%85%D8%A7%D9%84_%D8%AA%D9%82%D9%88%D9%85_%D8%A8%D9%87%D8%A7_%D8%B9%D8%A7%D9%85%D9%84%D8%A7%D8%AA_%D8%AA%D9%86%D8%B8%D9%8A%D9%81_%D8%A8%D8%A7%D9%84%D8%B3%D8%A7%D8%B9%D8%A9_%D9%81%D9%8A_%D8%AF%D8%A8%D9%8A,0,92,0%,6.29
https://www.rukn-eltatawer.com/water-leak-detection-company-in-ras-al-khaimah/,0,92,0%,12.14
https://www.rukn-eltatawer.com/parquet-installation-company-in-dubai/#%D9%85%D9%85%D9%8A%D8%B2%D8%A7%D8%AA_%D8%B4%D8%B1%D9%83%D8%A9_%D8%AA%D8%B1%D9%83%D9%8A%D8%A8_%D8%A7%D9%84%D8%A8%D8%A7%D8%B1%D9%83%D9%8A%D9%87,0,91,0%,2.85
https://www.rukn-eltatawer.com/roof-insulation-company-al-ain/#%D8%A3%D9%81%D8%B6%D9%84_%D8%B4%D8%B1%D9%83%D8%A9_%D8%B9%D8%B2%D9%84_%D8%A7%D8%B3%D8%B7%D8%AD_%D9%81%D9%8A_%D8%A7%D9%84%D8%B9%D9%8A%D9%86,0,90,0%,2.32
https://www.rukn-eltatawer.com/al-ain-boards-cleaning-company/#%D8%B4%D8%B1%D9%83%D8%A7%D8%AA_%D8%AA%D9%86%D8%B8%D9%8A%D9%81_%D9%85%D9%88%D9%83%D9%8A%D8%AA_%D8%A8%D8%A7%D9%84%D8%B9%D9%8A%D9%86,0,89,0%,1.93
https://www.rukn-eltatawer.com/al-ain-boards-cleaning-company/#%D8%B4%D8%B1%D9%83%D8%A9_%D8%AA%D9%86%D8%B8%D9%8A%D9%81_%D8%A7%D9%84%D9%83%D9%86%D8%A8_%D8%A8%D8%A7%D9%84%D8%A8%D8%AE%D8%A7%D8%B1_%D8%A7%D9%84%D8%B9%D9%8A%D9%86,0,89,0%,1.93
https://www.rukn-eltatawer.com/al-ain-boards-cleaning-company/#%D8%B4%D8%B1%D9%83%D8%A9_%D9%86%D8%B8%D8%A7%D9%81%D8%A9_%D9%85%D8%AC%D8%A7%D9%84%D8%B3_%D8%A7%D9%84%D9%85%D9%86%D8%A7%D8%B2%D9%84_%D8%A8%D8%A7%D9%84%D8%B9%D9%8A%D9%86,0,89,0%,1.93
https://www.rukn-eltatawer.com/roof-insulation-company-al-ain/#%D8%B9%D8%B2%D9%84_%D8%A7%D8%B3%D8%B7%D8%AD_%D8%A7%D9%84%D9%85%D8%A8%D8%A7%D9%86%D9%8A_%D9%81%D9%8A_%D8%A7%D9%84%D8%B9%D9%8A%D9%86,0,88,0%,2.16
https://www.rukn-eltatawer.com/parquet-installation-company-in-dubai/#%D8%B7%D8%B1%D9%82_%D8%AA%D8%B1%D9%83%D9%8A%D8%A8_%D8%A3%D8%B1%D8%B6%D9%8A%D8%A7%D8%AA_%D8%A7%D9%84%D8%A8%D8%A7%D8%B1%D9%83%D9%8A%D9%87,0,88,0%,2.88
https://www.rukn-eltatawer.com/termite-control-dubai/#%D8%A7%D8%B1%D8%AE%D8%B5_%D8%B4%D8%B1%D9%83%D8%A9_%D9%85%D9%83%D8%A7%D9%81%D8%AD%D8%A9_%D8%A7%D9%84%D8%B1%D9%85%D8%A9_%D9%81%D9%8A_%D8%AF%D8%A8%D9%8A,0,86,0%,6.55
https://www.rukn-eltatawer.com/water-leak-detection-company-in-al-ain/#%D9%83%D9%8A%D9%81_%D8%AA%D9%83%D8%B4%D9%81_%D8%B4%D8%B1%D9%83%D8%A9_%D9%83%D8%B4%D9%81_%D8%AA%D8%B3%D8%B1%D8%A8%D8%A7%D8%AA_%D8%A7%D9%84%D9%85%D9%8A%D8%A7%D9%87_%D9%81%D9%8A_%D8%A7%D9%84%D8%B9%D9%8A%D9%86_%D8%B1%D9%83%D9%86_%D8%A7%D9%84%D8%AA%D8%B7%D9%88%D8%B1_%D8%B9%D9%86_%D8%AA%D8%B3%D8%B1%D8%A8%D8%A7%D8%AA_%D8%A7%D9%84%D9%85%D9%8A%D8%A7%D9%87_%D9%81%D9%8A_%D8%A7%D9%84%D8%B9%D9%8A%D9%86_2026%D8%9F_%D8%A7%D9%84%D8%A8%D8%B1%D9%88%D8%AA%D9%88%D9%83%D9%88%D9%84_%D8%A7%D9%84%D9%83%D8%A7%D9%85%D9%84,0,85,0%,3.05
https://www.rukn-eltatawer.com/al-ain-boards-cleaning-company/#%D8%B7%D8%B1%D9%82_%D8%A7%D9%84%D8%B9%D9%85%D9%84_%D8%A7%D9%84%D8%AA%D9%8A_%D8%AA%D8%AA%D8%A8%D8%B9%D9%87%D8%A7_%D8%B4%D8%B1%D9%83%D8%A9_%D8%B1%D9%83%D9%86_%D8%A7%D9%84%D8%AA%D8%B7%D9%88%D8%B1,0,84,0%,1.86
https://www.rukn-eltatawer.com/dyeing-umm-al-quwain/,0,84,0%,13.73
https://www.rukn-eltatawer.com/roof-insulation-company-al-ain/#%D8%AE%D8%AF%D9%85%D8%A7%D8%AA_%D8%B4%D8%B1%D9%83%D8%A9_%D8%B9%D8%B2%D9%84_%D8%A3%D8%B3%D8%B7%D8%AD_%D8%A7%D9%84%D8%B9%D9%8A%D9%86,0,83,0%,2.27
https://www.rukn-eltatawer.com/water-leak-detection-company-in-al-ain/#%D8%AE%D8%AF%D9%85%D8%A7%D8%AA_%D8%B4%D8%B1%D9%83%D8%A9_%D9%83%D8%B4%D9%81_%D8%AA%D8%B3%D8%B1%D8%A8%D8%A7%D8%AA_%D8%A7%D9%84%D9%85%D9%8A%D8%A7%D9%87_%D9%81%D9%8A_%D8%A7%D9%84%D8%B9%D9%8A%D9%86_%D8%B1%D9%83%D9%86_%D8%A7%D9%84%D8%AA%D8%B7%D9%88%D8%B1_2026_%E2%80%93_%D8%AA%D8%BA%D8%B7%D9%8A%D8%A9_%D8%B4%D8%A7%D9%85%D9%84%D8%A9_%D9%84%D9%83%D9%84_%D8%AD%D8%A7%D9%84%D8%A9,0,83,0%,2.9
https://www.rukn-eltatawer.com/water-leak-detection-company-in-al-ain/#6_%D8%A3%D8%AE%D8%B7%D8%A7%D8%A1_%D9%81%D8%A7%D8%AF%D8%AD%D8%A9_%D9%8A%D9%82%D8%B9_%D9%81%D9%8A%D9%87%D8%A7_%D9%85%D9%86_%D9%8A%D8%A8%D8%AD%D8%AB_%D8%B9%D9%86_%D8%B4%D8%B1%D9%83%D8%A9_%D9%83%D8%B4%D9%81_%D8%AA%D8%B3%D8%B1%D8%A8%D8%A7%D8%AA_%D8%A7%D9%84%D9%85%D9%8A%D8%A7%D9%87_%D9%81%D9%8A_%D8%A7%D9%84%D8%B9%D9%8A%D9%86_%E2%80%93_%D8%AA%D8%AC%D9%86%D9%91%D8%A8%D9%87%D8%A7_%D8%A7%D9%84%D8%A2%D9%86,0,83,0%,2.9
https://www.rukn-eltatawer.com/sewer-wiring-abu-dhabi/#%D8%AA%D8%B3%D9%84%D9%8A%D9%83_%D9%85%D8%AC%D8%A7%D8%B1%D9%8A_%D8%A7%D9%84%D8%AD%D9%85%D8%A7%D9%85%D8%A7%D8%AA_%D9%81%D9%8A_%D8%A3%D8%A8%D9%88%D8%B8%D8%A8%D9%8A,0,83,0%,3.14
https://www.rukn-eltatawer.com/dubai-majlis-cleaning-company/,0,83,0%,19.83
https://www.rukn-eltatawer.com/general-maintenance-company-al-ain/#%D8%A7%D9%81%D8%B6%D9%84_%D8%B4%D8%B1%D9%83%D8%A9_%D8%B5%D9%8A%D8%A7%D9%86%D8%A9_%D8%B9%D8%A7%D9%85%D8%A9_%D8%A7%D9%84%D8%B9%D9%8A%D9%86_%D8%AA%D9%83%D8%B3%D9%8A%D8%B1_%D9%88%D8%AA%D8%B1%D9%85%D9%8A%D9%85_%D9%81%D9%84%D9%84_%D9%88%D8%AD%D9%85%D8%A7%D9%85%D8%A7%D8%AA,0,82,0%,4.62
https://www.rukn-eltatawer.com/general-maintenance-company-al-ain/#%D9%81%D9%86%D9%8A_%D8%B3%D8%A8%D8%A7%D9%83_%D9%81%D9%8A_%D8%A7%D9%84%D8%B9%D9%8A%D9%86,0,81,0%,4.59
https://www.rukn-eltatawer.com/swimming-pool-company-in-abu-dhabi/#%D8%AE%D8%AF%D9%85%D8%A7%D8%AA_%D8%B4%D8%B1%D9%83%D8%A9_%D8%B5%D9%8A%D8%A7%D9%86%D8%A9_%D9%85%D8%B3%D8%A7%D8%A8%D8%AD_%D9%81%D9%8A_%D8%A3%D8%A8%D9%88%D8%B8%D8%A8%D9%8A,0,81,0%,5.51
https://www.rukn-eltatawer.com/swimming-pool-company-in-abu-dhabi/#%D9%85%D9%85%D9%8A%D8%B2%D8%A7%D8%AA_%D8%B4%D8%B1%D9%83%D8%A9_%D8%B5%D9%8A%D8%A7%D9%86%D8%A9_%D9%85%D8%B3%D8%A7%D8%A8%D8%AD_%D9%81%D9%8A_%D8%A3%D8%A8%D9%88%D8%B8%D8%A8%D9%8A,0,81,0%,5.51
https://www.rukn-eltatawer.com/ras-al-khaimah-cleaning/#%D8%B4%D8%B1%D9%83%D8%A9_%D8%AA%D9%86%D8%B8%D9%8A%D9%81_%D9%85%D9%86%D8%A7%D8%B2%D9%84_%D9%81%D9%8A_%D8%B1%D8%A3%D8%B3_%D8%A7%D9%84%D8%AE%D9%8A%D9%85%D8%A9_%D8%AF%D9%84%D9%8A%D9%84%D9%83_%D8%A7%D9%84%D8%B4%D8%A7%D9%85%D9%84_%D9%84%D9%86%D8%B8%D8%A7%D9%81%D8%A9_%D9%85%D8%AB%D8%A7%D9%84%D9%8A%D8%A9_%D9%85%D8%B9_%E2%80%9C%D8%B1%D9%83%D9%86_%D8%A7%D9%84%D8%AA%D8%B7%D9%88%D8%B1%E2%80%9D_%F0%9F%8F%A0%E2%9C%A8,0,81,0%,10.38
https://www.rukn-eltatawer.com/ras-al-khaimah-cleaning/#%D9%84%D9%85%D8%A7%D8%B0%D8%A7_%D8%AA%D8%B9%D8%AA%D8%A8%D8%B1_%E2%80%9C%D8%B1%D9%83%D9%86_%D8%A7%D9%84%D8%AA%D8%B7%D9%88%D8%B1%E2%80%9D_%D8%A3%D9%81%D8%B6%D9%84_%D8%B4%D8%B1%D9%83%D8%A9_%D8%AA%D9%86%D8%B8%D9%8A%D9%81_%D9%85%D9%86%D8%A7%D8%B2%D9%84_%D9%81%D9%8A_%D8%B1%D8%A3%D8%B3_%D8%A7%D9%84%D8%AE%D9%8A%D9%85%D8%A9_%D9%85%D9%86_%D8%A7%D9%84%D9%86%D8%A7%D8%AD%D9%8A%D8%A9_%D8%A7%D9%84%D8%AA%D9%82%D9%86%D9%8A%D8%A9%D8%9F_%F0%9F%9B%A0%EF%B8%8F,0,81,0%,10.38
https://www.rukn-eltatawer.com/marble-polishing-abu-dhabi/,0,81,0%,45.56
https://www.rukn-eltatawer.com/parquet-installation-company-in-ras-al-khaimah/#%D9%85%D9%85%D9%8A%D8%B2%D8%A7%D8%AA_%D8%B4%D8%B1%D9%83%D8%A9_%D8%AA%D8%B1%D9%83%D9%8A%D8%A8_%D8%A7%D9%84%D8%A8%D8%A7%D8%B1%D9%83%D9%8A%D9%87,0,80,0%,2.21
https://www.rukn-eltatawer.com/parquet-installation-company-in-sharjah/#%D8%B7%D8%B1%D9%82_%D8%AA%D8%B1%D9%83%D9%8A%D8%A8_%D8%A3%D8%B1%D8%B6%D9%8A%D8%A7%D8%AA_%D8%A7%D9%84%D8%A8%D8%A7%D8%B1%D9%83%D9%8A%D9%87,0,80,0%,2.38
https://www.rukn-eltatawer.com/abu-dhabi-swimming-pool-cleaning-company/#%D8%A3%D8%AF%D9%88%D8%A7%D8%AA_%D8%B4%D8%B1%D9%83%D8%A9_%D8%AA%D9%86%D8%B8%D9%8A%D9%81_%D9%85%D8%B3%D8%A7%D8%A8%D8%AD_%D8%A3%D8%A8%D9%88%D8%B8%D8%A8%D9%8A,0,80,0%,2.45
https://www.rukn-eltatawer.com/abu-dhabi-swimming-pool-cleaning-company/#%D8%A7%D9%84%D8%AE%D8%B7%D9%88%D8%A7%D8%AA_%D8%A7%D9%84%D8%AA%D9%8A_%D9%86%D8%AA%D8%AA%D8%A8%D8%A7%D8%B9%D9%87%D8%A7_%D9%81%D9%8A_%D8%B4%D8%B1%D9%83%D8%A9_%D8%AA%D9%86%D8%B8%D9%8A%D9%81_%D9%85%D8%B3%D8%A7%D8%A8%D8%AD_%D8%A3%D8%A8%D9%88%D8%B8%D8%A8%D9%8A,0,80,0%,2.45
https://www.rukn-eltatawer.com/general-maintenance-company-al-ain/#%D9%85%D8%B1%D8%A7%D8%AD%D9%84_%D8%AA%D8%B1%D9%85%D9%8A%D9%85_%D9%88%D8%AA%D8%AC%D8%AF%D9%8A%D8%AF_%D8%A7%D9%84%D8%AD%D9%85%D8%A7%D9%85%D8%A7%D8%AA_%D9%88%D8%A7%D9%84%D9%81%D9%84%D9%84_%D8%A8%D8%A7%D9%84%D8%B9%D9%8A%D9%86,0,80,0%,4.61
https://www.rukn-eltatawer.com/sa/sa/en/water-leak-detection-al-majmaah/,0,80,0%,10.53
https://www.rukn-eltatawer.com/air-conditioner-cleaning-company-in-al-ain/#%D9%81%D9%86%D9%8A_%D8%AA%D9%83%D9%8A%D9%8A%D9%81,0,79,0%,7.73
https://www.rukn-eltatawer.com/lizard-control-ajman/,0,78,0%,3.4
https://www.rukn-eltatawer.com/abu-dhabi-soundproofing-installation-company/#%D8%A3%D9%81%D8%B6%D9%84_%D8%B4%D8%B1%D9%83%D8%A9_%D8%AA%D8%B1%D9%83%D9%8A%D8%A8_%D8%B9%D8%A7%D8%B2%D9%84_%D8%A7%D9%84%D8%B5%D9%88%D8%AA_%D8%A3%D8%A8%D9%88%D8%B8%D8%A8%D9%8A,0,78,0%,5.27
https://www.rukn-eltatawer.com/tank-insulation-fujairah/,0,78,0%,17
https://www.rukn-eltatawer.com/water-leak-detection-in-umm-al-quwain/,0,78,0%,49.01
https://www.rukn-eltatawer.com/pest-control-company-in-al-ain/#%D8%A7%D9%84%D8%AA%D9%82%D9%86%D9%8A%D8%A7%D8%AA_%D8%A7%D9%84%D9%85%D8%B3%D8%AA%D8%AE%D8%AF%D9%85%D8%A9_%D9%81%D9%8A_%D9%85%D9%83%D8%A7%D9%81%D8%AD%D8%A9_%D8%A7%D9%84%D8%AD%D8%B4%D8%B1%D8%A7%D8%AA,0,77,0%,4.62
https://www.rukn-eltatawer.com/abu-dhabi-soundproofing-installation-company/#_%D8%B4%D8%B1%D9%83%D8%A9_%D8%B9%D8%B2%D9%84_%D8%B5%D9%88%D8%AA_%D9%84%D9%84%D8%AC%D8%AF%D8%B1%D8%A7%D9%86_%D9%81%D9%8A_%D8%A7%D8%A8%D9%88_%D8%B8%D8%A8%D9%8A,0,77,0%,5.26
https://www.rukn-eltatawer.com/umm-al-quwain-roof-insulation-company/#%D8%B4%D8%B1%D9%83%D8%A9_%D8%B9%D8%B2%D9%84_%D8%AE%D8%B2%D8%A7%D9%86%D8%A7%D8%AA_%D9%81%D9%8A_%D8%A3%D9%85_%D8%A7%D9%84%D9%82%D9%8A%D9%88%D9%8A%D9%86,0,76,0%,4.36
https://www.rukn-eltatawer.com/umm-al-quwain-roof-insulation-company/#%D9%85%D9%85%D9%8A%D8%B2%D8%A7%D8%AA_%D8%B4%D8%B1%D9%83%D8%A9_%D8%B9%D8%B2%D9%84_%D8%A7%D8%B3%D8%B7%D8%AD_%D8%A8%D8%A3%D9%85_%D8%A7%D9%84%D9%82%D9%8A%D9%88%D9%8A%D9%86,0,76,0%,4.36
https://www.rukn-eltatawer.com/abu-dhabi-soundproofing-installation-company/#%D8%A3%D8%A8%D9%88%D8%A7%D8%A8_%D8%B9%D8%A7%D8%B2%D9%84%D8%A9_%D9%84%D9%84%D8%B5%D9%88%D8%AA_%D9%81%D9%8A_%D8%A7%D9%84%D8%A5%D9%85%D8%A7%D8%B1%D8%A7%D8%AA,0,76,0%,5.24
https://www.rukn-eltatawer.com/abu-dhabi-soundproofing-installation-company/#%D8%A3%D9%81%D8%B6%D9%84_%D8%B7%D8%B1%D9%82_%D8%AA%D8%B1%D9%83%D9%8A%D8%A8_%D8%B9%D8%A7%D8%B2%D9%84_%D8%B5%D9%88%D8%AA_%D9%84%D9%84%D8%BA%D8%B1%D9%81_%D8%A8%D8%A7%D8%A8%D9%88_%D8%B8%D8%A8%D9%8A,0,76,0%,5.24
https://www.rukn-eltatawer.com/ras-al-khaimah-cleaning/#%D8%A3%D8%B3%D8%B9%D8%A7%D8%B1_%D8%B4%D8%B1%D9%83%D8%A9_%D8%AA%D9%86%D8%B8%D9%8A%D9%81_%D9%85%D9%86%D8%A7%D8%B2%D9%84_%D9%81%D9%8A_%D8%B1%D8%A3%D8%B3_%D8%A7%D9%84%D8%AE%D9%8A%D9%85%D8%A9_%F0%9F%92%B0,0,76,0%,10.59
https://www.rukn-eltatawer.com/ras-al-khaimah-cleaning/#%D8%A7%D9%84%D8%AA%D8%AD%D8%AF%D9%8A_%D8%A7%D9%84%D8%A3%D9%83%D8%A8%D8%B1_%D8%AA%D9%86%D8%B8%D9%8A%D9%81_%D8%A7%D9%84%D9%85%D9%86%D8%A7%D8%B2%D9%84_%D8%A8%D8%B9%D8%AF_%D8%A7%D9%84%D8%A8%D9%86%D8%A7%D8%A1_%D9%88%D8%A7%D9%84%D8%AA%D8%B4%D8%B7%D9%8A%D8%A8_Post-Construction_Cleaning_%F0%9F%8F%97%EF%B8%8F,0,76,0%,10.59
https://www.rukn-eltatawer.com/ras-al-khaimah-cleaning/#%D9%85%D8%A7_%D9%87%D9%8A_%D8%AE%D8%AF%D9%85%D8%A9_%D8%AA%D9%86%D8%B8%D9%8A%D9%81_%D8%A7%D9%84%D9%85%D9%86%D8%A7%D8%B2%D9%84_%D8%A7%D9%84%D8%B4%D8%A7%D9%85%D9%84%D8%A9%D8%9F_%D9%88%D9%84%D9%85%D8%A7%D8%B0%D8%A7_%D8%AA%D8%AD%D8%AA%D8%A7%D8%AC%D9%87%D8%A7_%D8%A7%D9%84%D8%A2%D9%86%D8%9F_%F0%9F%A7%BC,0,76,0%,10.59
https://www.rukn-eltatawer.com/roof-insulation-company-al-ain/#%D8%B9%D8%B2%D9%84_%D8%A3%D8%B3%D8%B7%D8%AD_%D8%A8%D8%A7%D9%84%D8%A8%D9%8A%D8%AA%D9%88%D9%85%D9%8A%D9%86_%D8%A8%D8%A7%D9%84%D8%B9%D9%8A%D9%86,0,75,0%,2.04
https://www.rukn-eltatawer.com/swimming-pool-company-in-abu-dhabi/#%D8%A3%D9%81%D8%B6%D9%84_%D8%B4%D8%B1%D9%83%D8%A9_%D8%A5%D9%86%D8%B4%D8%A7%D8%A1_%D9%85%D8%B3%D8%A7%D8%A8%D8%AD_%D9%81%D9%8A_%D8%A3%D8%A8%D9%88%D8%B8%D8%A8%D9%8A-2,0,75,0%,5.39
https://www.rukn-eltatawer.com/swimming-pool-company-in-abu-dhabi/#%D8%AE%D8%B7%D9%88%D8%A7%D8%AA_%D8%B5%D9%8A%D8%A7%D9%86%D8%A9_%D8%A7%D9%84%D9%85%D8%B3%D8%A7%D8%A8%D8%AD_%D9%81%D9%8A_%D8%B4%D8%B1%D9%83%D8%A9_%D8%A5%D9%86%D8%B4%D8%A7%D8%A1_%D9%88%D8%B5%D9%8A%D8%A7%D9%86%D8%A9_%D9%85%D8%B3%D8%A7%D8%A8%D8%AD_%D8%A3%D8%A8%D9%88%D8%B8%D8%A8%D9%8A,0,75,0%,5.39
https://www.rukn-eltatawer.com/swimming-pool-company-in-abu-dhabi/#%D9%85%D9%85%D9%8A%D8%B2%D8%A7%D8%AA_%D8%B4%D8%B1%D9%83%D9%87_%D8%B5%D9%8A%D8%A7%D9%86%D8%A9_%D9%85%D8%B3%D8%A7%D8%A8%D8%AD_%D9%81%D9%8A_%D8%A3%D8%A8%D9%88%D8%B8%D8%A8%D9%8A,0,75,0%,5.39
https://www.rukn-eltatawer.com/ajman-roof-insulation-company/#%D9%85%D8%A7_%D9%87%D9%88_%D8%B9%D8%A7%D8%B2%D9%84_%D8%A3%D8%B3%D8%B7%D8%AD_%D9%85%D8%B7%D8%A7%D8%B7%D9%8A_%D8%9F,0,73,0%,2.93
https://www.rukn-eltatawer.com/roof-insulation-in-abu-dhabi/#%D8%B7%D8%B1%D9%8A%D9%82%D8%A9_%D8%A7%D9%84%D8%B9%D8%B2%D9%84_%D8%A7%D9%84%D9%85%D8%A7%D8%A6%D9%8A_%D9%84%D9%84%D8%A7%D8%B3%D8%B7%D8%AD_%D9%81%D9%8A_%D8%A3%D8%A8%D9%88%D8%B8%D8%A8%D9%8A,0,73,0%,6.16
https://www.rukn-eltatawer.com/ajman-carpet-cleaning-company/#%D8%A7%D9%84%D8%A3%D8%AF%D9%88%D8%A7%D8%AA_%D8%A7%D9%84%D9%85%D8%B3%D8%AA%D8%AE%D8%AF%D9%85%D8%A9_%D9%81%D9%8A_%D9%86%D8%B8%D8%A7%D9%81%D8%A9_%D8%A7%D9%84%D8%B3%D8%AC%D8%A7%D8%AF,0,73,0%,6.18
https://www.rukn-eltatawer.com/building-maintenance-abu-dhabi/#%D8%AE%D8%AF%D9%85%D8%A7%D8%AA_%D8%B4%D8%B1%D9%83%D8%A9_%D8%B5%D9%8A%D8%A7%D9%86%D8%A9_%D9%85%D8%A8%D8%A7%D9%86%D9%8A_%D9%81%D9%8A_%D8%A3%D8%A8%D9%88_%D8%B8%D8%A8%D9%8A,0,72,0%,4.96
https://www.rukn-eltatawer.com/building-maintenance-abu-dhabi/#%D9%85%D9%82%D8%AF%D9%85%D8%A9,0,72,0%,4.96
https://www.rukn-eltatawer.com/ajman-villas-cleaning-company/#%D8%B4%D8%B1%D9%83%D9%87_%D8%AA%D9%86%D8%B8%D9%8A%D9%81_%D9%85%D8%B3%D8%A7%D8%A8%D8%AD_%D9%81%D9%84%D9%84_%D9%81%D9%8A_%D8%B9%D8%AC%D9%85%D8%A7%D9%86,0,72,0%,5.07
https://www.rukn-eltatawer.com/kerbstone-installation-abu-dhabi/,0,72,0%,10.88
https://www.rukn-eltatawer.com/umm-al-quwain-sofa-cleaning-company/#%D8%AE%D8%AF%D9%85%D8%A7%D8%AA_%D8%B4%D8%B1%D9%83%D8%A9_%D8%BA%D8%B3%D9%8A%D9%84_%D8%A7%D9%84%D9%83%D9%86%D8%A8_%D8%A3%D9%85_%D8%A7%D9%84%D9%82%D9%8A%D9%88%D9%8A%D9%86,0,71,0%,2.97
https://www.rukn-eltatawer.com/al-ain-carpet-cleaning-company/#%D8%B4%D8%B1%D9%83%D8%A9_%D8%AA%D8%B9%D9%82%D9%8A%D9%85_%D9%81%D9%8A_%D8%A7%D9%84%D8%B9%D9%8A%D9%86,0,71,0%,4.35
https://www.rukn-eltatawer.com/al-ain-carpet-cleaning-company/#%D8%B4%D8%B1%D9%83%D8%A9_%D8%AA%D9%86%D8%B8%D9%8A%D9%81_%D9%83%D9%86%D8%A8_%D9%81%D9%8A_%D8%A7%D9%84%D8%B9%D9%8A%D9%86,0,71,0%,4.35
https://www.rukn-eltatawer.com/al-ain-carpet-cleaning-company/#%D8%BA%D8%B3%D9%8A%D9%84_%D8%A7%D9%84%D8%B3%D8%AC%D8%A7%D8%AF_%D8%A8%D8%A7%D9%84%D8%A8%D8%AE%D8%A7%D8%B1_%D8%A7%D9%84%D8%B9%D9%8A%D9%86,0,71,0%,4.35
https://www.rukn-eltatawer.com/sharjah-marble-polishing-and-polishing-company/#%D8%A7%D9%81%D8%B6%D9%84_%D8%B4%D8%B1%D9%83%D8%A7%D8%AA_%D8%AC%D9%84%D9%8A_%D9%88%D8%AA%D9%84%D9%85%D9%8A%D8%B9_%D8%B1%D8%AE%D8%A7%D9%85_%D8%A8%D8%A7%D9%84%D8%B4%D8%A7%D8%B1%D9%82%D8%A9,0,71,0%,5.63
https://www.rukn-eltatawer.com/sharjah-marble-polishing-and-polishing-company/#%D8%AE%D8%AF%D9%85%D8%A7%D8%AA_%D8%B4%D8%B1%D9%83%D8%A9_%D8%AC%D9%84%D9%8A_%D9%88%D8%AA%D9%84%D9%85%D9%8A%D8%B9_%D8%A7%D9%84%D8%B1%D8%AE%D8%A7%D9%85_%D8%A7%D9%84%D8%B4%D8%A7%D8%B1%D9%82%D8%A9,0,71,0%,5.63
https://www.rukn-eltatawer.com/air-conditioner-cleaning-company-in-ras-al-khaimah/#%D8%A3%D9%81%D8%B6%D9%84_%D8%B4%D8%B1%D9%83%D8%A9_%D8%AA%D9%86%D8%B8%D9%8A%D9%81_%D9%85%D9%83%D9%8A%D9%81%D8%A7%D8%AA_%D9%81%D9%8A_%D8%B1%D8%A3%D8%B3_%D8%A7%D9%84%D8%AE%D9%8A%D9%85%D8%A9,0,71,0%,7.54
https://www.rukn-eltatawer.com/air-conditioner-cleaning-company-in-ras-al-khaimah/#%D8%B4%D8%B1%D9%83%D8%A9_%D8%AA%D9%86%D8%B8%D9%8A%D9%81_%D9%85%D9%83%D9%8A%D9%81%D8%A7%D8%AA_%D9%81%D9%8A_%D8%B1%D8%A3%D8%B3_%D8%A7%D9%84%D8%AE%D9%8A%D9%85%D8%A9,0,71,0%,7.54
https://www.rukn-eltatawer.com/air-conditioner-cleaning-company-in-ras-al-khaimah/#%D9%85%D9%85%D9%8A%D8%B2%D8%A7%D8%AA_%D8%B4%D8%B1%D9%83%D8%AA%D9%86%D8%A7,0,71,0%,7.54
https://www.rukn-eltatawer.com/parquet-installation-company-in-ajman/#%D8%A3%D9%81%D8%B6%D9%84_%D8%B4%D8%B1%D9%83%D8%A9_%D8%AA%D8%B1%D9%83%D9%8A%D8%A8_%D8%A8%D8%A7%D8%B1%D9%83%D9%8A%D9%87_%D9%81%D9%8A_%D8%B9%D8%AC%D9%85%D8%A7%D9%86,0,70,0%,2.3
https://www.rukn-eltatawer.com/dubai-glass-facade-cleaning-company/#%D8%A3%D9%81%D8%B6%D9%84_%D8%B4%D8%B1%D9%83%D8%A9_%D8%AA%D9%86%D8%B8%D9%8A%D9%81_%D9%88%D8%A7%D8%AC%D9%87%D8%A7%D8%AA_%D8%B2%D8%AC%D8%A7%D8%AC_%D8%AF%D8%A8%D9%8A,0,70,0%,2.9
https://www.rukn-eltatawer.com/dubai-glass-facade-cleaning-company/#%D8%B4%D8%B1%D9%83%D8%A7%D8%AA_%D8%AA%D9%86%D8%B8%D9%8A%D9%81_%D9%88%D8%A7%D8%AC%D9%87%D8%A7%D8%AA_%D8%B2%D8%AC%D8%A7%D8%AC_%D8%AF%D8%A8%D9%8A,0,70,0%,2.9
https://www.rukn-eltatawer.com/pest-control-company-in-al-ain/#%D8%A3%D9%81%D8%B6%D9%84_%D8%B4%D8%B1%D9%83%D8%A9_%D9%85%D9%83%D8%A7%D9%81%D8%AD%D8%A9_%D8%AD%D8%B4%D8%B1%D8%A7%D8%AA_%D9%81%D9%8A_%D8%A7%D9%84%D8%B9%D9%8A%D9%86,0,70,0%,4.56
https://www.rukn-eltatawer.com/dubai-sofa-cleaning-company/#%D8%B4%D8%B1%D9%83%D8%A9_%D8%AA%D9%86%D8%B8%D9%8A%D9%81_%D9%81%D9%8A_%D8%AF%D8%A8%D9%8A,0,69,0%,5.84
https://www.rukn-eltatawer.com/installation-of-gypsum-board-fujairah/#%D8%A3%D9%81%D8%B6%D9%84_%D8%B4%D8%B1%D9%83%D8%A9_%D8%AA%D8%B1%D9%83%D9%8A%D8%A8_%D8%AC%D8%A8%D8%B3_%D8%A8%D9%88%D8%B1%D8%AF_%D9%81%D9%8A_%D8%A7%D9%84%D9%81%D8%AC%D9%8A%D8%B1%D8%A9,0,68,0%,2.24
https://www.rukn-eltatawer.com/installation-of-gypsum-board-fujairah/#%D8%AF%D9%8A%D9%83%D9%88%D8%B1%D8%A7%D8%AA_%D8%AC%D8%A8%D8%B3_%D8%A8%D9%88%D8%B1%D8%AF_%D9%81%D9%8A_%D8%A7%D9%84%D9%81%D8%AC%D9%8A%D8%B1%D8%A9,0,68,0%,2.24
https://www.rukn-eltatawer.com/dubai-kitchen-cleaning-company/#%D8%B4%D8%B1%D9%83%D8%A9_%D8%AA%D9%86%D8%B8%D9%8A%D9%81_%D9%85%D8%B7%D8%A7%D8%A8%D8%AE_%D9%88%D8%A5%D8%B2%D8%A7%D9%84%D8%A9_%D8%A7%D9%84%D8%AF%D9%87%D9%88%D9%86_%D9%81%D9%8A_%D8%AF%D8%A8%D9%8A,0,68,0%,2.6
https://www.rukn-eltatawer.com/insulators-company-in-sharjah/#%D8%B9%D8%B2%D9%84_%D8%A7%D8%B3%D8%B7%D8%AD_%D8%A7%D9%84%D9%85%D9%86%D8%A7%D8%B2%D9%84_%D8%A8%D8%A7%D9%84%D8%B4%D8%A7%D8%B1%D9%82%D8%A9,0,68,0%,3.28
https://www.rukn-eltatawer.com/cleaning-company-in-dubai/#%D8%A7%D8%AE%D8%AA%D8%B1_%D8%A8%D8%A7%D9%82%D8%AA%D9%83_%D9%88%D8%A7%D8%AD%D8%AC%D8%B2_%D8%A7%D9%84%D8%A2%D9%86,0,68,0%,4.19
https://www.rukn-eltatawer.com/abu-dhabi-air-conditioner-cleaning-company/#%D8%A3%D9%87%D9%85%D9%8A%D8%A9_%D8%AA%D9%86%D8%B8%D9%8A%D9%81_%D8%A7%D9%84%D9%85%D9%83%D9%8A%D9%81%D8%A7%D8%AA_%D8%A8%D8%A7%D9%86%D8%AA%D8%B8%D8%A7%D9%85_%D9%81%D9%8A_%D8%A3%D8%A8%D9%88%D8%B8%D8%A8%D9%8A,0,68,0%,6.69
https://www.rukn-eltatawer.com/dyeing-in-ajman/#%D8%A7%D8%B1%D8%AE%D8%B5_%D8%B4%D8%B1%D9%83%D8%A9_%D8%B5%D8%A8%D8%BA_%D9%81%D9%8A_%D8%B9%D8%AC%D9%85%D8%A7%D9%86,0,68,0%,7.78
https://www.rukn-eltatawer.com/dyeing-in-ajman/#%D8%A7%D9%81%D8%B6%D9%84_%D8%B4%D8%B1%D9%83%D8%A9_%D8%B5%D8%A8%D8%BA_%D9%81%D9%8A_%D8%B9%D8%AC%D9%85%D8%A7%D9%86,0,68,0%,7.78
https://www.rukn-eltatawer.com/dubai-pool-cleaning/#%D8%B4%D8%B1%D9%83%D8%A9_%D8%AA%D9%86%D8%B8%D9%8A%D9%81_%D9%85%D8%B3%D8%A7%D8%A8%D8%AD_%D9%81%D9%8A_%D8%AF%D8%A8%D9%8A,0,67,0%,4.84
https://www.rukn-eltatawer.com/dubai-pool-cleaning/#%D8%AE%D8%AF%D9%85%D8%A7%D8%AA_%D8%B4%D8%B1%D9%83%D8%A9_%D8%AA%D9%86%D8%B8%D9%8A%D9%81_%D9%85%D8%B3%D8%A7%D8%A8%D8%AD_%D9%81%D9%8A_%D8%AF%D8%A8%D9%8A,0,67,0%,4.91
https://www.rukn-eltatawer.com/cooker-repair-dubai/,0,67,0%,6.93
https://www.rukn-eltatawer.com/fujairah-council-cleaning-company/,0,67,0%,22.76
https://www.rukn-eltatawer.com/al-ain-apartment-cleaning-company/,0,67,0%,57.21
https://www.rukn-eltatawer.com/parquet-installation-company-in-ajman/#%D8%B7%D8%B1%D9%82_%D8%AA%D8%B1%D9%83%D9%8A%D8%A8_%D8%A3%D8%B1%D8%B6%D9%8A%D8%A7%D8%AA_%D8%A7%D9%84%D8%A8%D8%A7%D8%B1%D9%83%D9%8A%D9%87,0,66,0%,2.33
https://www.rukn-eltatawer.com/dubai-kitchen-cleaning-company/#%D8%A7%D9%81%D8%B6%D9%84_%D8%B4%D8%B1%D9%83%D8%A7%D8%AA_%D8%AA%D9%86%D8%B8%D9%8A%D9%81_%D8%A7%D9%84%D9%85%D8%B7%D8%A7%D8%A8%D8%AE_%D9%88%D8%A5%D8%B2%D8%A7%D9%84%D8%A9_%D8%A7%D9%84%D8%AF%D9%87%D9%88%D9%86_%D8%A8%D8%AF%D8%A8%D9%8A,0,66,0%,2.39
https://www.rukn-eltatawer.com/abu-dhabi-soundproofing-installation-company/#%D8%B4%D8%B1%D9%83%D8%A7%D8%AA_%D8%B9%D8%B2%D9%84_%D8%A7%D9%84%D8%B5%D9%88%D8%AA_%D9%81%D9%8A_%D8%A7%D9%84%D8%A5%D9%85%D8%A7%D8%B1%D8%A7%D8%AA,0,66,0%,5.18
https://www.rukn-eltatawer.com/sterilization-in-dubai/,0,66,0%,10.79
https://www.rukn-eltatawer.com/soundproofing-ajman/,0,66,0%,26.71
https://www.rukn-eltatawer.com/elevator-maintenance-dubai/,0,65,0%,7.29
https://www.rukn-eltatawer.com/city/umm-al-quwain/,0,65,0%,29.72
https://www.rukn-eltatawer.com/swimming-pool-company-in-abu-dhabi/#%D8%AA%D9%82%D8%AF%D9%8A%D9%85_%D8%A7%D9%84%D8%B4%D8%B1%D9%83%D8%A9,0,64,0%,5.58
https://www.rukn-eltatawer.com/qa/shrkh-trkyb-antrlwk-fy-qtr/,0,64,0%,7.11
https://www.rukn-eltatawer.com/abu-dhabi-swimming-pool-cleaning-company/#%D8%AE%D8%AF%D9%85%D8%A7%D8%AA_%D8%B4%D8%B1%D9%83%D8%A9_%D8%AA%D9%86%D8%B8%D9%8A%D9%81_%D9%85%D8%B3%D8%A7%D8%A8%D8%AD_%D8%A3%D8%A8%D9%88%D8%B8%D8%A8%D9%8A,0,63,0%,2.44
https://www.rukn-eltatawer.com/abu-dhabi-swimming-pool-cleaning-company/#%D9%81%D9%86%D9%8A_%D8%B4%D8%B1%D9%83%D8%A9_%D8%AA%D9%86%D8%B8%D9%8A%D9%81_%D9%85%D8%B3%D8%A7%D8%A8%D8%AD_%D8%A3%D8%A8%D9%88%D8%B8%D8%A8%D9%8A,0,63,0%,2.44
https://www.rukn-eltatawer.com/abu-dhabi-swimming-pool-cleaning-company/#%D9%85%D9%85%D9%8A%D8%B2%D8%A7%D8%AA_%D8%B4%D8%B1%D9%83%D8%A9_%D8%AA%D9%86%D8%B8%D9%8A%D9%81_%D9%85%D8%B3%D8%A7%D8%A8%D8%AD_%D8%A3%D8%A8%D9%88%D8%B8%D8%A8%D9%8A,0,63,0%,2.44
https://www.rukn-eltatawer.com/dubai-kitchen-cleaning-company/#%D8%A7%D9%84%D8%AE%D8%AF%D9%85%D8%A7%D8%AA_%D8%A7%D9%84%D8%AA%D9%8A_%D8%AA%D9%82%D8%AF%D9%85%D9%87%D8%A7_%D8%B4%D8%B1%D9%83%D8%A9_%D8%AA%D9%86%D8%B8%D9%8A%D9%81_%D9%85%D8%B7%D8%A7%D8%A8%D8%AE_%D9%88%D8%A5%D8%B2%D8%A7%D9%84%D8%A9_%D8%AF%D9%87%D9%88%D9%86_%D8%AF%D8%A8%D9%8A,0,63,0%,2.67
https://www.rukn-eltatawer.com/dubai-kitchen-cleaning-company/#%D8%B4%D8%B1%D9%83%D8%A9_%D8%AA%D9%86%D8%B8%D9%8A%D9%81_%D9%85%D8%B7%D8%A7%D8%A8%D8%AE_%D8%AF%D8%A8%D9%8A,0,63,0%,2.67
https://www.rukn-eltatawer.com/installation-of-gypsum-board-umm-al-quwain/#%D8%A7%D9%81%D8%B6%D9%84_%D8%AA%D8%B1%D9%83%D9%8A%D8%A8_%D8%AC%D8%A8%D8%B3_%D8%A8%D9%88%D8%B1%D8%AF_%D9%81%D9%8A_%D8%A7%D9%85_%D8%A7%D9%84%D9%82%D9%8A%D9%88%D9%8A%D9%86,0,63,0%,5.63
https://www.rukn-eltatawer.com/installation-of-gypsum-board-umm-al-quwain/#%D8%AA%D8%B1%D9%83%D9%8A%D8%A8_%D8%AC%D8%A8%D8%B3_%D8%A8%D9%88%D8%B1%D8%AF_%D9%81%D9%8A_%D8%A7%D9%85_%D8%A7%D9%84%D9%82%D9%8A%D9%88%D9%8A%D9%86,0,63,0%,5.63
https://www.rukn-eltatawer.com/sharjah-marble-polishing-and-polishing-company/#%D8%AC%D9%84%D9%89_%D8%B1%D8%AE%D8%A7%D9%85_%D9%85%D8%AF%D8%A7%D8%AE%D9%84_%D8%A7%D9%84%D8%B9%D9%85%D8%A7%D8%B1%D8%A7%D8%AA_%D9%88%D8%A7%D9%84%D9%85%D8%A8%D8%A7%D9%86%D9%8A_%D8%A8%D8%A7%D8%A8%D9%88_%D8%B8%D8%A8%D9%8A,0,63,0%,5.87
https://www.rukn-eltatawer.com/umm-al-quwain-sofa-cleaning-company/#%D8%B4%D8%B1%D9%83%D8%A9_%D8%AA%D9%86%D8%B8%D9%8A%D9%81_%D9%83%D9%86%D8%A8_%D8%A8%D8%A7%D9%84%D8%AA%D8%AC%D9%81%D9%8A%D9%81_%D8%A7%D9%85_%D8%A7%D9%84%D9%82%D9%8A%D9%88%D9%8A%D9%86,0,62,0%,3.03
https://www.rukn-eltatawer.com/sewer-wiring-abu-dhabi/#%D8%A7%D8%B1%D8%AE%D8%B5_%D8%B4%D8%B1%D9%83%D8%A9_%D8%AA%D8%B3%D9%84%D9%8A%D9%83_%D9%85%D8%AC%D8%A7%D8%B1%D9%8A_%D9%81%D9%8A_%D8%A3%D8%A8%D9%88%D8%B8%D8%A8%D9%8A,0,62,0%,5.05
https://www.rukn-eltatawer.com/a-contracting-company-in-abu-dhabi/#%D8%B4%D8%B1%D9%83%D8%A7%D8%AA_%D8%A5%D9%86%D8%B4%D8%A7%D8%A1%D8%A7%D8%AA_%D9%81%D9%8A_%D8%A3%D8%A8%D9%88%D8%B8%D8%A8%D9%8A,0,62,0%,9.16
https://www.rukn-eltatawer.com/dubai-kitchen-cleaning-company/#%D9%84%D9%85%D8%A7%D8%B0%D8%A7_%D9%8A%D8%AE%D8%AA%D8%A7%D8%B1_%D8%A7%D9%84%D8%B9%D9%85%D9%84%D8%A7%D8%A1_%D8%B4%D8%B1%D9%83%D8%A9_%D8%BA%D8%B3%D9%8A%D9%84_%D9%85%D8%B7%D8%A7%D8%A8%D8%AE_%D9%88%D8%A5%D8%B2%D8%A7%D9%84%D8%A9_%D8%AF%D9%87%D9%88%D9%86_%D9%81%D9%8A_%D8%AF%D8%A8%D9%8A%D8%9F,0,61,0%,2.44
https://www.rukn-eltatawer.com/air-conditioner-cleaning-company-in-ras-al-khaimah/#%D8%A7%D9%84%D8%AA%D9%88%D8%A7%D8%B5%D9%84_%D9%85%D8%B9_%D8%B4%D8%B1%D9%83%D8%A9_%D8%B1%D9%83%D9%86_%D8%A7%D9%84%D8%AA%D8%B7%D9%88%D8%B1,0,61,0%,7.34
https://www.rukn-eltatawer.com/dyeing-in-ajman/#%D8%B4%D8%B1%D9%83%D8%A9_%D8%B5%D8%A8%D8%A7%D8%BA_%D9%81%D9%8A_%D8%B9%D8%AC%D9%85%D8%A7%D9%86_%D8%B1%D8%AE%D9%8A%D8%B5%D8%A9,0,60,0%,7.63
https://www.rukn-eltatawer.com/umm-al-quwain-sofa-cleaning-company/#%D8%A7%D9%81%D8%B6%D9%84_%D8%B4%D8%B1%D9%83%D8%A9_%D8%AA%D9%86%D8%B8%D9%8A%D9%81_%D9%83%D9%86%D8%A8_%D9%81%D9%8A_%D8%A7%D9%85_%D8%A7%D9%84%D9%82%D9%8A%D9%88%D9%8A%D9%86,0,59,0%,2.98
https://www.rukn-eltatawer.com/umm-al-quwain-sofa-cleaning-company/#%D8%B4%D8%B1%D9%83%D8%A9_%D8%AA%D9%86%D8%B8%D9%8A%D9%81_%D9%81%D9%8A_%D8%A7%D9%85_%D8%A7%D9%84%D9%82%D9%8A%D9%88%D9%8A%D9%86,0,59,0%,2.98
https://www.rukn-eltatawer.com/umm-al-quwain-sofa-cleaning-company/#%D9%86%D8%B8%D8%A7%D9%81%D8%A9_%D8%A7%D9%84%D9%83%D9%86%D8%A8_%D8%A7%D9%84%D9%85%D8%B5%D9%86%D9%88%D8%B9_%D9%85%D9%86_%D8%A7%D9%84%D9%83%D8%AA%D8%A7%D9%86,0,59,0%,2.98
https://www.rukn-eltatawer.com/sharjah-pool-cleaning/#%D8%AE%D8%AF%D9%85%D8%A7%D8%AA_%D8%B4%D8%B1%D9%83%D8%A9_%D8%AA%D9%86%D8%B8%D9%8A%D9%81_%D9%85%D8%B3%D8%A7%D8%A8%D8%AD_%D8%A7%D9%84%D8%B4%D8%A7%D8%B1%D9%82%D8%A9,0,59,0%,6.12
https://www.rukn-eltatawer.com/sharjah-pool-cleaning/#%D8%AE%D8%B7%D9%88%D8%A7%D8%AA_%D8%B9%D9%85%D9%84_%D8%B4%D8%B1%D9%83%D8%A9_%D8%AA%D9%86%D8%B8%D9%8A%D9%81_%D9%85%D8%B3%D8%A7%D8%A8%D8%AD_%D8%A7%D9%84%D8%B4%D8%A7%D8%B1%D9%82%D8%A9,0,59,0%,6.12
https://www.rukn-eltatawer.com/electrical-maintenance-al-ain/,0,59,0%,12.05
https://www.rukn-eltatawer.com/abu-dhabi-villas-cleaning-company/#%D8%A3%D9%81%D8%B6%D9%84_%D8%B4%D8%B1%D9%83%D8%A9_%D8%AA%D9%86%D8%B8%D9%8A%D9%81_%D9%81%D9%84%D9%84_%D9%81%D9%8A_%D8%A3%D8%A8%D9%88%D8%B8%D8%A8%D9%8A,0,58,0%,6.79
https://www.rukn-eltatawer.com/abu-dhabi-villas-cleaning-company/#%D8%AE%D8%AF%D9%85%D8%A7%D8%AA%D9%86%D8%A7_%D9%81%D9%8A_%D8%AA%D9%86%D8%B8%D9%8A%D9%81_%D8%A7%D9%84%D9%81%D9%84%D9%84_%D9%88%D8%A7%D9%84%D9%82%D8%B5%D9%88%D8%B1,0,58,0%,6.79
https://www.rukn-eltatawer.com/abu-dhabi-villas-cleaning-company/#%D8%AE%D8%AF%D9%85%D8%A9_%D8%B4%D8%B1%D9%83%D8%A9_%D8%AA%D9%86%D8%B8%D9%8A%D9%81_%D9%81%D9%84%D9%84_%D9%81%D9%8A_%D8%A3%D8%A8%D9%88%D8%B8%D8%A8%D9%8A,0,58,0%,6.79
https://www.rukn-eltatawer.com/abu-dhabi-villas-cleaning-company/#%D9%86%D8%B5%D8%A7%D8%A6%D8%AD_%D9%85%D9%86_%D9%82%D8%A8%D9%84_%D8%B4%D8%B1%D9%83%D8%A9_%D8%AA%D9%86%D8%B8%D9%8A%D9%81_%D9%81%D9%84%D9%84_%D9%81%D9%8A_%D8%A3%D8%A8%D9%88%D8%B8%D8%A8%D9%8A,0,58,0%,6.79
https://www.rukn-eltatawer.com/a-contracting-company-in-abu-dhabi/#%D8%B4%D8%B1%D9%83%D8%A7%D8%AA_%D8%B5%D9%8A%D8%A7%D9%86%D8%A9_%D8%A7%D9%84%D9%85%D8%A8%D8%A7%D9%86%D9%8A_%D9%81%D9%8A_%D8%A3%D8%A8%D9%88%D8%B8%D8%A8%D9%8A,0,58,0%,9.26
https://www.rukn-eltatawer.com/shrkh-trkyb-mtabkh-fy-dby/,0,58,0%,9.62
https://www.rukn-eltatawer.com/soundproofing-sharjah/,0,58,0%,20.9
https://www.rukn-eltatawer.com/automatic-door-maintenance-abu-dhabi/#%D8%AE%D8%AF%D9%85%D8%A7%D8%AA_%D8%B5%D9%8A%D8%A7%D9%86%D8%A9_%D8%A7%D9%84%D8%A3%D8%A8%D9%88%D8%A7%D8%A8_%D8%A7%D9%84%D8%A3%D9%88%D8%AA%D9%88%D9%85%D8%A7%D8%AA%D9%8A%D9%83%D9%8A%D8%A9,0,57,0%,4.49
https://www.rukn-eltatawer.com/automatic-door-maintenance-abu-dhabi/#%D9%83%D9%8A%D9%81%D9%8A%D8%A9_%D8%A7%D8%AE%D8%AA%D9%8A%D8%A7%D8%B1_%D8%B4%D8%B1%D9%83%D8%A9_%D8%B5%D9%8A%D8%A7%D9%86%D8%A9_%D9%85%D9%88%D8%AB%D9%88%D9%82%D8%A9,0,57,0%,4.49
https://www.rukn-eltatawer.com/automatic-door-maintenance-abu-dhabi/#%D9%85%D9%82%D8%AF%D9%85%D8%A9,0,57,0%,4.49
https://www.rukn-eltatawer.com/pest-control-company-in-al-ain/#%D8%A7%D8%A8%D8%A7%D8%AF%D8%A9_%D8%AD%D8%B4%D8%B1%D8%A7%D8%AA_%D8%A7%D9%84%D8%B9%D9%8A%D9%86,0,56,0%,2.98
https://www.rukn-eltatawer.com/building-maintenance-abu-dhabi/#%D8%A3%D8%B3%D8%A7%D9%84%D9%8A%D8%A8_%D8%A7%D9%84%D8%B5%D9%8A%D8%A7%D9%86%D8%A9_%D8%A7%D9%84%D9%85%D8%AA%D9%82%D8%AF%D9%85%D8%A9,0,56,0%,4.7
https://www.rukn-eltatawer.com/abu-dhabi-swimming-pool-cleaning-company/#%D8%AA%D9%86%D8%B8%D9%8A%D9%81_%D8%A7%D9%84%D9%85%D8%B3%D8%A7%D8%A8%D8%AD_%D8%A7%D9%84%D9%85%D8%B7%D8%A7%D8%B7%D9%8A%D8%A9_%D8%A3%D8%A8%D9%88%D8%B8%D8%A8%D9%8A,0,55,0%,2.35
https://www.rukn-eltatawer.com/dyeing-in-ajman/#%D8%B4%D8%B1%D9%83%D8%A7%D8%AA_%D8%AF%D9%87%D8%A7%D9%86_%D9%81%D9%8A_%D8%B9%D8%AC%D9%85%D8%A7%D9%86,0,55,0%,8.09
https://www.rukn-eltatawer.com/roof-insulation-in-abu-dhabi/#%D8%AA%D8%B1%D8%AA%D9%8A%D8%A8_%D8%B7%D8%A8%D9%82%D8%A7%D8%AA_%D8%B9%D8%B2%D9%84_%D8%A7%D9%84%D8%A7%D8%B3%D8%B7%D8%AD_%D9%81%D9%8A_%D8%B4%D8%B1%D9%83%D8%A9_%D8%B9%D8%B2%D9%84_%D8%A3%D8%B3%D8%B7%D8%AD_%D9%81%D9%8A_%D8%A3%D8%A8%D9%88%D8%B8%D8%A8%D9%8A,0,55,0%,8.22
https://www.rukn-eltatawer.com/abu-dhabi-carpet-cleaning-company/#%D8%A3%D8%B1%D9%82%D8%A7%D9%85_%D9%85%D8%BA%D8%A7%D8%B3%D9%84_%D8%B3%D8%AC%D8%A7%D8%AF_%D8%A8%D8%A7%D8%A8%D9%88%D8%B8%D8%A8%D9%8A,0,55,0%,9.04
https://www.rukn-eltatawer.com/parquet-installation-company-in-ras-al-khaimah/#%D8%B7%D8%B1%D9%82_%D8%AA%D8%B1%D9%83%D9%8A%D8%A8_%D8%A3%D8%B1%D8%B6%D9%8A%D8%A7%D8%AA_%D8%A7%D9%84%D8%A8%D8%A7%D8%B1%D9%83%D9%8A%D9%87,0,54,0%,2.5
https://www.rukn-eltatawer.com/contact-us/,0,54,0%,4
https://www.rukn-eltatawer.com/a-water-leak-detection-company-in-sharjah/#rukn-h-19,0,54,0%,4.96
https://www.rukn-eltatawer.com/abu-dhabi-carpet-cleaning-company/#%D8%BA%D8%B3%D9%8A%D9%84_%D8%A7%D9%84%D8%B3%D8%AC%D8%A7%D8%AF_%D9%81%D9%8A_%D8%A3%D8%A8%D9%88%D8%B8%D8%A8%D9%8A,0,54,0%,9.04
https://www.rukn-eltatawer.com/dubai-pool-cleaning/#%D9%85%D9%85%D9%8A%D8%B2%D8%A7%D8%AA_%D8%B4%D8%B1%D9%83%D8%A9_%D8%AA%D9%86%D8%B8%D9%8A%D9%81_%D8%A7%D9%84%D9%85%D8%B3%D8%A7%D8%A8%D8%AD_%D9%81%D9%8A_%D8%AF%D8%A8%D9%8A,0,52,0%,4.92
https://www.rukn-eltatawer.com/dubai-pool-cleaning/#%D9%81%D9%88%D8%A7%D8%A6%D8%AF_%D8%AA%D9%86%D8%B8%D9%8A%D9%81_%D8%AD%D9%85%D8%A7%D9%85%D8%A7%D8%AA_%D8%A7%D9%84%D8%B3%D8%A8%D8%A7%D8%AD%D8%A9_%D8%A8%D8%B4%D9%83%D9%84_%D9%85%D9%86%D8%AA%D8%B8%D9%85,0,52,0%,5.02
https://www.rukn-eltatawer.com/dyeing-in-ajman/#%D8%B5%D8%A8%D8%A7%D8%BA_%D8%B1%D8%AE%D9%8A%D8%B5_%D9%81%D9%8A_%D8%B9%D8%AC%D9%85%D8%A7%D9%86,0,52,0%,8.02
https://www.rukn-eltatawer.com/a-contracting-company-in-abu-dhabi/#%D9%85%D9%85%D9%8A%D8%B2%D8%A7%D8%AA_%D8%B4%D8%B1%D9%83%D8%A9_%D9%85%D9%82%D8%A7%D9%88%D9%84%D8%A7%D8%AA_%D9%81%D9%8A_%D8%A7%D8%A8%D9%88%D8%B8%D8%A8%D9%8A,0,52,0%,8.77
https://www.rukn-eltatawer.com/a-contracting-company-in-abu-dhabi/#%D8%A3%D8%B3%D8%B9%D8%A7%D8%B1_%D8%A7%D9%84%D8%B4%D8%B1%D9%83%D8%A9,0,52,0%,9.19
https://www.rukn-eltatawer.com/abu-dhabi-air-conditioner-cleaning-company/#%D9%86%D8%B5%D8%A7%D8%A6%D8%AD_%D8%B4%D8%B1%D9%83%D8%A9_%D8%B5%D9%8A%D8%A7%D9%86%D8%A9_%D9%85%D9%83%D9%8A%D9%81%D8%A7%D8%AA_%D9%81%D9%89_%D8%A3%D8%A8%D9%88%D8%B8%D8%A8%D9%8A,0,52,0%,9.42
https://www.rukn-eltatawer.com/abu-dhabi-swimming-pool-cleaning-company/#%D8%A3%D9%81%D8%B6%D9%84_%D8%B4%D8%B1%D9%83%D8%A9_%D8%AA%D9%86%D8%B8%D9%8A%D9%81_%D9%85%D8%B3%D8%A7%D8%A8%D8%AD_%D8%A3%D8%A8%D9%88%D8%B8%D8%A8%D9%8A,0,51,0%,2.24
https://www.rukn-eltatawer.com/dubai-pool-cleaning/#%D8%A7%D9%84%D9%85%D8%B9%D8%AF%D8%A7%D8%AA_%D8%A7%D9%84%D8%AA%D9%8A_%D8%AA%D8%B3%D8%AA%D8%AE%D8%AF%D9%85%D9%87%D8%A7_%D9%81%D9%8A_%D8%B4%D8%B1%D9%83%D8%A9_%D8%AA%D9%86%D8%B8%D9%8A%D9%81_%D9%85%D8%B3%D8%A7%D8%A8%D8%AD_%D9%81%D9%8A_%D8%AF%D8%A8%D9%8A,0,51,0%,4.98
https://www.rukn-eltatawer.com/dubai-pool-cleaning/#%D8%AE%D8%B7%D9%88%D8%A7%D8%AA_%D8%B4%D8%B1%D9%83%D8%A9_%D8%AA%D9%86%D8%B8%D9%8A%D9%81_%D9%85%D8%B3%D8%A7%D8%A8%D8%AD_%D9%81%D9%8A_%D8%AF%D8%A8%D9%8A,0,51,0%,4.98
https://www.rukn-eltatawer.com/paints-company-in-dubai/#%D8%B4%D8%B1%D9%83%D8%A9_%D8%AF%D9%87%D8%A7%D9%86%D8%A7%D8%AA_%D8%AF%D8%A8%D9%8A,0,51,0%,6.47
https://www.rukn-eltatawer.com/paints-company-in-dubai/#%D8%AE%D8%AF%D9%85%D8%A7%D8%AA_%D8%B4%D8%B1%D9%83%D8%A9_%D8%B1%D9%83%D9%86_%D8%A7%D9%84%D8%AA%D8%B7%D9%88%D8%B1_%D9%81%D9%8A_%D8%AF%D8%A8%D9%8A,0,51,0%,6.55
https://www.rukn-eltatawer.com/paints-company-in-dubai/#%D9%85%D9%85%D9%8A%D8%B2%D8%A7%D8%AA_%D8%B4%D8%B1%D9%83%D8%A9_%D8%AF%D9%87%D8%A7%D9%86%D8%A7%D8%AA_%D9%81%D9%8A_%D8%AF%D8%A8%D9%8A,0,51,0%,6.55
https://www.rukn-eltatawer.com/category/decorations/,0,51,0%,7.41
https://www.rukn-eltatawer.com/a-contracting-company-in-abu-dhabi/#%D8%A3%D9%87%D9%85_%D8%A3%D8%B9%D9%85%D8%A7%D9%84_%D8%A3%D9%81%D8%B6%D9%84_%D8%B4%D8%B1%D9%83%D8%A9_%D9%85%D9%82%D8%A7%D9%88%D9%84%D8%A7%D8%AA_%D9%81%D9%8A_%D8%A3%D8%A8%D9%88%D8%B8%D8%A8%D9%8A,0,51,0%,8.67
https://www.rukn-eltatawer.com/ras-al-khaimah-cleaning/#%D8%A7%D9%84%D8%AA%D8%BA%D8%B7%D9%8A%D8%A9_%D8%A7%D9%84%D8%AC%D8%BA%D8%B1%D8%A7%D9%81%D9%8A%D8%A9_%D9%86%D8%B5%D9%84%D9%83_%D9%81%D9%8A_%D9%83%D9%84_%D8%B4%D8%A8%D8%B1_%D9%81%D9%8A_%D8%B1%D8%A3%D8%B3_%D8%A7%D9%84%D8%AE%D9%8A%D9%85%D8%A9_%F0%9F%93%8D,0,51,0%,10.92
https://www.rukn-eltatawer.com/automatic-door-maintenance-abu-dhabi/#%D8%A3%D8%B3%D8%A8%D8%A7%D8%A8_%D8%AA%D9%84%D9%81_%D8%A7%D9%84%D8%A3%D8%A8%D9%88%D8%A7%D8%A8_%D8%A7%D9%84%D8%A3%D9%88%D8%AA%D9%88%D9%85%D8%A7%D8%AA%D9%8A%D9%83%D9%8A%D8%A9,0,50,0%,4.76
https://www.rukn-eltatawer.com/split-ac-maintenance-abu-dhabi/,0,50,0%,22.04
https://www.rukn-eltatawer.com/swimming-pools-company-in-al-ain/#%D8%AE%D8%AF%D9%85%D8%A7%D8%AA_%D8%B4%D8%B1%D9%83%D8%A9_%D8%AA%D9%86%D8%B8%D9%8A%D9%81_%D9%85%D8%B3%D8%A7%D8%A8%D8%AD_%D9%81%D9%8A_%D8%A7%D9%84%D8%B9%D9%8A%D9%86,0,49,0%,3.08
https://www.rukn-eltatawer.com/swimming-pools-company-in-al-ain/#%D8%B4%D8%B1%D9%83%D8%A9_%D8%A5%D9%86%D8%B4%D8%A7%D8%A1_%D9%88%D8%B5%D9%8A%D8%A7%D9%86%D8%A9_%D9%85%D8%B3%D8%A7%D8%A8%D8%AD_%D8%A7%D9%84%D8%B9%D9%8A%D9%86,0,49,0%,3.08
https://www.rukn-eltatawer.com/a-water-leak-detection-company-in-sharjah/#rukn-h-18,0,49,0%,4.78
https://www.rukn-eltatawer.com/a-water-leak-detection-company-in-sharjah/#rukn-h-25,0,49,0%,4.78
https://www.rukn-eltatawer.com/a-water-leak-detection-company-in-sharjah/#rukn-h-26,0,49,0%,4.78
https://www.rukn-eltatawer.com/a-water-leak-detection-company-in-sharjah/#rukn-h-27,0,49,0%,4.78
https://www.rukn-eltatawer.com/a-water-leak-detection-company-in-sharjah/#rukn-h-28,0,49,0%,4.78
https://www.rukn-eltatawer.com/a-water-leak-detection-company-in-sharjah/#rukn-h-7,0,49,0%,4.78
https://www.rukn-eltatawer.com/pest-control-khor-fakkan/#%D8%AE%D8%B7%D9%88%D8%B1%D8%A9_%D8%A7%D9%84%D9%86%D9%85%D9%84_%D8%A7%D9%84%D8%A3%D8%A8%D9%8A%D8%B6_%D8%A7%D9%84%D8%B1%D9%85%D8%A9_%D9%81%D9%8A_%D9%81%D9%84%D9%84_%D8%AE%D9%88%D8%B1%D9%81%D9%83%D8%A7%D9%86_%D9%88%D9%83%D9%8A%D9%81%D9%8A%D8%A9_%D8%A7%D9%84%D9%82%D8%B6%D8%A7%D8%A1_%D8%B9%D9%84%D9%8A%D9%87,0,49,0%,6.69
https://www.rukn-eltatawer.com/a-contracting-company-in-abu-dhabi/#%D9%85%D9%82%D8%A7%D9%88%D9%84%D8%A7%D8%AA_%D8%B9%D8%A7%D9%85%D8%A9_%D9%81%D9%8A_%D8%A3%D8%A8%D9%88%D8%B8%D8%A8%D9%8A,0,49,0%,8.88
https://www.rukn-eltatawer.com/abu-dhabi-carpet-cleaning-company/#%D8%B4%D8%B1%D9%83%D8%A9_%D8%AA%D9%86%D8%B8%D9%8A%D9%81_%D9%81%D9%8A_%D8%A7%D8%A8%D9%88_%D8%B8%D8%A8%D9%8A,0,49,0%,8.94
https://www.rukn-eltatawer.com/abu-dhabi-carpet-cleaning-company/#_%D8%B4%D8%B1%D9%83%D8%A9_%D8%AA%D9%86%D8%B8%D9%8A%D9%81_%D9%85%D9%88%D9%83%D9%8A%D8%AA_%D9%88%D8%B3%D8%AC%D8%A7%D8%AF_%D8%A7%D8%A8%D9%88_%D8%B8%D8%A8%D9%8A,0,49,0%,8.94
https://www.rukn-eltatawer.com/water-leak-detection-ras-al-khaimah/#%D8%A3%D8%AC%D9%87%D8%B2%D9%87_%D9%83%D8%B4%D9%81_%D8%AA%D8%B3%D8%B1%D9%8A%D8%A8%D8%A7%D8%AA_%D8%A7%D9%84%D9%85%D9%8A%D8%A7%D8%A9_%D8%AA%D8%AD%D8%AA_%D8%A7%D9%84%D8%A8%D9%84%D8%A7%D8%B7_%D8%A8%D8%B1%D8%A7%D8%B3_%D8%A7%D9%84%D8%AE%D9%8A%D9%85%D8%A9,0,48,0%,2.29
https://www.rukn-eltatawer.com/water-leak-detection-ras-al-khaimah/#%D8%A3%D8%AF%D9%88%D8%A7%D8%AA_%D9%83%D8%B4%D9%81_%D8%AA%D8%B3%D8%B1%D8%A8%D8%A7%D8%AA_%D8%A7%D9%84%D9%85%D9%8A%D8%A7%D9%87_%D9%81%D9%8A_%D8%B1%D8%A7%D8%B3_%D8%A7%D9%84%D8%AE%D9%8A%D9%85%D8%A9,0,48,0%,2.29
https://www.rukn-eltatawer.com/water-leak-detection-ras-al-khaimah/#%D8%A3%D9%86%D9%88%D8%A7%D8%B9_%D9%81%D8%AD%D9%88%D8%B5%D8%A7%D8%AA_%D8%B4%D8%B1%D9%83%D8%A9_%D9%83%D8%B4%D9%81_%D8%AA%D8%B3%D8%B1%D8%A8%D8%A7%D8%AA_%D8%A7%D9%84%D9%85%D9%8A%D8%A7%D9%87_%D9%81%D9%8A_%D8%B1%D8%A7%D8%B3_%D8%A7%D9%84%D8%AE%D9%8A%D9%85%D8%A9,0,48,0%,2.29
https://www.rukn-eltatawer.com/water-leak-detection-ras-al-khaimah/#%D8%AE%D8%AF%D9%85%D8%A7%D8%AA_%D8%B4%D8%B1%D9%83%D8%A9_%D9%83%D8%B4%D9%81_%D8%AA%D8%B3%D8%B1%D8%A8%D8%A7%D8%AA_%D8%A7%D9%84%D9%85%D9%8A%D8%A7%D9%87_%D9%81%D9%8A_%D8%B1%D8%A7%D8%B3_%D8%A7%D9%84%D8%AE%D9%8A%D9%85%D8%A9,0,48,0%,2.29
https://www.rukn-eltatawer.com/water-leak-detection-ras-al-khaimah/#%D8%B4%D8%B1%D9%83%D8%A9_%D9%83%D8%B4%D9%81_%D8%AA%D8%B3%D8%B1%D9%8A%D8%A8%D8%A7%D8%AA_%D8%A7%D9%84%D8%AD%D9%85%D8%A7%D9%85%D8%A7%D8%AA_%D9%81%D9%8A_%D8%B1%D8%A7%D8%B3_%D8%A7%D9%84%D8%AE%D9%8A%D9%85%D8%A9,0,48,0%,2.29
https://www.rukn-eltatawer.com/air-conditioner-cleaning-company-in-umm-al-quwain/#%D8%A7%D9%84%D8%AA%D9%88%D8%A7%D8%B5%D9%84_%D9%85%D8%B9_%D8%B4%D8%B1%D9%83%D8%AA%D9%86%D8%A7,0,48,0%,5.04
https://www.rukn-eltatawer.com/sharjah-pool-cleaning/#%D8%A3%D9%81%D8%B6%D9%84_%D8%B4%D8%B1%D9%83%D8%A9_%D8%AA%D9%86%D8%B8%D9%8A%D9%81_%D9%85%D8%B3%D8%A7%D8%A8%D8%AD_%D9%81%D9%8A_%D8%A7%D9%84%D8%B4%D8%A7%D8%B1%D9%82%D8%A9,0,48,0%,6.21
https://www.rukn-eltatawer.com/sharjah-pool-cleaning/#%D8%A7%D8%AC%D9%87%D8%B2%D8%A9_%D8%AA%D9%86%D8%B8%D9%8A%D9%81_%D8%A7%D9%84%D9%85%D8%B3%D8%A7%D8%A8%D8%AD_%D9%81%D9%8A_%D8%A7%D9%84%D8%B4%D8%A7%D8%B1%D9%82%D8%A9,0,48,0%,6.21
https://www.rukn-eltatawer.com/sharjah-pool-cleaning/#%D8%AA%D9%86%D8%B8%D9%8A%D9%81_%D8%A7%D9%84%D9%81%D9%84%D8%A7%D8%AA%D8%B1_%D9%88%D8%A7%D9%84%D9%85%D8%B6%D8%AE%D8%A7%D8%AA-2,0,48,0%,6.21
https://www.rukn-eltatawer.com/sharjah-pool-cleaning/#%D9%85%D9%88%D8%A7%D8%AF_%D8%AA%D9%86%D8%B8%D9%8A%D9%81_%D8%A7%D9%84%D9%85%D8%B3%D8%A7%D8%A8%D8%AD_%D9%81%D9%8A_%D8%A7%D9%84%D8%B4%D8%A7%D8%B1%D9%82%D8%A9,0,48,0%,6.21
https://www.rukn-eltatawer.com/paints-company-in-dubai/#%D8%AF%D9%87%D8%A7%D9%86%D8%A7%D8%AA_%D8%AC%D8%AF%D8%B1%D8%A7%D9%86_%D8%AF%D8%A8%D9%8A,0,48,0%,6.85
https://www.rukn-eltatawer.com/paints-company-in-dubai/#%D9%85%D9%82%D8%A7%D9%88%D9%84_%D8%AF%D9%87%D8%A7%D9%86%D8%A7%D8%AA_%D8%AF%D8%A8%D9%8A,0,48,0%,6.85
https://www.rukn-eltatawer.com/abu-dhabi-carpet-cleaning-company/#%D8%A7%D9%81%D8%B6%D9%84_%D8%B4%D8%B1%D9%83%D8%A7%D8%AA_%D8%AA%D9%86%D8%B8%D9%8A%D9%81_%D8%A7%D9%84%D9%85%D9%88%D9%83%D9%8A%D8%AA_%D9%88_%D8%B4%D8%B1%D9%83%D8%A9_%D8%AA%D9%86%D8%B8%D9%8A%D9%81_%D8%B3%D8%AC%D8%A7%D8%AF_%D8%A3%D8%A8%D9%88%D8%B8%D8%A8%D9%8A,0,48,0%,8.94
https://www.rukn-eltatawer.com/home-sterilization-company-in-ras-al-khaimah/#%D9%85%D9%85%D9%8A%D8%B2%D8%A7%D8%AA_%D8%B4%D8%B1%D9%83%D8%A9_%D8%AA%D8%B9%D9%82%D9%8A%D9%85_%D9%81%D9%89_%D8%B1%D8%A3%D8%B3_%D8%A7%D9%84%D8%AE%D9%8A%D9%85%D8%A9,0,47,0%,2.94
https://www.rukn-eltatawer.com/blog/,0,47,0%,4.81
https://www.rukn-eltatawer.com/sharjah-marble-polishing-and-polishing-company/#%D8%AC%D9%84%D9%8A_%D8%A7%D9%84%D8%B1%D8%AE%D8%A7%D9%85_%D8%A7%D9%84%D8%B4%D8%A7%D8%B1%D9%82%D8%A9,0,47,0%,6.28
https://www.rukn-eltatawer.com/home-sterilization-company-in-ras-al-khaimah/#%D8%AE%D8%AF%D9%85%D8%A7%D8%AA_%D8%B4%D8%B1%D9%83%D8%A9_%D8%B1%D9%83%D9%86_%D8%A7%D9%84%D8%AA%D8%B7%D9%88%D8%B1,0,46,0%,2.83
https://www.rukn-eltatawer.com/home-sterilization-company-in-ras-al-khaimah/#%D8%B4%D8%B1%D9%83%D8%A9_%D8%AA%D8%B9%D9%82%D9%8A%D9%85_%D9%81%D9%89_%D8%B1%D8%A3%D8%B3_%D8%A7%D9%84%D8%AE%D9%8A%D9%85%D8%A9,0,46,0%,2.83
https://www.rukn-eltatawer.com/sa/kshf-tsrbat-almyah-fy-alzlfy/,0,46,0%,8.24
https://www.rukn-eltatawer.com/ajman-apartments-cleaning-company/,0,46,0%,14.35
https://www.rukn-eltatawer.com/sa/water-leak-detection-al-zulfi/,0,46,0%,15.65
https://www.rukn-eltatawer.com/ras-al-khaimah-boards-cleaning-company/,0,46,0%,42.52
https://www.rukn-eltatawer.com/sharjah-pool-cleaning/#%D9%85%D9%85%D9%8A%D8%B2%D8%A7%D8%AA_%D8%B4%D8%B1%D9%83%D8%A9_%D8%AA%D9%86%D8%B8%D9%8A%D9%81_%D9%85%D8%B3%D8%A7%D8%A8%D8%AD_%D9%81%D9%8A_%D8%A7%D9%84%D8%B4%D8%A7%D8%B1%D9%82%D8%A9,0,45,0%,6.16
https://www.rukn-eltatawer.com/building-maintenance-abu-dhabi/#%D9%83%D9%8A%D9%81%D9%8A%D8%A9_%D8%A7%D8%AE%D8%AA%D9%8A%D8%A7%D8%B1_%D8%A3%D9%81%D8%B6%D9%84_%D8%B4%D8%B1%D9%83%D8%A9_%D8%B5%D9%8A%D8%A7%D9%86%D8%A9,0,45,0%,6.76
https://www.rukn-eltatawer.com/swimming-pools-company-in-al-ain/#%D8%AE%D8%B7%D9%88%D8%A7%D8%AA_%D8%B9%D9%85%D9%84_%D8%B4%D8%B1%D9%83%D8%A9_%D8%AA%D9%86%D8%B8%D9%8A%D9%81_%D9%85%D8%B3%D8%A7%D8%A8%D8%AD_%D9%81%D9%8A_%D8%A7%D9%84%D8%B9%D9%8A%D9%86,0,44,0%,3.27
https://www.rukn-eltatawer.com/swimming-pools-company-in-al-ain/#%D9%85%D9%85%D9%8A%D8%B2%D8%A7%D8%AA_%D8%B4%D8%B1%D9%83%D9%87_%D8%AA%D9%86%D8%B8%D9%8A%D9%81_%D9%85%D8%B3%D8%A7%D8%A8%D8%AD_%D9%81%D9%8A_%D8%A7%D9%84%D8%B9%D9%8A%D9%86,0,44,0%,3.27
https://www.rukn-eltatawer.com/paints-company-in-dubai/#%D9%81%D9%88%D8%A7%D8%A6%D8%AF_%D8%B4%D8%B1%D9%83%D8%A9_%D8%B1%D9%83%D9%86_%D8%A7%D9%84%D8%AA%D8%B7%D9%88%D8%B1_%D9%81%D9%8A_%D8%AF%D8%A8%D9%8A,0,44,0%,6.73