أهم الصفحات,النقرات,عدد الظهور,نسبة النقر إلى الظهور,موضع
https://www.rukn-eltatawer.com/hourly-cleaning-maids-dubai/,455,15221,2.99%,7.82
https://www.rukn-eltatawer.com/hourly-cleaning-maids-sharjah/,358,11519,3.11%,8.49
https://www.rukn-eltatawer.com/cleaning-company-in-sharjah/,274,21784,1.26%,8.81
https://www.rukn-eltatawer.com/hourly-cleaning-maids-abu-dhabi/,271,22210,1.22%,7.41
https://www.rukn-eltatawer.com/landscaping-company-in-dubai/,194,1864,10.41%,8.64
https://www.rukn-eltatawer.com/insect-control-in-sharjah/,173,11663,1.48%,5.96
https://www.rukn-eltatawer.com/general-maintenance-company-in-dubai/,170,1829,9.29%,9.73
https://www.rukn-eltatawer.com/insect-control-in-abu-dhabi/,165,11709,1.41%,7.32
https://www.rukn-eltatawer.com/abu-dhabi-landscaping-company/,164,2205,7.44%,9.8
https://www.rukn-eltatawer.com/,159,9808,1.62%,26.01
https://www.rukn-eltatawer.com/insect-control-in-dubai/,153,10159,1.51%,6.44
https://www.rukn-eltatawer.com/al-ain-landscaping-company/,149,2886,5.16%,7.6
https://www.rukn-eltatawer.com/pest-control-company-in-al-ain/,132,4359,3.03%,6.49
https://www.rukn-eltatawer.com/a-water-leak-detection-company-in-abu-dhabi/,131,8172,1.6%,7.58
https://www.rukn-eltatawer.com/leak-detection-company-in-dubai/,117,9880,1.18%,9.74
https://www.rukn-eltatawer.com/water-leak-detection-company-in-qatar/,114,1581,7.21%,5.57
https://www.rukn-eltatawer.com/cleaning-company-in-dubai/,113,8418,1.34%,8.04
https://www.rukn-eltatawer.com/general-maintenance-company-sharjah/,111,2567,4.32%,8.87
https://www.rukn-eltatawer.com/pest-control-company-in-ajman/,102,5604,1.82%,4.81
https://www.rukn-eltatawer.com/ras-al-khaimah-villas-cleaning-company/,91,6776,1.34%,9.49
https://www.rukn-eltatawer.com/clearing-transactions-in-abu-dhabi/,85,5520,1.54%,6.38
https://www.rukn-eltatawer.com/insect-control-in-ras-al-khaimah/,78,3902,2%,4.93
https://www.rukn-eltatawer.com/sewerage-plumbing-sharjah/,70,9554,0.73%,6.45
https://www.rukn-eltatawer.com/dyeing-in-dubai/,61,3446,1.77%,6.68
https://www.rukn-eltatawer.com/al-ain-sofa-cleaning-company/,56,3542,1.58%,6.74
https://www.rukn-eltatawer.com/modern-irrigation-al-ain/,55,126,43.65%,4.29
https://www.rukn-eltatawer.com/house-cleaning-company-in-fujairah/,53,3071,1.73%,7.81
https://www.rukn-eltatawer.com/surface-insulation-company-in-dubai/,51,5567,0.92%,9.35
https://www.rukn-eltatawer.com/parquet-installation-in-abu-dhabi/,49,1942,2.52%,7.5
https://www.rukn-eltatawer.com/sewerage-plumbing-dubai/,48,9927,0.48%,8.86
https://www.rukn-eltatawer.com/vacuum-cleaner-repair-abu-dhabi/,45,645,6.98%,5.77
https://www.rukn-eltatawer.com/sewer-plumbing-ajman/,44,3395,1.3%,5.17
https://www.rukn-eltatawer.com/ceramic-installation-company-in-dubai/,44,1379,3.19%,5.94
https://www.rukn-eltatawer.com/house-cleaning-company-in-ajman/,43,2310,1.86%,13.42
https://www.rukn-eltatawer.com/dyeing-in-sharjah/,42,1769,2.37%,8.45
https://www.rukn-eltatawer.com/sharjah-gypsum-board-installation-company/,41,2101,1.95%,7.79
https://www.rukn-eltatawer.com/installing-gypsum-boards-in-abu-dhabi/,40,2764,1.45%,6.37
https://www.rukn-eltatawer.com/pest-control-company-in-fujairah/,40,2643,1.51%,5.04
https://www.rukn-eltatawer.com/sewer-wiring-abu-dhabi/,39,4149,0.94%,9.63
https://www.rukn-eltatawer.com/gypsum-board-installation-in-dubai/,39,2290,1.7%,11.09
https://www.rukn-eltatawer.com/abu-dhabi-sofa-cleaning-company/,39,1751,2.23%,11.95
https://www.rukn-eltatawer.com/general-maintenance-company-abu-dhabi/,39,1732,2.25%,13.42
https://www.rukn-eltatawer.com/insect-control-in-umm-al-quwain/,38,2294,1.66%,5.75
https://www.rukn-eltatawer.com/ras-al-khaimah-sofa-cleaning-company/,38,1488,2.55%,8.96
https://www.rukn-eltatawer.com/sharjah-marble-polishing-and-polishing-company/,37,783,4.73%,9.8
https://www.rukn-eltatawer.com/kitchen-hood-installation-abu-dhabi/,37,451,8.2%,6.5
https://www.rukn-eltatawer.com/automatic-door-maintenance-abu-dhabi/,35,1268,2.76%,7.74
https://www.rukn-eltatawer.com/modern-irrigation-dubai/,35,146,23.97%,5.36
https://www.rukn-eltatawer.com/abu-dhabi-air-conditioner-cleaning-company/,34,5093,0.67%,15.71
https://www.rukn-eltatawer.com/stone-installation-dubai/,34,1427,2.38%,8.1
https://www.rukn-eltatawer.com/a-contracting-company-in-abu-dhabi/,32,3437,0.93%,11.04
https://www.rukn-eltatawer.com/termite-control-sharjah/,31,2647,1.17%,13.81
https://www.rukn-eltatawer.com/tank-lining-maintenance-abu-dhabi/,31,438,7.08%,9.81
https://www.rukn-eltatawer.com/sharjah-pigeons-repellent-installation-company/,30,2679,1.12%,12.08
https://www.rukn-eltatawer.com/swimming-pools-company-in-al-ain/,30,1456,2.06%,8.62
https://www.rukn-eltatawer.com/dyeing-in-al-ain/,30,1255,2.39%,6.17
https://www.rukn-eltatawer.com/roof-insulation-in-abu-dhabi/,29,3131,0.93%,13.93
https://www.rukn-eltatawer.com/water-leak-detection-company-in-al-ain/,28,1886,1.48%,6.64
https://www.rukn-eltatawer.com/kitchen-hood-installation-ajman/,28,233,12.02%,8.04
https://www.rukn-eltatawer.com/sharjah-sofa-cleaning-company/,25,2201,1.14%,8.52
https://www.rukn-eltatawer.com/sharjah-tank-cleaning-company/,25,1496,1.67%,6.27
https://www.rukn-eltatawer.com/ajman-sofa-cleaning-company/,24,2983,0.8%,5.9
https://www.rukn-eltatawer.com/abu-dhabi-tank-cleaning-company/,23,1857,1.24%,8.34
https://www.rukn-eltatawer.com/swimming-pool-company-in-abu-dhabi/,23,1338,1.72%,14.42
https://www.rukn-eltatawer.com/shade-installation-abu-dhabi/,23,913,2.52%,7.87
https://www.rukn-eltatawer.com/building-maintenance-dubai/,23,895,2.57%,14.2
https://www.rukn-eltatawer.com/al-ain-carpet-cleaning-company/,22,942,2.34%,7.88
https://www.rukn-eltatawer.com/air-conditioner-cleaning-company-in-al-ain/,21,3471,0.61%,16.6
https://www.rukn-eltatawer.com/sewerage-plumbing-company-in-al-ain/,21,2657,0.79%,5.97
https://www.rukn-eltatawer.com/air-conditioner-cleaning-company-in-ras-al-khaimah/,21,1860,1.13%,15.1
https://www.rukn-eltatawer.com/al-ain-boards-cleaning-company/,21,1125,1.87%,15.14
https://www.rukn-eltatawer.com/water-leak-detection-company-in-ajman/,21,1073,1.96%,7.59
https://www.rukn-eltatawer.com/dyeing-abu-dhabi/,20,1335,1.5%,10.41
https://www.rukn-eltatawer.com/swimming-pool-cleaning-in-dubai/,20,1132,1.77%,11.32
https://www.rukn-eltatawer.com/air-conditioner-cleaning-in-sharjah/,19,2570,0.74%,11.9
https://www.rukn-eltatawer.com/swimming-pools-company-in-sharjah/,19,1820,1.04%,11.49
https://www.rukn-eltatawer.com/a-water-leak-detection-company-in-sharjah/,19,1810,1.05%,11.67
https://www.rukn-eltatawer.com/ajman-villas-cleaning-company/,19,1061,1.79%,16.11
https://www.rukn-eltatawer.com/parquet-installation-company-in-ajman/,19,591,3.21%,6.03
https://www.rukn-eltatawer.com/parquet-installation-company-in-al-ain/,19,583,3.26%,9.48
https://www.rukn-eltatawer.com/termite-control-dubai/,18,2254,0.8%,8.67
https://www.rukn-eltatawer.com/abu-dhabi-swimming-pool-cleaning-company/,18,717,2.51%,8.66
https://www.rukn-eltatawer.com/parquet-installation-company-in-ras-al-khaimah/,18,488,3.69%,18.8
https://www.rukn-eltatawer.com/palm-tree-planting-abu-dhabi/,18,385,4.68%,6.95
https://www.rukn-eltatawer.com/ras-al-khaimah-sewage-wiring-company/,17,3270,0.52%,6.73
https://www.rukn-eltatawer.com/insulators-company-in-sharjah/,17,2628,0.65%,13.09
https://www.rukn-eltatawer.com/dubai-villas-cleaning-company/,17,2152,0.79%,13.15
https://www.rukn-eltatawer.com/al-ain-villas-cleaning-company/,17,1260,1.35%,16.1
https://www.rukn-eltatawer.com/elevator-maintenance-abu-dhabi/,17,263,6.46%,7.13
https://www.rukn-eltatawer.com/air-conditioner-cleaning-company-in-ajman/,16,1846,0.87%,11.49
https://www.rukn-eltatawer.com/dubai-pigeons-repellent-installation/,16,1537,1.04%,11.59
https://www.rukn-eltatawer.com/dyeing-ras-al-khaimah/,16,1059,1.51%,7.91
https://www.rukn-eltatawer.com/wood-alternative-installation-company-in-dubai/,16,1007,1.59%,7.12
https://www.rukn-eltatawer.com/roof-insulation-company-al-ain/,16,823,1.94%,9
https://www.rukn-eltatawer.com/parquet-installation-company-in-sharjah/,16,714,2.24%,4.83
https://www.rukn-eltatawer.com/general-maintenance-company-al-ain/,16,600,2.67%,7.61
https://www.rukn-eltatawer.com/sharjah-carpet-cleaning-company/,15,2399,0.63%,9.9
https://www.rukn-eltatawer.com/pigeons-repellent-installation-company-in-al-ain/,15,1256,1.19%,16.39
https://www.rukn-eltatawer.com/ajman-roof-insulation-company/,15,1074,1.4%,14.38
https://www.rukn-eltatawer.com/air-conditioning-installation-in-ras-al-khaimah/,15,669,2.24%,11.67
https://www.rukn-eltatawer.com/thermal-insulation-abu-dhabi/,15,540,2.78%,12.54
https://www.rukn-eltatawer.com/dubai-tank-cleaning-company/,14,2420,0.58%,6.76
https://www.rukn-eltatawer.com/abu-dhabi-soundproofing-installation-company/,14,1728,0.81%,20.56
https://www.rukn-eltatawer.com/sewer-wiring-company-in-fujairah/,14,1206,1.16%,5.98
https://www.rukn-eltatawer.com/pest-control-khor-fakkan/,14,763,1.83%,7.67
https://www.rukn-eltatawer.com/umm-al-quwain-villas-cleaning-company/,13,1746,0.74%,9.91
https://www.rukn-eltatawer.com/water-leak-detection-ras-al-khaimah/,13,1143,1.14%,14.63
https://www.rukn-eltatawer.com/parquet-installation-company-in-dubai/,13,852,1.53%,6.5
https://www.rukn-eltatawer.com/building-maintenance-abu-dhabi/,13,467,2.78%,11.45
https://www.rukn-eltatawer.com/kitchen-hood-installation-dubai/,13,234,5.56%,8.04
https://www.rukn-eltatawer.com/solar-systems-installation-ajman/,13,219,5.94%,7.72
https://www.rukn-eltatawer.com/kitchen-hood-installation-al-ain/,13,98,13.27%,10.24
https://www.rukn-eltatawer.com/shrkh-tnzyf-mkyfat-fy-dby/,12,2119,0.57%,9.99
https://www.rukn-eltatawer.com/abu-dhabi-pigeons-repellent-installation-company/,12,1488,0.81%,13.16
https://www.rukn-eltatawer.com/water-leak-detection-umm-al-quwain/,12,1204,1%,7.54
https://www.rukn-eltatawer.com/cleaning-company-in-abu-dhabi/,12,930,1.29%,18.62
https://www.rukn-eltatawer.com/paints-company-in-dubai/,12,863,1.39%,10.77
https://www.rukn-eltatawer.com/installation-of-gypsum-board-fujairah/,12,287,4.18%,5.4
https://www.rukn-eltatawer.com/bathroom-renovation-abu-dhabi/,12,268,4.48%,11.66
https://www.rukn-eltatawer.com/solar-systems-installation-abu-dhabi/,12,196,6.12%,9.29
https://www.rukn-eltatawer.com/chimney-cleaning-abu-dhabi/,12,77,15.58%,7.75
https://www.rukn-eltatawer.com/mobile-car-wash-in-abu-dhabi/,11,1892,0.58%,21.93
https://www.rukn-eltatawer.com/ras-al-khaimah-roof-insulation-company/,11,1620,0.68%,15.3
https://www.rukn-eltatawer.com/dyeing-in-ajman/,11,887,1.24%,11.17
https://www.rukn-eltatawer.com/cctv-maintenance-dubai/,11,353,3.12%,9.03
https://www.rukn-eltatawer.com/parquet-installation-company-in-fujairah/,11,263,4.18%,17.69
https://www.rukn-eltatawer.com/category/cleaning/,11,207,5.31%,4.01
https://www.rukn-eltatawer.com/hourly-cleaning-maids-sharjah/#%D8%A3%D9%81%D8%B6%D9%84_%D8%B9%D8%A7%D9%85%D9%84%D8%A7%D8%AA_%D9%86%D8%B8%D8%A7%D9%81%D8%A9_%D8%A8%D8%A7%D9%84%D8%B3%D8%A7%D8%B9%D8%A9%E2%80%8B_%D9%81%D9%8A_%D8%A7%D9%84%D8%B4%D8%A7%D8%B1%D9%82%D8%A9,10,4623,0.22%,3.96
https://www.rukn-eltatawer.com/abu-dhabi-kitchen-cleaning-company/,10,866,1.15%,10.94
https://www.rukn-eltatawer.com/humidity-treatment-in-dubai/,10,852,1.17%,8.22
https://www.rukn-eltatawer.com/umm-al-quwain-sewage-wiring/,9,1235,0.73%,12.14
https://www.rukn-eltatawer.com/sharjah-soundproofing-installation-company/,9,928,0.97%,9.28
https://www.rukn-eltatawer.com/dubai-marble-polishing-and-polishing-company/,9,750,1.2%,13.91
https://www.rukn-eltatawer.com/dubai-pool-cleaning/,9,682,1.32%,9.39
https://www.rukn-eltatawer.com/suspended-ceiling-installation-dubai/,9,335,2.69%,7.83
https://www.rukn-eltatawer.com/automatic-door-maintenance-ajman/,9,298,3.02%,8.22
https://www.rukn-eltatawer.com/stone-installation-al-ain/,9,225,4%,7.52
https://www.rukn-eltatawer.com/solar-systems-installation-sharjah/,9,132,6.82%,5.95
https://www.rukn-eltatawer.com/kitchen-hood-installation-ras-al-khaimah/,9,95,9.47%,12.49
https://www.rukn-eltatawer.com/microwave-repair-ajman/,9,76,11.84%,7.74
https://www.rukn-eltatawer.com/ras-al-khaimah-carpet-cleaning-company/,8,792,1.01%,7.5
https://www.rukn-eltatawer.com/air-conditioner-cleaning-company-in-umm-al-quwain/,8,720,1.11%,8.35
https://www.rukn-eltatawer.com/umm-al-quwain-sofa-cleaning-company/,8,713,1.12%,11.9
https://www.rukn-eltatawer.com/dubai-kitchen-cleaning-company/,8,568,1.41%,10
https://www.rukn-eltatawer.com/glass-installation-company-in-dubai/,8,515,1.55%,11.77
https://www.rukn-eltatawer.com/gypsum-board-installation-ajman-2/,8,512,1.56%,12.7
https://www.rukn-eltatawer.com/bathroom-insulation-abu-dhabi/,8,110,7.27%,14.52
https://www.rukn-eltatawer.com/solar-systems-installation-ras-al-khaimah/,8,94,8.51%,7.61
https://www.rukn-eltatawer.com/moisture-treatment-company-in-abu-dhabi/,7,1073,0.65%,15.15
https://www.rukn-eltatawer.com/fujairah-villas-cleaning-company/,7,954,0.73%,17.33
https://www.rukn-eltatawer.com/water-leak-detection-company-in-fujairah/,7,829,0.84%,13.64
https://www.rukn-eltatawer.com/qa/shrkh-trkyb-antrlwk-fy-qtr/,7,186,3.76%,8.12
https://www.rukn-eltatawer.com/washing-machine-repair-fujairah/,7,157,4.46%,11.33
https://www.rukn-eltatawer.com/category/pest-control/,7,87,8.05%,30.48
https://www.rukn-eltatawer.com/dubai-soundproofing-installation-company/,6,1573,0.38%,15.53
https://www.rukn-eltatawer.com/category/water-leak-detection/,6,954,0.63%,43.81
https://www.rukn-eltatawer.com/fujairah-roof-insulation-company/,6,792,0.76%,18.29
https://www.rukn-eltatawer.com/a-plumber-in-dubai/,6,614,0.98%,15.1
https://www.rukn-eltatawer.com/sharjah-pool-cleaning/,6,467,1.28%,10.22
https://www.rukn-eltatawer.com/dyeing-umm-al-quwain/,6,313,1.92%,10.98
https://www.rukn-eltatawer.com/humidity-treatment-abu-dhabi/,6,300,2%,15.39
https://www.rukn-eltatawer.com/ac-companies-in-dubai/,6,271,2.21%,10.29
https://www.rukn-eltatawer.com/oven-repair-fujairah/,6,255,2.35%,9.18
https://www.rukn-eltatawer.com/cleaning-swimming-pools-in-umm-al-quwain/,6,202,2.97%,9.52
https://www.rukn-eltatawer.com/elevator-maintenance-sharjah/,6,130,4.62%,8.68
https://www.rukn-eltatawer.com/landscaping-ras-al-khaimah/,6,122,4.92%,13.5
https://www.rukn-eltatawer.com/old-house-renovation-ras-al-khaimah/,6,101,5.94%,14.76
https://www.rukn-eltatawer.com/city/abu-dhabi/,6,100,6%,9.88
https://www.rukn-eltatawer.com/qa/home-plumber-in-qatar/,6,85,7.06%,9.41
https://www.rukn-eltatawer.com/kitchen-hood-installation-sharjah/,6,47,12.77%,3.89
https://www.rukn-eltatawer.com/microwave-repair-al-ain/,6,42,14.29%,13.31
https://www.rukn-eltatawer.com/insect-control-in-dubai/#%D8%A7%D9%81%D8%B6%D9%84_%D8%B4%D8%B1%D9%83%D8%A9_%D9%85%D9%83%D8%A7%D9%81%D8%AD%D8%A9_%D8%AD%D8%B4%D8%B1%D8%A7%D8%AA_%D9%81%D9%8A_%D8%AF%D8%A8%D9%8A_%D9%85%D8%B9%D8%AA%D9%85%D8%AF%D8%A9,5,6993,0.07%,3.08
https://www.rukn-eltatawer.com/a-water-leak-detection-company-in-abu-dhabi/#%D8%A3%D9%81%D8%B6%D9%84_%D8%B4%D8%B1%D9%83%D8%A9_%D9%85%D8%AA%D8%AE%D8%B5%D8%B5%D8%A9_%D9%81%D9%8A_%D9%83%D8%B4%D9%81_%D8%AA%D8%B3%D8%B1%D8%A8%D8%A7%D8%AA_%D8%A7%D9%84%D9%85%D9%8A%D8%A7%D9%87_%D9%81%D9%8A_%D8%A3%D8%A8%D9%88%D8%B8%D8%A8%D9%8A,5,3884,0.13%,3.75
https://www.rukn-eltatawer.com/fujairah-sofa-cleaning-company/,5,662,0.76%,9.53
https://www.rukn-eltatawer.com/dubai-sofa-cleaning-company/,5,595,0.84%,12.16
https://www.rukn-eltatawer.com/cooker-repair-abu-dhabi/,5,384,1.3%,7.1
https://www.rukn-eltatawer.com/pigeon-net-installation-sharjah/,5,295,1.69%,18.15
https://www.rukn-eltatawer.com/al-ain-gypsum-board-installation-company/,5,290,1.72%,10.28
https://www.rukn-eltatawer.com/ajman-majlis-cleaning-company/,5,283,1.77%,20.39
https://www.rukn-eltatawer.com/general-maintenance-umm-al-quwain/,5,198,2.53%,20.89
https://www.rukn-eltatawer.com/interlock-installation-dubai/,5,184,2.72%,12.11
https://www.rukn-eltatawer.com/elevator-maintenance-dubai/,5,139,3.6%,8.73
https://www.rukn-eltatawer.com/cctv-maintenance-al-ain/,5,108,4.63%,11.6
https://www.rukn-eltatawer.com/vinyl-flooring-sharjah/,5,104,4.81%,5.96
https://www.rukn-eltatawer.com/stone-installation-ajman/,5,98,5.1%,9.21
https://www.rukn-eltatawer.com/waterfalls-and-fountains-in-abu-dhabi/,5,88,5.68%,5.62
https://www.rukn-eltatawer.com/villa-inspection-sharjah/,5,84,5.95%,16.58
https://www.rukn-eltatawer.com/solar-water-heaters-ras-al-khaimah/,5,78,6.41%,10.54
https://www.rukn-eltatawer.com/microwave-repair-abu-dhabi/,5,67,7.46%,6.63
https://www.rukn-eltatawer.com/furniture-storage-ras-al-khaimah/,5,35,14.29%,12.89
https://www.rukn-eltatawer.com/dubai-carpet-cleaning-company/,4,1376,0.29%,7.79
https://www.rukn-eltatawer.com/abu-dhabi-carpet-cleaning-company/,4,674,0.59%,17.08
https://www.rukn-eltatawer.com/ajman-carpet-cleaning-company/,4,541,0.74%,9.84
https://www.rukn-eltatawer.com/a-restoration-company-in-abu-dhabi/,4,346,1.16%,10.04
https://www.rukn-eltatawer.com/abu-dhabi-glass-facade-cleaning-company/,4,341,1.17%,9.47
https://www.rukn-eltatawer.com/damage-caused-by-water-leaks/,4,307,1.3%,8.67
https://www.rukn-eltatawer.com/category/sewer-drainage/,4,236,1.69%,23.6
https://www.rukn-eltatawer.com/parquet-installation-in-umm-al-quwain/,4,215,1.86%,7.06
https://www.rukn-eltatawer.com/contact-us/,4,138,2.9%,5.51
https://www.rukn-eltatawer.com/vinyl-flooring-al-ain/,4,119,3.36%,10.36
https://www.rukn-eltatawer.com/water-bill-problem-solving-company-in-abu-dhabi/,4,55,7.27%,6.04
https://www.rukn-eltatawer.com/automatic-door-maintenance-umm-al-quwain/,4,48,8.33%,13.31
https://www.rukn-eltatawer.com/elevator-maintenance-al-ain/,4,41,9.76%,11.98
https://www.rukn-eltatawer.com/humidity-treatment-al-ain/,4,29,13.79%,15.17
https://www.rukn-eltatawer.com/en/water-leak-detection-al-qurayyat/,4,25,16%,5.8
https://www.rukn-eltatawer.com/automatic-irrigation-ajman/,4,21,19.05%,2.67
https://www.rukn-eltatawer.com/vinyl-flooring-ras-al-khaimah/,4,12,33.33%,1.17
https://www.rukn-eltatawer.com/snake-control-ajman/,4,10,40%,4.2
https://www.rukn-eltatawer.com/cleaning-company-in-sharjah/#%D8%A3%D9%81%D8%B6%D9%84_%D8%B4%D8%B1%D9%83%D8%A9_%D8%B1%D9%83%D9%86_%D8%A7%D9%84%D8%AA%D8%B7%D9%88%D8%B1_%D8%A3%D9%81%D8%B6%D9%84_%D8%B4%D8%B1%D9%83%D8%A9_%D8%AA%D9%86%D8%B8%D9%8A%D9%81_%D9%85%D9%86%D8%A7%D8%B2%D9%84_%D9%81%D9%8A_%D8%A7%D9%84%D8%B4%D8%A7%D8%B1%D9%82%D8%A9_%D8%AA%D8%B9%D9%82%D9%8A%D9%85_%D9%81%D9%86%D8%AF%D9%82%D9%8A_%D8%A8%D8%B6%D9%85%D8%A7%D9%86_2026,3,10890,0.03%,3.92
https://www.rukn-eltatawer.com/hourly-cleaning-maids-abu-dhabi/#%D8%A3%D9%81%D8%B6%D9%84_%D8%B4%D8%B1%D9%83%D8%A9_%D8%B9%D8%A7%D9%85%D9%84%D8%A7%D8%AA_%D8%AA%D9%86%D8%B8%D9%8A%D9%81_%D8%A8%D8%A7%D9%84%D8%B3%D8%A7%D8%B9%D9%87_%D9%81%D9%8A_%D8%A3%D8%A8%D9%88%D8%B8%D8%A8%D9%8A_%D9%88%D8%AE%D8%A7%D8%AF%D9%85%D8%A7%D8%AA,3,7730,0.04%,4.2
https://www.rukn-eltatawer.com/cold-and-freezing-room-maintenance-in-dubai/,3,1178,0.25%,8.95
https://www.rukn-eltatawer.com/ras-al-khaimah-cleaning/,3,1151,0.26%,30.05
https://www.rukn-eltatawer.com/general-maintenance-company-sharjah/#%D8%B4%D8%B1%D9%83%D8%A9_%D8%AA%D8%B1%D9%85%D9%8A%D9%85_%D9%88%D8%B5%D9%8A%D8%A7%D9%86%D8%A9_%D8%AD%D9%85%D8%A7%D9%85%D8%A7%D8%AA_%D8%A7%D9%84%D8%B4%D8%A7%D8%B1%D9%82%D8%A9,3,747,0.4%,5.25
https://www.rukn-eltatawer.com/cctv-installation-company-in-dubai/,3,529,0.57%,12.67
https://www.rukn-eltatawer.com/abu-dhabi-majlis-cleaning-company/,3,499,0.6%,10.9
https://www.rukn-eltatawer.com/sa/kshf-tsrbat-almyah-fy-aljbyl/,3,440,0.68%,31.9
https://www.rukn-eltatawer.com/sa/kshf-tsrbat-almyah-fy-abha/,3,396,0.76%,23.89
https://www.rukn-eltatawer.com/water-leak-detection-in-umm-al-quwain/,3,367,0.82%,53.82
https://www.rukn-eltatawer.com/sterilization-in-sharjah/,3,317,0.95%,10.64
https://www.rukn-eltatawer.com/sa/water-leak-detection-umluj/,3,268,1.12%,16.93
https://www.rukn-eltatawer.com/water-bill-high-problem-solution-company-in-dubai/,3,260,1.15%,7.34
https://www.rukn-eltatawer.com/swimming-pool-cleaning-company-in-fujairah-2/,3,224,1.34%,8.97
https://www.rukn-eltatawer.com/shrkh-trkyb-mtabkh-fy-dby/,3,220,1.36%,9.41
https://www.rukn-eltatawer.com/electrical-maintenance-al-ain/,3,138,2.17%,12.57
https://www.rukn-eltatawer.com/en/water-tank-cleaning-ras-al-khaimah/,3,75,4%,8.95
https://www.rukn-eltatawer.com/plumbing-maintenance-sharjah/,3,69,4.35%,15.67
https://www.rukn-eltatawer.com/qa/water-leak-detection-company-in-qatar/,3,57,5.26%,8.26
https://www.rukn-eltatawer.com/cctv-maintenance-umm-al-quwain/,3,43,6.98%,17.6
https://www.rukn-eltatawer.com/sa/water-leak-detection-najran/,3,43,6.98%,21.05
https://www.rukn-eltatawer.com/home-plumber-ras-al-khaimah/,3,40,7.5%,16.35
https://www.rukn-eltatawer.com/door-window-blacksmith-al-ain/,3,38,7.89%,6.29
https://www.rukn-eltatawer.com/shade-installation-al-ain/,3,33,9.09%,11.61
https://www.rukn-eltatawer.com/humidity-treatment-ras-al-khaimah/,3,30,10%,6.53
https://www.rukn-eltatawer.com/pergola-installation-ras-al-khaimah/,3,30,10%,21.2
https://www.rukn-eltatawer.com/en/roof-insulation-company-abu-dhabi/,3,29,10.34%,7.41
https://www.rukn-eltatawer.com/sa/kshf-tsrbat-almyah-fy-byshh-shrkh-rkn-alttwr/,3,29,10.34%,27.41
https://www.rukn-eltatawer.com/en/elevator-maintenance-al-ain/,3,18,16.67%,4.17
https://www.rukn-eltatawer.com/category/land-scaping/,3,17,17.65%,33.71
https://www.rukn-eltatawer.com/furniture-storage-fujairah/,3,13,23.08%,6.31
https://www.rukn-eltatawer.com/qa/shrkh-kshf-tsrbat-almyah-fy-qtr-2/,3,13,23.08%,17.77
https://www.rukn-eltatawer.com/wall-fountain-sharjah/,3,11,27.27%,10.09
https://www.rukn-eltatawer.com/insect-control-in-sharjah/#%D8%A7%D9%81%D8%B6%D9%84_%D8%B4%D8%B1%D9%83%D8%A9_%D9%85%D9%83%D8%A7%D9%81%D8%AD%D8%A9_%D8%AD%D8%B4%D8%B1%D8%A7%D8%AA_%D9%81%D9%8A_%D8%A7%D9%84%D8%B4%D8%A7%D8%B1%D9%82%D8%A9,2,6599,0.03%,3.64
https://www.rukn-eltatawer.com/hourly-cleaning-maids-dubai/#%D8%A3%D9%81%D8%B6%D9%84_%D8%B4%D8%B1%D9%83%D8%A9_%D8%B4%D8%BA%D8%A7%D9%84%D8%A7%D8%AA_%D8%AA%D9%86%D8%B8%D9%8A%D9%81_%D8%A8%D8%A7%D9%84%D8%A5%D9%8A%D8%AC%D8%A7%D8%B1_%D8%A8%D8%A7%D9%84%D8%B3%D8%A7%D8%B9%D8%A9_%D9%81%D9%8A_%D8%AF%D8%A8%D9%8A_%D9%85%D8%B9_%D8%B6%D9%85%D8%A7%D9%86_%D9%88%D9%85%D9%88%D8%AB%D9%88%D9%82%D9%8A%D8%A9_%D9%83%D8%A7%D9%85%D9%84%D8%A9,2,5534,0.04%,3.38
https://www.rukn-eltatawer.com/sewerage-plumbing-sharjah/#%D8%B4%D8%B1%D9%83%D8%A9_%D8%AA%D8%B3%D9%84%D9%8A%D9%83_%D8%A7%D9%84%D9%85%D8%AC%D8%A7%D8%B1%D9%8A_%D9%81%D9%8A_%D8%A7%D9%84%D8%B4%D8%A7%D8%B1%D9%82%D8%A9_2026_%D8%B4%D9%81%D8%B7_%D8%A8%D8%A7%D9%84%D9%88%D8%B9%D8%A9_%E2%80%A2_%D8%AA%D9%86%D8%B8%D9%8A%D9%81_%D8%B5%D8%B1%D9%81_%D8%B5%D8%AD%D9%8A_%E2%80%A2_%D8%B6%D8%BA%D8%B7_%D9%85%D8%A7%D8%A6%D9%8A_%E2%80%A2_%D9%85%D8%AA%D8%A7%D8%AD%D9%88%D9%86_247,2,4149,0.05%,3.9
https://www.rukn-eltatawer.com/pest-control-company-in-ajman/#%D8%B4%D8%B1%D9%83%D8%A9_%D9%85%D9%83%D8%A7%D9%81%D8%AD%D8%A9_%D8%AD%D8%B4%D8%B1%D8%A7%D8%AA_%D9%81%D9%8A_%D8%B9%D8%AC%D9%85%D8%A7%D9%86_%D8%A5%D8%A8%D8%A7%D8%AF%D8%A9_%D9%81%D9%88%D8%B1%D9%8A%D8%A9_%D8%A8%D8%B6%D9%85%D8%A7%D9%86_%D8%A8%D8%AF%D9%88%D9%86_%D9%85%D8%BA%D8%A7%D8%AF%D8%B1%D8%A9_%D8%A7%D9%84%D9%85%D9%86%D8%B2%D9%84,2,3530,0.06%,3.42
https://www.rukn-eltatawer.com/hourly-cleaning-maids-dubai/#%D8%B9%D8%A7%D9%85%D9%84%D8%A7%D8%AA_%D9%86%D8%B8%D8%A7%D9%81%D8%A9_%D8%A8%D8%A7%D9%84%D8%B3%D8%A7%D8%B9%D8%A9_%D9%81%D9%8A_%D8%AF%D8%A8%D9%8A_%E2%80%93_%D8%AA%D9%86%D8%B8%D9%8A%D9%81_%D8%B4%D8%A7%D9%85%D9%84_%D9%88%D8%AF%D9%82%D9%8A%D9%82,2,2584,0.08%,3.4
https://www.rukn-eltatawer.com/umm-al-quwain-roof-insulation-company/,2,1354,0.15%,6.94
https://www.rukn-eltatawer.com/sharjah-glass-facade-cleaning-company/,2,712,0.28%,9.04
https://www.rukn-eltatawer.com/abu-dhabi-villas-cleaning-company/,2,697,0.29%,14.69
https://www.rukn-eltatawer.com/a-sterilization-company-in-abu-dhabi/,2,592,0.34%,8.48
https://www.rukn-eltatawer.com/house-cleaning-company-in-ajman/#%D8%B4%D8%B1%D9%83%D8%A9_%D8%AA%D9%86%D8%B8%D9%8A%D9%81_%D9%85%D9%86%D8%A7%D8%B2%D9%84_%D9%81%D9%8A_%D8%B9%D8%AC%D9%85%D8%A7%D9%86,2,514,0.39%,6.63
https://www.rukn-eltatawer.com/roof-insulation-company-abu-dhabi/,2,392,0.51%,18.54
https://www.rukn-eltatawer.com/key-cutting-shop-in-abu-dhabi/,2,356,0.56%,10.09
https://www.rukn-eltatawer.com/cctv-maintenance-abu-dhabi/,2,274,0.73%,8.33
https://www.rukn-eltatawer.com/furniture-carpenter-umm-al-quwain/,2,268,0.75%,9.43
https://www.rukn-eltatawer.com/installation-of-gypsum-board-umm-al-quwain/,2,250,0.8%,10.44
https://www.rukn-eltatawer.com/fujairah-council-cleaning-company/,2,217,0.92%,27
https://www.rukn-eltatawer.com/category/isolated/,2,211,0.95%,20.93
https://www.rukn-eltatawer.com/category/decorations/,2,206,0.97%,10.53
https://www.rukn-eltatawer.com/ajman-apartments-cleaning-company/,2,179,1.12%,25.69
https://www.rukn-eltatawer.com/electrical-maintenance-dubai/,2,161,1.24%,9.98
https://www.rukn-eltatawer.com/city/umm-al-quwain/,2,159,1.26%,39.19
https://www.rukn-eltatawer.com/vinyl-flooring-abu-dhabi/,2,142,1.41%,9.96
https://www.rukn-eltatawer.com/sa/kshf-tsrbat-almyah-fy-tbwk/,2,141,1.42%,43.01
https://www.rukn-eltatawer.com/qa/about/,2,140,1.43%,4.02
https://www.rukn-eltatawer.com/sterilization-company-in-ajman/,2,130,1.54%,16.33
https://www.rukn-eltatawer.com/al-ain-apartment-cleaning-company/,2,130,1.54%,49.06
https://www.rukn-eltatawer.com/recruitment-in-qatar/,2,112,1.79%,10.74
https://www.rukn-eltatawer.com/tank-lining-maintenance-ras-al-khaimah/,2,101,1.98%,11.83
https://www.rukn-eltatawer.com/chimney-cleaning-fujairah/,2,100,2%,28.87
https://www.rukn-eltatawer.com/shrkh-anzmh-alslamh-wmkafhh-alhryq-fy-dby/,2,99,2.02%,10.83
https://www.rukn-eltatawer.com/bird-control-abu-dhabi/,2,90,2.22%,16.5
https://www.rukn-eltatawer.com/shrkh-tsmym-mtabkh-fy-dby/,2,79,2.53%,9.61
https://www.rukn-eltatawer.com/water-pump-installation-abu-dhabi/,2,77,2.6%,3.83
https://www.rukn-eltatawer.com/elevator-maintenance-abu-dhabi/#%D8%A7%D9%84%D8%A7%D8%AA%D8%B5%D8%A7%D9%84_%D9%88%D8%A7%D9%84%D8%AF%D8%B9%D9%85_%D8%A7%D9%84%D8%B9%D9%85%D9%84%D8%A7%D8%A1,2,77,2.6%,3.94
https://www.rukn-eltatawer.com/ras-al-khaimah-boards-cleaning-company/,2,76,2.63%,44.99
https://www.rukn-eltatawer.com/automatic-door-maintenance-fujairah/,2,75,2.67%,10.43
https://www.rukn-eltatawer.com/artificial-grass-abu-dhabi/,2,69,2.9%,10.2
https://www.rukn-eltatawer.com/septic-tank-emptying-abu-dhabi/,2,67,2.99%,11.87
https://www.rukn-eltatawer.com/sa/water-leak-detection-shaqra/,2,66,3.03%,22.48
https://www.rukn-eltatawer.com/blog/2026/03/26/air-conditioning-installation-in-sharjah/,2,62,3.23%,10.6
https://www.rukn-eltatawer.com/city/al-ain/,2,58,3.45%,25.86
https://www.rukn-eltatawer.com/lizard-control-dubai/,2,50,4%,6.16
https://www.rukn-eltatawer.com/category/تنسيق-حدائق/,2,44,4.55%,29.57
https://www.rukn-eltatawer.com/building-maintenance-ras-al-khaimah/,2,41,4.88%,9.24
https://www.rukn-eltatawer.com/stone-installation-sharjah/,2,38,5.26%,7.63
https://www.rukn-eltatawer.com/thermal-insulation-ras-al-khaimah/,2,37,5.41%,49
https://www.rukn-eltatawer.com/artificial-waterfall-dubai/,2,32,6.25%,11.59
https://www.rukn-eltatawer.com/cooker-repair-al-ain/,2,28,7.14%,10.54
https://www.rukn-eltatawer.com/kitchen-renovation-ajman/,2,28,7.14%,13.61
https://www.rukn-eltatawer.com/sa/water-leak-detection-tanuma/,2,28,7.14%,18.71
https://www.rukn-eltatawer.com/palm-tree-planting-ajman/,2,27,7.41%,7.26
https://www.rukn-eltatawer.com/vinyl-flooring-dubai/,2,26,7.69%,8.31
https://www.rukn-eltatawer.com/door-installation-abu-dhabi/,2,24,8.33%,6
https://www.rukn-eltatawer.com/sa/kshf-tsrbat-almyah-fy-tthlyth-shrkh-rkn-alttwr/,2,24,8.33%,40.67
https://www.rukn-eltatawer.com/qa/,2,23,8.7%,3.7
https://www.rukn-eltatawer.com/marble-granite-installation-dubai/,2,21,9.52%,7.29
https://www.rukn-eltatawer.com/qa/water-tank-cleaning-in-qatar/,2,21,9.52%,41.9
https://www.rukn-eltatawer.com/palm-tree-planting-al-ain/,2,20,10%,6.3
https://www.rukn-eltatawer.com/qa/shrkh-nql-afsh-ma-altghlyf-fy-qtr/,2,20,10%,13
https://www.rukn-eltatawer.com/en/door-window-blacksmith-abu-dhabi/,2,18,11.11%,8.22
https://www.rukn-eltatawer.com/qa/shrkh-tnzyf-msabh-fy-qtr-2/,2,18,11.11%,9.44
https://www.rukn-eltatawer.com/brick-installation-abu-dhabi/,2,18,11.11%,10.72
https://www.rukn-eltatawer.com/qa/roof-insulation-doha/,2,18,11.11%,12.72
https://www.rukn-eltatawer.com/natural-grass-cutting-sharjah/,2,17,11.76%,14.35
https://www.rukn-eltatawer.com/blog/2025/11/25/wallpaper-installation-ajman/,2,10,20%,11.3
https://www.rukn-eltatawer.com/modern-irrigation-ras-al-khaimah/,2,9,22.22%,3.78
https://www.rukn-eltatawer.com/water-cooler-repair-al-ain/,2,9,22.22%,4.67
https://www.rukn-eltatawer.com/blog/city/ras-al-khaimah/,2,7,28.57%,2.43
https://www.rukn-eltatawer.com/plaster-installation-abu-dhabi/,2,7,28.57%,6.43
https://www.rukn-eltatawer.com/qa/shrkh-trkyb-jbs-bwrd-fy-qtr-2/,2,7,28.57%,21.71
https://www.rukn-eltatawer.com/en/garden-cleaning-abu-dhabi/,2,6,33.33%,6.17
https://www.rukn-eltatawer.com/vinyl-flooring-umm-al-quwain/,2,5,40%,2
https://www.rukn-eltatawer.com/window-installation-al-ain/,2,5,40%,3.8
https://www.rukn-eltatawer.com/شركة-تنسيق-حدائق-في-عجمان/,2,5,40%,8.6
https://www.rukn-eltatawer.com/en/stone-installation-umm-al-quwain/,2,4,50%,4
https://www.rukn-eltatawer.com/wallpaper-installation-dubai/,2,4,50%,8.5
https://www.rukn-eltatawer.com/qa/shrkh-kshf-tsrbat-almsabh-fy-qtr/,2,4,50%,35.75
https://www.rukn-eltatawer.com/landscaping-umm-al-quwain/,2,3,66.67%,1.67
https://www.rukn-eltatawer.com/diesel-tank-cleaning-al-ain/,2,3,66.67%,2
https://www.rukn-eltatawer.com/en/landscaping-umm-al-quwain/,2,2,100%,1
https://www.rukn-eltatawer.com/hourly-cleaning-maids-abu-dhabi/#%D9%86%D8%B5%D8%A7%D8%A6%D8%AD_%D8%B4%D8%B1%D9%83%D8%A9_%D8%AE%D8%A7%D8%AF%D9%85%D8%A7%D8%AA_%D9%88_%D8%B9%D8%A7%D9%85%D9%84%D8%A7%D8%AA_%D8%AA%D9%86%D8%B8%D9%8A%D9%81_%D8%A8%D8%A7%D9%84%D8%B3%D8%A7%D8%B9%D9%87_%D9%81%D9%8A_%D8%A3%D8%A8%D9%88%D8%B8%D8%A8%D9%8A_%D9%84%D9%84%D9%85%D8%AD%D8%A7%D9%81%D8%B8%D8%A9_%D8%B9%D9%84%D9%89_%D9%86%D8%B8%D8%A7%D9%81%D8%A9_%D8%A7%D9%84%D9%85%D9%86%D8%B2%D9%84,1,9380,0.01%,4.03
https://www.rukn-eltatawer.com/cleaning-company-in-sharjah/#5_%D8%A3%D8%AE%D8%B7%D8%A7%D8%A1_%D8%B4%D8%A7%D8%A6%D8%B9%D8%A9_%D8%AA%D8%B6%D8%A7%D8%B9%D9%81_%D8%AA%D8%B1%D8%A7%D9%83%D9%85_%D8%A7%D9%84%D8%A3%D9%88%D8%B3%D8%A7%D8%AE_%D9%81%D9%8A_%D9%85%D9%86%D8%A7%D8%B2%D9%84_%D9%81%D9%8A_%D8%A7%D9%84%D8%B4%D8%A7%D8%B1%D9%82%D8%A9_%D9%88%D9%83%D9%8A%D9%81%D9%8A%D8%A9_%D8%AA%D8%AC%D9%86%D8%A8%D9%87%D8%A7,1,8800,0.01%,3.95
https://www.rukn-eltatawer.com/insect-control-in-dubai/#%D8%B4%D8%B1%D9%83%D8%A9_%D9%85%D9%83%D8%A7%D9%81%D8%AD%D8%A9_%D8%AD%D8%B4%D8%B1%D8%A7%D8%AA_%D9%81%D9%8A_%D8%AF%D8%A8%D9%8A,1,6427,0.02%,2.99
https://www.rukn-eltatawer.com/hourly-cleaning-maids-abu-dhabi/#%D8%B4%D8%BA%D8%A7%D9%84%D8%A7%D8%AA_%D8%B9%D8%A7%D9%85%D9%84%D8%A7%D8%AA_%D8%AA%D9%86%D8%B8%D9%8A%D9%81_%D8%A8%D8%A7%D9%84%D8%B3%D8%A7%D8%B9%D9%87_%D9%81%D9%8A_%D8%A3%D8%A8%D9%88%D8%B8%D8%A8%D9%8A,1,6324,0.02%,4.06
https://www.rukn-eltatawer.com/insect-control-in-sharjah/#%D8%AE%D8%AF%D9%85%D8%A7%D8%AA_%D8%B4%D8%B1%D9%83%D8%A9_%D9%85%D9%83%D8%A7%D9%81%D8%AD%D8%A9_%D8%AD%D8%B4%D8%B1%D8%A7%D8%AA_%D9%81%D9%8A_%D8%A7%D9%84%D8%B4%D8%A7%D8%B1%D9%82%D8%A9,1,5621,0.02%,3.56
https://www.rukn-eltatawer.com/hourly-cleaning-maids-abu-dhabi/#%D8%A3%D8%B1%D8%AE%D8%B5_%D8%B4%D8%B1%D9%83%D8%A9_%D8%AE%D8%A7%D8%AF%D9%85%D8%A7%D8%AA_%D9%88_%D8%B9%D8%A7%D9%85%D9%84%D8%A7%D8%AA_%D8%AA%D9%86%D8%B8%D9%8A%D9%81_%D8%A8%D8%A7%D9%84%D8%B3%D8%A7%D8%B9%D9%87_%D9%81%D9%8A_%D8%A3%D8%A8%D9%88%D8%B8%D8%A8%D9%8A,1,5362,0.02%,4.32
https://www.rukn-eltatawer.com/hourly-cleaning-maids-sharjah/#%D8%AE%D8%AF%D9%85%D8%A7%D8%AA_%D8%B9%D8%A7%D9%85%D9%84%D8%A7%D8%AA_%D9%86%D8%B8%D8%A7%D9%81%D8%A9_%D8%A8%D8%A7%D9%84%D8%B3%D8%A7%D8%B9%D8%A9%E2%80%8B_%D9%81%D9%8A_%D8%A7%D9%84%D8%B4%D8%A7%D8%B1%D9%82%D8%A9,1,4705,0.02%,3.96
https://www.rukn-eltatawer.com/hourly-cleaning-maids-dubai/#%D9%85%D8%A7_%D8%A7%D9%84%D9%81%D8%B1%D9%82_%D8%A8%D9%8A%D9%86_%D8%B9%D8%A7%D9%85%D9%84%D8%A7%D8%AA_%D8%AA%D9%86%D8%B8%D9%8A%D9%81_%D8%A8%D8%A7%D9%84%D8%B3%D8%A7%D8%B9%D8%A9_%D9%81%D9%8A_%D8%AF%D8%A8%D9%8A_%D9%88%D8%A7%D9%84%D8%B4%D8%BA%D8%A7%D9%84%D8%A7%D8%AA_%D8%A7%D9%84%D8%AA%D9%82%D9%84%D9%8A%D8%AF%D9%8A%D8%A7%D8%AA%D8%9F,1,4374,0.02%,3.57
https://www.rukn-eltatawer.com/hourly-cleaning-maids-abu-dhabi/#%D8%A3%D8%B1%D9%82%D8%A7%D9%85_%D9%85%D9%83%D8%A7%D8%AA%D8%A8_%D8%AE%D8%AF%D9%85_%D8%B9%D8%A7%D9%85%D9%84%D8%A7%D8%AA_%D8%AA%D9%86%D8%B8%D9%8A%D9%81_%D8%A8%D8%A7%D9%84%D8%B3%D8%A7%D8%B9%D9%87_%D9%81%D9%8A_%D8%A7%D8%A8%D9%88%D8%B8%D8%A8%D9%8A,1,3864,0.03%,4.16
https://www.rukn-eltatawer.com/hourly-cleaning-maids-abu-dhabi/#%D8%AE%D8%A7%D8%AF%D9%85%D8%A7%D8%AA_%D9%88%D8%B9%D8%A7%D9%85%D9%84%D8%A7%D8%AA_%D8%AA%D9%86%D8%B8%D9%8A%D9%81_%D8%A8%D8%A7%D9%84%D8%B3%D8%A7%D8%B9%D9%87_%D9%81%D9%8A_%D8%A3%D8%A8%D9%88%D8%B8%D8%A8%D9%8A,1,3577,0.03%,3.98
https://www.rukn-eltatawer.com/sewerage-plumbing-dubai/#%D8%B4%D8%B1%D9%83%D8%A9_%D8%AA%D8%B3%D9%84%D9%8A%D9%83_%D9%85%D8%AC%D8%A7%D8%B1%D9%8A_%D9%81%D9%8A_%D8%AF%D8%A8%D9%8A_2026_%E2%80%93_%D8%B4%D9%81%D8%B7_%D8%A8%D8%A7%D9%84%D9%88%D8%B9%D8%A9_%D9%88%D8%AA%D9%86%D8%B8%D9%8A%D9%81_%D8%B5%D8%B1%D9%81_%D8%B5%D8%AD%D9%8A_%D8%A8%D8%AF%D9%88%D9%86_%D8%AA%D9%83%D8%B3%D9%8A%D8%B1_%D8%B4%D9%81%D8%B7_%D9%85%D8%AC%D8%A7%D8%B1%D9%8A_%E2%80%A2_%D8%AA%D9%86%D8%B8%D9%8A%D9%81_%D9%85%D9%86%D8%A7%D9%87%D9%8A%D9%84_%E2%80%A2_%D8%B6%D8%BA%D8%B7_%D9%85%D8%A7%D8%A6%D9%8A_%E2%80%A2_%D9%85%D8%AA%D8%A7%D8%AD%D9%88%D9%86_247,1,3270,0.03%,4.71
https://www.rukn-eltatawer.com/insect-control-in-ras-al-khaimah/#%D8%A3%D9%81%D8%B6%D9%84_%D8%B4%D8%B1%D9%83%D8%A9_%D8%AA%D9%86%D8%B8%D9%8A%D9%81_%D9%88%D9%85%D9%83%D8%A7%D9%81%D8%AD%D8%A9_%D8%AD%D8%B4%D8%B1%D8%A7%D8%AA_%D9%81%D9%8A_%D8%B1%D8%A3%D8%B3_%D8%A7%D9%84%D8%AE%D9%8A%D9%85%D8%A9,1,2621,0.04%,3.12
https://www.rukn-eltatawer.com/pest-control-company-in-al-ain/#%D9%85%D9%85%D9%8A%D8%B2%D8%A7%D8%AA_%D8%B4%D8%B1%D9%83%D8%A9_%D9%85%D9%83%D8%A7%D9%81%D8%AD%D8%A9_%D8%AD%D8%B4%D8%B1%D8%A7%D8%AA_%D9%81%D9%8A_%D8%A7%D9%84%D8%B9%D9%8A%D9%86,1,2552,0.04%,2.54
https://www.rukn-eltatawer.com/al-ain-sofa-cleaning-company/#%D8%AA%D9%86%D8%B8%D9%8A%D9%81_%D8%A7%D9%84%D9%83%D9%86%D8%A8_%D8%A7%D9%84%D9%83%D8%AA%D8%A7%D9%86_%D8%A7%D9%84%D8%B9%D9%8A%D9%86,1,2376,0.04%,5.63
https://www.rukn-eltatawer.com/ajman-sofa-cleaning-company/#%D8%A7%D9%81%D8%B6%D9%84_%D8%B4%D8%B1%D9%83%D8%A9_%D8%AA%D9%86%D8%B8%D9%8A%D9%81_%D9%83%D9%86%D8%A8_%D9%81%D9%8A_%D8%B9%D8%AC%D9%85%D8%A7%D9%86,1,2135,0.05%,3.72
https://www.rukn-eltatawer.com/dyeing-in-dubai/#%D8%B4%D8%B1%D9%83%D8%A9_%D8%B5%D8%A8%D8%BA_%D8%A8%D8%AF%D8%A8%D9%8A,1,2001,0.05%,3.28
https://www.rukn-eltatawer.com/surface-insulation-company-in-dubai/#8_%D8%B9%D9%84%D8%A7%D9%85%D8%A7%D8%AA_%D8%AA%D9%82%D9%88%D9%84_%D8%A5%D9%86_%D8%B3%D8%B7%D8%AD_%D9%85%D8%A8%D9%86%D8%A7%D9%83_%D9%81%D9%8A_%D8%AF%D8%A8%D9%8A_%D9%8A%D8%AD%D8%AA%D8%A7%D8%AC_%D8%B9%D8%B2%D9%84%D8%A7%D9%8B_%D9%81%D9%88%D8%B1%D9%8A%D8%A7%D9%8B_%E2%80%93_%D9%84%D8%A7_%D8%AA%D8%AA%D8%AC%D8%A7%D9%87%D9%84%D9%87%D8%A7,1,1311,0.08%,4.41
https://www.rukn-eltatawer.com/insulators-company-in-sharjah/#%D8%A7%D9%81%D8%B6%D9%84_%D8%B4%D8%B1%D9%83%D8%A9_%D8%B9%D8%B2%D9%84_%D8%A7%D8%B3%D8%B7%D8%AD_%D9%81%D9%8A_%D8%A7%D9%84%D8%B4%D8%A7%D8%B1%D9%82%D8%A9,1,1300,0.08%,2.62
https://www.rukn-eltatawer.com/clearing-transactions-in-abu-dhabi/#%D8%AE%D8%AF%D9%85%D8%A9_%D8%AA%D8%AE%D9%84%D9%8A%D8%B5_%D9%85%D8%B9%D8%A7%D9%85%D9%84%D8%A7%D8%AA_%D8%A7%D9%84%D8%AD%D9%83%D9%88%D9%85%D9%8A%D8%A9_%D8%A3%D9%81%D8%B6%D9%84_%D8%B4%D8%B1%D9%83%D8%A9_%D8%AA%D8%AE%D9%84%D9%8A%D8%B5_%D9%85%D8%B9%D8%A7%D9%85%D9%84%D8%A7%D8%AA_%D9%81%D9%8A_%D8%A3%D8%A8%D9%88%D8%B8%D8%A8%D9%8A_season97,1,1216,0.08%,4.2
https://www.rukn-eltatawer.com/sharjah-carpet-cleaning-company/#%D8%B4%D8%B1%D9%83%D8%A9_%D8%BA%D8%B3%D9%8A%D9%84_%D8%A7%D9%84%D8%B3%D8%AC%D8%A7%D8%AF_%D9%81%D9%8A_%D8%A7%D9%84%D9%85%D9%86%D8%B2%D9%84,1,1202,0.08%,4.81
https://www.rukn-eltatawer.com/clearing-transactions-in-abu-dhabi/#%D8%AE%D8%AF%D9%85%D8%A9_%D8%AA%D8%AE%D9%84%D9%8A%D8%B5_%D8%A7%D9%84%D8%B1%D8%AE%D8%B5_%D8%A7%D9%84%D8%AA%D8%AC%D8%A7%D8%B1%D9%8A%D8%A9_%D9%85%D8%B9_%D8%A3%D9%81%D8%B6%D9%84_%D8%B4%D8%B1%D9%83%D8%A9_%D8%AA%D8%AE%D9%84%D9%8A%D8%B5_%D9%85%D8%B9%D8%A7%D9%85%D9%84%D8%A7%D8%AA_%D9%81%D9%8A_%D8%A3%D8%A8%D9%88%D8%B8%D8%A8%D9%8A_season97,1,1128,0.09%,3.91
https://www.rukn-eltatawer.com/abu-dhabi-landscaping-company/#%D8%AA%D8%B5%D9%85%D9%8A%D9%85_%D9%88%D8%AA%D9%86%D9%81%D9%8A%D8%B0_%D8%AD%D8%AF%D8%A7%D8%A6%D9%82_%D9%81%D9%8A_%D8%A7%D8%A8%D9%88%D8%B8%D8%A8%D9%8A,1,1106,0.09%,3.34
https://www.rukn-eltatawer.com/abu-dhabi-landscaping-company/#%D8%A7%D9%81%D8%B6%D9%84_%D8%B4%D8%B1%D9%83%D8%A9_%D8%AA%D9%86%D8%B3%D9%8A%D9%82_%D8%AD%D8%AF%D8%A7%D8%A6%D9%82_%D9%81%D9%8A_%D8%A7%D8%A8%D9%88_%D8%B8%D8%A8%D9%8A,1,1063,0.09%,3.37
https://www.rukn-eltatawer.com/sharjah-gypsum-board-installation-company/#%D8%A3%D9%81%D8%B6%D9%84_%D8%B4%D8%B1%D9%83%D8%A9_%D8%AA%D8%B1%D9%83%D9%8A%D8%A8_%D8%AC%D8%A8%D8%B3_%D8%A8%D9%88%D8%B1%D8%AF_%D9%81%D9%8A_%D8%A7%D9%84%D8%B4%D8%A7%D8%B1%D9%82%D8%A9,1,1018,0.1%,2.87
https://www.rukn-eltatawer.com/air-conditioner-cleaning-in-sharjah/#%D8%A3%D9%81%D8%B6%D9%84_%D8%B4%D8%B1%D9%83%D8%A9_%D8%AA%D9%86%D8%B8%D9%8A%D9%81_%D9%85%D9%83%D9%8A%D9%81%D8%A7%D8%AA_%D9%81%D9%8A_%D8%A7%D9%84%D8%B4%D8%A7%D8%B1%D9%82%D8%A9,1,996,0.1%,4.13
https://www.rukn-eltatawer.com/termite-control-sharjah/#%D8%A7%D9%81%D8%B6%D9%84_%D8%B4%D8%B1%D9%83%D8%A9_%D9%85%D9%83%D8%A7%D9%81%D8%AD%D8%A9_%D8%A7%D9%84%D8%B1%D9%85%D8%A9_%D9%81%D9%8A_%D8%A7%D9%84%D8%B4%D8%A7%D8%B1%D9%82%D8%A9,1,859,0.12%,3.88
https://www.rukn-eltatawer.com/water-heater-repair-dubai/,1,855,0.12%,8.16
https://www.rukn-eltatawer.com/al-ain-landscaping-company/#%D8%A7%D9%81%D8%B6%D9%84_%D8%B4%D8%B1%D9%83%D8%A9_%D8%AA%D9%86%D8%B3%D9%8A%D9%82_%D8%AD%D8%AF%D8%A7%D8%A6%D9%82_%D8%A8%D8%A7%D9%84%D8%B9%D9%8A%D9%86,1,809,0.12%,2.8
https://www.rukn-eltatawer.com/ras-al-khaimah-roof-insulation-company/#%D8%B4%D8%B1%D9%83%D8%A7%D8%AA_%D8%B9%D8%B2%D9%84_%D8%A7%D9%84%D8%A7%D8%B3%D8%B7%D8%AD_%D9%88%D8%A7%D9%84%D8%AE%D8%B2%D8%A7%D9%86%D8%A7%D8%AA_%D8%B1%D8%A3%D8%B3_%D8%A7%D9%84%D8%AE%D9%8A%D9%85%D8%A9,1,763,0.13%,5.41
https://www.rukn-eltatawer.com/air-conditioner-cleaning-company-in-ajman/#%D8%A3%D9%81%D8%B6%D9%84_%D8%B4%D8%B1%D9%83%D8%A9_%D8%AA%D9%86%D8%B8%D9%8A%D9%81_%D9%85%D9%83%D9%8A%D9%81%D8%A7%D8%AA_%D9%81%D9%8A_%D8%B9%D8%AC%D9%85%D8%A7%D9%86,1,751,0.13%,5.93
https://www.rukn-eltatawer.com/indoor-moving-fujairah/,1,664,0.15%,12.99
https://www.rukn-eltatawer.com/hourly-cleaning-maids-sharjah/#%D9%85%D9%85%D9%8A%D8%B2%D8%A7%D8%AA_%D8%B9%D8%A7%D9%85%D9%84%D8%A7%D8%AA_%D9%86%D8%B8%D8%A7%D9%81%D8%A9_%D8%A8%D8%A7%D9%84%D8%B3%D8%A7%D8%B9%D8%A9%E2%80%8B_%D9%81%D9%8A_%D8%A7%D9%84%D8%B4%D8%A7%D8%B1%D9%82%D8%A9,1,645,0.16%,4.04
https://www.rukn-eltatawer.com/insect-control-in-dubai/#%D8%A7%D8%B1%D8%AE%D8%B5_%D8%B4%D8%B1%D9%83%D8%A9_%D9%85%D9%83%D8%A7%D9%81%D8%AD%D8%A9_%D8%AD%D8%B4%D8%B1%D8%A7%D8%AA_%D9%81%D9%8A_%D8%AF%D8%A8%D9%8A,1,639,0.16%,2.55
https://www.rukn-eltatawer.com/sharjah-villas-cleaning-company/,1,584,0.17%,45.96
https://www.rukn-eltatawer.com/ceramic-installation-company-in-dubai/#%D8%B4%D8%B1%D9%83%D8%A9_%D8%AA%D8%B1%D9%83%D9%8A%D8%A8_%D8%B3%D9%8A%D8%B1%D8%A7%D9%85%D9%8A%D9%83_%D9%81%D9%8A_%D8%AF%D8%A8%D9%8A,1,564,0.18%,3.71
https://www.rukn-eltatawer.com/house-cleaning-company-in-ajman/#%D8%B4%D8%B1%D9%83%D8%A9_%D8%B1%D9%83%D9%86_%D8%A7%D9%84%D8%AA%D8%B7%D9%88%D8%B1_%D9%84%D9%80_%D8%AA%D9%86%D8%B8%D9%8A%D9%81_%D9%85%D9%86%D8%A7%D8%B2%D9%84_%D9%81%D9%8A_%D8%B9%D8%AC%D9%85%D8%A7%D9%86,1,551,0.18%,6.63
https://www.rukn-eltatawer.com/ajman-roof-insulation-company/#%D8%A7%D9%81%D8%B6%D9%84_%D8%B4%D8%B1%D9%83%D8%A9_%D8%B9%D8%B2%D9%84_%D8%A3%D8%B3%D8%B7%D8%AD_%D9%81%D9%8A_%D8%B9%D8%AC%D9%85%D8%A7%D9%86,1,538,0.19%,3.22
https://www.rukn-eltatawer.com/water-leak-detection-company-in-al-ain/#8_%D8%B9%D9%84%D8%A7%D9%85%D8%A7%D8%AA_%D8%AA%D9%83%D8%B4%D9%81_%D8%A3%D9%86_%D9%85%D9%86%D8%B2%D9%84%D9%83_%D9%81%D9%8A_%D8%A7%D9%84%D8%B9%D9%8A%D9%86_%D9%8A%D8%B9%D8%A7%D9%86%D9%8A_%D9%85%D9%86_%D8%AA%D8%B3%D8%B1%D8%A8_%D9%85%D9%8A%D8%A7%D9%87_%D8%AE%D9%81%D9%8A_%D9%88%D9%8A%D8%AD%D8%AA%D8%A7%D8%AC_%D8%A5%D9%84%D9%89_%D8%B4%D8%B1%D9%83%D8%A9_%D9%83%D8%B4%D9%81_%D8%AA%D8%B3%D8%B1%D8%A8%D8%A7%D8%AA_%D8%A7%D9%84%D9%85%D9%8A%D8%A7%D9%87_%D9%81%D9%8A_%D8%A7%D9%84%D8%B9%D9%8A%D9%86%E2%80%93_%D8%AA%D8%B5%D8%B1%D9%81_%D9%82%D8%A8%D9%84_%D9%81%D9%88%D8%A7%D8%AA_%D8%A7%D9%84%D8%A3%D9%88%D8%A7%D9%86,1,516,0.19%,2.71
https://www.rukn-eltatawer.com/parquet-installation-in-abu-dhabi/#%D8%A3%D9%86%D9%88%D8%A7%D8%B9_%D8%A7%D9%84%D8%A8%D8%A7%D8%B1%D9%83%D9%8A%D9%87_%D8%A7%D9%84%D8%AA%D9%89_%D8%AA%D9%88%D9%81%D8%B1%D9%87%D8%A7_%D8%B4%D8%B1%D9%83%D8%A9_%D8%AA%D8%B1%D9%83%D9%8A%D8%A8_%D8%A8%D8%A7%D8%B1%D9%83%D9%8A%D9%87_%D9%81%D9%8A_%D8%A3%D8%A8%D9%88%D8%B8%D8%A8%D9%8A,1,475,0.21%,4.2
https://www.rukn-eltatawer.com/parquet-installation-company-in-sharjah/#%D8%A3%D9%86%D9%88%D8%A7%D8%B9_%D8%A7%D9%84%D8%A8%D8%A7%D8%B1%D9%83%D9%8A%D9%87_%D8%A7%D9%84%D8%AA%D9%89_%D8%AA%D9%88%D9%81%D8%B1%D9%87%D8%A7_%D8%B4%D8%B1%D9%83%D8%A9_%D8%AA%D8%B1%D9%83%D9%8A%D8%A8_%D8%A8%D8%A7%D8%B1%D9%83%D9%8A%D9%87_%D9%81%D9%8A_%D8%A7%D9%84%D8%B4%D8%A7%D8%B1%D9%82%D8%A9,1,466,0.21%,3
https://www.rukn-eltatawer.com/dyeing-in-dubai/#%D8%A7%D8%B3%D8%AA%D8%B1%D8%A7%D8%AA%D9%8A%D8%AC%D9%8A%D8%A7%D8%AA_%D8%A7%D9%84%D8%AA%D9%85%D9%8A%D8%B2_%D9%84%D8%B4%D8%B1%D9%83%D8%A9_%D8%B1%D9%83%D9%86_%D8%A7%D9%84%D8%AA%D8%B7%D9%88%D8%B1,1,460,0.22%,3.7
https://www.rukn-eltatawer.com/parquet-installation-company-in-sharjah/#%D8%A3%D9%81%D8%B6%D9%84_%D8%B4%D8%B1%D9%83%D8%A9_%D8%AA%D8%B1%D9%83%D9%8A%D8%A8_%D8%A8%D8%A7%D8%B1%D9%83%D9%8A%D9%87_%D9%81%D9%8A_%D8%A7%D9%84%D8%B4%D8%A7%D8%B1%D9%82%D8%A9,1,457,0.22%,2.98
https://www.rukn-eltatawer.com/parquet-installation-in-abu-dhabi/#%D8%A3%D9%81%D8%B6%D9%84_%D8%B4%D8%B1%D9%83%D8%A9_%D8%AA%D8%B1%D9%83%D9%8A%D8%A8_%D8%A8%D8%A7%D8%B1%D9%83%D9%8A%D9%87_%D9%81%D9%8A_%D8%A3%D8%A8%D9%88%D8%B8%D8%A8%D9%8A,1,414,0.24%,4.35
https://www.rukn-eltatawer.com/dubai-glass-facade-cleaning-company/,1,333,0.3%,8.37
https://www.rukn-eltatawer.com/sewer-plumbing-ajman/#%D8%A3%D8%B1%D8%AE%D8%B5_%D8%B4%D8%B1%D9%83%D8%A9_%D8%AA%D8%B3%D9%84%D9%8A%D9%83_%D9%85%D8%AC%D8%A7%D8%B1%D9%8A_%D9%81%D9%8A_%D8%B9%D8%AC%D9%85%D8%A7%D9%86_%D8%A3%D8%B3%D8%B9%D8%A7%D8%B1_%D9%88%D9%85%D9%85%D9%8A%D8%B2%D8%A7%D8%AA_2026,1,322,0.31%,3.76
https://www.rukn-eltatawer.com/parquet-installation-company-in-ras-al-khaimah/#%D8%A3%D9%81%D8%B6%D9%84_%D8%B4%D8%B1%D9%83%D8%A9_%D8%AA%D8%B1%D9%83%D9%8A%D8%A8_%D8%A8%D8%A7%D8%B1%D9%83%D9%8A%D9%87_%D9%81%D9%89_%D8%B1%D8%A3%D8%B3_%D8%A7%D9%84%D8%AE%D9%8A%D9%85%D8%A9,1,303,0.33%,2.41
https://www.rukn-eltatawer.com/general-maintenance-company-abu-dhabi/#%D8%B4%D8%B1%D9%83%D8%A9_%D8%B5%D9%8A%D8%A7%D9%86%D8%A9_%D8%B9%D8%A7%D9%85%D8%A9_%D8%A3%D8%A8%D9%88%D8%B8%D8%A8%D9%8A,1,303,0.33%,7.65
https://www.rukn-eltatawer.com/pigeons-repellent-installation-company-in-al-ain/#%D8%A7%D9%81%D8%B6%D9%84_%D8%B4%D8%B1%D9%83%D8%A9_%D8%AA%D8%B1%D9%83%D9%8A%D8%A8_%D8%B7%D8%A7%D8%B1%D8%AF_%D8%AD%D9%85%D8%A7%D9%85_%D9%81%D9%8A_%D8%A7%D9%84%D8%B9%D9%8A%D9%86,1,259,0.39%,3.72
https://www.rukn-eltatawer.com/parquet-installation-company-in-ras-al-khaimah/#%D8%A3%D9%86%D9%88%D8%A7%D8%B9_%D8%A7%D9%84%D8%A8%D8%A7%D8%B1%D9%83%D9%8A%D9%87_%D8%A7%D9%84%D8%AA%D9%89_%D8%AA%D9%88%D9%81%D8%B1%D9%87%D8%A7_%D8%B4%D8%B1%D9%83%D8%A9_%D8%B1%D9%83%D9%86_%D8%A7%D9%84%D8%AA%D8%B7%D9%88%D8%B1,1,239,0.42%,2.53
https://www.rukn-eltatawer.com/al-ain-marble-polishing-and-polishing/,1,234,0.43%,10.81
https://www.rukn-eltatawer.com/sa/water-leak-detection-an-nuayriyah/,1,218,0.46%,29.02
https://www.rukn-eltatawer.com/tank-insulation-abu-dhabi/,1,212,0.47%,12.37
https://www.rukn-eltatawer.com/home-sterilization-company-in-ras-al-khaimah/,1,190,0.53%,5.34
https://www.rukn-eltatawer.com/cooker-repair-dubai/,1,184,0.54%,7.56
https://www.rukn-eltatawer.com/garage-cleaning-fujairah/,1,171,0.58%,18.58
https://www.rukn-eltatawer.com/sewer-wiring-abu-dhabi/#%D8%AA%D8%B3%D9%84%D9%8A%D9%83_%D8%A7%D9%84%D9%85%D8%AC%D8%A7%D8%B1%D9%8A_%D8%A8%D8%A7%D9%84%D8%B6%D8%BA%D8%B7_%D9%81%D9%8A_%D8%A7%D8%A8%D9%88%D8%B8%D8%A8%D9%8A,1,168,0.6%,6.81
https://www.rukn-eltatawer.com/sa/asaar-tnzyf-almnazl-balryad/,1,165,0.61%,20.15
https://www.rukn-eltatawer.com/vacuum-cleaner-repair-abu-dhabi/#%D8%B9%D9%85%D9%84%D9%8A%D8%A9_%D8%A7%D9%84%D8%B5%D9%8A%D8%A7%D9%86%D8%A9,1,156,0.64%,2.88
https://www.rukn-eltatawer.com/faq/,1,156,0.64%,4.57
https://www.rukn-eltatawer.com/sa/kshf-tsrbat-almyah-fy-arar/,1,142,0.7%,15.56
https://www.rukn-eltatawer.com/sa/kshf-tsrbat-almyah-fy-skaka/,1,132,0.76%,25.42
https://www.rukn-eltatawer.com/sa/water-leak-detection-khafji/,1,130,0.77%,19.34
https://www.rukn-eltatawer.com/soundproofing-abu-dhabi/,1,129,0.78%,29.82
https://www.rukn-eltatawer.com/ras-al-khaimah-apartment-cleaning-company/,1,125,0.8%,45.78
https://www.rukn-eltatawer.com/ras-al-khaimah-roof-insulation-company/#%D8%A3%D8%AF%D9%88%D8%A7%D8%AA_%D8%B4%D8%B1%D9%83%D8%A9_%D8%B9%D8%B2%D9%84_%D8%A3%D8%B3%D8%B7%D8%AD_%D8%B1%D8%A3%D8%B3_%D8%A7%D9%84%D8%AE%D9%8A%D9%85%D8%A9,1,93,1.08%,5.65
https://www.rukn-eltatawer.com/crack-repair-umm-al-quwain/,1,93,1.08%,31.01
https://www.rukn-eltatawer.com/sa/water-leak-detection-duba/,1,92,1.09%,13.27
https://www.rukn-eltatawer.com/wood-alternative-installation-company-in-dubai/#%D8%A5%D8%AC%D8%B1%D8%A7%D8%A1%D8%A7%D8%AA_%D8%AA%D8%B1%D9%83%D9%8A%D8%A8_%D8%A8%D8%AF%D9%8A%D9%84_%D8%A7%D9%84%D8%AE%D8%B4%D8%A8,1,91,1.1%,4.98
https://www.rukn-eltatawer.com/blog/,1,90,1.11%,5.28
https://www.rukn-eltatawer.com/building-renovation-ras-al-khaimah/,1,90,1.11%,10.92
https://www.rukn-eltatawer.com/category/maintenance/,1,79,1.27%,8.92
https://www.rukn-eltatawer.com/category/maintenance-bulding-ar/,1,70,1.43%,19.21
https://www.rukn-eltatawer.com/furniture-carpenter-ras-al-khaimah/,1,61,1.64%,14.57
https://www.rukn-eltatawer.com/category/pigeons-repellent-installation/,1,61,1.64%,26.59
https://www.rukn-eltatawer.com/sa/en/water-leak-detection-al-namas/,1,60,1.67%,9.97
https://www.rukn-eltatawer.com/water-filter-installation-abu-dhabi/,1,60,1.67%,11.5
https://www.rukn-eltatawer.com/sa/kshf-tsrbat-almyah-fy-ras-tnwrh/,1,60,1.67%,13.12
https://www.rukn-eltatawer.com/sa/water-leak-detection-madinah/,1,59,1.69%,65.1
https://www.rukn-eltatawer.com/sa/sa/water-leak-detection-shaqra/,1,58,1.72%,26.48
https://www.rukn-eltatawer.com/qa/shrkh-bna-mjals-fy-qtr/,1,55,1.82%,10.31
https://www.rukn-eltatawer.com/blog/2026/03/26/air-conditioning-installation-in-ras-al-khaimah/,1,53,1.89%,8.47
https://www.rukn-eltatawer.com/bathroom-renovation-dubai/,1,52,1.92%,9.17
https://www.rukn-eltatawer.com/water-pump-installation-al-ain/,1,49,2.04%,6.45
https://www.rukn-eltatawer.com/tank-insulation-al-ain/,1,48,2.08%,12.33
https://www.rukn-eltatawer.com/tank-insulation-dubai/,1,48,2.08%,46.38
https://www.rukn-eltatawer.com/preventing-water-leaks/,1,46,2.17%,16.78
https://www.rukn-eltatawer.com/duct-cleaning-ras-al-khaimah/,1,44,2.27%,27.89
https://www.rukn-eltatawer.com/en/false-ceiling-installation-ras-al-khaimah/,1,42,2.38%,7.86
https://www.rukn-eltatawer.com/refrigerator-repair-fujairah/,1,42,2.38%,9.19
https://www.rukn-eltatawer.com/en/leak-detection-company-in-dubai/,1,41,2.44%,34.22
https://www.rukn-eltatawer.com/sa/kshf-tsrbat-almyah-fy-samth-shrkh-rkn-alttwr/,1,40,2.5%,41.3
https://www.rukn-eltatawer.com/old-house-renovation-abu-dhabi/,1,39,2.56%,11.36
https://www.rukn-eltatawer.com/water-pump-installation-sharjah/,1,38,2.63%,9.26
https://www.rukn-eltatawer.com/plaster-installation-ajman/,1,38,2.63%,13.37
https://www.rukn-eltatawer.com/water-leak-detection-abu-arish/,1,36,2.78%,10.33
https://www.rukn-eltatawer.com/blog/2026/03/16/steam-car-wash-abu-dhabi/,1,35,2.86%,11.11
https://www.rukn-eltatawer.com/general-maintenance-umm-al-quwain/#%D9%83%D9%8A%D9%81_%D8%AA%D8%B3%D8%A7%D9%87%D9%85_%D8%B5%D9%8A%D8%A7%D9%86%D8%A9_%D8%A7%D9%84%D9%85%D9%83%D9%8A%D9%81%D8%A7%D8%AA_%D9%81%D9%8A_%D8%AE%D9%81%D8%B6_%D9%81%D8%A7%D8%AA%D9%88%D8%B1%D8%A9_%D8%A7%D9%84%D9%83%D9%87%D8%B1%D8%A8%D8%A7%D8%A1_%D8%A8%D8%A3%D9%85_%D8%A7%D9%84%D9%82%D9%8A%D9%88%D9%8A%D9%86%D8%9F,1,32,3.12%,1.88
https://www.rukn-eltatawer.com/en/vacuum-cleaner-repair-dubai/,1,32,3.12%,6.12
https://www.rukn-eltatawer.com/artificial-grass-installation-sharjah/,1,32,3.12%,7.25
https://www.rukn-eltatawer.com/blog/2025/03/10/key-cutting-shop-in-abu-dhabi/,1,31,3.23%,10
https://www.rukn-eltatawer.com/stone-installation-abu-dhabi/,1,30,3.33%,6.97
https://www.rukn-eltatawer.com/sa/en/water-leak-detection-turaif/,1,30,3.33%,59.37
https://www.rukn-eltatawer.com/automatic-irrigation-dubai/,1,29,3.45%,3.66
https://www.rukn-eltatawer.com/qa/shrkh-ghsyl-mkyfat-fy-qtr-2/,1,28,3.57%,7.36
https://www.rukn-eltatawer.com/sa/water-leak-detection-al-kharj/,1,28,3.57%,66.43
https://www.rukn-eltatawer.com/blog/2025/11/25/bathroom-renovation-sharjah/,1,26,3.85%,13.42
https://www.rukn-eltatawer.com/commercial-fridge-cooler-repair-dubai/,1,25,4%,14.08
https://www.rukn-eltatawer.com/sa/water-leak-detection-abu-arish/,1,24,4.17%,8.71
https://www.rukn-eltatawer.com/sa/kshf-tsrbat-almyah-fy-bljrshy-shrkh-rkn-alttwr/,1,24,4.17%,49
https://www.rukn-eltatawer.com/en/pest-control-khor-fakkan/,1,23,4.35%,6.57
https://www.rukn-eltatawer.com/aluminium-installation-abu-dhabi/,1,23,4.35%,9.13
https://www.rukn-eltatawer.com/sa/kshf-tsrbat-almyah-balkhfjy/,1,23,4.35%,15.13
https://www.rukn-eltatawer.com/automatic-door-maintenance-ras-al-khaimah/,1,23,4.35%,29.3
https://www.rukn-eltatawer.com/snake-control-ras-al-khaimah/,1,22,4.55%,6.05
https://www.rukn-eltatawer.com/qa/shrkh-tnzyf-mnazl-fy-qtr-2/,1,22,4.55%,11.77
https://www.rukn-eltatawer.com/general-maintenance-ajman/,1,21,4.76%,11.76
https://www.rukn-eltatawer.com/stone-facade-cleaning-al-ain/,1,21,4.76%,14.33
https://www.rukn-eltatawer.com/en/,1,21,4.76%,33.43
https://www.rukn-eltatawer.com/fujairah-apartment-cleaning-company/,1,21,4.76%,39.86
https://www.rukn-eltatawer.com/kitchen-renovation-al-ain/,1,19,5.26%,8.11
https://www.rukn-eltatawer.com/pool-maintenance-ras-al-khaimah/,1,19,5.26%,12.11
https://www.rukn-eltatawer.com/sa/apartment-cleaning-in-riyadh/,1,19,5.26%,13.42
https://www.rukn-eltatawer.com/sa/en/water-leak-detection-al-qurayyat/,1,18,5.56%,15.11
https://www.rukn-eltatawer.com/pool-maintenance-sharjah/,1,18,5.56%,22.67
https://www.rukn-eltatawer.com/solar-systems-installation-fujairah/,1,17,5.88%,4.24
https://www.rukn-eltatawer.com/blog/2025/11/25/home-electrician-ras-al-khaimah/,1,17,5.88%,10.24
https://www.rukn-eltatawer.com/water-tank-cooling-fujairah/,1,17,5.88%,17.76
https://www.rukn-eltatawer.com/water-leak-detection-duba/,1,17,5.88%,35.24
https://www.rukn-eltatawer.com/water-cooler-repair-ajman/,1,16,6.25%,5.75
https://www.rukn-eltatawer.com/automatic-irrigation-ras-al-khaimah/,1,16,6.25%,6
https://www.rukn-eltatawer.com/cities/,1,16,6.25%,7.44
https://www.rukn-eltatawer.com/sa/water-leak-detection-north-jeddah/,1,16,6.25%,8.75
https://www.rukn-eltatawer.com/sa/en/water-leak-detection-al-makhwah/,1,16,6.25%,25.44
https://www.rukn-eltatawer.com/stone-installation-umm-al-quwain/,1,15,6.67%,4
https://www.rukn-eltatawer.com/qa/blog/,1,15,6.67%,8.53
https://www.rukn-eltatawer.com/steam-car-wash-dubai/,1,15,6.67%,9.07
https://www.rukn-eltatawer.com/wooden-arbor-installation-dubai/,1,15,6.67%,27.8
https://www.rukn-eltatawer.com/solar-water-heaters-abu-dhabi/,1,14,7.14%,5.36
https://www.rukn-eltatawer.com/floor-carpet-installation-dubai/,1,14,7.14%,5.79
https://www.rukn-eltatawer.com/en/water-leak-detection-al-aflaj/,1,14,7.14%,9.43
https://www.rukn-eltatawer.com/stone-facade-cleaning-abu-dhabi/,1,14,7.14%,11
https://www.rukn-eltatawer.com/sa/en/water-leak-detection-jeddah-center/,1,14,7.14%,14.64
https://www.rukn-eltatawer.com/blog/2025/11/25/split-ac-maintenance-al-ain/,1,14,7.14%,17.86
https://www.rukn-eltatawer.com/sa/water-leak-detection-sabya/,1,14,7.14%,19.5
https://www.rukn-eltatawer.com/en/false-ceiling-installation-abu-dhabi/,1,13,7.69%,5.62
https://www.rukn-eltatawer.com/stone-installation-fujairah/,1,13,7.69%,7
https://www.rukn-eltatawer.com/qa/split-ac-maintenance-in-qatar/,1,13,7.69%,8.08
https://www.rukn-eltatawer.com/qa/plumbing-maintenance-in-qatar/,1,13,7.69%,8.54
https://www.rukn-eltatawer.com/swimming-pool-cleaning-company-in-al-ain/,1,13,7.69%,8.54
https://www.rukn-eltatawer.com/microwave-repair-dubai/,1,12,8.33%,4.17
https://www.rukn-eltatawer.com/floor-carpet-installation-abu-dhabi/,1,12,8.33%,4.33
https://www.rukn-eltatawer.com/en/category/maintenance-bulding-ar/,1,12,8.33%,11.5
https://www.rukn-eltatawer.com/qa/recruitment-in-qatar/,1,12,8.33%,12.58
https://www.rukn-eltatawer.com/door-installation-sharjah/,1,12,8.33%,16.08
https://www.rukn-eltatawer.com/tank-lining-maintenance-dubai/,1,11,9.09%,4.36
https://www.rukn-eltatawer.com/building-maintenance-al-ain/,1,11,9.09%,4.82
https://www.rukn-eltatawer.com/sa/أهلا-بالعالم/,1,11,9.09%,5.64
https://www.rukn-eltatawer.com/blog/2026/03/26/air-conditioning-installation-in-alain/,1,11,9.09%,7.09
https://www.rukn-eltatawer.com/oven-repair-sharjah/,1,11,9.09%,7.91
https://www.rukn-eltatawer.com/mall-cleaning-dubai/,1,11,9.09%,9.45
https://www.rukn-eltatawer.com/thermal-insulation-dubai/,1,11,9.09%,14.18
https://www.rukn-eltatawer.com/sa/kshf-tsrbat-almyah-fy-shrq-jdh/,1,11,9.09%,24.36
https://www.rukn-eltatawer.com/solar-water-heaters-ajman/,1,10,10%,4.9
https://www.rukn-eltatawer.com/automatic-irrigation-abu-dhabi/,1,10,10%,6.1
https://www.rukn-eltatawer.com/qa/aamlat-tnzyf-balsaah-fy-qtr-2/,1,10,10%,13.1
https://www.rukn-eltatawer.com/pigeon-net-installation-abu-dhabi/,1,10,10%,13.7
https://www.rukn-eltatawer.com/duct-cleaning-fujairah/,1,10,10%,19.2
https://www.rukn-eltatawer.com/en/abu-dhabi-home-plumber/,1,10,10%,38.6
https://www.rukn-eltatawer.com/microwave-repair-sharjah/,1,9,11.11%,3.78
https://www.rukn-eltatawer.com/qa/shrkh-trkyb-ardyat-aybwksy-fy-qtr/,1,9,11.11%,6.11
https://www.rukn-eltatawer.com/suspended-ceiling-installation-ajman/,1,9,11.11%,6.11
https://www.rukn-eltatawer.com/qa/contact-us/,1,9,11.11%,10.67
https://www.rukn-eltatawer.com/kitchen-installation-sharjah/,1,9,11.11%,14.89
https://www.rukn-eltatawer.com/sa/kshf-tsrbat-almyah-fy-almbrz/,1,9,11.11%,43.11
https://www.rukn-eltatawer.com/ant-control-abu-dhabi/,1,8,12.5%,4.38
https://www.rukn-eltatawer.com/wall-fountain-dubai/,1,8,12.5%,5
https://www.rukn-eltatawer.com/qa/shrkh-trkyb-syramyk-wbwrslyn-fy-qtr/,1,8,12.5%,5.12
https://www.rukn-eltatawer.com/en/solar-water-heaters-abu-dhabi/,1,8,12.5%,6.88
https://www.rukn-eltatawer.com/qa/shrkh-trkyb-tard-hmam-fy-qtr-2/,1,8,12.5%,23.25
https://www.rukn-eltatawer.com/qa/shrkh-syanh-mkyfat-sblyt-fy-qtr-2/,1,8,12.5%,28.5
https://www.rukn-eltatawer.com/blog/city/sharjah/,1,7,14.29%,4.14
https://www.rukn-eltatawer.com/lizard-control-abu-dhabi/,1,7,14.29%,5.86
https://www.rukn-eltatawer.com/blog/2025/11/25/solar-ac-installation-al-ain/,1,7,14.29%,6
https://www.rukn-eltatawer.com/en/modern-irrigation-al-ain/,1,7,14.29%,12.29
https://www.rukn-eltatawer.com/qa/sbak-mnazl-fy-qtr/,1,7,14.29%,12.43
https://www.rukn-eltatawer.com/sa/tnzyf-wtaqym/,1,7,14.29%,12.71
https://www.rukn-eltatawer.com/sa/city/الشارقة/,1,7,14.29%,12.86
https://www.rukn-eltatawer.com/qa/shrkh-trkyb-flatr-myah-fy-qtr-2/,1,7,14.29%,27.57
https://www.rukn-eltatawer.com/crack-repair-ras-al-khaimah/,1,6,16.67%,2.33
https://www.rukn-eltatawer.com/water-cooler-repair-abu-dhabi/,1,6,16.67%,3
https://www.rukn-eltatawer.com/en/ceramic-porcelain-installation-fujairah/,1,6,16.67%,5.33
https://www.rukn-eltatawer.com/natural-grass-cutting-dubai/,1,6,16.67%,5.67
https://www.rukn-eltatawer.com/garden-cleaning-al-ain/,1,6,16.67%,6.17
https://www.rukn-eltatawer.com/false-ceiling-installation-abu-dhabi/,1,6,16.67%,6.67
https://www.rukn-eltatawer.com/plaster-installation-fujairah/,1,6,16.67%,7.83
https://www.rukn-eltatawer.com/washing-machine-repair-al-ain/,1,6,16.67%,8.17
https://www.rukn-eltatawer.com/glass-aluminium-installation-abu-dhabi/,1,6,16.67%,17.67
https://www.rukn-eltatawer.com/artificial-waterfall-al-ain/,1,6,16.67%,19.33
https://www.rukn-eltatawer.com/blog/2025/11/25/palm-tree-planting-dubai/,1,6,16.67%,21.5
https://www.rukn-eltatawer.com/wall-fountain-abu-dhabi/,1,6,16.67%,30.33
https://www.rukn-eltatawer.com/electrical-maintenance-sharjah/,1,5,20%,3.4
https://www.rukn-eltatawer.com/elevator-maintenance-fujairah/,1,5,20%,3.4
https://www.rukn-eltatawer.com/qa/shrkh-syanh-abwab-khshbyh-fy-qtr/,1,5,20%,3.4
https://www.rukn-eltatawer.com/sa/mkafhh-alhshrat/,1,5,20%,4.6
https://www.rukn-eltatawer.com/villa-inspection-dubai/,1,5,20%,4.6
https://www.rukn-eltatawer.com/water-desalination-plant-abu-dhabi/,1,5,20%,4.8
https://www.rukn-eltatawer.com/blog/2025/11/25/villa-inspection-ras-al-khaimah/,1,5,20%,6.2
https://www.rukn-eltatawer.com/water-tank-cooling-dubai/,1,5,20%,8.6
https://www.rukn-eltatawer.com/chimney-cleaning-al-ain/,1,5,20%,8.8
https://www.rukn-eltatawer.com/crawling-pest-control-ras-al-khaimah/,1,5,20%,10.2
https://www.rukn-eltatawer.com/blog/2025/11/25/furniture-packaging-dubai/,1,5,20%,10.4
https://www.rukn-eltatawer.com/sa/works/صيانة-تكييف/,1,5,20%,16.8
https://www.rukn-eltatawer.com/bird-control-sharjah/,1,5,20%,23.8
https://www.rukn-eltatawer.com/qa/ac-duct-cleaning-and-maintenance-in-qatar/,1,5,20%,29.8
https://www.rukn-eltatawer.com/qa/shrkh-tnzyf-khyam-wbywt-shar-fy-qtr-2/,1,5,20%,32.4
https://www.rukn-eltatawer.com/blog/2020/07/30/leak-detection-company-in-dubai/,1,5,20%,60.2
https://www.rukn-eltatawer.com/solar-ac-installation-abu-dhabi/,1,4,25%,1.75
https://www.rukn-eltatawer.com/floor-carpet-installation-ajman/,1,4,25%,3.75
https://www.rukn-eltatawer.com/gas-leak-detection-ras-al-khaimah/,1,4,25%,4
https://www.rukn-eltatawer.com/en/kerbstone-installation-fujairah/,1,4,25%,4.75
https://www.rukn-eltatawer.com/water-desalination-plant-dubai/,1,4,25%,5
https://www.rukn-eltatawer.com/solar-ac-installation-al-ain/,1,4,25%,5.5
https://www.rukn-eltatawer.com/lizard-control-sharjah/,1,4,25%,5.75
https://www.rukn-eltatawer.com/en/roof-garden-design-fujairah/,1,4,25%,6.75
https://www.rukn-eltatawer.com/kitchen-cleaning-ajman/,1,4,25%,14
https://www.rukn-eltatawer.com/qa/shrkh-syanh-mykrwwyf-fy-qtr-2/,1,4,25%,16
https://www.rukn-eltatawer.com/glass-aluminium-partition-umm-al-quwain/,1,4,25%,17.25
https://www.rukn-eltatawer.com/sa/kshf-tsrbat-almyah-fy-tryf-shrkh-rkn-alttwr/,1,4,25%,22.25
https://www.rukn-eltatawer.com/blog/2025/11/25/wall-foam-installation-fujairah/,1,4,25%,23.5
https://www.rukn-eltatawer.com/qa/water-leak-detection/,1,4,25%,27
https://www.rukn-eltatawer.com/qa/shrkh-trkyb-syramyk-wbwrslyn-fy-qtr-2/,1,4,25%,33.75
https://www.rukn-eltatawer.com/vacuum-cleaner-repair-umm-al-quwain/,1,4,25%,35.75
https://www.rukn-eltatawer.com/category/maintenanc/,1,4,25%,37
https://www.rukn-eltatawer.com/qa/shrkh-mkafhh-bq-alfrash-fy-qtr-2/,1,4,25%,39.5
https://www.rukn-eltatawer.com/qa/shrkh-tnzyf-dkt-mkyfat-fy-qtr-2/,1,4,25%,39.5
https://www.rukn-eltatawer.com/electrical-maintenance-fujairah/,1,3,33.33%,1
https://www.rukn-eltatawer.com/water-cooler-repair-ras-al-khaimah/,1,3,33.33%,2.33
https://www.rukn-eltatawer.com/furniture-packaging-ras-al-khaimah/,1,3,33.33%,3.67
https://www.rukn-eltatawer.com/blog/2025/10/30/water-cooler-repair-sharjah/?utm_source=rss&utm_medium=rss&utm_campaign=water-cooler-repair-sharjah,1,3,33.33%,4.33
https://www.rukn-eltatawer.com/water-leak-detection-rafha/,1,3,33.33%,4.33
https://www.rukn-eltatawer.com/solar-ac-installation-fujairah/,1,3,33.33%,4.67
https://www.rukn-eltatawer.com/wall-foam-installation-sharjah/,1,3,33.33%,4.67
https://www.rukn-eltatawer.com/en/kitchen-renovation-ajman/,1,3,33.33%,6
https://www.rukn-eltatawer.com/sa/about/,1,3,33.33%,6
https://www.rukn-eltatawer.com/sa/water-leak-detection-sharurah/,1,3,33.33%,6.67
https://www.rukn-eltatawer.com/wall-foam-installation-ajman/,1,3,33.33%,7
https://www.rukn-eltatawer.com/qa/atsl-bna/,1,3,33.33%,7.33
https://www.rukn-eltatawer.com/water-tank-cooling-abu-dhabi/,1,3,33.33%,7.67
https://www.rukn-eltatawer.com/appliance-repair-abu-dhabi/,1,3,33.33%,8
https://www.rukn-eltatawer.com/blog/2025/11/25/appliance-repair-al-ain/,1,3,33.33%,8.67
https://www.rukn-eltatawer.com/blog/category/isolated/,1,3,33.33%,9
https://www.rukn-eltatawer.com/qa/sewerage-company-in-doha/,1,3,33.33%,10.33
https://www.rukn-eltatawer.com/category/kitchen-renovations/,1,3,33.33%,15.67
https://www.rukn-eltatawer.com/qa/mktb-astqdam-fy-qtr/,1,3,33.33%,20.33
https://www.rukn-eltatawer.com/qa/shrkh-syanh-mbany-fy-qtr-2/,1,3,33.33%,31.33
https://www.rukn-eltatawer.com/sa/kshf-tsrbat-almyah-fy-almkhwah-shrkh-rkn-alttwr/,1,3,33.33%,32.67
https://www.rukn-eltatawer.com/qa/shrkh-tnzyf-wsyanh-dktat-almkyfat-fy-qtr/,1,3,33.33%,47.67
https://www.rukn-eltatawer.com/qa/shrkh-trkyb-rkham-wjranyt-fy-qtr-2/,1,3,33.33%,48
https://www.rukn-eltatawer.com/qa/shrkh-tnzyf-sjad-wmwkyt-fy-qtr-2/,1,3,33.33%,50.33
https://www.rukn-eltatawer.com/sa/en/water-leak-detection-north-jeddah/,1,2,50%,1
https://www.rukn-eltatawer.com/en/diesel-tank-cleaning-fujairah/,1,2,50%,2.5
https://www.rukn-eltatawer.com/blog/2026/04/14/water-leak-detection-company-in-qatar/,1,2,50%,3
https://www.rukn-eltatawer.com/en/door-installation-sharjah/,1,2,50%,3
https://www.rukn-eltatawer.com/wall-foam-installation-al-ain/,1,2,50%,3.5
https://www.rukn-eltatawer.com/crack-repair-abu-dhabi/,1,2,50%,5
https://www.rukn-eltatawer.com/en/natural-grass-cutting-sharjah/,1,2,50%,5.5
https://www.rukn-eltatawer.com/roof-garden-design-fujairah/,1,2,50%,5.5
https://www.rukn-eltatawer.com/en/marble-granite-installation-sharjah/,1,2,50%,6.5
https://www.rukn-eltatawer.com/qa/shrkh-syanh-skhanat-myah-fy-qtr-2/,1,2,50%,6.5
https://www.rukn-eltatawer.com/en/kitchen-hood-installation-ajman/,1,2,50%,7.5
https://www.rukn-eltatawer.com/en/home-plumber-al-ain/,1,2,50%,9.5
https://www.rukn-eltatawer.com/qa/shrkh-azl-khzanat-fy-qtr-2/,1,2,50%,11
https://www.rukn-eltatawer.com/qa/shrkh-trkyb-jlsat-kharjyh-fy-qtr/,1,2,50%,22.5
https://www.rukn-eltatawer.com/shrkh-trkyb-mtabkh-fy-abwzby/,1,2,50%,40.5
https://www.rukn-eltatawer.com/sa/en/water-leak-detection-al-kharj/,1,2,50%,101
https://www.rukn-eltatawer.com/?p=8374,1,1,100%,1
https://www.rukn-eltatawer.com/en/شركة-كشف-تسربات-المياه-في-الشارقة/,1,1,100%,1
https://www.rukn-eltatawer.com/automatic-irrigation-al-ain/,1,1,100%,2
https://www.rukn-eltatawer.com/en/tag/تنسيق-حدائق-أبوظبي/,1,1,100%,2
https://www.rukn-eltatawer.com/en/water-leak-detection-duba/,1,1,100%,2
https://www.rukn-eltatawer.com/glass-aluminium-partition-fujairah/,1,1,100%,2
https://www.rukn-eltatawer.com/kitchen-hood-installation-umm-al-quwain/,1,1,100%,2
https://www.rukn-eltatawer.com/kitchen-renovation-abu-dhabi/,1,1,100%,2
https://www.rukn-eltatawer.com/vinyl-flooring-fujairah/,1,1,100%,2
https://www.rukn-eltatawer.com/water-leak-detection-alula/,1,1,100%,2
https://www.rukn-eltatawer.com/garden-cleaning-umm-al-quwain/,1,1,100%,3
https://www.rukn-eltatawer.com/qa/hdadh-abwab-wnwafdh-fy-qtr/,1,1,100%,3
https://www.rukn-eltatawer.com/qa/shrkh-fhs-mbany-fy-qtr/,1,1,100%,3
https://www.rukn-eltatawer.com/qa/shrkh-trmym-mtabkh-fy-qtr/,1,1,100%,3
https://www.rukn-eltatawer.com/category/خدمات-الديكور-الخارجي/,1,1,100%,4
https://www.rukn-eltatawer.com/en/automatic-irrigation-dubai/,1,1,100%,4
https://www.rukn-eltatawer.com/garage-cleaning-ajman/,1,1,100%,4
https://www.rukn-eltatawer.com/qa/shrkh-trkyb-asqf-mstaarh-fy-qtr/,1,1,100%,4
https://www.rukn-eltatawer.com/glass-aluminium-partition-dubai/,1,1,100%,5
https://www.rukn-eltatawer.com/en/tag/شركة-تنسيق-حدائق-أبوظبي/,1,1,100%,8
https://www.rukn-eltatawer.com/sa/works/عزل-سطح-مبنى/,1,1,100%,23
https://www.rukn-eltatawer.com/qa/shrkh-tslyk-mjary-fy-aldwhh/,1,1,100%,37
https://www.rukn-eltatawer.com/qa/shrkh-fhs-mbany-fy-qtr-2/,1,1,100%,48
https://www.rukn-eltatawer.com/qa/shrkh-tghlyf-athath-fy-qtr-2/,1,1,100%,49
https://www.rukn-eltatawer.com/qa/shrkh-tshtyb-fll-fy-qtr-2/,1,1,100%,70
https://www.rukn-eltatawer.com/qa/shrkh-mkafhh-fyran-wqward-fy-qtr-2/,1,1,100%,129
https://www.rukn-eltatawer.com/qa/shrkh-tnzyf-wajhat-zjajyh-fy-qtr-2/,1,1,100%,133
https://www.rukn-eltatawer.com/cleaning-company-in-sharjah/#%D8%B4%D8%B1%D9%83%D8%A9_%D8%B1%D9%83%D9%86_%D8%A7%D9%84%D8%AA%D8%B7%D9%88%D8%B1_%D8%A3%D9%81%D8%B6%D9%84_%D8%B4%D8%B1%D9%83%D8%A9_%D8%AA%D9%86%D8%B8%D9%8A%D9%81_%D9%85%D9%86%D8%A7%D8%B2%D9%84_%D9%81%D9%8A_%D8%A7%D9%84%D8%B4%D8%A7%D8%B1%D9%82%D8%A9_%D8%A8%D8%A7%D8%B3%D8%AA%D8%AE%D8%AF%D8%A7%D9%85_%D8%AA%D9%82%D9%86%D9%8A%D8%A7%D8%AA_2026_%D8%A7%D9%84%D8%B0%D9%83%D9%8A%D8%A9,0,9629,0%,3.93
https://www.rukn-eltatawer.com/cleaning-company-in-sharjah/#%D8%B9%D9%84%D8%A7%D9%85%D8%A7%D8%AA_%D9%88%D9%85%D8%AE%D8%A7%D8%B7%D8%B1_%D8%A5%D9%87%D9%85%D8%A7%D9%84_%D8%AA%D9%86%D8%B8%D9%8A%D9%81_%D8%A7%D9%84%D9%85%D9%86%D8%A7%D8%B2%D9%84_%D9%81%D9%8A_%D8%A7%D9%84%D8%B4%D8%A7%D8%B1%D9%82%D8%A9_%D8%A7%D9%84%D8%AA%D9%8A_%D9%8A%D8%AC%D8%A8_%D8%A7%D9%84%D8%AD%D8%B0%D8%B1_%D9%85%D9%86%D9%87%D8%A7,0,9141,0%,3.95
https://www.rukn-eltatawer.com/hourly-cleaning-maids-abu-dhabi/#%D9%83%D9%8A%D9%81%D9%8A%D8%A9_%D8%A7%D8%AE%D8%AA%D9%8A%D8%A7%D8%B1_%D8%A3%D9%81%D8%B6%D9%84_%D8%B4%D8%B1%D9%83%D8%A9_%D8%AA%D9%86%D8%B8%D9%8A%D9%81_%D8%A8%D8%A7%D9%84%D8%B3%D8%A7%D8%B9%D8%A9_%D9%81%D9%8A_%D8%A3%D8%A8%D9%88%D8%B8%D8%A8%D9%8A,0,7614,0%,4.14
https://www.rukn-eltatawer.com/hourly-cleaning-maids-abu-dhabi/#%D8%AE%D8%AF%D9%85%D8%A7%D8%AA_%D8%B4%D8%B1%D9%83%D8%A9_%D8%AA%D9%86%D8%B8%D9%8A%D9%81_%D8%A8%D8%A7%D9%84%D8%B3%D8%A7%D8%B9%D8%A9_%D9%81%D9%8A_%D8%A3%D8%A8%D9%88%D8%B8%D8%A8%D9%8A,0,7235,0%,4.11
https://www.rukn-eltatawer.com/insect-control-in-dubai/#%D8%B4%D8%B1%D9%83%D8%A9_%D8%B1%D8%B4_%D8%AD%D8%B4%D8%B1%D8%A7%D8%AA_%D9%81%D9%8A_%D8%AF%D8%A8%D9%8A,0,6497,0%,2.99
https://www.rukn-eltatawer.com/cleaning-company-in-sharjah/#%D9%85%D9%85%D9%8A%D8%B2%D8%A7%D8%AA_%D8%B4%D8%B1%D9%83%D8%A9_%D8%B1%D9%83%D9%86_%D8%A7%D9%84%D8%AA%D8%B7%D9%88%D8%B1_%D9%84%D8%AA%D9%86%D8%B8%D9%8A%D9%81_%D8%A7%D9%84%D9%85%D9%86%D8%A7%D8%B2%D9%84_%D9%81%D9%8A_%D8%A7%D9%84%D8%B4%D8%A7%D8%B1%D9%82%D8%A9,0,6470,0%,3.86
https://www.rukn-eltatawer.com/cleaning-company-in-sharjah/#%D8%A7%D9%84%D8%A3%D8%B3%D8%A8%D8%A7%D8%A8_%D8%A7%D9%84%D8%AC%D8%B0%D8%B1%D9%8A%D8%A9_%D9%84%D8%AA%D8%B1%D8%A7%D9%83%D9%85_%D8%A7%D9%84%D8%A3%D9%88%D8%B3%D8%A7%D8%AE_%D9%88%D8%A7%D9%84%D8%AA%D8%B4%D8%AE%D9%8A%D8%B5_%D8%A7%D9%84%D8%A7%D8%AD%D8%AA%D8%B1%D8%A7%D9%81%D9%8A_2026,0,6395,0%,3.86
https://www.rukn-eltatawer.com/insect-control-in-sharjah/#%D8%B4%D8%B1%D9%83%D8%A9_%D9%85%D9%83%D8%A7%D9%81%D8%AD%D8%A9_%D8%AD%D8%B4%D8%B1%D8%A7%D8%AA_%D9%81%D9%8A_%D8%A7%D9%84%D8%B4%D8%A7%D8%B1%D9%82%D8%A9,0,6050,0%,3.63
https://www.rukn-eltatawer.com/insect-control-in-sharjah/#%D8%B4%D8%B1%D9%83%D8%A9_%D9%85%D9%83%D8%A7%D9%81%D8%AD%D8%A9_%D8%A7%D9%84%D8%B5%D8%B1%D8%A7%D8%B5%D9%8A%D8%B1_%D9%81%D9%8A_%D8%A7%D9%84%D8%B4%D8%A7%D8%B1%D9%82%D8%A9,0,5953,0%,3.7
https://www.rukn-eltatawer.com/insect-control-in-dubai/#%D8%AE%D8%AF%D9%85%D8%A7%D8%AA_%D8%B4%D8%B1%D9%83%D8%A9_%D9%85%D9%83%D8%A7%D9%81%D8%AD%D8%A9_%D8%AD%D8%B4%D8%B1%D8%A7%D8%AA_%D9%81%D9%8A_%D8%AF%D8%A8%D9%8A,0,5942,0%,3
https://www.rukn-eltatawer.com/cleaning-company-in-sharjah/#%D8%AE%D8%AF%D9%85%D8%A7%D8%AA_%D9%88%D8%A3%D8%B3%D8%B9%D8%A7%D8%B1_%D8%B4%D8%B1%D9%83%D8%A9_%D8%B1%D9%83%D9%86_%D8%A7%D9%84%D8%AA%D8%B7%D9%88%D8%B1_%D8%A3%D9%81%D8%B6%D9%84_%D8%B4%D8%B1%D9%83%D8%A9_%D8%AA%D9%86%D8%B8%D9%8A%D9%81_%D9%85%D9%86%D8%A7%D8%B2%D9%84_%D9%81%D9%8A_%D8%A7%D9%84%D8%B4%D8%A7%D8%B1%D9%82%D8%A9_2026,0,5808,0%,4.09
https://www.rukn-eltatawer.com/insect-control-in-dubai/#%D9%85%D9%83%D8%A7%D9%81%D8%AD%D8%A9_%D8%AD%D8%B4%D8%B1%D8%A7%D8%AA_%D8%A7%D9%84%D8%A8%D9%82_%D9%81%D9%8A_%D8%AF%D8%A8%D9%8A,0,5705,0%,3.03
https://www.rukn-eltatawer.com/insect-control-in-sharjah/#%D9%85%D9%83%D8%A7%D9%81%D8%AD%D8%A9_%D8%AD%D8%B4%D8%B1%D8%A7%D8%AA_%D8%A7%D9%84%D8%A8%D9%82_%D9%81%D9%8A_%D8%A7%D9%84%D8%B4%D8%A7%D8%B1%D9%82%D8%A9,0,5554,0%,3.71
https://www.rukn-eltatawer.com/insect-control-in-abu-dhabi/#%D8%AE%D8%AF%D9%85%D8%A7%D8%AA_%D8%B4%D8%B1%D9%83%D8%A9_%D8%B1%D9%83%D9%86_%D8%A7%D9%84%D8%AA%D8%B7%D9%88%D8%B1_%D9%84%D9%85%D9%83%D8%A7%D9%81%D8%AD%D8%A9_%D8%A7%D9%84%D8%AD%D8%B4%D8%B1%D8%A7%D8%AA_%D9%81%D9%8A_%D8%A3%D8%A8%D9%88%D8%B8%D8%A8%D9%8A,0,5426,0%,3.86
https://www.rukn-eltatawer.com/insect-control-in-sharjah/#%D8%B4%D8%B1%D9%83%D8%A9_%D8%B1%D8%B4_%D8%AD%D8%B4%D8%B1%D8%A7%D8%AA_%D9%81%D9%8A_%D8%A7%D9%84%D8%B4%D8%A7%D8%B1%D9%82%D8%A9_%D8%A8%D8%A7%D9%84%D8%B6%D9%85%D8%A7%D9%86,0,5196,0%,3.5
https://www.rukn-eltatawer.com/insect-control-in-dubai/#%D8%B4%D8%B1%D9%83%D8%A9_%D9%85%D9%83%D8%A7%D9%81%D8%AD%D8%A9_%D8%A7%D9%84%D8%B5%D8%B1%D8%A7%D8%B5%D9%8A%D8%B1_%D9%81%D9%8A_%D8%AF%D8%A8%D9%8A,0,5185,0%,2.91
https://www.rukn-eltatawer.com/hourly-cleaning-maids-dubai/#%D9%84%D9%85%D8%A7%D8%B0%D8%A7_%D9%8A%D8%AC%D8%A8_%D8%A3%D9%86_%D8%AA%D8%AE%D8%AA%D8%A7%D8%B1_%D8%B9%D8%A7%D9%85%D9%84%D8%A7%D8%AA_%D8%AA%D9%86%D8%B8%D9%8A%D9%81_%D8%A8%D8%A7%D9%84%D8%B3%D8%A7%D8%B9%D8%A9_%D9%81%D9%8A_%D8%AF%D8%A8%D9%8A_%D8%B1%D9%83%D9%86_%D8%A7%D9%84%D8%AA%D8%B7%D9%88%D8%B1%D8%9F,0,5079,0%,3.37
https://www.rukn-eltatawer.com/insect-control-in-abu-dhabi/#%D8%A7%D9%84%D8%A3%D8%AF%D9%88%D8%A7%D8%AA_%D8%A7%D9%84%D8%AA%D9%8A_%D8%AA%D8%B3%D8%AA%D8%AE%D8%AF%D9%85%D9%87%D8%A7_%D8%B4%D8%B1%D9%83%D9%87_%D9%85%D9%83%D8%A7%D9%81%D8%AD%D9%87_%D8%AD%D8%B4%D8%B1%D8%A7%D8%AA_%D9%81%D9%8A_%D8%A3%D8%A8%D9%88%D8%B8%D8%A8%D9%8A,0,4949,0%,3.86
https://www.rukn-eltatawer.com/insect-control-in-abu-dhabi/#%D9%86%D8%B5%D8%A7%D8%A6%D8%AD_%D8%AA%D9%82%D8%AF%D9%85%D9%87%D8%A7_%D8%B4%D8%B1%D9%83%D8%A9_%D9%85%D9%83%D8%A7%D9%81%D8%AD%D8%A9_%D8%AD%D8%B4%D8%B1%D8%A7%D8%AA_%D9%81%D9%8A_%D8%A3%D8%A8%D9%88%D8%B8%D8%A8%D9%8A,0,4939,0%,3.86
https://www.rukn-eltatawer.com/cleaning-company-in-dubai/#%D8%B9%D9%84%D8%A7%D9%85%D8%A7%D8%AA_%D9%88%D9%85%D8%AE%D8%A7%D8%B7%D8%B1_%D8%A5%D9%87%D9%85%D8%A7%D9%84_%D8%AA%D9%86%D8%B8%D9%8A%D9%81_%D8%A7%D9%84%D9%85%D9%86%D8%A7%D8%B2%D9%84_%D9%81%D9%8A_%D8%AF%D8%A8%D9%8A_%D8%A7%D9%84%D8%AA%D9%8A_%D9%84%D8%A7_%D9%8A%D8%AC%D8%A8_%D8%AA%D8%AC%D8%A7%D9%87%D9%84%D9%87%D8%A7,0,4866,0%,4.37
https://www.rukn-eltatawer.com/insect-control-in-sharjah/#%D9%85%D9%83%D8%A7%D9%81%D8%AD%D8%A9_%D8%A7%D9%84%D9%86%D9%85%D9%84_%D8%A7%D9%84%D8%A7%D8%A8%D9%8A%D8%B6_%D9%81%D9%8A_%D8%A7%D9%84%D8%B4%D8%A7%D8%B1%D9%82%D8%A9,0,4853,0%,3.68
https://www.rukn-eltatawer.com/cleaning-company-in-dubai/#%D8%AE%D8%AF%D9%85%D8%A7%D8%AA_%D9%88%D8%A3%D8%B3%D8%B9%D8%A7%D8%B1_%D8%A3%D9%81%D8%B6%D9%84_%D8%B4%D8%B1%D9%83%D8%A9_%D8%AA%D9%86%D8%B8%D9%8A%D9%81_%D9%85%D9%86%D8%A7%D8%B2%D9%84_%D9%81%D9%8A_%D8%AF%D8%A8%D9%8A_2026,0,4741,0%,4.32
https://www.rukn-eltatawer.com/ras-al-khaimah-villas-cleaning-company/#%D8%AE%D8%AF%D9%85%D8%A7%D8%AA_%D8%AA%D9%86%D8%B8%D9%8A%D9%81_%D9%81%D9%8A_%D8%B1%D8%A7%D8%B3_%D8%A7%D9%84%D8%AE%D9%8A%D9%85%D8%A9,0,4584,0%,6.5
https://www.rukn-eltatawer.com/insect-control-in-dubai/#%D9%85%D9%83%D8%A7%D9%81%D8%AD%D8%A9_%D8%A7%D9%84%D9%86%D9%85%D9%84_%D8%A7%D9%84%D8%A7%D8%A8%D9%8A%D8%B6_%D9%81%D9%8A_%D8%AF%D8%A8%D9%8A,0,4534,0%,2.95
https://www.rukn-eltatawer.com/insect-control-in-abu-dhabi/#%D8%A3%D9%87%D9%85%D9%8A%D8%A9_%D8%AE%D8%AF%D9%85%D8%A7%D8%AA_%D9%85%D9%83%D8%A7%D9%81%D8%AD%D8%A9_%D8%A7%D9%84%D8%AD%D8%B4%D8%B1%D8%A7%D8%AA_%D9%81%D9%8A_%D8%A3%D8%A8%D9%88%D8%B8%D8%A8%D9%8A,0,4339,0%,3.91
https://www.rukn-eltatawer.com/ras-al-khaimah-villas-cleaning-company/#%D8%A7%D9%81%D8%B6%D9%84_%D8%B4%D8%B1%D9%83%D8%A9_%D8%AA%D9%86%D8%B8%D9%8A%D9%81_%D9%81%D9%84%D9%84_%D9%81%D9%8A_%D8%B1%D8%A3%D8%B3_%D8%A7%D9%84%D8%AE%D9%8A%D9%85%D8%A9,0,4312,0%,6.44
https://www.rukn-eltatawer.com/ras-al-khaimah-villas-cleaning-company/#%D8%B4%D8%B1%D9%83%D8%A9_%D8%AA%D9%86%D8%B8%D9%8A%D9%81_%D8%B4%D9%82%D9%82_%D8%A8%D8%B1%D8%A3%D8%B3_%D8%A7%D9%84%D8%AE%D9%8A%D9%85%D8%A9,0,4289,0%,6.64
https://www.rukn-eltatawer.com/insect-control-in-abu-dhabi/#%D8%AE%D8%AF%D9%85%D8%A7%D8%AA_%D8%B4%D8%B1%D9%83%D8%A9_%D9%85%D9%83%D8%A7%D9%81%D8%AD%D8%A9_%D8%AD%D8%B4%D8%B1%D8%A7%D8%AA_%D9%81%D9%8A_%D8%A3%D8%A8%D9%88%D8%B8%D8%A8%D9%8A_%D8%A3%D9%86%D9%88%D8%A7%D8%B9_%D8%A7%D9%84%D8%AD%D8%B4%D8%B1%D8%A7%D8%AA_%D8%A7%D9%84%D8%AA%D9%8A_%D8%AA%D9%82%D9%88%D9%85_%D8%B4%D8%B1%D9%83%D8%AA%D9%86%D8%A7_%D8%A8%D8%A7%D9%84%D9%82%D8%B6%D8%A7%D8%A1_%D8%B9%D9%84%D9%8A%D9%87%D8%A7,0,4246,0%,3.9
https://www.rukn-eltatawer.com/a-water-leak-detection-company-in-abu-dhabi/#%F0%9F%8F%86_%D9%85%D9%85%D9%8A%D8%B2%D8%A7%D8%AA_%D8%B4%D8%B1%D9%83%D8%A9_%D8%B1%D9%83%D9%86_%D8%A7%D9%84%D8%AA%D8%B7%D9%88%D8%B1_%D8%A3%D9%81%D8%B6%D9%84_%D8%B4%D8%B1%D9%83%D8%A9_%D9%83%D8%B4%D9%81_%D8%AA%D8%B3%D8%B1%D8%A8%D8%A7%D8%AA_%D8%A7%D9%84%D9%85%D9%8A%D8%A7%D9%87_%D9%81%D9%8A_%D8%A3%D8%A8%D9%88%D8%B8%D8%A8%D9%8A,0,4228,0%,3.72
https://www.rukn-eltatawer.com/hourly-cleaning-maids-dubai/#%D8%A3%D8%B3%D8%B9%D8%A7%D8%B1_%D8%B9%D8%A7%D9%85%D9%84%D8%A7%D8%AA_%D8%AA%D9%86%D8%B8%D9%8A%D9%81_%D8%A8%D8%A7%D9%84%D8%B3%D8%A7%D8%B9%D8%A9_%D9%81%D9%8A_%D8%AF%D8%A8%D9%8A,0,4194,0%,3.55
https://www.rukn-eltatawer.com/hourly-cleaning-maids-dubai/#%D9%84%D9%8A%D8%B4_%D8%A7%D9%84%D9%86%D8%A7%D8%B3_%D8%AA%D9%81%D8%B6%D9%91%D9%84_%D8%B9%D8%A7%D9%85%D9%84%D8%A7%D8%AA_%D8%AA%D9%86%D8%B8%D9%8A%D9%81_%D8%A8%D8%A7%D9%84%D8%B3%D8%A7%D8%B9%D8%A9_%D9%81%D9%8A_%D8%AF%D8%A8%D9%8A%D8%9F,0,4163,0%,3.54
https://www.rukn-eltatawer.com/insect-control-in-abu-dhabi/#%D8%B4%D8%B1%D9%83%D9%87_%D9%85%D9%83%D8%A7%D9%81%D8%AD%D9%87_%D8%AD%D8%B4%D8%B1%D8%A7%D8%AA_%D9%81%D9%8A_%D8%A3%D8%A8%D9%88%D8%B8%D8%A8%D9%8A,0,4150,0%,3.8
https://www.rukn-eltatawer.com/cleaning-company-in-dubai/#%D9%84%D9%85%D8%A7%D8%B0%D8%A7_%D8%AA%D8%B9%D8%AA%D8%A8%D8%B1_%E2%80%9C%D8%B1%D9%83%D9%86_%D8%A7%D9%84%D8%AA%D8%B7%D9%88%D8%B1%E2%80%9D_%D8%A7%D9%84%D8%AE%D9%8A%D8%A7%D8%B1_%D8%A7%D9%84%D8%A3%D9%88%D9%84_%D9%84%D8%AA%D9%86%D8%B8%D9%8A%D9%81_%D8%A7%D9%84%D9%85%D9%86%D8%A7%D8%B2%D9%84_%D9%81%D9%8A_%D8%AF%D8%A8%D9%8A%D8%9F,0,4050,0%,4.41
https://www.rukn-eltatawer.com/sewerage-plumbing-sharjah/#%D9%85%D9%85%D9%8A%D8%B2%D8%A7%D8%AA_%D8%B4%D8%B1%D9%83%D8%A9_%D8%AA%D8%B3%D9%84%D9%8A%D9%83_%D8%A7%D9%84%D9%85%D8%AC%D8%A7%D8%B1%D9%8A_%D9%81%D9%8A_%D8%A7%D9%84%D8%B4%D8%A7%D8%B1%D9%82%D8%A9,0,3914,0%,3.77
https://www.rukn-eltatawer.com/cleaning-company-in-dubai/#%D8%AA%D9%86%D8%B8%D9%8A%D9%81_%D8%A7%D9%84%D9%85%D9%86%D8%A7%D8%B2%D9%84_%D9%81%D9%8A_%D8%AF%D8%A8%D9%8A_%D8%A8%D8%A7%D8%B3%D8%AA%D8%AE%D8%AF%D8%A7%D9%85_%D8%AA%D9%82%D9%86%D9%8A%D8%A7%D8%AA_2026_%D8%A7%D9%84%D8%B0%D9%83%D9%8A%D8%A9_%D8%A8%D8%AF%D9%88%D9%86_%D9%85%D9%88%D8%A7%D8%AF_%D8%B6%D8%A7%D8%B1%D8%A9,0,3905,0%,4.34
https://www.rukn-eltatawer.com/cleaning-company-in-dubai/#%D8%AA%D9%86%D8%B8%D9%8A%D9%81_%D9%88%D8%AA%D8%B9%D9%82%D9%8A%D9%85_%D8%A7%D9%84%D9%85%D8%B7%D8%A7%D8%A8%D8%AE_%D9%88%D8%A7%D9%84%D8%AD%D9%85%D8%A7%D9%85%D8%A7%D8%AA_%D9%81%D9%8A_%D8%AF%D8%A8%D9%8A_%D8%A8%D8%A7%D8%AD%D8%AA%D8%B1%D8%A7%D9%81%D9%8A%D8%A9_%D8%B7%D8%A8%D9%8A%D8%A9,0,3896,0%,4.34
https://www.rukn-eltatawer.com/cleaning-company-in-dubai/#5_%D8%A3%D8%AE%D8%B7%D8%A7%D8%A1_%D8%B4%D8%A7%D8%A6%D8%B9%D8%A9_%D8%AA%D8%B6%D8%A7%D8%B9%D9%81_%D8%AA%D8%B1%D8%A7%D9%83%D9%85_%D8%A7%D9%84%D8%A3%D9%88%D8%B3%D8%A7%D8%AE_%D9%81%D9%8A_%D9%85%D9%86%D8%A7%D8%B2%D9%84_%D8%AF%D8%A8%D9%8A_%D9%88%D9%83%D9%8A%D9%81%D9%8A%D8%A9_%D8%AA%D8%AC%D9%86%D8%A8%D9%87%D8%A7,0,3896,0%,4.34
https://www.rukn-eltatawer.com/cleaning-company-in-dubai/#%D8%A7%D9%84%D8%A3%D8%B3%D8%A8%D8%A7%D8%A8_%D8%A7%D9%84%D8%AC%D8%B0%D8%B1%D9%8A%D8%A9_%D9%84%D8%AA%D8%B1%D8%A7%D9%83%D9%85_%D8%A7%D9%84%D8%A3%D9%88%D8%B3%D8%A7%D8%AE_%D9%88%D8%A7%D9%84%D8%AA%D8%B4%D8%AE%D9%8A%D8%B5_%D8%A7%D9%84%D8%A7%D8%AD%D8%AA%D8%B1%D8%A7%D9%81%D9%8A_2026,0,3892,0%,4.34
https://www.rukn-eltatawer.com/hourly-cleaning-maids-dubai/#%D9%85%D8%A7%D8%B0%D8%A7_%D8%AA%D9%82%D9%88%D9%85_%D8%A8%D9%87_%D8%B9%D8%A7%D9%85%D9%84%D8%A7%D8%AA_%D8%A7%D9%84%D8%AA%D9%86%D8%B8%D9%8A%D9%81_%D8%A8%D8%A7%D9%84%D8%B3%D8%A7%D8%B9%D8%A9_%D9%81%D9%8A_%D8%AF%D8%A8%D9%8A%D8%9F,0,3569,0%,3.45
https://www.rukn-eltatawer.com/hourly-cleaning-maids-abu-dhabi/#%D9%81%D9%88%D8%A7%D8%A6%D8%AF_%D8%A7%D8%B3%D8%AA%D8%AE%D8%AF%D8%A7%D9%85_%D8%AE%D8%AF%D9%85%D8%A7%D8%AA_%D8%B4%D8%B1%D9%83%D8%A9_%D8%AA%D9%86%D8%B8%D9%8A%D9%81_%D8%A8%D8%A7%D9%84%D8%B3%D8%A7%D8%B9%D8%A9,0,3557,0%,4.7
https://www.rukn-eltatawer.com/insect-control-in-abu-dhabi/#%D8%A3%D9%81%D8%B6%D9%84_%D8%B4%D8%B1%D9%83%D8%A9_%D9%85%D9%83%D8%A7%D9%81%D8%AD%D8%A9_%D8%AD%D8%B4%D8%B1%D8%A7%D8%AA_%D9%81%D9%8A_%D8%A3%D8%A8%D9%88%D8%B8%D8%A8%D9%8A,0,3532,0%,3.67
https://www.rukn-eltatawer.com/pest-control-company-in-ajman/#%D8%AE%D8%AF%D9%85%D8%A7%D8%AA_%D8%B4%D8%B1%D9%83%D8%A9_%D9%85%D9%83%D8%A7%D9%81%D8%AD%D8%A9_%D8%AD%D8%B4%D8%B1%D8%A7%D8%AA_%D9%81%D9%8A_%D8%B9%D8%AC%D9%85%D8%A7%D9%86_%D8%A5%D8%A8%D8%A7%D8%AF%D8%A9_%D9%81%D9%88%D8%B1%D9%8A%D8%A9_%D9%84%D8%AC%D9%85%D9%8A%D8%B9_%D8%A3%D9%86%D9%88%D8%A7%D8%B9_%D8%A7%D9%84%D8%A2%D9%81%D8%A7%D8%AA,0,3496,0%,3.41
https://www.rukn-eltatawer.com/sewerage-plumbing-sharjah/#%D9%81%D9%86%D9%8A_%D8%AA%D8%B3%D9%84%D9%8A%D9%83_%D8%A7%D9%84%D9%85%D8%AC%D8%A7%D8%B1%D9%8A_%D9%81%D9%89_%D8%A7%D9%84%D8%B4%D8%A7%D8%B1%D9%82%D8%A9,0,3443,0%,3.78
https://www.rukn-eltatawer.com/hourly-cleaning-maids-sharjah/#%D8%AE%D8%B7%D9%88%D8%A7%D8%AA_%D8%A7%D9%84%D8%AA%D9%8A_%D8%AA%D8%AA%D8%A8%D8%B9%D9%87%D8%A7_%D8%B9%D8%A7%D9%85%D9%84%D8%A7%D8%AA_%D9%86%D8%B8%D8%A7%D9%81%D8%A9_%D8%A8%D8%A7%D9%84%D8%B3%D8%A7%D8%B9%D8%A9%E2%80%8B_%D9%81%D9%8A_%D8%A7%D9%84%D8%B4%D8%A7%D8%B1%D9%82%D8%A9,0,3357,0%,4.07
https://www.rukn-eltatawer.com/sewerage-plumbing-sharjah/#%D8%A7%D9%84%D8%B9%D8%B2%D9%84_%D8%A7%D9%84%D9%85%D8%A7%D8%A6%D9%8A_%D9%81%D9%8A_%D8%B4%D8%B1%D9%83%D8%A9_%D8%AA%D8%B3%D9%84%D9%8A%D9%83_%D8%A7%D9%84%D9%85%D8%AC%D8%A7%D8%B1%D9%8A_%D9%81%D9%89_%D8%A7%D9%84%D8%B4%D8%A7%D8%B1%D9%82%D8%A9,0,3200,0%,3.6
https://www.rukn-eltatawer.com/sewerage-plumbing-dubai/#%D9%85%D9%85%D9%8A%D8%B2%D8%A7%D8%AA_%D8%B4%D8%B1%D9%83%D8%A9_%D8%AA%D8%B3%D9%84%D9%8A%D9%83_%D9%85%D8%AC%D8%A7%D8%B1%D9%8A_%D8%A8%D8%AF%D8%A8%D9%8A,0,3173,0%,4.67
https://www.rukn-eltatawer.com/sewerage-plumbing-sharjah/#%D8%B4%D8%B1%D9%83%D8%A9_%D8%AA%D8%B3%D9%84%D9%8A%D9%83_%D8%A7%D9%84%D9%85%D8%AC%D8%A7%D8%B1%D9%8A_%D9%81%D9%8A_%D8%A7%D9%84%D8%B4%D8%A7%D8%B1%D9%82%D8%A9,0,3069,0%,3.66
https://www.rukn-eltatawer.com/al-ain-sofa-cleaning-company/#%D8%B4%D8%B1%D9%83%D8%A9_%D8%AA%D9%86%D8%B8%D9%8A%D9%81_%D9%83%D9%86%D8%A8_%D8%A8%D8%A7%D9%84%D8%A8%D8%AE%D8%A7%D8%B1_%D9%81%D9%8A_%D8%A7%D9%84%D8%B9%D9%8A%D9%86,0,2956,0%,5.57
https://www.rukn-eltatawer.com/pest-control-company-in-ajman/#%D8%A7%D9%84%D9%85%D8%A8%D9%8A%D8%AF%D8%A7%D8%AA_%D8%A7%D9%84%D8%AA%D9%8A_%D8%AA%D8%B3%D8%AA%D8%AE%D8%AF%D9%85%D9%87%D8%A7_%D8%B4%D8%B1%D9%83%D8%A9_%D9%85%D9%83%D8%A7%D9%81%D8%AD%D8%A9_%D8%AD%D8%B4%D8%B1%D8%A7%D8%AA_%D9%81%D9%8A_%D8%B9%D8%AC%D9%85%D8%A7%D9%86_%D8%A5%D8%A8%D8%A7%D8%AF%D8%A9_%D8%A2%D9%85%D9%86%D8%A9_100,0,2929,0%,3.46
https://www.rukn-eltatawer.com/pest-control-company-in-ajman/#%D9%84%D9%85%D8%A7%D8%B0%D8%A7_%D9%86%D9%8F%D8%B5%D9%86%D9%81_%D9%83%D8%A3%D9%81%D8%B6%D9%84_%D8%B4%D8%B1%D9%83%D8%A9_%D9%85%D9%83%D8%A7%D9%81%D8%AD%D8%A9_%D8%AD%D8%B4%D8%B1%D8%A7%D8%AA_%D9%81%D9%8A_%D8%B9%D8%AC%D9%85%D8%A7%D9%86_%D9%84%D8%B9%D8%A7%D9%85_2026%D8%9F,0,2926,0%,3.46
https://www.rukn-eltatawer.com/pest-control-company-in-ajman/#%D9%85%D9%85%D9%8A%D8%B2%D8%A7%D8%AA_%D8%B4%D8%B1%D9%83%D8%A9_%D9%85%D9%83%D8%A7%D9%81%D8%AD%D8%A9_%D8%AD%D8%B4%D8%B1%D8%A7%D8%AA_%D9%81%D9%8A_%D8%B9%D8%AC%D9%85%D8%A7%D9%86_%D9%84%D9%85%D8%A7%D8%B0%D8%A7_%E2%80%9C%D8%B1%D9%83%D9%86_%D8%A7%D9%84%D8%AA%D8%B7%D9%88%D8%B1%E2%80%9D_%D9%87%D9%8A_%D8%A7%D9%84%D8%A3%D9%81%D8%B6%D9%84%D8%9F,0,2921,0%,3.45
https://www.rukn-eltatawer.com/pest-control-company-in-ajman/#%D8%A7%D9%84%D8%A3%D8%AF%D9%88%D8%A7%D8%AA_%D8%A7%D9%84%D8%AA%D9%8A_%D8%AA%D8%B3%D8%AA%D8%AE%D8%AF%D9%85%D9%87%D8%A7_%D8%B4%D8%B1%D9%83%D8%A9_%D9%85%D9%83%D8%A7%D9%81%D8%AD%D8%A9_%D8%AD%D8%B4%D8%B1%D8%A7%D8%AA_%D9%81%D9%8A_%D8%B9%D8%AC%D9%85%D8%A7%D9%86_%D8%AA%D9%82%D9%86%D9%8A%D8%A9_%D8%AA%D8%A8%D9%8A%D8%AF_%D8%A7%D9%84%D8%AD%D8%B4%D8%B1%D8%A7%D8%AA_%D9%86%D9%87%D8%A7%D8%A6%D9%8A%D8%A7%D9%8B,0,2910,0%,3.45
https://www.rukn-eltatawer.com/a-water-leak-detection-company-in-abu-dhabi/#%F0%9F%8C%9F_%D9%81%D9%88%D8%A7%D8%A6%D8%AF_%D8%A7%D9%84%D9%83%D8%B4%D9%81_%D8%A7%D9%84%D9%85%D8%A8%D9%83%D8%B1_%D8%B9%D9%86_%D8%AA%D8%B3%D8%B1%D8%A8%D8%A7%D8%AA_%D8%A7%D9%84%D9%85%D9%8A%D8%A7%D9%87_%D9%81%D9%8A_%D8%A3%D8%A8%D9%88%D8%B8%D8%A8%D9%8A,0,2910,0%,3.67
https://www.rukn-eltatawer.com/al-ain-sofa-cleaning-company/#%D8%B4%D8%B1%D9%83%D8%A9_%D8%AA%D9%86%D8%B8%D9%8A%D9%81_%D9%83%D9%86%D8%A8_%D8%A7%D9%84%D8%B9%D9%8A%D9%86,0,2896,0%,5.62
https://www.rukn-eltatawer.com/al-ain-sofa-cleaning-company/#%D8%B4%D8%B1%D9%83%D8%A9_%D8%AA%D9%86%D8%B8%D9%8A%D9%81_%D9%81%D9%8A_%D8%A7%D9%84%D8%B9%D9%8A%D9%86,0,2893,0%,5.62
https://www.rukn-eltatawer.com/a-water-leak-detection-company-in-abu-dhabi/#%D8%AA%D9%82%D9%86%D9%8A%D8%A7%D8%AA_%D9%83%D8%B4%D9%81_%D8%AA%D8%B3%D8%B1%D8%A8%D8%A7%D8%AA_%D8%A7%D9%84%D9%85%D9%8A%D8%A7%D9%87,0,2849,0%,3.92
https://www.rukn-eltatawer.com/insect-control-in-ras-al-khaimah/#%D8%AE%D8%AF%D9%85%D8%A7%D8%AA_%D8%B4%D8%B1%D9%83%D8%A9_%D9%85%D9%83%D8%A7%D9%81%D8%AD%D9%87_%D8%A7%D9%84%D8%AD%D8%B4%D8%B1%D8%A7%D8%AA_%D9%81%D9%8A_%D8%B1%D8%A3%D8%B3_%D8%A7%D9%84%D8%AE%D9%8A%D9%85%D8%A9,0,2828,0%,3.19
https://www.rukn-eltatawer.com/insect-control-in-ras-al-khaimah/#%D9%85%D9%85%D9%8A%D8%B2%D8%A7%D8%AA_%D8%B4%D8%B1%D9%83%D9%87_%D9%85%D9%83%D8%A7%D9%81%D8%AD%D9%87_%D8%AD%D8%B4%D8%B1%D8%A7%D8%AA_%D9%81%D9%8A_%D8%B1%D8%A3%D8%B3_%D8%A7%D9%84%D8%AE%D9%8A%D9%85%D8%A9,0,2821,0%,3.18
https://www.rukn-eltatawer.com/pest-control-company-in-al-ain/#%D8%B4%D8%B1%D9%83%D8%A9_%D9%85%D9%83%D8%A7%D9%81%D8%AD%D9%87_%D8%A7%D9%84%D8%AD%D8%B4%D8%B1%D8%A7%D8%AA_%D9%81%D9%8A_%D8%A7%D9%84%D8%B9%D9%8A%D9%86,0,2707,0%,2.58
https://www.rukn-eltatawer.com/sewerage-plumbing-dubai/#%D8%AE%D8%B7%D9%88%D8%A7%D8%AA_%D8%AA%D8%B3%D9%84%D9%8A%D9%83_%D9%85%D8%AC%D8%A7%D8%B1%D9%8A_%D8%A8%D8%AF%D8%A8%D9%8A,0,2704,0%,4.66
https://www.rukn-eltatawer.com/sewerage-plumbing-dubai/#%D8%AE%D8%AF%D9%85%D8%A7%D8%AA_%D9%84%D8%AA%D8%B3%D9%84%D9%8A%D9%83_%D8%A7%D9%84%D9%85%D8%AC%D8%A7%D8%B1%D9%8A_%D9%81%D9%8A_%D8%AF%D8%A8%D9%8A,0,2698,0%,4.65
https://www.rukn-eltatawer.com/sewerage-plumbing-dubai/#%F0%9F%8F%86_%D8%B4%D8%B1%D9%83%D8%A9_%D8%AA%D8%B3%D9%84%D9%8A%D9%83_%D8%A7%D9%84%D9%85%D8%AC%D8%A7%D8%B1%D9%8A_%D9%81%D9%8A_%D8%AF%D8%A8%D9%8A_%E2%80%94_%D8%A7%D9%84%D8%AE%D8%A8%D8%B1%D8%A9_%D8%A7%D9%84%D8%AD%D9%82%D9%8A%D9%82%D9%8A%D8%A9_%D8%A7%D9%84%D8%AA%D9%8A_%D8%AA%D8%AB%D9%82_%D8%A8%D9%87%D8%A7,0,2681,0%,4.64
https://www.rukn-eltatawer.com/a-water-leak-detection-company-in-abu-dhabi/#%D9%84%D9%85%D8%A7%D8%B0%D8%A7_%D8%AA%D8%AE%D8%AA%D8%A7%D8%B1_%D8%B4%D8%B1%D9%83%D8%A9_%D8%B1%D9%83%D9%86_%D8%A7%D9%84%D8%AA%D8%B7%D9%88%D8%B1_%D9%84%D9%83%D8%B4%D9%81_%D8%AA%D8%B3%D8%B1%D8%A8%D8%A7%D8%AA_%D8%A7%D9%84%D9%85%D9%8A%D8%A7%D9%87_%D9%81%D9%8A_%D8%A3%D8%A8%D9%88%D8%B8%D8%A8%D9%8A%D8%9F,0,2677,0%,3.8
https://www.rukn-eltatawer.com/sewerage-plumbing-dubai/#%F0%9F%9A%BF_%D8%AA%D8%B3%D9%84%D9%8A%D9%83_%D9%85%D8%AC%D8%A7%D8%B1%D9%8A_%D8%A7%D9%84%D8%AD%D9%85%D8%A7%D9%85%D8%A7%D8%AA_%D9%81%D9%8A_%D8%AF%D8%A8%D9%8A_%E2%80%94_%D8%AD%D9%84_%D8%B3%D8%B1%D9%8A%D8%B9_%D9%84%D9%85%D8%B4%D9%83%D9%84%D8%A9_%D8%AD%D8%B1%D8%AC%D8%A9,0,2661,0%,4.64
https://www.rukn-eltatawer.com/insect-control-in-ras-al-khaimah/#%D8%A7%D9%84%D8%A3%D8%AF%D9%88%D8%A7%D8%AA_%D8%A7%D9%84%D8%AA%D9%8A_%D8%AA%D8%B3%D8%AA%D8%AE%D8%AF%D9%85%D9%87%D8%A7_%D8%B4%D8%B1%D9%83%D8%A9_%D9%85%D9%83%D8%A7%D9%81%D8%AD%D8%A9_%D8%AD%D8%B4%D8%B1%D8%A7%D8%AA_%D9%81%D9%8A_%D8%B1%D8%A3%D8%B3_%D8%A7%D9%84%D8%AE%D9%8A%D9%85%D8%A9,0,2622,0%,3.12
https://www.rukn-eltatawer.com/pest-control-company-in-al-ain/#%D8%AE%D8%AF%D9%85%D8%A7%D8%AA_%D8%B4%D8%B1%D9%83%D9%87_%D9%85%D9%83%D8%A7%D9%81%D8%AD%D9%87_%D8%AD%D8%B4%D8%B1%D8%A7%D8%AA_%D9%81%D9%8A_%D8%A7%D9%84%D8%B9%D9%8A%D9%86,0,2619,0%,2.43
https://www.rukn-eltatawer.com/insect-control-in-ras-al-khaimah/#%D8%B9%D9%88%D8%A7%D9%85%D9%84_%D8%A5%D9%86%D8%AA%D8%B4%D8%A7%D8%B1_%D8%A7%D9%84%D8%AD%D8%B4%D8%B1%D8%A7%D8%AA_%D8%A8%D8%A7%D9%84%D9%85%D9%86%D8%B2%D9%84,0,2618,0%,3.11
https://www.rukn-eltatawer.com/sewerage-plumbing-dubai/#%F0%9F%A4%96_%D8%AA%D9%82%D9%86%D9%8A%D8%A7%D8%AA_%D8%AA%D8%B3%D9%84%D9%8A%D9%83_%D8%A7%D9%84%D9%85%D8%AC%D8%A7%D8%B1%D9%8A_%D8%A7%D9%84%D9%85%D8%AA%D8%B7%D9%88%D8%B1%D8%A9_%D8%A7%D9%84%D8%AA%D9%8A_%D9%86%D8%B3%D8%AA%D8%AE%D8%AF%D9%85%D9%87%D8%A7_%D9%81%D9%8A_%D8%AF%D8%A8%D9%8A,0,2618,0%,4.58
https://www.rukn-eltatawer.com/pest-control-company-in-al-ain/#%D8%B4%D8%B1%D9%83%D8%A9_%D9%85%D9%83%D8%A7%D9%81%D8%AD%D8%A9_%D8%AD%D8%B4%D8%B1%D8%A7%D8%AA_%D8%A7%D9%84%D8%B9%D9%8A%D9%86,0,2613,0%,2.55
https://www.rukn-eltatawer.com/sewerage-plumbing-sharjah/#%D8%AE%D8%AF%D9%85%D8%A7%D8%AA_%D8%B4%D8%B1%D9%83%D8%A9_%D8%AA%D8%B3%D9%84%D9%8A%D9%83_%D8%A7%D9%84%D9%85%D8%AC%D8%A7%D8%B1%D9%8A_%D9%81%D9%89_%D8%A7%D9%84%D8%B4%D8%A7%D8%B1%D9%82%D8%A9,0,2564,0%,3.69
https://www.rukn-eltatawer.com/pest-control-company-in-al-ain/#%D8%AE%D8%AF%D9%85%D8%A7%D8%AA_%D9%85%D9%83%D8%A7%D9%81%D8%AD%D8%A9_%D8%AD%D8%B4%D8%B1%D8%A7%D8%AA_%D8%A7%D9%84%D8%B9%D9%8A%D9%86,0,2520,0%,2.55
https://www.rukn-eltatawer.com/pest-control-company-in-ajman/#%D9%84%D9%85%D8%A7%D8%B0%D8%A7_%E2%80%9C%D8%B1%D9%83%D9%86_%D8%A7%D9%84%D8%AA%D8%B7%D9%88%D8%B1%E2%80%9D_%D9%87%D9%8A_%D8%A7%D8%AE%D8%AA%D9%8A%D8%A7%D8%B1%D9%83_%D8%A7%D9%84%D8%A3%D9%88%D9%84_%D9%83%D8%A3%D9%81%D8%B6%D9%84_%D8%B4%D8%B1%D9%83%D8%A9_%D9%85%D9%83%D8%A7%D9%81%D8%AD%D8%A9_%D8%AD%D8%B4%D8%B1%D8%A7%D8%AA_%D9%81%D9%8A_%D8%B9%D8%AC%D9%85%D8%A7%D9%86%D8%9F,0,2503,0%,3.3
https://www.rukn-eltatawer.com/cleaning-company-in-sharjah/#%D9%84%D9%85%D8%A7%D8%B0%D8%A7_%D8%AA%D8%B9%D8%AA%D8%A8%D8%B1_%D8%B4%D8%B1%D9%83%D8%A9_%D8%B1%D9%83%D9%86_%D8%A7%D9%84%D8%AA%D8%B7%D9%88%D8%B1_%D8%A3%D9%81%D8%B6%D9%84_%D8%B4%D8%B1%D9%83%D8%A9_%D8%AA%D9%86%D8%B8%D9%8A%D9%81_%D9%85%D9%86%D8%A7%D8%B2%D9%84_%D9%81%D9%8A_%D8%A7%D9%84%D8%B4%D8%A7%D8%B1%D9%82%D8%A9_%D8%A7%D9%84%D8%AE%D9%8A%D8%A7%D8%B1_%D8%A7%D9%84%D8%A3%D9%88%D9%84_%D9%84%D8%AA%D9%86%D8%B8%D9%8A%D9%81_%D8%A7%D9%84%D9%85%D9%86%D8%A7%D8%B2%D9%84_%D9%81%D9%8A_%D8%A7%D9%84%D8%B4%D8%A7%D8%B1%D9%82%D8%A9%D8%9F,0,2449,0%,4.23
https://www.rukn-eltatawer.com/al-ain-sofa-cleaning-company/#%D8%A7%D9%81%D8%B6%D9%84_%D8%B4%D8%B1%D9%83%D8%A9_%D8%AA%D9%86%D8%B8%D9%8A%D9%81_%D9%83%D9%86%D8%A8_%D8%A8%D8%A7%D9%84%D8%B9%D9%8A%D9%86,0,2436,0%,5.57
https://www.rukn-eltatawer.com/cleaning-company-in-sharjah/#%D8%AA%D9%86%D8%B8%D9%8A%D9%81_%D9%88%D8%AA%D8%B9%D9%82%D9%8A%D9%85_%D8%A7%D9%84%D9%85%D8%B7%D8%A7%D8%A8%D8%AE_%D9%88%D8%A7%D9%84%D8%AD%D9%85%D8%A7%D9%85%D8%A7%D8%AA_%D9%81%D9%8A_%D8%A7%D9%84%D8%B4%D8%A7%D8%B1%D9%82%D8%A9_%D8%A8%D8%A7%D8%AD%D8%AA%D8%B1%D8%A7%D9%81%D9%8A%D8%A9_%D8%B7%D8%A8%D9%8A%D8%A9,0,2426,0%,4.22
https://www.rukn-eltatawer.com/ras-al-khaimah-sewage-wiring-company/#%D8%A7%D9%81%D8%B5%D9%84_%D8%B4%D8%B1%D9%83%D8%A9_%D8%AA%D8%B3%D9%84%D9%8A%D9%83_%D8%A7%D9%84%D9%85%D8%AC%D8%A7%D8%B1%D9%8A_%D9%81%D9%8A_%D8%B1%D8%A3%D8%B3_%D8%A7%D9%84%D8%AE%D9%8A%D9%85%D8%A9,0,2339,0%,4.89
https://www.rukn-eltatawer.com/ras-al-khaimah-sewage-wiring-company/#%D9%85%D8%A7_%D9%87%D9%8A_%D8%A7%D8%AC%D9%87%D8%B2%D8%A9_%D8%AA%D8%B3%D9%84%D9%8A%D9%83_%D8%A7%D9%84%D9%85%D8%AC%D8%A7%D8%B1%D9%8A_%D9%81%D9%89_%D8%B1%D8%A3%D8%B3_%D8%A7%D9%84%D8%AE%D9%8A%D9%85%D8%A9,0,2337,0%,4.89
https://www.rukn-eltatawer.com/pest-control-company-in-al-ain/#%D9%85%D9%83%D8%A7%D9%81%D8%AD%D8%A9_%D8%AD%D8%B4%D8%B1%D8%A7%D8%AA_%D8%A7%D9%84%D8%B9%D9%8A%D9%86,0,2317,0%,2.47
https://www.rukn-eltatawer.com/sewer-plumbing-ajman/#%D8%A3%D9%81%D8%B6%D9%84_%D8%B4%D8%B1%D9%83%D8%A9_%D8%AA%D8%B3%D9%84%D9%8A%D9%83_%D9%85%D8%AC%D8%A7%D8%B1%D9%8A_%D9%81%D9%8A_%D8%B9%D8%AC%D9%85%D8%A7%D9%86_%D8%B4%D9%81%D8%B7_%D9%88%D8%AA%D9%86%D8%B8%D9%8A%D9%81_%D8%A8%D8%B6%D9%85%D8%A7%D9%86_2026,0,2316,0%,3.52
https://www.rukn-eltatawer.com/sewer-plumbing-ajman/#%D8%A7%D9%84%D8%B7%D8%B1%D9%82_%D8%A7%D9%84%D8%AD%D8%AF%D9%8A%D8%AB%D8%A9_%D8%A7%D9%84%D8%AA%D9%8A_%D8%AA%D8%B3%D8%AA%D8%AE%D8%AF%D9%85%D9%87%D8%A7_%D8%B4%D8%B1%D9%83%D8%A9_%D8%AA%D8%B3%D9%84%D9%8A%D9%83_%D9%85%D8%AC%D8%A7%D8%B1%D9%8A_%D9%81%D9%8A_%D8%B9%D8%AC%D9%85%D8%A7%D9%86,0,2299,0%,3.5
https://www.rukn-eltatawer.com/house-cleaning-company-in-fujairah/#%D8%A7%D9%84%D8%AE%D8%AF%D9%85%D8%A7%D8%AA_%D8%A7%D9%84%D8%AA%D9%8A_%D8%AA%D9%82%D8%AF%D9%85%D9%87%D8%A7_%D8%B4%D8%B1%D9%83%D8%A9_%D8%AA%D9%86%D8%B8%D9%8A%D9%81_%D9%85%D9%86%D8%A7%D8%B2%D9%84_%D9%81%D9%89_%D8%A7%D9%84%D9%81%D8%AC%D9%8A%D8%B1%D8%A9,0,2291,0%,3.25
https://www.rukn-eltatawer.com/a-water-leak-detection-company-in-abu-dhabi/#%F0%9F%A7%AA_%D8%A7%D9%84%D8%A3%D8%AC%D9%87%D8%B2%D8%A9_%D8%A7%D9%84%D9%85%D8%B3%D8%AA%D8%AE%D8%AF%D9%85%D8%A9_%D9%81%D9%8A_%D9%83%D8%B4%D9%81_%D8%AA%D8%B3%D8%B1%D8%A8%D8%A7%D8%AA_%D8%A7%D9%84%D9%85%D9%8A%D8%A7%D9%87_%D9%81%D9%8A_%D8%A3%D8%A8%D9%88%D8%B8%D8%A8%D9%8A,0,2285,0%,3.76
https://www.rukn-eltatawer.com/ras-al-khaimah-sewage-wiring-company/#%D8%AA%D8%B3%D9%84%D9%8A%D9%83_%D8%A7%D9%84%D9%85%D8%AC%D8%A7%D8%B1%D9%8A_%D9%84%D9%84%D8%AD%D9%85%D8%A7%D9%85%D8%A7%D8%AA,0,2273,0%,4.89
https://www.rukn-eltatawer.com/ras-al-khaimah-sewage-wiring-company/#%D8%A3%D8%B3%D8%A8%D8%A7%D8%A8_%D8%A5%D9%86%D8%B3%D8%AF%D8%A7%D8%AF_%D8%A7%D9%84%D9%85%D8%AC%D8%A7%D8%B1%D9%8A_%D9%81%D9%8A_%D8%B1%D8%A3%D8%B3_%D8%A7%D9%84%D8%AE%D9%8A%D9%85%D8%A9,0,2266,0%,4.87
https://www.rukn-eltatawer.com/sewerage-plumbing-sharjah/#%D9%85%D8%B9%D8%AF%D8%A7%D8%AA_%D8%B5%D9%8A%D8%A7%D9%86%D8%A9_%D8%AA%D8%B3%D9%84%D9%8A%D9%83_%D8%A7%D9%84%D9%85%D8%AC%D8%A7%D8%B1%D9%8A_%D9%81%D9%89_%D8%A7%D9%84%D8%B4%D8%A7%D8%B1%D9%82%D8%A9,0,2265,0%,4.18
https://www.rukn-eltatawer.com/house-cleaning-company-in-fujairah/#%D8%B4%D8%B1%D9%83%D8%A9_%D8%AA%D9%86%D8%B8%D9%8A%D9%81_%D8%A8%D8%A7%D9%84%D8%A8%D8%AE%D8%A7%D8%B1_%D9%81%D9%8A_%D8%A7%D9%84%D9%81%D8%AC%D9%8A%D8%B1%D8%A9,0,2253,0%,3.24
https://www.rukn-eltatawer.com/ajman-sofa-cleaning-company/#%D8%B4%D8%B1%D9%83%D8%A9_%D8%AA%D9%86%D8%B8%D9%8A%D9%81_%D9%83%D9%86%D8%A8_%D8%A8%D8%B9%D8%AC%D9%85%D8%A7%D9%86,0,2193,0%,3.69
https://www.rukn-eltatawer.com/a-water-leak-detection-company-in-abu-dhabi/#%F0%9F%A7%B0_%D8%A3%D9%87%D9%85_%D8%AE%D8%AF%D9%85%D8%A7%D8%AA_%D8%B4%D8%B1%D9%83%D8%A9_%D9%83%D8%B4%D9%81_%D8%AA%D8%B3%D8%B1%D8%A8%D8%A7%D8%AA_%D8%A7%D9%84%D9%85%D9%8A%D8%A7%D9%87_%D9%81%D9%8A_%D8%A3%D8%A8%D9%88%D8%B8%D8%A8%D9%8A,0,2141,0%,3.6
https://www.rukn-eltatawer.com/ras-al-khaimah-sewage-wiring-company/#%D8%AE%D8%B7%D9%88%D8%A7%D8%AA_%D8%B9%D9%85%D9%84_%D8%B4%D8%B1%D9%83%D8%A9_%D8%AA%D8%B3%D9%84%D9%8A%D9%83_%D8%A7%D9%84%D9%85%D8%AC%D8%A7%D8%B1%D9%8A_%D9%81%D9%8A_%D8%B1%D8%A3%D8%B3_%D8%A7%D9%84%D8%AE%D9%8A%D9%85%D8%A9,0,2081,0%,4.21
https://www.rukn-eltatawer.com/ras-al-khaimah-sewage-wiring-company/#%D9%85%D9%85%D9%8A%D8%B2%D8%A7%D8%AA_%D8%B4%D8%B1%D9%83%D8%A9_%D8%AA%D8%B3%D9%84%D9%8A%D9%83_%D8%A7%D9%84%D9%85%D8%AC%D8%A7%D8%B1%D9%8A_%D9%81%D9%89_%D8%B1%D8%A3%D8%B3_%D8%A7%D9%84%D8%AE%D9%8A%D9%85%D8%A9,0,2072,0%,4.2
https://www.rukn-eltatawer.com/hourly-cleaning-maids-abu-dhabi/#%D8%AE%D8%AF%D9%85_%D8%A8%D8%A7%D9%84%D9%8A%D9%88%D9%85_%D8%B9%D8%A7%D9%85%D9%84%D8%A7%D8%AA_%D8%AA%D9%86%D8%B8%D9%8A%D9%81_%D8%A8%D8%A7%D9%84%D8%B3%D8%A7%D8%B9%D9%87_%D9%81%D9%8A_%D8%A3%D8%A8%D9%88%D8%B8%D8%A8%D9%8A,0,2057,0%,3.93
https://www.rukn-eltatawer.com/dyeing-in-dubai/#%D8%B4%D8%B1%D9%83%D8%A7%D8%AA_%D8%B5%D8%A8%D8%BA_%D8%A8%D8%AF%D8%A8%D9%8A,0,2016,0%,3.3
https://www.rukn-eltatawer.com/house-cleaning-company-in-fujairah/#%D8%B4%D8%B1%D9%83%D8%A9_%D8%AA%D9%86%D8%B8%D9%8A%D9%81_%D9%85%D9%86%D8%A7%D8%B2%D9%84_%D9%81%D9%8A_%D8%A7%D9%84%D9%81%D8%AC%D9%8A%D8%B1%D8%A9,0,1957,0%,3.23
https://www.rukn-eltatawer.com/house-cleaning-company-in-fujairah/#%D9%85%D9%85%D9%8A%D8%B2%D8%A7%D8%AA_%D8%B4%D8%B1%D9%83%D8%A9_%D8%B1%D9%83%D9%86_%D8%A7%D9%84%D8%AA%D8%B7%D9%88%D8%B1_%D9%81%D9%89_%D8%A7%D9%84%D9%81%D8%AC%D9%8A%D8%B1%D8%A9,0,1919,0%,3.22
https://www.rukn-eltatawer.com/sewer-plumbing-ajman/#5_%D8%A3%D8%AE%D8%B7%D8%A7%D8%A1_%D8%AA%D8%AF%D9%85%D8%B1_%D8%A7%D9%84%D8%B3%D8%A8%D8%A7%D9%83%D8%A9_%D9%88%D9%86%D8%B5%D8%A7%D8%A6%D8%AD_%D9%85%D9%87%D9%85%D8%A9_%D9%8A%D8%AC%D8%A8_%D8%A7%D8%AA%D8%A8%D8%A7%D8%B9%D9%87%D8%A7_%D8%A8%D8%B9%D8%AF_%D8%AA%D8%B3%D9%84%D9%8A%D9%83_%D8%A7%D9%84%D9%85%D8%AC%D8%A7%D8%B1%D9%8A,0,1896,0%,3.5
https://www.rukn-eltatawer.com/sewer-plumbing-ajman/#%D8%B9%D9%84%D8%A7%D8%AC_%D8%A7%D9%86%D8%B3%D8%AF%D8%A7%D8%AF_%D8%A7%D9%84%D9%85%D8%AC%D8%A7%D8%B1%D9%8A_%D9%81%D9%8A_%D8%A7%D9%84%D9%85%D8%B7%D8%A8%D8%AE_%D9%88%D8%A7%D9%84%D8%AD%D9%85%D8%A7%D9%85%D8%A7%D8%AA_%D8%A8%D8%B9%D8%AC%D9%85%D8%A7%D9%86_%D8%A8%D8%B4%D9%83%D9%84_%D8%AC%D8%B0%D8%B1%D9%8A,0,1896,0%,3.51
https://www.rukn-eltatawer.com/sewer-plumbing-ajman/#%D9%85%D8%A7_%D9%87%D9%8A_%D9%85%D8%AE%D8%A7%D8%B7%D8%B1_%D9%88%D8%B9%D9%84%D8%A7%D9%85%D8%A7%D8%AA_%D8%A7%D9%86%D8%B3%D8%AF%D8%A7%D8%AF_%D8%A7%D9%84%D9%85%D8%AC%D8%A7%D8%B1%D9%8A_%D9%81%D9%8A_%D8%B9%D8%AC%D9%85%D8%A7%D9%86_%D8%A7%D9%84%D8%AA%D9%8A_%D9%84%D8%A7_%D9%8A%D8%AC%D8%A8_%D8%AA%D8%AC%D8%A7%D9%87%D9%84%D9%87%D8%A7%D8%9F,0,1894,0%,3.51
https://www.rukn-eltatawer.com/pest-control-company-in-al-ain/#%D8%A7%D9%84%D8%A3%D8%AF%D9%88%D8%A7%D8%AA_%D8%A7%D9%84%D8%AA%D9%8A_%D8%AA%D8%B3%D8%AA%D8%AE%D8%AF%D9%85%D9%87%D8%A7_%D8%B4%D8%B1%D9%83%D8%A9_%D9%85%D9%83%D8%A7%D9%81%D8%AD%D8%A9_%D8%A7%D9%84%D8%AD%D8%B4%D8%B1%D8%A7%D8%AA_%D9%81%D9%8A_%D8%A7%D9%84%D8%B9%D9%8A%D9%86,0,1826,0%,2.55
https://www.rukn-eltatawer.com/dyeing-in-dubai/#%D8%B5%D8%A8%D8%A7%D8%BA_%D8%B1%D8%AE%D9%8A%D8%B5_%D8%A8%D8%AF%D8%A8%D9%8A,0,1751,0%,3.26
https://www.rukn-eltatawer.com/ras-al-khaimah-sewage-wiring-company/#%D8%AE%D8%AF%D9%85%D8%A7%D8%AA_%D8%B4%D8%B1%D9%83%D8%A9_%D8%AA%D8%B3%D9%84%D9%8A%D9%83_%D8%A7%D9%84%D9%85%D8%AC%D8%A7%D8%B1%D9%8A_%D9%81%D9%89_%D8%B1%D8%A3%D8%B3_%D8%A7%D9%84%D8%AE%D9%8A%D9%85%D8%A9,0,1741,0%,4.35
https://www.rukn-eltatawer.com/dyeing-in-dubai/#%D8%B4%D8%B1%D9%83%D8%A9_%D8%B5%D8%A8%D8%BA_%D9%88%D9%88%D8%B1%D9%82_%D8%AD%D8%A7%D8%A6%D8%B7_%D8%A8%D8%AF%D8%A8%D9%8A,0,1716,0%,3.21
https://www.rukn-eltatawer.com/a-water-leak-detection-company-in-abu-dhabi/#%D8%AE%D8%AF%D9%85%D8%A7%D8%AA_%D8%B4%D8%B1%D9%83%D8%A9_%D8%B1%D9%83%D9%86_%D8%A7%D9%84%D8%AA%D8%B7%D9%88%D8%B1_%D9%84%D9%83%D8%B4%D9%81_%D8%AA%D8%B3%D8%B1%D8%A8%D8%A7%D8%AA_%D8%A7%D9%84%D9%85%D9%8A%D8%A7%D9%87_%D9%81%D9%8A_%D8%A3%D8%A8%D9%88%D8%B8%D8%A8%D9%8A,0,1710,0%,3.53
https://www.rukn-eltatawer.com/clearing-transactions-in-abu-dhabi/#%D8%AE%D8%AF%D9%85%D8%A7%D8%AA_%D8%A3%D9%81%D8%B6%D9%84_%D8%B4%D8%B1%D9%83%D8%A9_%D8%AA%D8%AE%D9%84%D9%8A%D8%B5_%D9%85%D8%B9%D8%A7%D9%85%D9%84%D8%A7%D8%AA_%D9%81%D9%8A_%D8%A3%D8%A8%D9%88%D8%B8%D8%A8%D9%8A_season97,0,1643,0%,4.23
https://www.rukn-eltatawer.com/sewer-plumbing-ajman/#%D8%A7%D9%84%D8%A3%D8%B3%D8%A8%D8%A7%D8%A8_%D8%A7%D9%84%D8%AC%D8%B0%D8%B1%D9%8A%D8%A9_%D9%84%D8%A7%D9%86%D8%B3%D8%AF%D8%A7%D8%AF_%D8%A7%D9%84%D8%B5%D8%B1%D9%81_%D8%A7%D9%84%D8%B5%D8%AD%D9%8A_%D9%88%D8%A7%D9%84%D8%AA%D8%B4%D8%AE%D9%8A%D8%B5_%D8%A7%D9%84%D8%A7%D8%AD%D8%AA%D8%B1%D8%A7%D9%81%D9%8A_2026,0,1591,0%,3.49
https://www.rukn-eltatawer.com/sewer-plumbing-ajman/#%D9%85%D9%85%D9%8A%D8%B2%D8%A7%D8%AA_%D8%B4%D8%B1%D9%83%D8%A9_%D8%AA%D8%B3%D9%84%D9%8A%D9%83_%D8%A7%D9%84%D9%85%D8%AC%D8%A7%D8%B1%D9%8A_%D9%81%D9%8A_%D8%B9%D8%AC%D9%85%D8%A7%D9%86,0,1578,0%,3.46
https://www.rukn-eltatawer.com/pest-control-company-in-fujairah/#%D8%AE%D8%AF%D9%85%D8%A7%D8%AA_%D8%B4%D8%B1%D9%83%D8%A9_%D8%AA%D9%86%D8%B8%D9%8A%D9%81_%D9%88%D9%85%D9%83%D8%A7%D9%81%D8%AD%D8%A9_%D8%AD%D8%B4%D8%B1%D8%A7%D8%AA_%D9%81%D9%8A_%D8%A7%D9%84%D9%81%D8%AC%D9%8A%D8%B1%D8%A9,0,1538,0%,2.88
https://www.rukn-eltatawer.com/ajman-sofa-cleaning-company/#%D8%B4%D8%B1%D9%83%D8%A7%D8%AA_%D9%86%D8%B8%D8%A7%D9%81%D8%A9_%D9%83%D9%86%D8%A8_%D9%81%D9%89_%D8%B9%D8%AC%D9%85%D8%A7%D9%86,0,1530,0%,3.94
https://www.rukn-eltatawer.com/ajman-sofa-cleaning-company/#%D8%B7%D8%B1%D9%82_%D8%A7%D9%84%D8%B4%D8%B1%D9%83%D8%A9_%D9%81%D9%8A_%D8%B9%D9%85%D9%84%D9%8A%D8%A9_%D8%AA%D9%86%D8%B8%D9%8A%D9%81_%D9%88%D8%BA%D8%B3%D9%8A%D9%84_%D8%A7%D9%84%D9%83%D9%86%D8%A8,0,1530,0%,3.94
https://www.rukn-eltatawer.com/dyeing-in-dubai/#%D8%AE%D8%AF%D9%85%D8%A7%D8%AA_%D8%B4%D8%B1%D9%83%D8%A9_%D8%B5%D8%A8%D8%BA_%D8%A8%D8%AF%D8%A8%D9%8A,0,1511,0%,3.16
https://www.rukn-eltatawer.com/hourly-cleaning-maids-dubai/#%D8%B4%D8%B1%D9%83%D8%A9_%D8%AA%D9%86%D8%B8%D9%8A%D9%81_%D8%A8%D8%A7%D9%84%D8%B3%D8%A7%D8%B9%D8%A9_%D8%AF%D8%A8%D9%8A_%E2%80%93_%D8%A7%D9%84%D8%AC%D9%88%D8%AF%D8%A9_%D9%88%D8%A7%D9%84%D8%B3%D8%B1%D8%B9%D8%A9,0,1510,0%,3.6
https://www.rukn-eltatawer.com/abu-dhabi-air-conditioner-cleaning-company/#%D8%B1%D9%83%D9%86_%D8%A7%D9%84%D8%AA%D8%B7%D9%88%D8%B1_%D8%A3%D9%81%D8%B6%D9%84_%D8%B4%D8%B1%D9%83%D8%A9_%D8%AA%D9%86%D8%B8%D9%8A%D9%81_%D9%85%D9%83%D9%8A%D9%81%D8%A7%D8%AA_%D9%81%D9%8A_%D8%A3%D8%A8%D9%88%D8%B8%D8%A8%D9%8A,0,1506,0%,5.56
https://www.rukn-eltatawer.com/pest-control-company-in-fujairah/#%D8%A7%D9%84%D8%A3%D8%AF%D9%88%D8%A7%D8%AA_%D8%A7%D9%84%D8%AA%D9%8A_%D8%AA%D8%B3%D8%AA%D8%AE%D8%AF%D9%85%D9%87%D8%A7_%D8%B4%D8%B1%D9%83%D8%A9_%D9%85%D9%83%D8%A7%D9%81%D8%AD%D8%A9_%D8%A7%D9%84%D8%AD%D8%B4%D8%B1%D8%A7%D8%AA_%D9%81%D9%8A_%D8%A7%D9%84%D9%81%D8%AC%D9%8A%D8%B1%D8%A9,0,1461,0%,2.85
https://www.rukn-eltatawer.com/air-conditioner-cleaning-company-in-al-ain/#%D8%AE%D8%AF%D9%85%D8%A7%D8%AA_%D8%B4%D8%B1%D9%83%D8%A9_%D8%B1%D9%83%D9%86_%D8%A7%D9%84%D8%AA%D8%B7%D9%88%D8%B1_%D9%84%D8%AA%D9%86%D8%B8%D9%8A%D9%81_%D9%88%D8%B5%D9%8A%D8%A7%D9%86%D8%A9_%D9%85%D9%83%D9%8A%D9%81%D8%A7%D8%AA_%D8%A7%D9%84%D9%87%D9%88%D8%A7%D8%A1_%D9%81%D9%8A_%D8%A7%D9%84%D8%B9%D9%8A%D9%86,0,1452,0%,7.31
https://www.rukn-eltatawer.com/abu-dhabi-air-conditioner-cleaning-company/#%D9%85%D9%85%D9%8A%D8%B2%D8%A7%D8%AA_%D8%B4%D8%B1%D9%83%D8%A9_%D8%AA%D9%86%D8%B8%D9%8A%D9%81_%D9%85%D9%83%D9%8A%D9%81%D8%A7%D8%AA_%D9%81%D9%89_%D8%A3%D8%A8%D9%88%D8%B8%D8%A8%D9%8A,0,1436,0%,5.43
https://www.rukn-eltatawer.com/dyeing-in-dubai/#%D8%AA%D9%82%D9%8A%D9%8A%D9%85_%D8%B3%D9%88%D9%82_%D8%B5%D8%A8%D8%BA_%D8%A7%D9%84%D8%AF%D9%87%D8%A7%D9%86%D8%A7%D8%AA_%D9%81%D9%8A_%D8%AF%D8%A8%D9%8A,0,1432,0%,3.1
https://www.rukn-eltatawer.com/pest-control-company-in-fujairah/#%D9%85%D9%85%D9%8A%D8%B2%D8%A7%D8%AA_%D8%B4%D8%B1%D9%83%D8%A9_%D9%85%D9%83%D8%A7%D9%81%D8%AD%D9%87_%D8%A7%D9%84%D8%AD%D8%B4%D8%B1%D8%A7%D8%AA_%D9%81%D9%8A_%D8%A7%D9%84%D9%81%D8%AC%D9%8A%D8%B1%D8%A9,0,1424,0%,2.94
https://www.rukn-eltatawer.com/dyeing-in-dubai/#%D8%B5%D8%A8%D8%BA%D8%A7%D8%AA_%D8%B1%D8%AE%D9%8A%D8%B5%D8%A9_%D9%81%D9%8A_%D8%AF%D8%A8%D9%8A,0,1418,0%,3.21
https://www.rukn-eltatawer.com/a-water-leak-detection-company-in-abu-dhabi/#%F0%9F%8C%8A_%D8%A3%D9%87%D9%85%D9%8A%D8%A9_%D8%A7%D9%84%D9%83%D8%B4%D9%81_%D8%B9%D9%86_%D8%AA%D8%B3%D8%B1%D8%A8%D8%A7%D8%AA_%D8%A7%D9%84%D9%85%D9%8A%D8%A7%D9%87,0,1401,0%,4.28
https://www.rukn-eltatawer.com/clearing-transactions-in-abu-dhabi/#%D8%A3%D9%87%D9%85%D9%8A%D8%A9_%D8%B4%D8%B1%D9%83%D8%A9_%D8%AA%D8%AE%D9%84%D9%8A%D8%B5_%D9%85%D8%B9%D8%A7%D9%85%D9%84%D8%A7%D8%AA_%D9%81%D9%8A_%D8%A3%D8%A8%D9%88%D8%B8%D8%A8%D9%8A,0,1390,0%,4.19
https://www.rukn-eltatawer.com/pest-control-company-in-fujairah/#%D8%A3%D9%81%D8%B6%D9%84_%D8%B4%D8%B1%D9%83%D8%A9_%D9%85%D9%83%D8%A7%D9%81%D8%AD%D8%A9_%D8%AD%D8%B4%D8%B1%D8%A7%D8%AA_%D9%81%D9%8A_%D8%A7%D9%84%D9%81%D8%AC%D9%8A%D8%B1%D8%A9,0,1347,0%,2.91
https://www.rukn-eltatawer.com/pest-control-company-in-fujairah/#%D8%A3%D9%86%D9%88%D8%A7%D8%B9_%D8%A7%D9%84%D8%AD%D8%B4%D8%B1%D8%A7%D8%AA_%D8%A7%D9%84%D8%AA%D9%8A_%D8%AA%D9%82%D9%88%D9%85_%D8%B4%D8%B1%D9%83%D8%AA%D9%86%D8%A7_%D8%A8%D8%A7%D9%84%D9%82%D8%B6%D8%A7%D8%A1_%D8%B9%D9%84%D9%8A%D9%87%D8%A7,0,1347,0%,2.91
https://www.rukn-eltatawer.com/pest-control-company-in-fujairah/#%D9%85%D8%A7_%D9%87%D9%89_%D8%A3%D8%B3%D8%A8%D8%A7%D8%A8_%D8%A5%D9%86%D8%AA%D8%B4%D8%A7%D8%B1_%D8%A7%D9%84%D8%AD%D8%B4%D8%B1%D8%A7%D8%AA,0,1347,0%,2.91
https://www.rukn-eltatawer.com/air-conditioner-cleaning-company-in-al-ain/#%D8%B4%D8%B1%D9%83%D8%A9_%D8%AA%D9%86%D8%B8%D9%8A%D9%81_%D9%85%D9%83%D9%8A%D9%81%D8%A7%D8%AA_%D9%81%D9%8A_%D8%A7%D9%84%D8%B9%D9%8A%D9%86,0,1342,0%,7.32
https://www.rukn-eltatawer.com/clearing-transactions-in-abu-dhabi/#%D8%B3%D8%B1%D8%B9%D8%A9_%D9%88%D8%AF%D9%82%D8%A9_%D8%A7%D9%84%D8%AE%D8%AF%D9%85%D8%A7%D8%AA,0,1330,0%,4.76
https://www.rukn-eltatawer.com/surface-insulation-company-in-dubai/#%D8%A7%D9%84%D8%A3%D8%B3%D8%A8%D8%A7%D8%A8_%D8%A7%D9%84%D8%AC%D8%B0%D8%B1%D9%8A%D8%A9_%D9%84%D8%AA%D8%AF%D9%87%D9%88%D8%B1_%D8%B9%D8%B2%D9%84_%D8%A7%D9%84%D8%A3%D8%B3%D8%B7%D8%AD_%D9%81%D9%8A_%D8%AF%D8%A8%D9%8A_%E2%80%93_%D8%A7%D9%84%D8%AA%D8%B4%D8%AE%D9%8A%D8%B5_%D8%A7%D9%84%D8%A7%D8%AD%D8%AA%D8%B1%D8%A7%D9%81%D9%8A_%D8%A7%D9%84%D9%83%D8%A7%D9%85%D9%84,0,1282,0%,4.39
https://www.rukn-eltatawer.com/surface-insulation-company-in-dubai/#7_%D8%A3%D8%AE%D8%B7%D8%A7%D8%A1_%D8%B4%D8%A7%D8%A6%D8%B9%D8%A9_%D9%8A%D9%82%D8%B9_%D9%81%D9%8A%D9%87%D8%A7_%D9%85%D9%86_%D9%8A%D8%A8%D8%AD%D8%AB_%D8%B9%D9%86_%D8%B4%D8%B1%D9%83%D8%A9_%D8%B9%D8%B2%D9%84_%D8%A3%D8%B3%D8%B7%D8%AD_%D9%81%D9%8A_%D8%AF%D8%A8%D9%8A_%E2%80%93_%D9%88%D9%83%D9%8A%D9%81_%D8%AA%D8%AA%D8%AC%D9%86%D8%A8%D9%87%D8%A7,0,1282,0%,4.39
https://www.rukn-eltatawer.com/roof-insulation-in-abu-dhabi/#%D8%B4%D8%B1%D9%83%D8%A9_%D8%B9%D8%B2%D9%84_%D8%A3%D8%B3%D8%B7%D8%AD_%D9%81%D9%8A_%D8%A3%D8%A8%D9%88%D8%B8%D8%A8%D9%8A_%D9%85%D9%86_%D8%A7%D9%84%D8%B1%D8%B7%D9%88%D8%A8%D8%A9,0,1257,0%,4.06
https://www.rukn-eltatawer.com/clearing-transactions-in-abu-dhabi/#%D8%AA%D8%B9%D8%B1%D9%8A%D9%81_%D8%A8%D8%B4%D8%B1%D9%83%D8%A9_season97_%D9%84%D8%AE%D8%AF%D9%85%D8%A7%D8%AA_%D8%A7%D9%84%D8%B7%D8%A8%D8%A7%D8%B9%D8%A9_%D9%88%D8%AA%D8%AE%D9%84%D9%8A%D8%B5_%D9%85%D8%B9%D8%A7%D9%85%D9%84%D8%A7%D8%AA_%D9%81%D9%8A_%D8%A3%D8%A8%D9%88%D8%B8%D8%A8%D9%8A,0,1251,0%,4.26
https://www.rukn-eltatawer.com/roof-insulation-in-abu-dhabi/#%D8%B4%D8%B1%D9%83%D8%A9_%D8%B9%D8%B2%D9%84_%D8%A3%D8%B3%D8%B7%D8%AD_%D9%81%D9%8A_%D8%A3%D8%A8%D9%88%D8%B8%D8%A8%D9%8A,0,1216,0%,4.02
https://www.rukn-eltatawer.com/abu-dhabi-air-conditioner-cleaning-company/#%D8%AE%D8%AF%D9%85%D8%A7%D8%AA_%D8%B4%D8%B1%D9%83%D8%A9_%D8%AA%D9%86%D8%B8%D9%8A%D9%81_%D9%85%D9%83%D9%8A%D9%81%D8%A7%D8%AA_%D9%81%D9%8A_%D8%A3%D8%A8%D9%88%D8%B8%D8%A8%D9%8A,0,1215,0%,5.42
https://www.rukn-eltatawer.com/abu-dhabi-air-conditioner-cleaning-company/#%D8%A7%D9%84%D8%AA%D9%88%D8%A7%D8%B5%D9%84_%D9%85%D8%B9_%D8%B4%D8%B1%D9%83%D8%A9_%D8%AA%D9%86%D8%B8%D9%8A%D9%81_%D9%85%D9%83%D9%8A%D9%81%D8%A7%D8%AA_%D9%81%D9%8A_%D8%A3%D8%A8%D9%88%D8%B8%D8%A8%D9%8A,0,1214,0%,5.41
https://www.rukn-eltatawer.com/clearing-transactions-in-abu-dhabi/#%D8%AE%D8%AF%D9%85%D8%A9_%D8%AA%D8%AE%D9%84%D9%8A%D8%B5_%D8%A7%D9%84%D8%AA%D8%A3%D8%B4%D9%8A%D8%B1%D8%A7%D8%AA_%D8%A3%D9%81%D8%B6%D9%84_%D8%B4%D8%B1%D9%83%D8%A9_%D8%AA%D8%AE%D9%84%D9%8A%D8%B5_%D9%85%D8%B9%D8%A7%D9%85%D9%84%D8%A7%D8%AA_%D9%81%D9%8A_%D8%A3%D8%A8%D9%88%D8%B8%D8%A8%D9%8A_season97,0,1209,0%,4.19
https://www.rukn-eltatawer.com/abu-dhabi-air-conditioner-cleaning-company/#%D8%B9%D9%85%D9%84%D9%8A%D8%A9_%D8%AA%D9%86%D8%B8%D9%8A%D9%81_%D8%A7%D9%84%D9%85%D9%83%D9%8A%D9%81%D8%A7%D8%AA_%D9%85%D9%86_%D9%82%D8%A8%D9%84_%D8%B4%D8%B1%D9%83%D8%A9_%D8%AA%D9%86%D8%B8%D9%8A%D9%81_%D9%85%D9%83%D9%8A%D9%81%D8%A7%D8%AA_%D9%81%D9%8A_%D8%A3%D8%A8%D9%88%D8%B8%D8%A8%D9%8A,0,1202,0%,5.45
https://www.rukn-eltatawer.com/sharjah-carpet-cleaning-company/#%D8%B4%D8%B1%D9%83%D8%A9_%D8%AA%D9%86%D8%B8%D9%8A%D9%81_%D9%83%D9%86%D8%A8,0,1197,0%,4.8
https://www.rukn-eltatawer.com/umm-al-quwain-villas-cleaning-company/#%D8%A7%D9%81%D8%B6%D9%84_%D8%B4%D8%B1%D9%83%D8%A9_%D8%AA%D9%86%D8%B8%D9%8A%D9%81_%D9%81%D9%84%D9%84_%D8%A7%D9%85_%D8%A7%D9%84%D9%82%D9%8A%D9%88%D9%8A%D9%86,0,1191,0%,5.48
https://www.rukn-eltatawer.com/sharjah-carpet-cleaning-company/#%D8%BA%D8%B3%D9%8A%D9%84_%D8%B3%D8%AC%D8%A7%D8%AF_%D9%81%D9%8A_%D8%A7%D9%84%D8%B4%D8%A7%D8%B1%D9%82%D8%A9,0,1187,0%,4.8
https://www.rukn-eltatawer.com/umm-al-quwain-villas-cleaning-company/#%D8%A7%D9%84%D8%AE%D8%AF%D9%85%D8%A7%D8%AA_%D8%A7%D9%84%D8%AA%D9%8A_%D8%AA%D9%82%D8%AF%D9%85%D9%87%D8%A7_%D8%A3%D9%81%D8%B6%D9%84_%D8%B4%D8%B1%D9%83%D8%A9_%D8%AA%D9%86%D8%B8%D9%8A%D9%81_%D8%A7%D9%84%D9%81%D9%84%D9%84_%D9%81%D9%8A_%D8%A7%D9%84%D8%B4%D8%A7%D8%B1%D9%82%D8%A9,0,1147,0%,5.44
https://www.rukn-eltatawer.com/insect-control-in-sharjah/#%D8%B4%D8%B1%D9%83%D8%A9_%D9%85%D8%A8%D9%8A%D8%AF%D8%A7%D8%AA_%D8%AD%D8%B4%D8%B1%D9%8A%D8%A9_%D9%81%D9%8A_%D8%A7%D9%84%D8%B4%D8%A7%D8%B1%D9%82%D8%A9,0,1140,0%,4.12
https://www.rukn-eltatawer.com/air-conditioner-cleaning-in-sharjah/#%D8%A7%D9%84%D8%AA%D9%88%D8%A7%D8%B5%D9%84_%D9%85%D8%B9_%D8%B4%D8%B1%D9%83%D8%A9_%D8%AA%D9%86%D8%B8%D9%8A%D9%81_%D9%85%D9%83%D9%8A%D9%81%D8%A7%D8%AA_%D9%81%D9%8A_%D8%A7%D9%84%D8%B4%D8%A7%D8%B1%D9%82%D8%A9,0,1133,0%,4.1
https://www.rukn-eltatawer.com/dubai-villas-cleaning-company/#%D8%A7%D9%81%D8%B6%D9%84_%D8%B4%D8%B1%D9%83%D8%A9_%D8%AA%D9%86%D8%B8%D9%8A%D9%81_%D9%81%D9%84%D9%84_%D8%AF%D8%A8%D9%8A,0,1122,0%,5.34
https://www.rukn-eltatawer.com/dubai-villas-cleaning-company/#%D8%AE%D8%AF%D9%85%D8%A7%D8%AA_%D8%B4%D8%B1%D9%83%D8%A9_%D8%AA%D9%86%D8%B8%D9%8A%D9%81_%D9%81%D9%84%D9%84_%D8%A8%D8%AF%D8%A8%D9%8A,0,1122,0%,5.34
https://www.rukn-eltatawer.com/sewer-wiring-abu-dhabi/#%D8%B7%D8%B1%D9%82_%D9%85%D8%B9%D8%A7%D9%84%D8%AC%D8%A9_%D8%B4%D8%B1%D9%83%D8%A9_%D8%AA%D8%B3%D9%84%D9%8A%D9%83_%D9%85%D8%AC%D8%A7%D8%B1%D9%89_%D9%81%D9%8A_%D8%A3%D8%A8%D9%88%D8%B8%D8%A8%D9%8A_%D9%84%D8%A7%D9%86%D8%B3%D8%AF%D8%A7%D8%AF_%D8%A7%D9%84%D9%85%D8%AC%D8%A7%D8%B1%D9%8A,0,1120,0%,4.27
https://www.rukn-eltatawer.com/dubai-villas-cleaning-company/#%D9%86%D8%B8%D8%A7%D9%81%D8%A9_%D8%AD%D8%AF%D8%A7%D8%A6%D9%82_%D8%A7%D9%84%D9%81%D9%84%D9%84_%D8%A8%D8%AF%D8%A8%D9%8A,0,1120,0%,5.34
https://www.rukn-eltatawer.com/surface-insulation-company-in-dubai/#%D8%A7%D9%84%D8%AE%D8%B7%D9%88%D8%A7%D8%AA_%D8%A7%D9%84%D9%85%D8%AA%D8%A8%D8%B9%D8%A9_%D9%81%D9%8A_%D8%B9%D8%B2%D9%84_%D8%A7%D8%B3%D8%B7%D8%AD_%D9%81%D9%8A_%D8%AF%D8%A8%D9%8A,0,1115,0%,4.31
https://www.rukn-eltatawer.com/abu-dhabi-air-conditioner-cleaning-company/#%D8%A3%D8%B3%D8%B9%D8%A7%D8%B1_%D8%B4%D8%B1%D9%83%D8%A9_%D8%AA%D9%86%D8%B8%D9%8A%D9%81_%D9%85%D9%83%D9%8A%D9%81%D8%A7%D8%AA_%D9%81%D9%8A_%D8%A3%D8%A8%D9%88%D8%B8%D8%A8%D9%8A,0,1110,0%,5.28
https://www.rukn-eltatawer.com/insect-control-in-dubai/#%D8%A3%D9%86%D9%88%D8%A7%D8%B9_%D8%A7%D9%84%D8%AD%D8%B4%D8%B1%D8%A7%D8%AA_%D8%A7%D9%84%D8%AA%D9%8A_%D9%86%D8%AA%D8%B9%D8%A7%D9%85%D9%84_%D9%85%D8%B9%D9%87%D8%A7_%D9%81%D9%8A_%D8%AF%D8%A8%D9%8A,0,1102,0%,4.45
https://www.rukn-eltatawer.com/air-conditioner-cleaning-in-sharjah/#%D9%85%D9%85%D9%8A%D8%B2%D8%A7%D8%AA_%D8%B4%D8%B1%D9%83%D8%A9_%D8%AA%D9%86%D8%B8%D9%8A%D9%81_%D9%85%D9%83%D9%8A%D9%81%D8%A7%D8%AA_%D9%81%D9%89_%D8%A7%D9%84%D8%B4%D8%A7%D8%B1%D9%82%D8%A9,0,1100,0%,4.11
https://www.rukn-eltatawer.com/surface-insulation-company-in-dubai/#%D9%85%D9%85%D9%8A%D8%B2%D8%A7%D8%AA_%D8%B4%D8%B1%D9%83%D8%A9_%D8%B9%D8%B2%D9%84_%D8%A7%D8%B3%D8%B7%D8%AD_%D9%81%D9%8A_%D8%AF%D8%A8%D9%8A,0,1087,0%,4.29
https://www.rukn-eltatawer.com/clearing-transactions-in-abu-dhabi/#%D9%85%D9%82%D8%AF%D9%85%D8%A9,0,1078,0%,4.6
https://www.rukn-eltatawer.com/sewer-wiring-abu-dhabi/#%D8%A3%D9%81%D8%B6%D9%84_%D8%B4%D8%B1%D9%83%D8%A9_%D8%AA%D8%B3%D9%84%D9%8A%D9%83_%D9%85%D8%AC%D8%A7%D8%B1%D9%8A_%D9%81%D9%8A_%D8%A3%D8%A8%D9%88%D8%B8%D8%A8%D9%8A,0,1077,0%,4.18
https://www.rukn-eltatawer.com/al-ain-sofa-cleaning-company/#%D8%AA%D9%86%D8%B8%D9%8A%D9%81_%D8%A7%D9%84%D9%83%D9%86%D8%A8_%D8%A7%D9%84%D8%AC%D9%84%D8%AF_%D8%A8%D8%A7%D9%84%D8%B9%D9%8A%D9%86,0,1058,0%,5.97
https://www.rukn-eltatawer.com/sewerage-plumbing-company-in-al-ain/#%D8%B4%D8%B1%D9%83%D8%A9_%D8%AA%D8%B3%D9%84%D9%8A%D9%83_%D9%85%D8%AC%D8%A7%D8%B1%D9%8A_%D9%81%D9%8A_%D8%A7%D9%84%D8%B9%D9%8A%D9%86,0,1038,0%,2.39
https://www.rukn-eltatawer.com/sewerage-plumbing-sharjah/#%D8%AE%D8%B7%D9%88%D8%A7%D8%AA_%D8%B9%D9%85%D9%84_%D8%B4%D8%B1%D9%83%D8%A9_%D8%AA%D8%B3%D9%84%D9%8A%D9%83_%D8%A7%D9%84%D9%85%D8%AC%D8%A7%D8%B1%D9%8A_%D9%81%D9%89_%D8%A7%D9%84%D8%B4%D8%A7%D8%B1%D9%82%D8%A9,0,1033,0%,3.4
https://www.rukn-eltatawer.com/ras-al-khaimah-sofa-cleaning-company/#%D8%A7%D9%81%D8%B6%D9%84_%D8%B4%D8%B1%D9%83%D8%A9_%D8%AA%D9%86%D8%B8%D9%8A%D9%81_%D9%83%D9%86%D8%A8_%D9%81%D9%8A_%D8%B1%D8%A7%D8%B3_%D8%A7%D9%84%D8%AE%D9%8A%D9%85%D8%A9,0,1032,0%,3.49
https://www.rukn-eltatawer.com/ras-al-khaimah-sofa-cleaning-company/#%D8%AE%D8%AF%D9%85%D8%A7%D8%AA_%D8%AA%D9%86%D8%B8%D9%8A%D9%81_%D9%81%D9%8A_%D8%B1%D8%A7%D8%B3_%D8%A7%D9%84%D8%AE%D9%8A%D9%85%D8%A9,0,1032,0%,3.49
https://www.rukn-eltatawer.com/sharjah-gypsum-board-installation-company/#%D8%AE%D8%AF%D9%85%D8%A7%D8%AA_%D8%B4%D8%B1%D9%83%D8%A9_%D8%AA%D8%B1%D9%83%D9%8A%D8%A8_%D8%AC%D8%A8%D8%B3_%D8%A8%D9%88%D8%B1%D8%AF_%D9%81%D9%8A_%D8%A7%D9%84%D8%B4%D8%A7%D8%B1%D9%82%D8%A9,0,1027,0%,2.89
https://www.rukn-eltatawer.com/air-conditioner-cleaning-in-sharjah/#%D8%A3%D9%87%D9%85%D9%8A%D8%A9_%D8%AA%D9%86%D8%B8%D9%8A%D9%81_%D8%A7%D9%84%D9%85%D9%83%D9%8A%D9%81%D8%A7%D8%AA_%D9%81%D9%8A_%D8%A7%D9%84%D8%B4%D8%A7%D8%B1%D9%82%D8%A9_%D8%A8%D8%A7%D9%86%D8%AA%D8%B8%D8%A7%D9%85,0,1026,0%,4.12
https://www.rukn-eltatawer.com/sewerage-plumbing-company-in-al-ain/#%D8%A7%D9%81%D8%B6%D9%84_%D8%B4%D8%B1%D9%83%D8%A9_%D8%AA%D8%B3%D9%84%D9%8A%D9%83_%D9%85%D8%AC%D8%A7%D8%B1%D9%8A_%D9%81%D9%8A_%D8%A7%D9%84%D8%B9%D9%8A%D9%86_%D9%85%D8%B9%D8%AA%D9%85%D8%AF%D8%A9,0,1024,0%,2.39
https://www.rukn-eltatawer.com/air-conditioner-cleaning-in-sharjah/#%D8%B9%D9%84%D8%A7%D9%85%D8%A7%D8%AA_%D8%A7%D9%84%D8%A7%D8%AD%D8%AA%D9%8A%D8%A7%D8%AC_%D9%84%D8%AA%D9%86%D8%B8%D9%8A%D9%81_%D8%A7%D9%84%D9%85%D9%83%D9%8A%D9%81%D8%A7%D8%AA_%D9%81%D9%8A_%D8%A7%D9%84%D8%B4%D8%A7%D8%B1%D9%82%D8%A9,0,1021,0%,4.12
https://www.rukn-eltatawer.com/air-conditioner-cleaning-company-in-al-ain/#%D8%A7%D9%84%D8%AA%D9%88%D8%A7%D8%B5%D9%84_%D9%85%D8%B9_%D8%B4%D8%B1%D9%83%D8%A9_%D8%AA%D9%86%D8%B8%D9%8A%D9%81_%D9%85%D9%83%D9%8A%D9%81%D8%A7%D8%AA_%D9%81%D9%8A_%D8%A7%D9%84%D8%B9%D9%8A%D9%86,0,1021,0%,7.23
https://www.rukn-eltatawer.com/air-conditioner-cleaning-company-in-al-ain/#%D9%85%D9%85%D9%8A%D8%B2%D8%A7%D8%AA_%D8%B4%D8%B1%D9%83%D8%A9_%D8%AA%D9%86%D8%B8%D9%8A%D9%81_%D9%85%D9%83%D9%8A%D9%81%D8%A7%D8%AA_%D9%81%D9%8A_%D8%A7%D9%84%D8%B9%D9%8A%D9%86,0,1016,0%,7.23
https://www.rukn-eltatawer.com/clearing-transactions-in-abu-dhabi/#%D8%A7%D8%B3%D8%AA%D9%87%D8%AF%D8%A7%D9%81_%D8%A7%D9%84%D8%B9%D9%85%D9%84%D8%A7%D8%A1,0,1012,0%,4.6
https://www.rukn-eltatawer.com/abu-dhabi-landscaping-company/#%D8%B4%D8%B1%D9%83%D8%A9_%D8%AA%D9%86%D8%B3%D9%8A%D9%82_%D8%AD%D8%AF%D8%A7%D8%A6%D9%82_%D8%A3%D8%A8%D9%88%D8%B8%D8%A8%D9%8A,0,1011,0%,3.47
https://www.rukn-eltatawer.com/dubai-carpet-cleaning-company/#%D9%85%D9%85%D9%8A%D8%B2%D8%A7%D8%AA_%D8%B4%D8%B1%D9%83%D8%A9_%D8%AA%D9%86%D8%B8%D9%8A%D9%81_%D8%B3%D8%AC%D8%A7%D8%AF_%D9%81%D9%8A_%D8%AF%D8%A8%D9%8A,0,1009,0%,5.84
https://www.rukn-eltatawer.com/general-maintenance-company-in-dubai/#%D8%A3%D9%81%D8%B6%D9%84_%D8%B4%D8%B1%D9%83%D8%A9_%D8%B5%D9%8A%D8%A7%D9%86%D8%A9_%D8%B9%D8%A7%D9%85%D8%A9_%D8%AF%D8%A8%D9%8A_%D8%AA%D9%83%D8%B3%D9%8A%D8%B1_%D9%88%D8%AA%D8%B1%D9%85%D9%8A%D9%85_%D8%A7%D9%84%D9%81%D9%84%D9%84_%D9%88%D8%A7%D9%84%D8%AD%D9%85%D8%A7%D9%85%D8%A7%D8%AA,0,1006,0%,3.5
https://www.rukn-eltatawer.com/sewerage-plumbing-sharjah/#%D8%A7%D8%AF%D8%A7%D8%A9_%D8%AA%D8%B3%D9%84%D9%8A%D9%83_%D8%A7%D9%84%D9%85%D8%AC%D8%A7%D8%B1%D9%8A_%D9%81%D9%8A_%D8%A7%D9%84%D8%B4%D8%A7%D8%B1%D9%82%D8%A9,0,1002,0%,4.21
https://www.rukn-eltatawer.com/abu-dhabi-landscaping-company/#%D8%B4%D8%B1%D9%83%D8%A9_%D8%AA%D9%86%D8%B3%D9%8A%D9%82_%D8%AD%D8%AF%D8%A7%D8%A6%D9%82_%D8%A3%D8%A8%D9%88%D8%B8%D8%A8%D9%8A_%E2%80%93_%D9%82%D8%B7%D8%B9_%D8%A7%D9%84%D8%A7%D8%B4%D8%AC%D8%A7%D8%B1_%D9%81%D9%8A_%D8%A3%D8%A8%D9%88%D8%B8%D8%A8%D9%8A,0,992,0%,3.38
https://www.rukn-eltatawer.com/dubai-carpet-cleaning-company/#%D8%A3%D9%81%D8%B6%D9%84_%D8%B4%D8%B1%D9%83%D8%A9_%D8%AA%D9%86%D8%B8%D9%8A%D9%81_%D8%B3%D8%AC%D8%A7%D8%AF_%D8%AF%D8%A8%D9%8A,0,991,0%,5.82
https://www.rukn-eltatawer.com/landscaping-company-in-dubai/#%D8%A3%D9%81%D8%B6%D9%84_%D8%B4%D8%B1%D9%83%D8%A9_%D8%AA%D9%86%D8%B3%D9%8A%D9%82_%D8%AD%D8%AF%D8%A7%D8%A6%D9%82_%D9%81%D9%8A_%D8%AF%D8%A8%D9%8A,0,972,0%,3
https://www.rukn-eltatawer.com/landscaping-company-in-dubai/#%D8%B4%D8%B1%D9%83%D8%A9_%D8%AA%D9%86%D8%B3%D9%8A%D9%82_%D8%AD%D8%AF%D8%A7%D8%A6%D9%82_%D9%81%D9%8A_%D8%AF%D8%A8%D9%8A,0,972,0%,3
https://www.rukn-eltatawer.com/umm-al-quwain-villas-cleaning-company/#%D8%A7%D9%81%D8%B6%D9%84_%D8%B4%D8%B1%D9%83%D8%A7%D8%AA_%D8%AA%D9%86%D8%B8%D9%8A%D9%81_%D8%A7%D9%84%D9%81%D9%84%D9%84_%D9%81%D9%8A_%D8%A7%D9%85_%D8%A7%D9%84%D9%82%D9%8A%D9%88%D9%8A%D9%86,0,971,0%,5.51
https://www.rukn-eltatawer.com/insulators-company-in-sharjah/#%D8%A3%D8%AF%D9%88%D8%A7%D8%AA_%D8%B4%D8%B1%D9%83%D8%A9_%D8%B9%D8%B2%D9%84_%D8%A3%D8%B3%D8%B7%D8%AD_%D9%81%D9%8A_%D8%A7%D9%84%D8%B4%D8%A7%D8%B1%D9%82%D8%A9,0,956,0%,2.6
https://www.rukn-eltatawer.com/umm-al-quwain-villas-cleaning-company/#%D8%B4%D8%B1%D9%83%D8%A9_%D8%AA%D9%86%D8%B8%D9%8A%D9%81_%D9%81%D9%84%D9%84_%D9%81%D9%8A_%D8%A3%D9%85_%D8%A7%D9%84%D9%82%D9%8A%D9%88%D9%8A%D9%86,0,937,0%,5.49
https://www.rukn-eltatawer.com/clearing-transactions-in-abu-dhabi/#%D8%A3%D9%87%D9%85%D9%8A%D8%A9_%D8%A7%D9%84%D8%B3%D8%B1%D8%B9%D8%A9_%D9%81%D9%8A_%D8%AA%D8%AE%D9%84%D9%8A%D8%B5_%D8%A7%D9%84%D9%85%D8%B9%D8%A7%D9%85%D9%84%D8%A7%D8%AA,0,936,0%,3.82
https://www.rukn-eltatawer.com/air-conditioner-cleaning-in-sharjah/#%D8%AE%D8%AF%D9%85%D8%A7%D8%AA_%D8%B4%D8%B1%D9%83%D8%A9_%D8%AA%D9%86%D8%B8%D9%8A%D9%81_%D9%85%D9%83%D9%8A%D9%81%D8%A7%D8%AA_%D9%81%D9%8A_%D8%A7%D9%84%D8%B4%D8%A7%D8%B1%D9%82%D8%A9,0,933,0%,3.9
https://www.rukn-eltatawer.com/dyeing-in-sharjah/#%D8%B4%D8%B1%D9%83%D8%A9_%D8%B5%D8%A8%D8%BA_%D9%81%D9%8A_%D8%A7%D9%84%D8%B4%D8%A7%D8%B1%D9%82%D8%A9,0,931,0%,3.84
https://www.rukn-eltatawer.com/insect-control-in-abu-dhabi/#%D8%A7%D9%84%D9%85%D8%A8%D9%8A%D8%AF%D8%A7%D8%AA_%D8%A7%D9%84%D8%AA%D9%8A_%D8%AA%D8%B3%D8%AA%D8%AE%D8%AF%D9%85%D9%87%D8%A7_%D8%B4%D8%B1%D9%83%D8%AA%D9%86%D8%A7_%D9%84%D8%A5%D8%A8%D8%A7%D8%AF%D8%A9_%D8%A7%D9%84%D8%AD%D8%B4%D8%B1%D8%A7%D8%AA,0,930,0%,5.29
https://www.rukn-eltatawer.com/air-conditioner-cleaning-in-sharjah/#%D8%B4%D8%B1%D9%83%D8%A9_%D8%AA%D9%86%D8%B8%D9%8A%D9%81_%D9%85%D9%83%D9%8A%D9%81%D8%A7%D8%AA_%D9%81%D9%8A_%D8%A7%D9%84%D8%B4%D8%A7%D8%B1%D9%82%D8%A9,0,929,0%,3.89
https://www.rukn-eltatawer.com/ras-al-khaimah-roof-insulation-company/#%D9%85%D9%85%D9%8A%D8%B2%D8%A7%D8%AA_%D8%B4%D8%B1%D9%83%D8%A9_%D8%B9%D8%B2%D9%84_%D8%A3%D8%B3%D8%B7%D8%AD_%D8%B1%D8%A3%D8%B3_%D8%A7%D9%84%D8%AE%D9%8A%D9%85%D8%A9,0,927,0%,5.69
https://www.rukn-eltatawer.com/abu-dhabi-tank-cleaning-company/#%D8%AE%D8%AF%D9%85%D8%A7%D8%AA_%D8%B4%D8%B1%D9%83%D8%A9_%D8%AA%D9%86%D8%B8%D9%8A%D9%81_%D9%88%D8%AA%D8%B9%D9%82%D9%8A%D9%85_%D8%AE%D8%B2%D8%A7%D9%86%D8%A7%D8%AA_%D9%81%D9%8A_%D8%A7%D8%A8%D9%88%D8%B8%D8%A8%D9%8A,0,926,0%,4.82
https://www.rukn-eltatawer.com/general-maintenance-company-in-dubai/#%D8%AA%D8%B1%D9%85%D9%8A%D9%85_%D9%88%D8%AA%D8%AC%D8%AF%D9%8A%D8%AF_%D8%A7%D9%84%D9%81%D9%84%D9%84_%D9%81%D9%8A_%D8%AF%D8%A8%D9%8A,0,923,0%,3.56
https://www.rukn-eltatawer.com/abu-dhabi-tank-cleaning-company/#%D9%85%D9%85%D9%8A%D8%B2%D8%A7%D8%AA_%D8%B4%D8%B1%D9%83%D8%A9_%D8%AA%D9%86%D8%B8%D9%8A%D9%81_%D8%AE%D8%B2%D8%A7%D9%86%D8%A7%D8%AA_%D8%A3%D8%A8%D9%88%D8%B8%D8%A8%D9%8A,0,922,0%,4.82
https://www.rukn-eltatawer.com/leak-detection-company-in-dubai/#%D8%A3%D8%AC%D9%87%D8%B2%D8%A9_%D9%88%D8%AA%D9%82%D9%86%D9%8A%D8%A7%D8%AA_%D9%83%D8%B4%D9%81_%D8%AA%D8%B3%D8%B1%D8%A8%D8%A7%D8%AA_%D8%A7%D9%84%D9%85%D9%8A%D8%A7%D9%87_%D9%81%D9%8A_%D8%AF%D8%A8%D9%8A_2026_%E2%80%93_%D8%A8%D8%AF%D9%88%D9%86_%D8%AA%D9%83%D8%B3%D9%8A%D8%B1_%D9%88%D8%A8%D8%AF%D9%82%D8%A9_%D8%B3%D9%86%D8%AA%D9%8A%D9%85%D8%AA%D8%B1%D9%8A%D8%A9,0,917,0%,4.11
https://www.rukn-eltatawer.com/leak-detection-company-in-dubai/#%D8%A3%D8%B3%D8%A8%D8%A7%D8%A8_%D8%AA%D8%B3%D8%B1%D8%A8%D8%A7%D8%AA_%D8%A7%D9%84%D9%85%D9%8A%D8%A7%D9%87_%D9%81%D9%8A_%D9%85%D8%A8%D8%A7%D9%86%D9%8A_%D8%AF%D8%A8%D9%8A_2026_%E2%80%93_%D8%A7%D9%84%D8%AA%D8%B4%D8%AE%D9%8A%D8%B5_%D8%A7%D9%84%D8%AC%D8%B0%D8%B1%D9%8A_%D8%A7%D9%84%D9%83%D8%A7%D9%85%D9%84,0,917,0%,4.11
https://www.rukn-eltatawer.com/leak-detection-company-in-dubai/#%D8%AE%D8%AF%D9%85%D8%A7%D8%AA_%D8%B4%D8%B1%D9%83%D8%A9_%D9%83%D8%B4%D9%81_%D8%AA%D8%B3%D8%B1%D8%A8%D8%A7%D8%AA_%D8%A7%D9%84%D9%85%D9%8A%D8%A7%D9%87_%D9%81%D9%8A_%D8%AF%D8%A8%D9%8A_%D8%B1%D9%83%D9%86_%D8%A7%D9%84%D8%AA%D8%B7%D9%88%D8%B1_2026_%E2%80%93_%D8%A7%D9%84%D8%A3%D8%B3%D8%B9%D8%A7%D8%B1_%D9%88%D8%A7%D9%84%D8%AA%D9%81%D8%A7%D8%B5%D9%8A%D9%84_%D8%A7%D9%84%D9%83%D8%A7%D9%85%D9%84%D8%A9,0,917,0%,4.11
https://www.rukn-eltatawer.com/leak-detection-company-in-dubai/#%D9%83%D9%8A%D9%81_%D8%AA%D8%B9%D9%85%D9%84_%D8%B4%D8%B1%D9%83%D8%A9_%D8%B1%D9%83%D9%86_%D8%A7%D9%84%D8%AA%D8%B7%D9%88%D8%B1_%D9%84%D9%83%D8%B4%D9%81_%D8%AA%D8%B3%D8%B1%D8%A8%D8%A7%D8%AA_%D8%A7%D9%84%D9%85%D9%8A%D8%A7%D9%87_%D9%81%D9%8A_%D8%AF%D8%A8%D9%8A%D8%9F_%D8%A7%D9%84%D8%A8%D8%B1%D9%88%D8%AA%D9%88%D9%83%D9%88%D9%84_%D8%A7%D9%84%D9%83%D8%A7%D9%85%D9%84_%D8%AE%D8%B7%D9%88%D8%A9_%D8%A8%D8%AE%D8%B7%D9%88%D8%A9,0,917,0%,4.11
https://www.rukn-eltatawer.com/leak-detection-company-in-dubai/#8_%D8%B9%D9%84%D8%A7%D9%85%D8%A7%D8%AA_%D8%AA%D9%8F%D8%AE%D8%A8%D8%B1%D9%83_%D8%A3%D9%86_%D9%85%D9%86%D8%B2%D9%84%D9%83_%D9%81%D9%8A_%D8%AF%D8%A8%D9%8A_%D9%8A%D8%B9%D8%A7%D9%86%D9%8A_%D9%85%D9%86_%D8%AA%D8%B3%D8%B1%D8%A8_%D9%85%D8%A7%D8%A6%D9%8A_%D8%AE%D9%81%D9%8A_%E2%80%93_%D9%84%D8%A7_%D8%AA%D8%AA%D8%AC%D8%A7%D9%87%D9%84_%D8%A3%D9%8A%D8%A7%D9%8B_%D9%85%D9%86%D9%87%D8%A7,0,917,0%,4.11
https://www.rukn-eltatawer.com/hourly-cleaning-maids-sharjah/#%D8%B9%D8%A7%D9%85%D9%84%D8%A7%D8%AA_%D9%85%D9%86%D8%B2%D9%84_%D8%A8%D8%A7%D9%84%D8%B3%D8%A7%D8%B9%D9%87%E2%80%8B_%D9%81%D9%8A_%D8%A7%D9%84%D8%B4%D8%A7%D8%B1%D9%82%D8%A9,0,899,0%,3.59
https://www.rukn-eltatawer.com/insect-control-in-umm-al-quwain/#%D8%AE%D8%AF%D9%85%D8%A7%D8%AA_%D8%B4%D8%B1%D9%83%D8%A9_%D9%85%D9%83%D8%A7%D9%81%D8%AD%D8%A9_%D8%A7%D9%84%D8%AD%D8%B4%D8%B1%D8%A7%D8%AA_%D9%81%D9%8A_%D8%A3%D9%85_%D8%A7%D9%84%D9%82%D9%8A%D9%88%D9%8A%D9%86,0,889,0%,2.4
https://www.rukn-eltatawer.com/insect-control-in-umm-al-quwain/#%D9%85%D9%85%D9%8A%D8%B2%D8%A7%D8%AA_%D8%B4%D8%B1%D9%83%D8%A9_%D9%85%D9%83%D8%A7%D9%81%D8%AD%D8%A9_%D8%AD%D8%B4%D8%B1%D8%A7%D8%AA_%D9%81%D9%8A_%D8%A3%D9%85_%D8%A7%D9%84%D9%82%D9%8A%D9%88%D9%8A%D9%86,0,889,0%,2.4
https://www.rukn-eltatawer.com/roof-insulation-in-abu-dhabi/#%D8%A7%D9%81%D8%B6%D9%84_%D8%A7%D9%86%D9%88%D8%A7%D8%B9_%D8%A7%D9%84%D8%B9%D8%B2%D9%84_%D8%A7%D9%84%D8%AD%D8%B1%D8%A7%D8%B1%D9%8A_%D8%B4%D8%B1%D9%83%D8%A9_%D8%B9%D8%B2%D9%84_%D8%A3%D8%B3%D8%B7%D8%AD_%D9%81%D9%8A_%D8%A3%D8%A8%D9%88%D8%B8%D8%A8%D9%8A_%D8%B1%D9%83%D9%86_%D8%A7%D9%84%D8%AA%D8%B7%D9%88%D8%B1,0,885,0%,4.34
https://www.rukn-eltatawer.com/insulators-company-in-sharjah/#%D8%AE%D8%AF%D9%85%D8%A7%D8%AA_%D8%B4%D8%B1%D9%83%D8%A9_%D8%B9%D8%B2%D9%84_%D8%A7%D8%B3%D8%B7%D8%AD_%D9%81%D9%8A_%D8%A7%D9%84%D8%B4%D8%A7%D8%B1%D9%82%D8%A9,0,877,0%,2.68
https://www.rukn-eltatawer.com/sewer-wiring-abu-dhabi/#%D8%A7%D8%AC%D9%87%D8%B2%D8%A9_%D8%AA%D8%B3%D9%84%D9%8A%D9%83_%D8%A7%D9%84%D9%85%D8%AC%D8%A7%D8%B1%D9%8A_%D9%81%D9%8A_%D8%A3%D8%A8%D9%88%D8%B8%D8%A8%D9%8A,0,872,0%,4.3
https://www.rukn-eltatawer.com/sewer-wiring-abu-dhabi/#%D8%B9%D8%A7%D9%85%D9%84_%D8%AA%D8%B3%D9%84%D9%8A%D9%83_%D9%85%D8%AC%D8%A7%D8%B1%D9%8A_%D9%81%D9%8A_%D8%A7%D8%A8%D9%88%D8%B8%D8%A8%D9%8A,0,869,0%,4.51
https://www.rukn-eltatawer.com/dubai-tank-cleaning-company/#%D8%A7%D9%81%D8%B6%D9%84_%D8%B4%D8%B1%D9%83%D8%A9_%D8%AA%D9%86%D8%B8%D9%8A%D9%81_%D8%AE%D8%B2%D8%A7%D9%86%D8%A7%D8%AA_%D8%AF%D8%A8%D9%8A,0,867,0%,3.57
https://www.rukn-eltatawer.com/dyeing-in-sharjah/#%D9%85%D9%85%D9%8A%D8%B2%D8%A7%D8%AA_%D8%B4%D8%B1%D9%83%D8%A9_%D8%B5%D8%A8%D8%BA_%D9%81%D9%8A_%D8%A7%D9%84%D8%B4%D8%A7%D8%B1%D9%82%D8%A9,0,856,0%,3.78
https://www.rukn-eltatawer.com/sharjah-tank-cleaning-company/#%D8%A7%D9%81%D8%B6%D9%84_%D8%B4%D8%B1%D9%83%D8%A9_%D8%AA%D9%86%D8%B8%D9%8A%D9%81_%D8%AE%D8%B2%D8%A7%D9%86%D8%A7%D8%AA_%D9%81%D9%8A_%D8%A7%D9%84%D8%B4%D8%A7%D8%B1%D9%82%D8%A9,0,854,0%,3.77
https://www.rukn-eltatawer.com/sharjah-tank-cleaning-company/#%D8%B7%D8%B1%D9%82_%D8%AA%D9%86%D8%B8%D9%8A%D9%81_%D8%A7%D9%84%D8%AE%D8%B2%D8%A7%D9%86,0,854,0%,3.77
https://www.rukn-eltatawer.com/sewer-wiring-company-in-fujairah/#%D8%AE%D8%B7%D9%88%D8%A7%D8%AA_%D8%B9%D9%85%D9%84_%D8%B4%D8%B1%D9%83%D8%A9_%D8%AA%D8%B3%D9%84%D9%8A%D9%83_%D9%85%D8%AC%D8%A7%D8%B1%D9%8A_%D9%81%D9%8A_%D8%A7%D9%84%D9%81%D8%AC%D9%8A%D8%B1%D8%A9,0,847,0%,3.29
https://www.rukn-eltatawer.com/termite-control-sharjah/#%D8%B4%D8%B1%D9%83%D8%A9_%D9%85%D9%83%D8%A7%D9%81%D8%AD%D8%A9_%D8%A7%D9%84%D8%B1%D9%85%D8%A9_%D9%81%D9%8A_%D8%A7%D9%84%D8%B4%D8%A7%D8%B1%D9%82%D8%A9,0,846,0%,3.86
https://www.rukn-eltatawer.com/termite-control-dubai/#%D8%A7%D9%81%D8%B6%D9%84_%D8%B4%D8%B1%D9%83%D8%A9_%D9%85%D9%83%D8%A7%D9%81%D8%AD%D8%A9_%D8%A7%D9%84%D8%B1%D9%85%D8%A9_%D9%81%D9%8A_%D8%AF%D8%A8%D9%8A,0,846,0%,5.15
https://www.rukn-eltatawer.com/air-conditioner-cleaning-company-in-al-ain/#%D9%86%D8%B5%D8%A7%D8%A6%D8%AD_%D8%B4%D8%B1%D9%83%D8%A9_%D8%AA%D9%86%D8%B8%D9%8A%D9%81_%D9%85%D9%83%D9%8A%D9%81%D8%A7%D8%AA_%D9%81%D9%89_%D8%A7%D9%84%D8%B9%D9%8A%D9%86,0,846,0%,7.06
https://www.rukn-eltatawer.com/al-ain-landscaping-company/#%D8%B4%D8%B1%D9%83%D8%A7%D8%AA_%D8%AA%D9%86%D8%B3%D9%8A%D9%82_%D8%AD%D8%AF%D8%A7%D8%A6%D9%82_%D9%81%D9%8A_%D8%A7%D9%84%D8%B9%D9%8A%D9%86,0,845,0%,2.77
https://www.rukn-eltatawer.com/dyeing-in-sharjah/#%D8%AA%D8%B4%D8%B7%D9%8A%D8%A8_%D8%B5%D8%A8%D8%BA_%D9%81%D9%8A_%D8%A7%D9%84%D8%B4%D8%A7%D8%B1%D9%82%D8%A9,0,845,0%,3.93
https://www.rukn-eltatawer.com/sharjah-pigeons-repellent-installation-company/#%D8%A7%D9%81%D8%B6%D9%84_%D8%B4%D8%B1%D9%83%D8%A9_%D8%AA%D8%B1%D9%83%D9%8A%D8%A8_%D8%B7%D8%A7%D8%B1%D8%AF_%D8%AD%D9%85%D8%A7%D9%85_%D9%81%D9%8A_%D8%A7%D9%84%D8%B4%D8%A7%D8%B1%D9%82%D8%A9,0,843,0%,4.34
https://www.rukn-eltatawer.com/dyeing-in-sharjah/#%D8%A7%D9%81%D8%B6%D9%84_%D8%B4%D8%B1%D9%83%D8%A9_%D8%B5%D8%A8%D8%BA_%D9%81%D9%8A_%D8%A7%D9%84%D8%B4%D8%A7%D8%B1%D9%82%D8%A9,0,842,0%,3.8
https://www.rukn-eltatawer.com/termite-control-dubai/#%D8%B4%D8%B1%D9%83%D8%A9_%D9%85%D9%83%D8%A7%D9%81%D8%AD%D8%A9_%D8%A7%D9%84%D8%B1%D9%85%D8%A9_%D9%81%D9%8A_%D8%AF%D8%A8%D9%8A,0,840,0%,5.17
https://www.rukn-eltatawer.com/sewer-wiring-company-in-fujairah/#%D9%85%D9%85%D9%8A%D8%B2%D8%A7%D8%AA_%D8%B4%D8%B1%D9%83%D8%A9_%D8%AA%D8%B3%D9%84%D9%8A%D9%83_%D9%85%D8%AC%D8%A7%D8%B1%D9%8A_%D9%81%D9%8A_%D8%A7%D9%84%D9%81%D8%AC%D9%8A%D8%B1%D8%A9,0,837,0%,3.27
https://www.rukn-eltatawer.com/dyeing-in-sharjah/#%D8%B4%D8%B1%D9%83%D8%A7%D8%AA_%D8%A7%D9%84%D8%B5%D8%A8%D8%BA_%D9%88%D9%88%D8%B1%D9%82_%D8%A7%D9%84%D8%AD%D8%A7%D8%A6%D8%B7_%D9%81%D9%8A_%D8%A7%D9%84%D8%B4%D8%A7%D8%B1%D9%82%D8%A9,0,831,0%,3.95
https://www.rukn-eltatawer.com/al-ain-landscaping-company/#%D8%AA%D9%86%D8%B3%D9%8A%D9%82_%D8%AD%D8%AF%D8%A7%D8%A6%D9%82_%D8%A7%D9%84%D9%81%D9%84%D9%84_%D8%A7%D9%84%D8%B9%D9%8A%D9%86,0,825,0%,2.79
https://www.rukn-eltatawer.com/insect-control-in-abu-dhabi/#%D8%A3%D8%B3%D8%A8%D8%A7%D8%A8_%D8%A5%D9%86%D8%AA%D8%B4%D8%A7%D8%B1_%D8%A7%D9%84%D8%AD%D8%B4%D8%B1%D8%A7%D8%AA,0,821,0%,4.07
https://www.rukn-eltatawer.com/termite-control-sharjah/#%D8%B4%D8%B1%D9%83%D8%A9_%D8%B1%D8%B4_%D8%A7%D9%84%D8%B1%D9%85%D8%A9_%D9%81%D9%8A_%D8%A7%D9%84%D8%B4%D8%A7%D8%B1%D9%82%D8%A9,0,820,0%,3.82
https://www.rukn-eltatawer.com/general-maintenance-company-in-dubai/#%D8%AE%D8%AF%D9%85%D8%A7%D8%AA_%D8%AA%D9%83%D8%B3%D9%8A%D8%B1_%D9%88%D8%AA%D8%B1%D9%85%D9%8A%D9%85_%D9%81%D9%84%D9%84_%D9%88%D8%AD%D9%85%D8%A7%D9%85%D8%A7%D8%AA_%D8%AF%D8%A8%D9%8A,0,818,0%,3.58
https://www.rukn-eltatawer.com/sharjah-pigeons-repellent-installation-company/#%D8%A7%D9%84%D8%AE%D8%AF%D9%85%D8%A7%D8%AA_%D8%A7%D9%84%D8%AA%D9%8A_%D8%AA%D9%82%D8%AF%D9%85%D9%87%D8%A7_%D8%A3%D9%81%D8%B6%D9%84_%D8%B4%D8%B1%D9%83%D8%A9_%D8%AA%D8%B1%D9%83%D9%8A%D8%A8_%D8%B7%D8%A7%D8%B1%D8%AF_%D8%A7%D9%84%D8%AD%D9%85%D8%A7%D9%85_%D9%81%D9%8A_%D8%A7%D9%84%D8%B4%D8%A7%D8%B1%D9%82%D8%A9,0,818,0%,4.45
https://www.rukn-eltatawer.com/sewer-wiring-abu-dhabi/#%D8%AE%D8%AF%D9%85%D8%A7%D8%AA_%D8%B4%D8%B1%D9%83%D8%A9_%D8%AA%D8%B3%D9%84%D9%8A%D9%83_%D9%85%D8%AC%D8%A7%D8%B1%D9%8A_%D9%81%D9%8A_%D8%A3%D8%A8%D9%88%D8%B8%D8%A8%D9%8A,0,811,0%,4.21
https://www.rukn-eltatawer.com/sewerage-plumbing-sharjah/#%D8%AA%D8%B3%D9%84%D9%8A%D9%83_%D9%85%D8%AC%D8%A7%D8%B1%D9%8A_%D8%A7%D9%84%D8%AD%D9%85%D8%A7%D9%85%D8%A7%D8%AA,0,807,0%,4.57
https://www.rukn-eltatawer.com/abu-dhabi-air-conditioner-cleaning-company/#%D8%A3%D9%81%D8%B6%D9%84_%D8%B4%D8%B1%D9%83%D8%A9_%D8%AA%D9%86%D8%B8%D9%8A%D9%81_%D9%85%D9%83%D9%8A%D9%81%D8%A7%D8%AA_%D9%81%D9%8A_%D8%A3%D8%A8%D9%88%D8%B8%D8%A8%D9%8A,0,807,0%,4.96
https://www.rukn-eltatawer.com/al-ain-landscaping-company/#%D8%B9%D8%B4%D8%A8_%D8%B5%D9%86%D8%A7%D8%B9%D9%8A_%D9%81%D9%8A_%D8%A7%D9%84%D8%B9%D9%8A%D9%86,0,800,0%,2.8
https://www.rukn-eltatawer.com/a-water-leak-detection-company-in-abu-dhabi/#%D8%A7%D9%84%D8%AA%D8%B3%D8%B1%D8%A8_%D8%A7%D9%84%D9%85%D8%A7%D8%A6%D9%8A,0,796,0%,3.34
https://www.rukn-eltatawer.com/sharjah-tank-cleaning-company/#%D8%B4%D8%B1%D9%83%D8%A9_%D8%AA%D9%86%D8%B8%D9%8A%D9%81_%D9%88%D8%BA%D8%B3%D9%8A%D9%84_%D8%AE%D8%B2%D8%A7%D9%86%D8%A7%D8%AA_%D8%A7%D9%84%D8%B4%D8%A7%D8%B1%D9%82%D8%A9,0,796,0%,3.79
https://www.rukn-eltatawer.com/sewer-wiring-company-in-fujairah/#%D8%B7%D8%B1%D9%82_%D9%85%D8%B9%D8%A7%D9%84%D8%AC%D8%A9_%D8%B4%D8%B1%D9%83%D8%A9_%D8%AA%D8%B3%D9%84%D9%8A%D9%83_%D8%A7%D9%84%D9%85%D8%AC%D8%A7%D8%B1%D9%8A_%D9%81%D9%89_%D8%A7%D9%84%D9%81%D8%AC%D9%8A%D8%B1%D8%A9,0,794,0%,3.62
https://www.rukn-eltatawer.com/sharjah-gypsum-board-installation-company/#%D8%B4%D8%B1%D9%83%D8%A7%D8%AA_%D8%AC%D8%A8%D8%B3_%D8%A8%D9%88%D8%B1%D8%AF_%D9%81%D9%8A_%D8%A7%D9%84%D8%A7%D9%85%D8%A7%D8%B1%D8%A7%D8%AA,0,793,0%,2.86
https://www.rukn-eltatawer.com/sewer-wiring-company-in-fujairah/#%D8%A3%D9%81%D8%B6%D9%84_%D8%B4%D8%B1%D9%83%D8%A9_%D8%AA%D8%B3%D9%84%D9%8A%D9%83_%D9%85%D8%AC%D8%A7%D8%B1%D9%8A_%D9%81%D9%8A_%D8%A7%D9%84%D9%81%D8%AC%D9%8A%D8%B1%D8%A9,0,791,0%,3.61
https://www.rukn-eltatawer.com/water-leak-detection-company-in-ajman/#%D8%A3%D9%81%D8%B6%D9%84_%D8%B4%D8%B1%D9%83%D8%A9_%D9%83%D8%B4%D9%81_%D8%AA%D8%B3%D8%B1%D8%A8%D8%A7%D8%AA_%D8%A7%D9%84%D9%85%D9%8A%D8%A7%D9%87_%D9%81%D9%8A_%D8%B9%D8%AC%D9%85%D8%A7%D9%86,0,791,0%,3.95
https://www.rukn-eltatawer.com/clearing-transactions-in-abu-dhabi/#%D8%AE%D8%AF%D9%85%D8%A7%D8%AA_%D8%A3%D9%81%D8%B6%D9%84_%D8%B4%D8%B1%D9%83%D8%A9_%D8%AA%D8%AE%D9%84%D9%8A%D8%B5_%D9%85%D8%B9%D8%A7%D9%85%D9%84%D8%A7%D8%AA_%D9%81%D9%8A_%D8%A3%D8%A8%D9%88%D8%B8%D8%A8%D9%8A_%D8%B1%D9%83%D9%86_%D8%A7%D9%84%D8%AA%D8%B7%D9%88%D8%B1,0,791,0%,4.66
https://www.rukn-eltatawer.com/roof-insulation-in-abu-dhabi/#%D8%B4%D8%B1%D9%83%D8%A9_%D8%B9%D8%B2%D9%84_%D8%A3%D8%B3%D8%B7%D8%AD_%D9%81%D9%8A_%D8%A3%D8%A8%D9%88%D8%B8%D8%A8%D9%8A_%D9%85%D8%A8%D9%84%D8%B7%D8%A9,0,790,0%,4.1
https://www.rukn-eltatawer.com/al-ain-landscaping-company/#%D8%A7%D8%B1%D8%AE%D8%B5_%D8%A7%D8%B3%D8%B9%D8%A7%D8%B1_%D8%AA%D9%86%D8%B3%D9%8A%D9%82_%D8%A7%D9%84%D8%AD%D8%AF%D8%A7%D8%A6%D9%82_%D9%81%D9%8A_%D8%A7%D9%84%D8%B9%D9%8A%D9%86,0,782,0%,2.82
https://www.rukn-eltatawer.com/ras-al-khaimah-roof-insulation-company/#%D8%AE%D8%B7%D9%88%D8%A7%D8%AA_%D8%B4%D8%B1%D9%83%D8%A9_%D8%B9%D8%B2%D9%84_%D8%A7%D8%B3%D8%B7%D8%AD_%D8%A8%D8%B1%D8%A7%D8%B3_%D8%A7%D9%84%D8%AE%D9%8A%D9%85%D8%A9,0,782,0%,5.88
https://www.rukn-eltatawer.com/air-conditioner-cleaning-company-in-al-ain/#%D8%AE%D8%AF%D9%85%D8%A7%D8%AA_%D8%AA%D9%86%D8%B8%D9%8A%D9%81_%D9%85%D9%83%D9%8A%D9%81%D8%A7%D8%AA_%D8%A7%D9%84%D9%87%D9%88%D8%A7%D8%A1,0,774,0%,6.76
https://www.rukn-eltatawer.com/roof-insulation-in-abu-dhabi/#%D8%A3%D9%81%D8%B6%D9%84_%D8%B4%D8%B1%D9%83%D8%A9_%D8%B9%D8%B2%D9%84_%D8%A3%D8%B3%D8%B7%D8%AD_%D9%81%D9%8A_%D8%A3%D8%A8%D9%88%D8%B8%D8%A8%D9%8A,0,767,0%,4.17
https://www.rukn-eltatawer.com/swimming-pools-company-in-sharjah/#%D9%85%D9%85%D9%8A%D8%B2%D8%A7%D8%AA_%D8%B4%D8%B1%D9%83%D8%A9_%D8%A5%D9%86%D8%B4%D8%A7%D8%A1_%D9%88%D8%B5%D9%8A%D8%A7%D9%86%D8%A9_%D9%85%D8%B3%D8%A7%D8%A8%D8%AD_%D8%A7%D9%84%D8%B4%D8%A7%D8%B1%D9%82%D8%A9,0,763,0%,5.96
https://www.rukn-eltatawer.com/hourly-cleaning-maids-sharjah/#%D8%AE%D8%A7%D8%AF%D9%85%D8%A7%D8%AA_%D8%A8%D8%A7%D9%84%D8%B3%D8%A7%D8%B9%D8%A9_%D9%81%D9%8A_%D8%A7%D9%84%D8%B4%D8%A7%D8%B1%D9%82%D8%A9,0,760,0%,3.77
https://www.rukn-eltatawer.com/sharjah-tank-cleaning-company/#%D8%B4%D8%B1%D9%83%D8%A9_%D8%AA%D9%86%D8%B8%D9%8A%D9%81_%D8%AE%D8%B2%D8%A7%D9%86%D8%A7%D8%AA_%D8%A7%D9%84%D9%85%D9%8A%D8%A7%D9%87_%D8%A8%D8%A7%D9%84%D8%B4%D8%A7%D8%B1%D9%82%D8%A9,0,759,0%,3.79
https://www.rukn-eltatawer.com/sewer-wiring-company-in-fujairah/#%D8%A3%D8%B3%D8%A8%D8%A7%D8%A8_%D8%A7%D9%86%D8%B3%D8%AF%D8%A7%D8%AF_%D8%A7%D9%84%D9%85%D8%AC%D8%A7%D8%B1%D9%8A_%D9%81%D9%8A_%D8%A7%D9%84%D9%81%D8%AC%D9%8A%D8%B1%D8%A9,0,754,0%,3.57
https://www.rukn-eltatawer.com/sewer-wiring-company-in-fujairah/#%D9%85%D8%A7_%D9%87%D9%8A_%D9%85%D8%B4%D8%A7%D9%83%D9%84_%D8%A7%D9%86%D8%B3%D8%AF%D8%A7%D8%AF_%D8%A7%D9%84%D9%85%D8%AC%D8%A7%D8%B1%D9%8A_%D8%9F,0,754,0%,3.57
https://www.rukn-eltatawer.com/insect-control-in-sharjah/#%D9%85%D9%83%D8%A7%D9%81%D8%AD%D8%A9_%D8%A7%D9%84%D9%81%D8%A6%D8%B1%D8%A7%D9%86_%D9%81%D9%8A_%D8%A7%D9%84%D8%B4%D8%A7%D8%B1%D9%82%D8%A9_%D8%A8%D8%A3%D8%AD%D8%AF%D8%AB_%D8%A7%D9%84%D8%A3%D8%AF%D9%88%D8%A7%D8%AA_%D9%81%D9%8A_%D8%A7%D9%84%D8%B4%D8%A7%D8%B1%D9%82%D8%A9,0,753,0%,5.12
https://www.rukn-eltatawer.com/landscaping-company-in-dubai/#%D9%85%D8%A7_%D8%A7%D9%84%D8%AC%D9%87%D8%A7%D8%AA_%D8%A7%D9%84%D8%AA%D9%8A_%D8%AA%D9%88%D9%81%D8%B1_%D8%A7%D9%84%D8%B4%D8%B1%D9%83%D8%A9_%D9%84%D9%87%D8%A7_%D8%AE%D8%AF%D9%85%D8%A7%D8%AA%D9%87%D8%A7,0,750,0%,3.01
https://www.rukn-eltatawer.com/general-maintenance-company-sharjah/#%D8%B4%D8%B1%D9%83%D8%A9_%D8%AA%D8%B1%D9%85%D9%8A%D9%85_%D9%81%D9%84%D9%84_%D8%A7%D9%84%D8%B4%D8%A7%D8%B1%D9%82%D8%A9,0,747,0%,5.25
https://www.rukn-eltatawer.com/termite-control-dubai/#%D8%B7%D8%B1%D9%82_%D8%B4%D8%B1%D9%83%D8%A9_%D9%85%D9%83%D8%A7%D9%81%D8%AD%D8%A9_%D8%A7%D9%84%D8%B1%D9%85%D8%A9_%D9%81%D9%8A_%D8%AF%D8%A8%D9%8A,0,740,0%,5.15
https://www.rukn-eltatawer.com/termite-control-dubai/#%D8%B4%D8%B1%D9%83%D8%A9_%D9%85%D9%83%D8%A7%D9%81%D8%AD%D8%A9_%D8%A7%D9%84%D8%B1%D9%85%D8%A9_%D9%85%D8%B9_%D8%B6%D9%85%D8%A7%D9%86_%D9%81%D9%8A_%D8%AF%D8%A8%D9%8A,0,738,0%,5.2
https://www.rukn-eltatawer.com/termite-control-dubai/#%D8%AE%D8%AF%D9%85%D8%A7%D8%AA_%D8%B4%D8%B1%D9%83%D8%A9_%D9%85%D9%83%D8%A7%D9%81%D8%AD%D8%A9_%D8%A7%D9%84%D8%B1%D9%85%D8%A9_%D9%81%D9%8A_%D8%AF%D8%A8%D9%8A,0,737,0%,5.19
https://www.rukn-eltatawer.com/sewerage-plumbing-company-in-al-ain/#%D8%AE%D8%AF%D9%85%D8%A7%D8%AA_%D8%B4%D8%B1%D9%83%D8%A9_%D8%AA%D8%B3%D9%84%D9%8A%D9%83_%D9%85%D8%AC%D8%A7%D8%B1%D9%8A_%D9%81%D9%8A_%D8%A7%D9%84%D8%B9%D9%8A%D9%86,0,734,0%,2.52
https://www.rukn-eltatawer.com/sewerage-plumbing-company-in-al-ain/#%D8%B2%D9%86%D8%A8%D8%B1%D9%83_%D8%AA%D8%B3%D9%84%D9%8A%D9%83_%D8%A7%D9%84%D9%85%D8%AC%D8%A7%D8%B1%D9%8A_%D9%81%D9%8A_%D8%A7%D9%84%D8%B9%D9%8A%D9%86,0,734,0%,2.53
https://www.rukn-eltatawer.com/sewerage-plumbing-company-in-al-ain/#%D8%AE%D8%B7%D9%88%D8%A7%D8%AA_%D8%B4%D8%B1%D9%83%D8%A9_%D8%AA%D8%B3%D9%84%D9%8A%D9%83_%D9%85%D8%AC%D8%A7%D8%B1%D9%8A_%D9%81%D9%8A_%D8%A7%D9%84%D8%B9%D9%8A%D9%86,0,733,0%,2.53
https://www.rukn-eltatawer.com/air-conditioner-cleaning-company-in-ajman/#%D8%AE%D8%AF%D9%85%D8%A7%D8%AA_%D8%B4%D8%B1%D9%83%D8%A9_%D8%AA%D9%86%D8%B8%D9%8A%D9%81_%D9%85%D9%83%D9%8A%D9%81%D8%A7%D8%AA_%D9%81%D9%89_%D8%B9%D8%AC%D9%85%D8%A7%D9%86,0,732,0%,5.85
https://www.rukn-eltatawer.com/termite-control-sharjah/#%D8%A3%D9%86%D9%88%D8%A7%D8%B9_%D9%85%D8%A8%D9%8A%D8%AF%D8%A7%D8%AA_%D9%85%D9%83%D8%A7%D9%81%D8%AD%D8%A9_%D8%A7%D9%84%D8%B1%D9%85%D8%A9_%D9%81%D9%8A_%D8%A7%D9%84%D8%B4%D8%A7%D8%B1%D9%82%D8%A9,0,727,0%,4.03
https://www.rukn-eltatawer.com/termite-control-sharjah/#%D8%AE%D8%B7%D9%88%D8%A7%D8%AA_%D8%B4%D8%B1%D9%83%D8%A9_%D9%85%D9%83%D8%A7%D9%81%D8%AD%D8%A9_%D8%A7%D9%84%D8%B1%D9%85%D8%A9_%D9%81%D9%8A_%D8%A7%D9%84%D8%B4%D8%A7%D8%B1%D9%82%D8%A9,0,727,0%,4.05
https://www.rukn-eltatawer.com/dubai-tank-cleaning-company/#%D8%B4%D8%B1%D9%83%D8%A9_%D8%AA%D9%86%D8%B8%D9%8A%D9%81_%D8%AE%D8%B2%D8%A7%D9%86%D8%A7%D8%AA_%D8%AF%D8%A8%D9%8A,0,724,0%,3.48
https://www.rukn-eltatawer.com/termite-control-sharjah/#%D8%AE%D8%AF%D9%85%D8%A7%D8%AA_%D8%B4%D8%B1%D9%83%D8%A9_%D9%85%D9%83%D8%A7%D9%81%D8%AD%D8%A9_%D8%A7%D9%84%D8%B1%D9%85%D8%A9_%D9%81%D9%8A_%D8%A7%D9%84%D8%B4%D8%A7%D8%B1%D9%82%D8%A9,0,719,0%,4.03
https://www.rukn-eltatawer.com/roof-insulation-in-abu-dhabi/#%D8%B4%D8%B1%D9%83%D8%A7%D8%AA_%D8%B9%D8%B2%D9%84_%D8%A3%D8%B3%D8%B7%D8%AD_%D9%81%D9%8A_%D8%A3%D8%A8%D9%88%D8%B8%D8%A8%D9%8A,0,719,0%,4.32
https://www.rukn-eltatawer.com/sewer-wiring-abu-dhabi/#%D8%AA%D8%B3%D9%84%D9%8A%D9%83_%D9%85%D8%AC%D8%A7%D8%B1%D9%8A_%D8%A7%D9%84%D9%85%D8%B7%D8%A8%D8%AE_%D9%81%D9%8A_%D8%A7%D8%A8%D9%88%D8%B8%D8%A8%D9%8A,0,714,0%,4.99
https://www.rukn-eltatawer.com/swimming-pools-company-in-sharjah/#%D8%B4%D8%B1%D9%83%D8%A9_%D8%A5%D9%86%D8%B4%D8%A7%D8%A1_%D9%88%D8%B5%D9%8A%D8%A7%D9%86%D8%A9_%D9%85%D8%B3%D8%A7%D8%A8%D8%AD_%D8%A7%D9%84%D8%B4%D8%A7%D8%B1%D9%82%D8%A9,0,709,0%,6.05
https://www.rukn-eltatawer.com/insect-control-in-umm-al-quwain/#%D8%A3%D8%B3%D8%A8%D8%A7%D8%A8_%D8%A5%D9%86%D8%AA%D8%B4%D8%A7%D8%B1_%D8%A7%D9%84%D8%AD%D8%B4%D8%B1%D8%A7%D8%AA,0,705,0%,2.45
https://www.rukn-eltatawer.com/insect-control-in-umm-al-quwain/#%D8%A3%D9%81%D8%B6%D9%84_%D8%B4%D8%B1%D9%83%D8%A9_%D9%85%D9%83%D8%A7%D9%81%D8%AD%D8%A9_%D8%AD%D8%B4%D8%B1%D8%A7%D8%AA_%D9%81%D9%8A_%D8%A3%D9%85_%D8%A7%D9%84%D9%82%D9%8A%D9%88%D9%8A%D9%86,0,705,0%,2.45
https://www.rukn-eltatawer.com/insect-control-in-umm-al-quwain/#%D8%A7%D9%84%D8%A3%D8%AF%D9%88%D8%A7%D8%AA_%D8%A7%D9%84%D8%AA%D9%8A_%D8%AA%D8%B3%D8%AA%D8%AE%D8%AF%D9%85%D9%87%D8%A7_%D8%B4%D8%B1%D9%83%D8%A9_%D9%85%D9%83%D8%A7%D9%81%D8%AD%D8%A9_%D8%AD%D8%B4%D8%B1%D8%A7%D8%AA_%D9%81%D9%8A_%D8%A3%D9%85_%D8%A7%D9%84%D9%82%D9%8A%D9%88%D9%8A%D9%86,0,705,0%,2.45
https://www.rukn-eltatawer.com/insect-control-in-umm-al-quwain/#%D8%A7%D9%84%D9%85%D8%A8%D9%8A%D8%AF%D8%A7%D8%AA_%D8%A7%D9%84%D8%AA%D9%8A_%D8%AA%D8%B3%D8%AA%D8%AE%D8%AF%D9%85%D9%87%D8%A7_%D8%B4%D8%B1%D9%83%D8%AA%D9%86%D8%A7_%D9%84%D8%A5%D8%A8%D8%A7%D8%AF%D8%A9_%D8%A7%D9%84%D8%AD%D8%B4%D8%B1%D8%A7%D8%AA,0,705,0%,2.45
https://www.rukn-eltatawer.com/hourly-cleaning-maids-sharjah/#%D8%B4%D8%B1%D9%83%D8%A7%D8%AA_%D8%AA%D9%86%D8%B8%D9%8A%D9%81_%D8%A8%D8%A7%D9%84%D8%B3%D8%A7%D8%B9%D8%A7%D8%AA_%D9%81%D9%8A_%D8%A7%D9%84%D8%B4%D8%A7%D8%B1%D9%82%D8%A9,0,703,0%,2.8
https://www.rukn-eltatawer.com/sharjah-tank-cleaning-company/#%D8%B4%D8%B1%D9%83%D8%A9_%D8%AA%D9%86%D8%B8%D9%8A%D9%81_%D8%AA%D9%86%D9%83%D8%A7%D8%AA_%D8%A7%D9%84%D9%85%D9%8A%D8%A7%D9%87_%D8%A8%D8%A7%D9%84%D8%B4%D8%A7%D8%B1%D9%82%D8%A9,0,702,0%,3.81
https://www.rukn-eltatawer.com/swimming-pools-company-in-sharjah/#%D8%AE%D8%B7%D9%88%D8%A7%D8%AA_%D8%B4%D8%B1%D9%83%D8%A9_%D8%AA%D9%86%D8%B8%D9%8A%D9%81_%D9%85%D8%B3%D8%A7%D8%A8%D8%AD_%D9%81%D9%8A_%D8%A7%D9%84%D8%B4%D8%A7%D8%B1%D9%82%D8%A9,0,700,0%,6.22
https://www.rukn-eltatawer.com/dubai-tank-cleaning-company/#%D8%B4%D8%B1%D9%83%D8%A9_%D8%AA%D9%86%D8%B8%D9%8A%D9%81_%D8%AE%D8%B2%D8%A7%D9%86%D8%A7%D8%AA_%D8%A7%D9%84%D9%85%D9%8A%D8%A7%D9%87_%D9%81%D9%89_%D8%AF%D8%A8%D9%89,0,695,0%,3.41
https://www.rukn-eltatawer.com/a-water-leak-detection-company-in-abu-dhabi/#%E2%9C%85_%D8%AE%D8%AF%D9%85%D8%A7%D8%AA_%D9%83%D8%B4%D9%81_%D8%AA%D8%B3%D8%B1%D8%A8%D8%A7%D8%AA_%D8%A7%D9%84%D9%85%D9%8A%D8%A7%D9%87_%D9%81%D9%8A_%D8%A3%D8%A8%D9%88%D8%B8%D8%A8%D9%8A_%D9%85%D8%B9_%D8%B1%D9%83%D9%86_%D8%A7%D9%84%D8%AA%D8%B7%D9%88%D8%B1,0,694,0%,3.47
https://www.rukn-eltatawer.com/termite-control-sharjah/#%D9%85%D9%83%D8%A7%D9%81%D8%AD%D8%A9_%D8%A7%D9%84%D8%B1%D9%85%D8%A9_%D9%81%D9%8A_%D8%A7%D9%84%D8%AD%D8%AF%D8%A7%D8%A6%D9%82_%D9%81%D9%8A_%D8%A7%D9%84%D8%B4%D8%A7%D8%B1%D9%82%D8%A9,0,694,0%,3.94
https://www.rukn-eltatawer.com/hourly-cleaning-maids-sharjah/#%D8%B9%D8%A7%D9%85%D9%84%D8%A7%D8%AA_%D9%86%D8%B8%D8%A7%D9%81%D8%A9_%D9%81%D9%84%D8%A8%D9%8A%D9%86%D9%8A%D8%A7%D8%AA%E2%80%8B_%D9%81%D9%8A_%D8%A7%D9%84%D8%B4%D8%A7%D8%B1%D9%82%D8%A9,0,693,0%,3.86
https://www.rukn-eltatawer.com/water-leak-detection-company-in-ajman/#%D8%AE%D8%AF%D9%85%D8%A7%D8%AA_%D8%B4%D8%B1%D9%83%D8%A9_%D9%83%D8%B4%D9%81_%D8%AA%D8%B3%D8%B1%D8%A8%D8%A7%D8%AA_%D8%A7%D9%84%D9%85%D9%8A%D8%A7%D9%87_%D9%81%D9%8A_%D8%B9%D8%AC%D9%85%D8%A7%D9%86,0,685,0%,4.05
https://www.rukn-eltatawer.com/umm-al-quwain-sewage-wiring/#%D8%A7%D9%81%D8%B6%D9%84_%D8%B4%D8%B1%D9%83%D8%A9_%D8%AA%D8%B3%D9%84%D9%8A%D9%83_%D8%A7%D9%84%D9%85%D8%AC%D8%A7%D8%B1%D9%8A_%D9%81%D9%8A_%D8%A3%D9%85_%D8%A7%D9%84%D9%82%D9%8A%D9%88%D9%8A%D9%86,0,683,0%,6.05
https://www.rukn-eltatawer.com/a-water-leak-detection-company-in-abu-dhabi/#%F0%9F%93%8D_%D8%A7%D9%84%D8%A3%D8%AD%D9%8A%D8%A7%D8%A1_%D9%88%D8%A7%D9%84%D9%85%D9%86%D8%A7%D8%B7%D9%82_%D8%A7%D9%84%D8%AA%D9%8A_%D9%86%D9%88%D9%81%D8%B1_%D8%A8%D9%87%D8%A7_%D8%AE%D8%AF%D9%85%D8%A7%D8%AA_%D9%83%D8%B4%D9%81_%D8%AA%D8%B3%D8%B1%D8%A8%D8%A7%D8%AA_%D8%A7%D9%84%D9%85%D9%8A%D8%A7%D9%87_%D9%81%D9%8A_%D8%A3%D8%A8%D9%88%D8%B8%D8%A8%D9%8A,0,681,0%,3.43
https://www.rukn-eltatawer.com/sewerage-plumbing-company-in-al-ain/#%D8%AC%D9%87%D8%A7%D8%B2_%D8%AA%D8%B3%D9%84%D9%8A%D9%83_%D9%85%D8%AC%D8%A7%D8%B1%D9%8A_%D9%81%D9%8A_%D8%A7%D9%84%D8%B9%D9%8A%D9%86,0,669,0%,2.42
https://www.rukn-eltatawer.com/hourly-cleaning-maids-dubai/#%D8%A7%D9%84%D8%AE%D9%84%D8%A7%D8%B5%D8%A9_%E2%80%93_%D9%84%D9%8A%D8%B4_%D8%AA%D8%AE%D8%AA%D8%A7%D8%B1_%D8%B9%D8%A7%D9%85%D9%84%D8%A7%D8%AA_%D8%AA%D9%86%D8%B8%D9%8A%D9%81_%D8%A8%D8%A7%D9%84%D8%B3%D8%A7%D8%B9%D8%A9_%D9%81%D9%8A_%D8%AF%D8%A8%D9%8A_%D9%85%D9%86_%D8%B4%D8%B1%D9%83%D8%A9_%D9%85%D8%AD%D8%AA%D8%B1%D9%81%D8%A9%D8%9F,0,667,0%,3.96
https://www.rukn-eltatawer.com/sa/kshf-tsrbat-almyah-fy-brydh/,0,664,0%,11.5
https://www.rukn-eltatawer.com/sa/kshf-tsrbat-almyah-fy-alzlfy/,0,661,0%,7.7
https://www.rukn-eltatawer.com/sewer-wiring-company-in-fujairah/#%D8%AE%D8%AF%D9%85%D8%A7%D8%AA_%D8%AA%D8%B3%D9%84%D9%8A%D9%83_%D9%85%D8%AC%D8%A7%D8%B1%D9%8A_%D9%81%D9%8A_%D8%A7%D9%84%D9%81%D8%AC%D9%8A%D8%B1%D8%A9,0,658,0%,3.3
https://www.rukn-eltatawer.com/insulators-company-in-sharjah/#%D8%A7%D9%84%D8%AE%D8%B7%D9%88%D8%A7%D8%AA_%D8%A7%D9%84%D9%85%D8%AA%D8%A8%D8%B9%D8%A9_%D9%81%D9%8A_%D8%B9%D8%B2%D9%84_%D8%A7%D8%B3%D8%B7%D8%AD_%D9%81%D9%8A_%D8%A7%D9%84%D8%B4%D8%A7%D8%B1%D9%82%D8%A9,0,656,0%,2.72
https://www.rukn-eltatawer.com/dubai-pigeons-repellent-installation/#%D8%AE%D8%AF%D9%85%D8%A7%D8%AA_%D8%B4%D8%B1%D9%83%D8%A9_%D9%85%D9%83%D8%A7%D9%81%D8%AD%D8%A9_%D8%AD%D9%85%D8%A7%D9%85_%D8%A8%D8%A7%D9%84%D8%A7%D9%85%D8%A7%D8%B1%D8%A7%D8%AA,0,655,0%,3.31
https://www.rukn-eltatawer.com/air-conditioner-cleaning-company-in-ajman/#%D8%B4%D8%B1%D9%83%D8%A9_%D8%AA%D8%B5%D9%84%D9%8A%D8%AD_%D9%85%D9%83%D9%8A%D9%81%D8%A7%D8%AA_%D8%B9%D8%AC%D9%85%D8%A7%D9%86,0,655,0%,5.91
https://www.rukn-eltatawer.com/abu-dhabi-tank-cleaning-company/#%D8%A3%D9%86%D9%88%D8%A7%D8%B9_%D8%A7%D9%84%D8%AE%D8%B2%D8%A7%D9%86%D8%A7%D8%AA_%D9%81%D9%8A_%D8%A7%D8%A8%D9%88_%D8%B8%D8%A8%D9%8A,0,653,0%,4.86
https://www.rukn-eltatawer.com/insulators-company-in-sharjah/#%D9%85%D9%85%D9%8A%D8%B2%D8%A7%D8%AA_%D8%B4%D8%B1%D9%83%D8%A9_%D8%B9%D8%B2%D9%84_%D8%A7%D8%B3%D8%B7%D8%AD_%D9%81%D9%8A_%D8%A7%D9%84%D8%B4%D8%A7%D8%B1%D9%82%D8%A9,0,650,0%,2.7
https://www.rukn-eltatawer.com/ras-al-khaimah-roof-insulation-company/#%D8%A7%D9%81%D8%B6%D9%84_%D8%B4%D8%B1%D9%83%D8%A9_%D8%B9%D8%B2%D9%84_%D8%A3%D8%B3%D8%B7%D8%AD_%D9%81%D9%8A_%D8%B1%D8%A3%D8%B3_%D8%A7%D9%84%D8%AE%D9%8A%D9%85%D8%A9,0,640,0%,5.57
https://www.rukn-eltatawer.com/dubai-pigeons-repellent-installation/#%D8%A7%D9%81%D8%B6%D9%84_%D8%B4%D8%B1%D9%83%D8%A9_%D8%AA%D8%B1%D9%83%D9%8A%D8%A8_%D8%B7%D8%A7%D8%B1%D8%AF_%D8%AD%D9%85%D8%A7%D9%85_%D9%81%D9%8A_%D8%AF%D8%A8%D9%8A,0,638,0%,3.3
https://www.rukn-eltatawer.com/air-conditioner-cleaning-company-in-ajman/#%D8%A3%D9%86%D9%88%D8%A7%D8%B9_%D8%A7%D9%84%D9%85%D9%83%D9%8A%D9%81%D8%A7%D8%AA_%D8%A7%D9%84%D8%AA%D9%8A_%D8%AA%D9%82%D9%88%D9%85_%D8%B4%D8%B1%D9%83%D8%AA%D9%86%D8%A7_%D8%A8%D8%AA%D9%86%D8%B8%D9%8A%D9%81%D9%87%D8%A7,0,636,0%,5.81
https://www.rukn-eltatawer.com/sewerage-plumbing-company-in-al-ain/#%D8%A7%D8%B3%D9%8A%D8%A7%D8%AE_%D8%AA%D8%B3%D9%84%D9%8A%D9%83_%D8%A7%D9%84%D9%85%D8%AC%D8%A7%D8%B1%D9%8A_%D9%81%D9%8A_%D8%A7%D9%84%D8%B9%D9%8A%D9%86,0,634,0%,2.31
https://www.rukn-eltatawer.com/dubai-tank-cleaning-company/#%D8%A7%D9%84%D8%AE%D8%AF%D9%85%D8%A7%D8%AA_%D8%A7%D9%84%D8%AA%D9%8A_%D8%AA%D9%82%D8%AF%D9%85%D9%87%D8%A7_%D8%B4%D8%B1%D9%83%D8%A7%D8%AA_%D8%BA%D8%B3%D9%8A%D9%84_%D8%A7%D9%84%D8%AE%D8%B2%D8%A7%D9%86%D8%A7%D8%AA_%D8%A8%D8%AF%D8%A8%D9%89,0,632,0%,3.66
https://www.rukn-eltatawer.com/sharjah-pigeons-repellent-installation-company/#%D9%84%D9%85%D8%A7%D8%B0%D8%A7_%D9%86%D8%AD%D9%86_%D8%A3%D9%81%D8%B6%D9%84_%D8%B4%D8%B1%D9%83%D8%A9_%D8%AA%D8%B1%D9%83%D9%8A%D8%A8_%D8%B7%D8%A7%D8%B1%D8%AF_%D8%AD%D9%85%D8%A7%D9%85_%D9%81%D9%8A_%D8%A7%D9%84%D8%B4%D8%A7%D8%B1%D9%82%D8%A9,0,632,0%,4.44
https://www.rukn-eltatawer.com/sewerage-plumbing-sharjah/#%D9%81%D8%AA%D8%AD_%D8%A8%D8%A7%D9%84%D9%88%D8%B9%D8%A7%D8%AA_%D8%A7%D9%84%D9%85%D8%AC%D8%A7%D8%B1%D9%8A_%D9%81%D9%8A_%D8%A7%D9%84%D8%B4%D8%A7%D8%B1%D9%82%D8%A9,0,624,0%,4.58
https://www.rukn-eltatawer.com/termite-control-dubai/#%D8%B4%D8%B1%D9%83%D8%A9_%D9%85%D9%83%D8%A7%D9%81%D8%AD%D8%A9_%D8%A7%D9%84%D9%86%D9%85%D9%84_%D8%A7%D9%84%D8%A7%D8%A8%D9%8A%D8%B6_%D9%81%D9%8A_%D8%AF%D8%A8%D9%8A,0,624,0%,4.99
https://www.rukn-eltatawer.com/dyeing-in-al-ain/#%D8%A3%D8%B1%D8%AE%D8%B5_%D8%B4%D8%B1%D9%83%D8%A7%D8%AA_%D8%B5%D8%A8%D8%BA_%D9%81%D9%8A_%D8%A7%D9%84%D8%B9%D9%8A%D9%86,0,624,0%,5.24
https://www.rukn-eltatawer.com/insulators-company-in-sharjah/#%D8%B9%D8%B2%D9%84_%D8%A7%D8%B3%D8%B7%D8%AD_%D9%81%D9%88%D9%85_%D8%A8%D8%A7%D9%84%D8%B4%D8%A7%D8%B1%D9%82%D8%A9,0,623,0%,3.1
https://www.rukn-eltatawer.com/sewer-wiring-abu-dhabi/#%D9%85%D8%B9%D8%AF%D8%A7%D8%AA_%D8%AA%D8%B3%D9%84%D9%8A%D9%83_%D8%A7%D9%84%D9%85%D8%AC%D8%A7%D8%B1%D9%8A%E2%80%8B_%D9%81%D9%8A_%D8%A7%D8%A8%D9%88%D8%B8%D8%A8%D9%8A,0,623,0%,4.82
https://www.rukn-eltatawer.com/ras-al-khaimah-roof-insulation-company/#%D8%B4%D8%B1%D9%83%D8%A9_%D8%B9%D8%B2%D9%84_%D9%85%D8%A7%D8%A6%D9%8A_%D9%88%D8%AD%D8%B1%D8%A7%D8%B1%D9%8A_%D9%84%D9%84%D8%A7%D8%B3%D8%B7%D8%AD_%D8%B1%D8%A3%D8%B3_%D8%A7%D9%84%D8%AE%D9%8A%D9%85%D8%A9,0,622,0%,5.49
https://www.rukn-eltatawer.com/air-conditioner-cleaning-company-in-ras-al-khaimah/#%D8%A3%D9%81%D8%B6%D9%84_%D8%B4%D8%B1%D9%83%D8%A9_%D8%AA%D9%86%D8%B8%D9%8A%D9%81_%D9%85%D9%83%D9%8A%D9%81%D8%A7%D8%AA_%D9%81%D9%8A_%D8%B1%D8%A3%D8%B3_%D8%A7%D9%84%D8%AE%D9%8A%D9%85%D8%A9,0,616,0%,6.53
https://www.rukn-eltatawer.com/air-conditioner-cleaning-company-in-ras-al-khaimah/#%D9%85%D9%85%D9%8A%D8%B2%D8%A7%D8%AA_%D8%B4%D8%B1%D9%83%D8%AA%D9%86%D8%A7,0,616,0%,6.53
https://www.rukn-eltatawer.com/sa/water-leak-detection-al-majmaah/,0,613,0%,22.13
https://www.rukn-eltatawer.com/dyeing-in-al-ain/#%D8%B1%D9%82%D9%85_%D8%B4%D8%B1%D9%83%D8%A7%D8%AA_%D8%B5%D8%A8%D8%BA_%D9%81%D9%8A_%D8%A7%D9%84%D8%B9%D9%8A%D9%86,0,611,0%,5.26
https://www.rukn-eltatawer.com/ras-al-khaimah-roof-insulation-company/#%D8%B4%D8%B1%D9%83%D8%A9_%D8%B9%D8%B2%D9%84_%D8%A3%D8%B3%D8%B7%D8%AD_%D9%81%D9%88%D9%85_%D8%B1%D8%A3%D8%B3_%D8%A7%D9%84%D8%AE%D9%8A%D9%85%D8%A9,0,611,0%,5.53
https://www.rukn-eltatawer.com/ras-al-khaimah-roof-insulation-company/#%D8%AE%D8%AF%D9%85%D8%A7%D8%AA_%D8%B9%D8%B2%D9%84_%D8%A3%D8%B3%D8%B7%D8%AD_%D8%A8%D8%B1%D8%A7%D8%B3_%D8%A7%D9%84%D8%AE%D9%8A%D9%85%D8%A9,0,611,0%,5.55
https://www.rukn-eltatawer.com/air-conditioner-cleaning-company-in-ras-al-khaimah/#%D8%B4%D8%B1%D9%83%D8%A9_%D8%AA%D9%86%D8%B8%D9%8A%D9%81_%D9%85%D9%83%D9%8A%D9%81%D8%A7%D8%AA_%D9%81%D9%8A_%D8%B1%D8%A3%D8%B3_%D8%A7%D9%84%D8%AE%D9%8A%D9%85%D8%A9,0,610,0%,6.55
https://www.rukn-eltatawer.com/roof-insulation-in-abu-dhabi/#%D9%81%D9%88%D8%A7%D8%A6%D8%AF_%D8%B9%D8%B2%D9%84_%D8%A7%D8%B3%D8%B7%D8%AD_%D8%A7%D9%84%D9%85%D9%86%D8%A7%D8%B2%D9%84_%D9%81%D9%8A_%D8%B4%D8%B1%D9%83%D8%A9_%D8%B9%D8%B2%D9%84_%D8%A3%D8%B3%D8%B7%D8%AD_%D9%81%D9%8A_%D8%A3%D8%A8%D9%88%D8%B8%D8%A8%D9%8A,0,608,0%,4.24
https://www.rukn-eltatawer.com/dyeing-in-al-ain/#%D8%A7%D9%81%D8%B6%D9%84_%D8%B5%D8%A8%D8%A7%D8%BA_%D9%81%D9%8A_%D8%A7%D9%84%D8%B9%D9%8A%D9%86,0,600,0%,5.36
https://www.rukn-eltatawer.com/umm-al-quwain-sewage-wiring/#%D9%85%D9%85%D9%8A%D8%B2%D8%A7%D8%AA_%D8%B4%D8%B1%D9%83%D8%A9_%D8%AA%D8%B3%D9%84%D9%8A%D9%83_%D8%A7%D9%84%D9%85%D8%AC%D8%A7%D8%B1%D9%8A_%D9%81%D9%8A_%D8%A3%D9%85_%D8%A7%D9%84%D9%82%D9%8A%D9%88%D9%8A%D9%86,0,599,0%,4.96
https://www.rukn-eltatawer.com/umm-al-quwain-sewage-wiring/#%D8%AE%D8%AF%D9%85%D8%A7%D8%AA_%D8%B4%D8%B1%D9%83%D8%A9_%D8%AA%D8%B3%D9%84%D9%8A%D9%83_%D8%A7%D9%84%D9%85%D8%AC%D8%A7%D8%B1%D9%8A_%D9%81%D9%8A_%D8%A3%D9%85_%D8%A7%D9%84%D9%82%D9%8A%D9%88%D9%8A%D9%86,0,598,0%,4.95
https://www.rukn-eltatawer.com/dyeing-in-al-ain/#%D8%B4%D8%B1%D9%83%D8%A9_%D8%B5%D8%A8%D8%BA_%D9%81%D9%8A_%D8%A8%D8%A7%D9%84%D8%B9%D9%8A%D9%86,0,593,0%,5.2
https://www.rukn-eltatawer.com/dubai-tank-cleaning-company/#%D8%A7%D9%84%D8%A3%D8%AF%D9%88%D8%A7%D8%AA_%D8%A7%D9%84%D8%AA%D9%8A_%D8%AA%D8%B3%D8%AA%D8%AE%D8%AF%D9%85%D9%87%D8%A7_%D8%A7%D9%84%D8%B4%D8%B1%D9%83%D8%A9_%D9%81%D9%8A_%D8%AA%D9%86%D8%B8%D9%8A%D9%81_%D8%A7%D9%84%D8%AE%D8%B2%D8%A7%D9%86%D8%A7%D8%AA,0,592,0%,3.46
https://www.rukn-eltatawer.com/dyeing-in-al-ain/#%D8%B4%D8%B1%D9%83%D8%A7%D8%AA_%D8%B5%D8%A8%D8%BA_%D9%81%D9%8A_%D8%A7%D9%84%D8%B9%D9%8A%D9%86,0,583,0%,5.25
https://www.rukn-eltatawer.com/air-conditioner-cleaning-company-in-al-ain/#%D8%AE%D8%AF%D9%85%D8%A7%D8%AA_%D8%B4%D8%B1%D9%83%D8%A9_%D8%A7%D8%B5%D9%84%D8%A7%D8%AD_%D9%85%D9%83%D9%8A%D9%81%D8%A7%D8%AA_%D9%81%D9%8A_%D8%A7%D9%84%D8%B9%D9%8A%D9%86,0,578,0%,7.53
https://www.rukn-eltatawer.com/water-leak-detection-company-in-ajman/#%D8%A3%D8%AC%D9%87%D8%B2%D9%87_%D9%83%D8%B4%D9%81_%D8%AA%D8%B3%D8%B1%D9%8A%D8%A8%D8%A7%D8%AA_%D8%A7%D9%84%D9%85%D9%8A%D8%A7%D9%87_%D8%A8%D8%B9%D8%AC%D9%85%D8%A7%D9%86,0,577,0%,4.16
https://www.rukn-eltatawer.com/water-leak-detection-company-in-qatar/#%D8%A3%D9%87%D9%85%D9%8A%D8%A9_%D9%83%D8%B4%D9%81_%D8%AA%D8%B3%D8%B1%D8%A8%D8%A7%D8%AA_%D8%A7%D9%84%D9%85%D9%8A%D8%A7%D9%87_%D8%AD%D9%85%D8%A7%D9%8A%D8%A9_%D9%84%D9%85%D9%86%D8%B2%D9%84%D9%83_%D9%88%D8%A7%D8%B3%D8%AA%D8%AB%D9%85%D8%A7%D8%B1%D9%83,0,572,0%,4.71
https://www.rukn-eltatawer.com/pest-control-company-in-al-ain/#%D8%B1%D8%B4_%D8%AD%D8%B4%D8%B1%D8%A7%D8%AA_%D8%A7%D9%84%D8%B9%D9%8A%D9%86,0,571,0%,2.72
https://www.rukn-eltatawer.com/cold-and-freezing-room-maintenance-in-dubai/#%D8%A3%D9%87%D9%85%D9%8A%D8%A9_%D8%B5%D9%8A%D8%A7%D9%86%D8%A9_%D8%BA%D8%B1%D9%81_%D8%A7%D9%84%D8%AA%D8%A8%D8%B1%D9%8A%D8%AF_%D9%88%D8%A7%D9%84%D8%AA%D8%AC%D9%85%D9%8A%D8%AF_%D9%81%D9%8A_%D8%AF%D8%A8%D9%8A,0,571,0%,6.58
https://www.rukn-eltatawer.com/cold-and-freezing-room-maintenance-in-dubai/#%D8%A5%D8%AC%D8%B1%D8%A7%D8%A1%D8%A7%D8%AA_%D8%A7%D9%84%D8%B5%D9%8A%D8%A7%D9%86%D8%A9_%D8%A7%D9%84%D9%88%D9%82%D8%A7%D8%A6%D9%8A%D8%A9,0,571,0%,6.58
https://www.rukn-eltatawer.com/cold-and-freezing-room-maintenance-in-dubai/#%D8%B9%D9%84%D8%A7%D9%85%D8%A7%D8%AA_%D8%A7%D9%84%D8%A7%D8%B3%D8%AA%D8%AF%D9%84%D8%A7%D9%84_%D8%A8%D8%AD%D8%A7%D8%AC%D8%A9_%D8%A7%D9%84%D8%BA%D8%B1%D9%81_%D9%84%D9%84%D8%B5%D9%8A%D8%A7%D9%86%D8%A9,0,571,0%,6.58
https://www.rukn-eltatawer.com/hourly-cleaning-maids-sharjah/#%D8%B4%D8%BA%D8%A7%D9%84%D8%A7%D8%AA_%D8%A8%D9%86%D8%B8%D8%A7%D9%85_%D8%A7%D9%84%D8%B3%D8%A7%D8%B9%D8%A9_%D9%81%D9%8A_%D8%A7%D9%84%D8%B4%D8%A7%D8%B1%D9%82%D8%A9,0,569,0%,3.39
https://www.rukn-eltatawer.com/water-leak-detection-company-in-qatar/#%D8%AA%D9%82%D9%86%D9%8A%D8%A7%D8%AA_%D8%B4%D8%B1%D9%83%D8%A9_%D9%83%D8%B4%D9%81_%D8%AA%D8%B3%D8%B1%D8%A8%D8%A7%D8%AA_%D8%A7%D9%84%D9%85%D9%8A%D8%A7%D9%87_%D9%81%D9%8A_%D9%82%D8%B7%D8%B1,0,569,0%,4.72
https://www.rukn-eltatawer.com/dubai-carpet-cleaning-company/#%D8%B4%D8%B1%D9%83%D8%A9_%D8%BA%D8%B3%D9%8A%D9%84_%D8%B3%D8%AC%D8%A7%D8%AF_%D8%A8%D8%AF%D8%A8%D9%8A,0,562,0%,5.49
https://www.rukn-eltatawer.com/dyeing-abu-dhabi/#%D8%B4%D8%B1%D9%83%D8%A7%D8%AA_%D8%B5%D8%A8%D8%BA_%D9%81%D9%8A_%D8%A7%D8%A8%D9%88%D8%B8%D8%A8%D9%8A,0,560,0%,5.58
https://www.rukn-eltatawer.com/dyeing-abu-dhabi/#%D9%85%D8%B2%D8%A7%D9%8A%D8%A7_%D8%B4%D8%B1%D9%83%D8%A9_%D8%B5%D8%A8%D8%BA_%D9%81%D9%8A_%D8%A3%D8%A8%D9%88%D8%B8%D8%A8%D9%8A,0,559,0%,5.58
https://www.rukn-eltatawer.com/ceramic-installation-company-in-dubai/#%D8%AE%D8%AF%D9%85%D8%A7%D8%AA_%D8%B4%D8%B1%D9%83%D8%A9_%D8%AA%D8%B1%D9%83%D9%8A%D8%A8_%D8%B3%D9%8A%D8%B1%D8%A7%D9%85%D9%8A%D9%83_%D9%81%D9%8A_%D8%AF%D8%A8%D9%8A,0,557,0%,3.73
https://www.rukn-eltatawer.com/abu-dhabi-sofa-cleaning-company/#%D8%AE%D8%AF%D9%85%D8%A7%D8%AA_%D8%B4%D8%B1%D9%83%D8%A9_%D8%AA%D9%86%D8%B8%D9%8A%D9%81_%D9%83%D9%86%D8%A8_%D8%A3%D8%A8%D9%88%D8%B8%D8%A8%D9%8A,0,551,0%,8.38
https://www.rukn-eltatawer.com/cold-and-freezing-room-maintenance-in-dubai/#%D8%A3%D9%81%D8%B6%D9%84_%D8%A7%D9%84%D9%85%D9%85%D8%A7%D8%B1%D8%B3%D8%A7%D8%AA_%D9%84%D9%84%D8%B5%D9%8A%D8%A7%D9%86%D8%A9_%D8%A7%D9%84%D9%88%D9%82%D8%A7%D8%A6%D9%8A%D8%A9_%D9%81%D9%8A_%D8%BA%D8%B1%D9%81_%D8%A7%D9%84%D8%AA%D8%A8%D8%B1%D9%8A%D8%AF,0,548,0%,6.61
https://www.rukn-eltatawer.com/cold-and-freezing-room-maintenance-in-dubai/#%D8%AA%D8%A3%D8%AB%D9%8A%D8%B1_%D8%A7%D9%84%D9%85%D9%86%D8%A7%D8%AE_%D8%B9%D9%84%D9%89_%D8%BA%D8%B1%D9%81_%D8%A7%D9%84%D8%AA%D8%A8%D8%B1%D9%8A%D8%AF_%D9%88%D8%A7%D9%84%D8%AA%D8%AC%D9%85%D9%8A%D8%AF,0,548,0%,6.61
https://www.rukn-eltatawer.com/ras-al-khaimah-sewage-wiring-company/#%D8%B9%D9%84%D8%A7%D8%AC_%D8%A7%D9%86%D8%B3%D8%AF%D8%A7%D8%AF_%D8%A7%D9%84%D9%85%D8%AC%D8%A7%D8%B1%D9%8A_%D9%81%D9%8A_%D8%A7%D9%84%D9%85%D8%B7%D8%A8%D8%AE,0,548,0%,6.63
https://www.rukn-eltatawer.com/water-leak-detection-company-in-ajman/#%D9%81%D9%86%D9%8A_%D9%83%D8%B4%D9%81_%D8%AA%D8%B3%D8%B1%D8%A8%D8%A7%D8%AA_%D8%A7%D9%84%D9%85%D9%8A%D8%A7%D9%87_%D9%81%D9%8A_%D8%B9%D8%AC%D9%85%D8%A7%D9%86,0,546,0%,4.21
https://www.rukn-eltatawer.com/dubai-carpet-cleaning-company/#%D8%AE%D8%AF%D9%85%D8%A7%D8%AA_%D8%B4%D8%B1%D9%83%D8%A9_%D8%B1%D9%83%D9%86_%D8%A7%D9%84%D8%AA%D8%B7%D9%88%D8%B1,0,546,0%,5.44
https://www.rukn-eltatawer.com/dyeing-abu-dhabi/#%D8%A3%D8%B3%D8%B9%D8%A7%D8%B1_%D8%B4%D8%B1%D9%83%D8%A9_%D8%B1%D9%83%D9%86_%D8%A7%D9%84%D8%AA%D8%B7%D9%88%D8%B1,0,544,0%,5.53
https://www.rukn-eltatawer.com/dyeing-abu-dhabi/#%D8%B4%D8%B1%D9%83%D8%A7%D8%AA_%D8%AF%D9%87%D8%A7%D9%86%D8%A7%D8%AA_%D9%81%D9%8A_%D8%A3%D8%A8%D9%88%D8%B8%D8%A8%D9%8A,0,539,0%,5.61
https://www.rukn-eltatawer.com/ceramic-installation-company-in-dubai/#%D8%AE%D8%A8%D8%B1%D8%A9_%D9%88%D9%83%D9%81%D8%A7%D8%A1%D8%A9_%D8%A7%D9%84%D9%81%D9%86%D9%8A_%D8%A7%D9%84%D9%85%D8%A8%D9%84%D8%B7_%D8%B4%D8%B1%D9%83%D8%A9_%D8%AA%D8%B1%D9%83%D9%8A%D8%A8_%D8%B3%D9%8A%D8%B1%D8%A7%D9%85%D9%8A%D9%83_%D9%81%D9%8A_%D8%AF%D8%A8%D9%8A,0,536,0%,3.71
https://www.rukn-eltatawer.com/umm-al-quwain-roof-insulation-company/#%D8%B4%D8%B1%D9%83%D8%A9_%D8%B9%D8%B2%D9%84_%D8%AE%D8%B2%D8%A7%D9%86%D8%A7%D8%AA_%D9%81%D9%8A_%D8%A3%D9%85_%D8%A7%D9%84%D9%82%D9%8A%D9%88%D9%8A%D9%86,0,532,0%,3.69
https://www.rukn-eltatawer.com/sharjah-pigeons-repellent-installation-company/#%D8%B4%D8%B1%D9%83%D8%A9_%D9%85%D9%83%D8%A7%D9%81%D8%AD%D8%A9_%D8%AD%D9%85%D8%A7%D9%85_%D9%88_%D8%AA%D8%B1%D9%83%D9%8A%D8%A8_%D8%B7%D8%A7%D8%B1%D8%AF_%D8%AD%D9%85%D8%A7%D9%85_%D8%A7%D9%84%D8%B4%D8%A7%D8%B1%D9%82%D8%A9,0,532,0%,4.75
https://www.rukn-eltatawer.com/house-cleaning-company-in-ajman/#%D8%A3%D9%81%D8%B6%D9%84_%D8%B4%D8%B1%D9%83%D8%A9_%D8%AA%D9%86%D8%B8%D9%8A%D9%81_%D9%81%D9%8A_%D8%B9%D8%AC%D9%85%D8%A7%D9%86,0,530,0%,6.61
https://www.rukn-eltatawer.com/ceramic-installation-company-in-dubai/#%D9%85%D8%A7_%D9%87%D9%8A_%D8%A7%D9%84%D8%AE%D8%AF%D9%85%D8%A7%D8%AA_%D8%A7%D9%84%D8%AA%D9%8A_%D8%AA%D9%82%D8%AF%D9%85%D9%87%D8%A7_%D8%A3%D9%81%D8%B6%D9%84_%D8%B4%D8%B1%D9%83%D8%A9_%D8%AA%D8%B1%D9%83%D9%8A%D8%A8_%D8%B3%D9%8A%D8%B1%D8%A7%D9%85%D9%8A%D9%83_%D9%81%D9%8A_%D8%AF%D8%A8%D9%8A%D8%9F,0,529,0%,3.73
https://www.rukn-eltatawer.com/al-ain-villas-cleaning-company/#%D8%A3%D9%81%D8%B6%D9%84_%D8%B4%D8%B1%D9%83%D8%A9_%D8%AA%D9%86%D8%B8%D9%8A%D9%81_%D9%81%D9%84%D9%84_%D8%A8%D8%A7%D9%84%D8%B9%D9%8A%D9%86,0,529,0%,4.45
https://www.rukn-eltatawer.com/al-ain-villas-cleaning-company/#%D8%B4%D8%B1%D9%83%D8%A9_%D8%AA%D8%B9%D9%82%D9%8A%D9%85_%D9%81%D9%8A_%D8%A7%D9%84%D8%B9%D9%8A%D9%86,0,529,0%,4.45
https://www.rukn-eltatawer.com/al-ain-villas-cleaning-company/#%D8%B4%D8%B1%D9%83%D8%A9_%D9%86%D8%B8%D8%A7%D9%81%D8%A9_%D9%81%D9%84%D9%84_%D8%A8%D8%A7%D9%84%D8%B9%D9%8A%D9%86,0,529,0%,4.45
https://www.rukn-eltatawer.com/ceramic-installation-company-in-dubai/#%D8%A3%D9%87%D9%85%D9%8A%D8%A9_%D8%A7%D8%AE%D8%AA%D9%8A%D8%A7%D8%B1_%D9%81%D9%86%D9%8A_%D9%85%D8%A8%D9%84%D8%B7_%D9%85%D8%AD%D8%AA%D8%B1%D9%81_%D8%B4%D8%B1%D9%83%D8%A9_%D8%AA%D8%B1%D9%83%D9%8A%D8%A8_%D8%B3%D9%8A%D8%B1%D8%A7%D9%85%D9%8A%D9%83_%D9%81%D9%8A_%D8%AF%D8%A8%D9%8A,0,528,0%,3.72
https://www.rukn-eltatawer.com/ceramic-installation-company-in-dubai/#%D8%AF%D8%B1%D8%A7%D8%B3%D8%A7%D8%AA_%D8%AD%D8%A7%D9%84%D8%A9_%D9%88%D8%AA%D8%AC%D8%A7%D8%B1%D8%A8_%D8%B9%D9%85%D9%84%D8%A7%D8%A1_%D8%B4%D8%B1%D9%83%D8%A9_%D8%AA%D8%B1%D9%83%D9%8A%D8%A8_%D8%B3%D9%8A%D8%B1%D8%A7%D9%85%D9%8A%D9%83_%D9%81%D9%8A_%D8%AF%D8%A8%D9%8A,0,526,0%,3.7
https://www.rukn-eltatawer.com/dubai-pigeons-repellent-installation/#%D8%B4%D8%B1%D9%83%D8%A7%D8%AA_%D9%85%D9%83%D8%A7%D9%81%D8%AD%D8%A9_%D8%A7%D9%84%D8%AD%D9%85%D8%A7%D9%85_%D8%AF%D8%A7%D8%AE%D9%84_%D8%A7%D9%84%D8%A7%D9%85%D8%A7%D8%B1%D8%A7%D8%AA,0,520,0%,3.5
https://www.rukn-eltatawer.com/steam-car-wash-abu-dhabi/,0,514,0%,14.58
https://www.rukn-eltatawer.com/air-conditioner-cleaning-company-in-al-ain/#%D8%A3%D8%B3%D8%B9%D8%A7%D8%B1_%D8%AA%D9%86%D8%B8%D9%8A%D9%81_%D8%A7%D9%84%D9%85%D9%83%D9%8A%D9%81%D8%A7%D8%AA_%D9%81%D9%8A_%D8%A7%D9%84%D8%B9%D9%8A%D9%86,0,507,0%,7.57
https://www.rukn-eltatawer.com/water-leak-detection-company-in-al-ain/#%D8%A3%D8%B3%D8%A8%D8%A7%D8%A8_%D8%AA%D8%B3%D8%B1%D8%A8%D8%A7%D8%AA_%D8%A7%D9%84%D9%85%D9%8A%D8%A7%D9%87_%D9%81%D9%8A_%D8%A7%D9%84%D8%B9%D9%8A%D9%86_%E2%80%93_%D8%B4%D8%B1%D9%83%D8%A9_%D9%83%D8%B4%D9%81_%D8%AA%D8%B3%D8%B1%D8%A8%D8%A7%D8%AA_%D8%A7%D9%84%D9%85%D9%8A%D8%A7%D9%87_%D9%81%D9%8A_%D8%A7%D9%84%D8%B9%D9%8A%D9%86_%D8%B1%D9%83%D9%86_%D8%A7%D9%84%D8%AA%D8%B7%D9%88%D8%B1_%D8%A7%D9%84%D8%AA%D8%B4%D8%AE%D9%8A%D8%B5_%D8%A7%D9%84%D8%AC%D8%B0%D8%B1%D9%8A_%D8%A7%D9%84%D8%B0%D9%8A_%D9%84%D8%A7_%D9%8A%D9%8F%D8%AE%D8%A8%D8%B1%D9%83_%D8%A8%D9%87_%D8%A3%D8%AD%D8%AF,0,503,0%,2.68
https://www.rukn-eltatawer.com/ajman-roof-insulation-company/#%D8%AE%D8%B7%D9%88%D8%A7%D8%AA_%D8%B9%D9%85%D9%84_%D8%B4%D8%B1%D9%83%D8%A9_%D8%B9%D8%B2%D9%84_%D8%A7%D8%B3%D8%B7%D8%AD_%D9%81%D9%8A_%D8%B9%D8%AC%D9%85%D8%A7%D9%86,0,502,0%,3.11
https://www.rukn-eltatawer.com/fujairah-sofa-cleaning-company/#%D8%A3%D9%81%D8%B6%D9%84_%D8%B4%D8%B1%D9%83%D8%A9_%D8%AA%D9%86%D8%B8%D9%8A%D9%81_%D9%83%D9%86%D8%A8_%D8%A8%D8%A7%D9%84%D9%81%D8%AC%D9%8A%D8%B1%D8%A9,0,497,0%,4.33
https://www.rukn-eltatawer.com/water-leak-detection-company-in-qatar/#%D8%AE%D8%AF%D9%85%D8%A7%D8%AA_%D8%B4%D8%B1%D9%83%D8%A9_%D8%B1%D9%83%D9%86_%D8%A7%D9%84%D8%AA%D8%B7%D9%88%D8%B1_%D9%81%D9%8A_%D9%82%D8%B7%D8%B1,0,496,0%,4.9
https://www.rukn-eltatawer.com/dyeing-ras-al-khaimah/#%D8%B4%D8%B1%D9%83%D8%A7%D8%AA_%D8%A7%D9%84%D8%B5%D8%A8%D8%BA_%D9%81%D9%8A_%D8%B1%D8%A7%D8%B3_%D8%A7%D9%84%D8%AE%D9%8A%D9%85%D8%A9,0,496,0%,6.57
https://www.rukn-eltatawer.com/dyeing-ras-al-khaimah/#%D8%B4%D8%B1%D9%83%D8%A7%D8%AA_%D8%B5%D8%A8%D8%BA_%D9%81%D9%8A_%D8%B1%D8%A7%D8%B3_%D8%A7%D9%84%D8%AE%D9%8A%D9%85%D8%A9,0,496,0%,6.57
https://www.rukn-eltatawer.com/fujairah-sofa-cleaning-company/#%D8%AA%D9%86%D8%B8%D9%8A%D9%81_%D8%A7%D9%84%D9%83%D9%86%D8%A8_%D8%A8%D8%A7%D9%84%D8%A8%D8%AE%D8%A7%D8%B1,0,495,0%,4.33
https://www.rukn-eltatawer.com/dyeing-ras-al-khaimah/#%D8%B5%D8%A8%D8%A7%D8%BA_%D9%81%D9%8A_%D8%B1%D8%A7%D8%B3_%D8%A7%D9%84%D8%AE%D9%8A%D9%85%D8%A9,0,495,0%,6.58
https://www.rukn-eltatawer.com/roof-insulation-company-al-ain/#%D9%85%D8%A7_%D9%87%D9%8A_%D9%85%D9%88%D8%A7%D8%AF_%D8%B4%D8%B1%D9%83%D8%A9_%D8%B9%D8%B2%D9%84_%D8%A3%D8%B3%D8%B7%D8%AD_%D8%A7%D9%84%D8%B9%D9%8A%D9%86%D8%9F,0,494,0%,2.67
https://www.rukn-eltatawer.com/ceramic-installation-company-in-dubai/#%D8%A3%D9%87%D9%85%D9%8A%D8%A9_%D8%A7%D8%AE%D8%AA%D9%8A%D8%A7%D8%B1_%D8%B4%D8%B1%D9%83%D8%A9_%D8%AA%D8%B1%D9%83%D9%8A%D8%A8_%D8%B3%D9%8A%D8%B1%D8%A7%D9%85%D9%8A%D9%83_%D9%81%D9%8A_%D8%AF%D8%A8%D9%8A_%D8%A7%D9%84%D9%85%D9%86%D8%A7%D8%B3%D8%A8%D8%A9,0,491,0%,3.52
https://www.rukn-eltatawer.com/umm-al-quwain-roof-insulation-company/#%D8%A7%D9%81%D8%B6%D9%84_%D8%B4%D8%B1%D9%83%D8%A9_%D8%B9%D8%B2%D9%84_%D8%A3%D8%B3%D8%B7%D8%AD_%D8%A3%D9%85_%D8%A7%D9%84%D9%82%D9%8A%D9%88%D9%8A%D9%86,0,490,0%,3.62
https://www.rukn-eltatawer.com/parquet-installation-company-in-dubai/#%D8%A3%D9%81%D8%B6%D9%84_%D8%B4%D8%B1%D9%83%D8%A9_%D8%AA%D8%B1%D9%83%D9%8A%D8%A8_%D8%A8%D8%A7%D8%B1%D9%83%D9%8A%D9%87_%D9%81%D9%8A_%D8%AF%D8%A8%D9%8A,0,489,0%,2.54
https://www.rukn-eltatawer.com/parquet-installation-company-in-dubai/#%D8%A3%D9%86%D9%88%D8%A7%D8%B9_%D8%A7%D9%84%D8%A8%D8%A7%D8%B1%D9%83%D9%8A%D9%87_%D8%A7%D9%84%D8%AA%D9%89_%D8%AA%D9%88%D9%81%D8%B1%D9%87%D8%A7_%D8%B4%D8%B1%D9%83%D8%A9_%D8%AA%D8%B1%D9%83%D9%8A%D8%A8_%D8%A8%D8%A7%D8%B1%D9%83%D9%8A%D9%87_%D9%81%D9%8A_%D8%AF%D8%A8%D9%8A,0,489,0%,2.54
https://www.rukn-eltatawer.com/insect-control-in-dubai/#%D8%B4%D8%B1%D9%83%D8%A9_%D9%85%D8%A8%D9%8A%D8%AF%D8%A7%D8%AA_%D8%AD%D8%B4%D8%B1%D9%8A%D8%A9_%D9%81%D9%8A_%D8%AF%D8%A8%D9%8A,0,483,0%,3.7
https://www.rukn-eltatawer.com/water-leak-detection-company-in-ajman/#%D9%83%D8%B4%D9%81_%D8%AA%D8%B3%D8%B1%D8%A8%D8%A7%D8%AA_%D8%A7%D9%84%D9%85%D9%8A%D8%A7%D9%87_%D9%81%D9%8A_%D8%B9%D8%AC%D9%85%D8%A7%D9%86_%D8%A8%D8%AF%D9%88%D9%86_%D8%AA%D9%83%D8%B3%D9%8A%D8%B1,0,481,0%,4.22
https://www.rukn-eltatawer.com/insulators-company-in-sharjah/#%D9%85%D8%A7_%D8%A3%D9%86%D9%88%D8%A7%D8%B9_%D8%B9%D9%88%D8%A7%D8%B2%D9%84_%D8%A7%D8%B3%D8%B7%D8%AD_%D9%81%D9%8A_%D8%A7%D9%84%D8%B4%D8%A7%D8%B1%D9%82%D8%A9_%D8%A7%D9%84%D8%AA%D9%8A_%D9%86%D9%88%D9%81%D8%B1%D9%87%D8%A7%D8%9F,0,480,0%,2.44
https://www.rukn-eltatawer.com/fujairah-sofa-cleaning-company/#%D8%B4%D8%B1%D9%83%D8%A9_%D8%AA%D9%86%D8%B8%D9%8A%D9%81_%D9%83%D9%86%D8%A8_%D9%81%D9%8A_%D8%A7%D9%84%D9%81%D8%AC%D9%8A%D8%B1%D8%A9,0,479,0%,4.29
https://www.rukn-eltatawer.com/sewer-wiring-abu-dhabi/#%D8%B3%D9%8A%D8%A7%D8%B1%D8%A7%D8%AA_%D8%AA%D8%B3%D9%84%D9%8A%D9%83_%D9%85%D8%AC%D8%A7%D8%B1%D9%8A_%D9%81%D9%8A_%D8%A7%D8%A8%D9%88%D8%B8%D8%A8%D9%8A,0,471,0%,5.55
https://www.rukn-eltatawer.com/cold-and-freezing-room-maintenance-in-dubai/#%D8%A3%D9%85%D8%AB%D9%84%D8%A9_%D8%AA%D9%88%D8%B6%D9%8A%D8%AD%D9%8A%D8%A9_%D9%85%D9%86_%D8%B3%D9%88%D9%82_%D8%AF%D8%A8%D9%8A,0,471,0%,6.37
https://www.rukn-eltatawer.com/insulators-company-in-sharjah/#%D8%B9%D8%B2%D9%84_%D8%A7%D9%84%D8%A7%D8%B3%D8%B7%D8%AD_%D8%A8%D8%A7%D9%84%D8%A7%D9%8A%D8%A8%D9%88%D9%83%D8%B3%D9%8A_%D9%81%D9%8A_%D8%A7%D9%84%D8%B4%D8%A7%D8%B1%D9%82%D8%A9,0,456,0%,2.28
https://www.rukn-eltatawer.com/water-leak-detection-company-in-fujairah/#%D8%A3%D9%81%D8%B6%D9%84_%D8%B4%D8%B1%D9%83%D8%A9_%D9%83%D8%B4%D9%81_%D8%AA%D8%B3%D8%B1%D8%A8%D8%A7%D8%AA_%D8%A7%D9%84%D9%85%D9%8A%D8%A7%D9%87_%D9%81%D9%8A_%D8%A7%D9%84%D9%81%D8%AC%D9%8A%D8%B1%D8%A9,0,455,0%,7
https://www.rukn-eltatawer.com/water-leak-detection-company-in-fujairah/#%D8%AE%D8%AF%D9%85%D8%A7%D8%AA_%D8%B4%D8%B1%D9%83%D8%A9_%D9%83%D8%B4%D9%81_%D8%AA%D8%B3%D8%B1%D8%A8%D8%A7%D8%AA_%D8%A7%D9%84%D9%85%D9%8A%D8%A7%D9%87_%D9%81%D9%8A_%D8%A7%D9%84%D9%81%D8%AC%D9%8A%D8%B1%D8%A9,0,455,0%,7
https://www.rukn-eltatawer.com/sharjah-soundproofing-installation-company/#%D8%AE%D8%AF%D9%85%D8%A7%D8%AA_%D8%B4%D8%B1%D9%83%D8%A9_%D8%B9%D8%B2%D9%84_%D8%B5%D9%88%D8%AA_%D9%81%D9%8A_%D8%A7%D9%84%D8%B4%D8%A7%D8%B1%D9%82%D8%A9,0,451,0%,4.8
https://www.rukn-eltatawer.com/roof-insulation-company-al-ain/#%D9%85%D9%85%D9%8A%D8%B2%D8%A7%D8%AA_%D8%B4%D8%B1%D9%83%D8%A9_%D8%B9%D8%B2%D9%84_%D8%A3%D8%B3%D8%B7%D8%AD_%D8%A7%D9%84%D8%B9%D9%8A%D9%86,0,445,0%,2.61
https://www.rukn-eltatawer.com/sharjah-soundproofing-installation-company/#%D8%B4%D8%B1%D9%83%D8%A7%D8%AA_%D8%B9%D8%B2%D9%84_%D8%A7%D9%84%D8%B5%D9%88%D8%AA_%D9%81%D9%8A_%D8%A7%D9%84%D8%A5%D9%85%D8%A7%D8%B1%D8%A7%D8%AA,0,445,0%,4.8
https://www.rukn-eltatawer.com/roof-insulation-company-al-ain/#%D8%B9%D8%B2%D9%84_%D8%A3%D8%B3%D8%B7%D8%AD_%D8%B4%D9%8A%D9%86%D9%83%D9%88_%D8%A8%D8%A7%D9%84%D8%B9%D9%8A%D9%86,0,442,0%,2.61
https://www.rukn-eltatawer.com/abu-dhabi-sofa-cleaning-company/#%D8%A3%D9%81%D8%B6%D9%84_%D8%B4%D8%B1%D9%83%D8%A9_%D9%85%D8%B6%D9%85%D9%88%D9%86%D8%A9_%D9%84%D8%AA%D9%86%D8%B8%D9%8A%D9%81_%D8%A7%D9%84%D9%83%D9%86%D8%A8_%D9%81%D9%8A_%D8%A3%D8%A8%D9%88_%D8%B8%D8%A8%D9%8A,0,442,0%,8.2
https://www.rukn-eltatawer.com/pest-control-company-in-ajman/#%D8%A3%D9%86%D9%88%D8%A7%D8%B9_%D8%A7%D9%84%D8%AD%D8%B4%D8%B1%D8%A7%D8%AA_%D8%A7%D9%84%D8%AA%D9%8A_%D8%AA%D9%82%D9%88%D9%85_%D8%B4%D8%B1%D9%83%D8%AA%D9%86%D8%A7_%D8%A8%D8%A7%D9%84%D9%82%D8%B6%D8%A7%D8%A1_%D8%B9%D9%84%D9%8A%D9%87%D8%A7_%D9%81%D9%8A_%D8%B9%D8%AC%D9%85%D8%A7%D9%86,0,440,0%,4.41
https://www.rukn-eltatawer.com/air-conditioner-cleaning-company-in-al-ain/#%D9%81%D9%86%D9%8A_%D8%AA%D9%83%D9%8A%D9%8A%D9%81,0,437,0%,7.51
https://www.rukn-eltatawer.com/ajman-villas-cleaning-company/#%D8%A3%D9%81%D8%B6%D9%84_%D8%B4%D8%B1%D9%83%D8%A9_%D8%AA%D9%86%D8%B8%D9%8A%D9%81_%D9%81%D9%84%D9%84_%D8%A8%D8%B9%D8%AC%D9%85%D8%A7%D9%86,0,436,0%,5.23
https://www.rukn-eltatawer.com/water-leak-detection-company-in-ajman/#%D8%B4%D8%B1%D9%83%D8%A9_%D9%83%D8%B4%D9%81_%D8%AA%D8%B3%D8%B1%D9%8A%D8%A8%D8%A7%D8%AA_%D8%A7%D9%84%D9%85%D8%A7%D9%87_%D8%A8%D8%B9%D8%AC%D9%85%D8%A7%D9%86,0,432,0%,4.22
https://www.rukn-eltatawer.com/air-conditioner-cleaning-company-in-umm-al-quwain/#%D8%A3%D9%81%D8%B6%D9%84_%D8%B4%D8%B1%D9%83%D8%A9_%D8%AA%D9%86%D8%B8%D9%8A%D9%81_%D9%85%D9%83%D9%8A%D9%81%D8%A7%D8%AA_%D9%81%D9%8A_%D8%A7%D9%85_%D8%A7%D9%84%D9%82%D9%8A%D9%88%D9%8A%D9%86,0,430,0%,4.99
https://www.rukn-eltatawer.com/air-conditioner-cleaning-company-in-umm-al-quwain/#%D8%B4%D8%B1%D9%83%D8%A9_%D8%AA%D9%86%D8%B8%D9%8A%D9%81_%D9%85%D9%83%D9%8A%D9%81%D8%A7%D8%AA_%D9%81%D9%8A_%D8%A7%D9%85_%D8%A7%D9%84%D9%82%D9%8A%D9%88%D9%8A%D9%86,0,430,0%,4.99
https://www.rukn-eltatawer.com/abu-dhabi-kitchen-cleaning-company/#%D8%A7%D9%81%D8%B6%D9%84_%D8%B4%D8%B1%D9%83%D8%A9_%D8%AA%D9%86%D8%B8%D9%8A%D9%81_%D9%85%D8%B7%D8%A7%D8%A8%D8%AE_%D9%81%D9%8A_%D8%A3%D8%A8%D9%88%D8%B8%D8%A8%D9%8A,0,429,0%,3.48
https://www.rukn-eltatawer.com/fujairah-sofa-cleaning-company/#%D8%B4%D8%B1%D9%83%D8%A7%D8%AA_%D8%AA%D9%86%D8%B8%D9%8A%D9%81_%D9%83%D9%86%D8%A8_%D8%A7%D9%84%D9%81%D8%AC%D9%8A%D8%B1%D8%A9,0,425,0%,4.48
https://www.rukn-eltatawer.com/al-ain-boards-cleaning-company/#%D8%A3%D9%81%D8%B6%D9%84_%D8%B4%D8%B1%D9%83%D8%A9_%D8%AA%D9%86%D8%B8%D9%8A%D9%81_%D9%85%D8%AC%D8%A7%D9%84%D8%B3_%D8%A7%D9%84%D8%B9%D9%8A%D9%86,0,424,0%,2.21
https://www.rukn-eltatawer.com/al-ain-boards-cleaning-company/#%D8%AE%D8%AF%D9%85%D8%A7%D8%AA_%D8%B4%D8%B1%D9%83%D8%A9_%D8%AA%D9%86%D8%B8%D9%8A%D9%81_%D9%85%D8%AC%D8%A7%D9%84%D8%B3_%D8%A7%D9%84%D8%B9%D9%8A%D9%86,0,424,0%,2.21
https://www.rukn-eltatawer.com/al-ain-villas-cleaning-company/#%D8%AA%D9%86%D8%B8%D9%8A%D9%81_%D9%83%D9%86%D8%A8,0,417,0%,4.13
https://www.rukn-eltatawer.com/hourly-cleaning-maids-dubai/#%D8%A3%D8%B9%D9%85%D8%A7%D9%84_%D8%AA%D9%82%D9%88%D9%85_%D8%A8%D9%87%D8%A7_%D8%B9%D8%A7%D9%85%D9%84%D8%A7%D8%AA_%D8%AA%D9%86%D8%B8%D9%8A%D9%81_%D8%A8%D8%A7%D9%84%D8%B3%D8%A7%D8%B9%D8%A9_%D9%81%D9%8A_%D8%AF%D8%A8%D9%8A,0,413,0%,4.6
https://www.rukn-eltatawer.com/ras-al-khaimah-carpet-cleaning-company/#%D8%A7%D9%81%D8%B6%D9%84_%D8%B4%D8%B1%D9%83%D8%A9_%D8%AA%D9%86%D8%B8%D9%8A%D9%81_%D8%B3%D8%AC%D8%A7%D8%AF_%D8%B1%D8%A3%D8%B3_%D8%A7%D9%84%D8%AE%D9%8A%D9%85%D8%A9,0,408,0%,3.52
https://www.rukn-eltatawer.com/abu-dhabi-kitchen-cleaning-company/#%D8%AE%D8%AF%D9%85%D8%A7%D8%AA_%D8%B4%D8%B1%D9%83%D8%A9_%D8%AA%D9%86%D8%B8%D9%8A%D9%81_%D8%A7%D9%84%D9%85%D8%B7%D8%A7%D8%A8%D8%AE_%D9%88%D8%A5%D8%B2%D8%A7%D9%84%D8%A9_%D8%A7%D9%84%D8%AF%D9%87%D9%88%D9%86_%D8%A8%D8%A7%D8%A8%D9%88_%D8%B8%D8%A8%D9%8A,0,408,0%,3.6