أهم الصفحات,النقرات,عدد الظهور,نسبة النقر إلى الظهور,موضع
https://www.rukn-eltatawer.com/cleaning-company-in-sharjah/,5,199,2.51%,10.53
https://www.rukn-eltatawer.com/leak-detection-company-in-dubai/,4,126,3.17%,5.6
https://www.rukn-eltatawer.com/hourly-cleaning-maids-abu-dhabi/,3,331,0.91%,6.8
https://www.rukn-eltatawer.com/hourly-cleaning-maids-dubai/,2,201,1%,10.46
https://www.rukn-eltatawer.com/insect-control-in-sharjah/,2,139,1.44%,6.06
https://www.rukn-eltatawer.com/hourly-cleaning-maids-sharjah/,2,114,1.75%,16.5
https://www.rukn-eltatawer.com/pest-control-company-in-al-ain/,2,56,3.57%,2.75
https://www.rukn-eltatawer.com/,2,38,5.26%,9.76
https://www.rukn-eltatawer.com/dyeing-in-dubai/,2,23,8.7%,6.09
https://www.rukn-eltatawer.com/abu-dhabi-landscaping-company/,2,22,9.09%,4.41
https://www.rukn-eltatawer.com/abu-dhabi-soundproofing-installation-company/,2,21,9.52%,5.24
https://www.rukn-eltatawer.com/air-conditioner-cleaning-company-in-al-ain/,2,20,10%,24.2
https://www.rukn-eltatawer.com/landscaping-company-in-dubai/,2,13,15.38%,7.62
https://www.rukn-eltatawer.com/parquet-installation-company-in-sharjah/,2,11,18.18%,2.73
https://www.rukn-eltatawer.com/insect-control-in-dubai/,1,193,0.52%,4.9
https://www.rukn-eltatawer.com/insect-control-in-abu-dhabi/,1,157,0.64%,7.36
https://www.rukn-eltatawer.com/cleaning-company-in-dubai/,1,122,0.82%,8.42
https://www.rukn-eltatawer.com/clearing-transactions-in-abu-dhabi/,1,60,1.67%,7.77
https://www.rukn-eltatawer.com/ras-al-khaimah-villas-cleaning-company/,1,54,1.85%,10.91
https://www.rukn-eltatawer.com/abu-dhabi-air-conditioner-cleaning-company/,1,43,2.33%,17.07
https://www.rukn-eltatawer.com/house-cleaning-company-in-fujairah/,1,35,2.86%,3.8
https://www.rukn-eltatawer.com/sewer-wiring-abu-dhabi/,1,34,2.94%,5.71
https://www.rukn-eltatawer.com/general-maintenance-company-sharjah/,1,27,3.7%,5.93
https://www.rukn-eltatawer.com/pest-control-company-in-fujairah/,1,26,3.85%,4.08
https://www.rukn-eltatawer.com/mobile-car-wash-in-abu-dhabi/,1,24,4.17%,22.54
https://www.rukn-eltatawer.com/insulators-company-in-sharjah/,1,23,4.35%,4.3
https://www.rukn-eltatawer.com/sewerage-plumbing-company-in-al-ain/,1,23,4.35%,5.96
https://www.rukn-eltatawer.com/umm-al-quwain-villas-cleaning-company/,1,21,4.76%,5.24
https://www.rukn-eltatawer.com/roof-insulation-in-abu-dhabi/#%D8%B4%D8%B1%D9%83%D8%A9_%D8%B9%D8%B2%D9%84_%D8%A3%D8%B3%D8%B7%D8%AD_%D9%81%D9%8A_%D8%A3%D8%A8%D9%88%D8%B8%D8%A8%D9%8A,1,17,5.88%,2.65
https://www.rukn-eltatawer.com/dubai-villas-cleaning-company/,1,17,5.88%,12.88
https://www.rukn-eltatawer.com/al-ain-villas-cleaning-company/,1,16,6.25%,10.94
https://www.rukn-eltatawer.com/general-maintenance-company-in-dubai/,1,15,6.67%,7.6
https://www.rukn-eltatawer.com/sharjah-tank-cleaning-company/,1,13,7.69%,3.69
https://www.rukn-eltatawer.com/insect-control-in-umm-al-quwain/,1,12,8.33%,2.58
https://www.rukn-eltatawer.com/ceramic-installation-company-in-dubai/,1,12,8.33%,5.67
https://www.rukn-eltatawer.com/abu-dhabi-villas-cleaning-company/,1,12,8.33%,15.67
https://www.rukn-eltatawer.com/parquet-installation-company-in-al-ain/,1,8,12.5%,2.38
https://www.rukn-eltatawer.com/roof-insulation-company-abu-dhabi/,1,7,14.29%,6.14
https://www.rukn-eltatawer.com/glass-installation-company-in-dubai/,1,7,14.29%,8.57
https://www.rukn-eltatawer.com/water-leak-detection-company-in-qatar/,1,6,16.67%,1.33
https://www.rukn-eltatawer.com/elevator-maintenance-sharjah/,1,4,25%,2
https://www.rukn-eltatawer.com/parquet-installation-company-in-ras-al-khaimah/,1,4,25%,2
https://www.rukn-eltatawer.com/water-pump-installation-sharjah/,1,4,25%,6.25
https://www.rukn-eltatawer.com/home-electrician-abu-dhabi/,1,4,25%,6.5
https://www.rukn-eltatawer.com/sharjah-glass-facade-cleaning-company/,1,3,33.33%,2
https://www.rukn-eltatawer.com/wood-alternative-installation-company-in-dubai/,1,3,33.33%,4
https://www.rukn-eltatawer.com/qa/water-leak-detection-company-in-qatar/,1,2,50%,1
https://www.rukn-eltatawer.com/landscaping-ras-al-khaimah/,1,2,50%,7
https://www.rukn-eltatawer.com/kitchen-hood-installation-al-ain/,1,1,100%,2
https://www.rukn-eltatawer.com/solar-systems-installation-abu-dhabi/,1,1,100%,7
https://www.rukn-eltatawer.com/category/land-scaping/,1,1,100%,20
https://www.rukn-eltatawer.com/insect-control-in-dubai/#%D8%A7%D9%81%D8%B6%D9%84_%D8%B4%D8%B1%D9%83%D8%A9_%D9%85%D9%83%D8%A7%D9%81%D8%AD%D8%A9_%D8%AD%D8%B4%D8%B1%D8%A7%D8%AA_%D9%81%D9%8A_%D8%AF%D8%A8%D9%8A_%D9%85%D8%B9%D8%AA%D9%85%D8%AF%D8%A9,0,148,0%,2.72
https://www.rukn-eltatawer.com/insect-control-in-dubai/#%D8%B4%D8%B1%D9%83%D8%A9_%D8%B1%D8%B4_%D8%AD%D8%B4%D8%B1%D8%A7%D8%AA_%D9%81%D9%8A_%D8%AF%D8%A8%D9%8A,0,142,0%,2.51
https://www.rukn-eltatawer.com/insect-control-in-dubai/#%D8%B4%D8%B1%D9%83%D8%A9_%D9%85%D9%83%D8%A7%D9%81%D8%AD%D8%A9_%D8%AD%D8%B4%D8%B1%D8%A7%D8%AA_%D9%81%D9%8A_%D8%AF%D8%A8%D9%8A,0,140,0%,2.64
https://www.rukn-eltatawer.com/insect-control-in-dubai/#%D8%AE%D8%AF%D9%85%D8%A7%D8%AA_%D8%B4%D8%B1%D9%83%D8%A9_%D9%85%D9%83%D8%A7%D9%81%D8%AD%D8%A9_%D8%AD%D8%B4%D8%B1%D8%A7%D8%AA_%D9%81%D9%8A_%D8%AF%D8%A8%D9%8A,0,132,0%,2.57
https://www.rukn-eltatawer.com/insect-control-in-dubai/#%D9%85%D9%83%D8%A7%D9%81%D8%AD%D8%A9_%D8%AD%D8%B4%D8%B1%D8%A7%D8%AA_%D8%A7%D9%84%D8%A8%D9%82_%D9%81%D9%8A_%D8%AF%D8%A8%D9%8A,0,129,0%,2.57
https://www.rukn-eltatawer.com/insect-control-in-dubai/#%D8%A7%D8%B1%D8%AE%D8%B5_%D8%B4%D8%B1%D9%83%D8%A9_%D9%85%D9%83%D8%A7%D9%81%D8%AD%D8%A9_%D8%AD%D8%B4%D8%B1%D8%A7%D8%AA_%D9%81%D9%8A_%D8%AF%D8%A8%D9%8A,0,127,0%,2.55
https://www.rukn-eltatawer.com/hourly-cleaning-maids-abu-dhabi/#%D9%86%D8%B5%D8%A7%D8%A6%D8%AD_%D8%B4%D8%B1%D9%83%D8%A9_%D8%AE%D8%A7%D8%AF%D9%85%D8%A7%D8%AA_%D9%88_%D8%B9%D8%A7%D9%85%D9%84%D8%A7%D8%AA_%D8%AA%D9%86%D8%B8%D9%8A%D9%81_%D8%A8%D8%A7%D9%84%D8%B3%D8%A7%D8%B9%D9%87_%D9%81%D9%8A_%D8%A3%D8%A8%D9%88%D8%B8%D8%A8%D9%8A_%D9%84%D9%84%D9%85%D8%AD%D8%A7%D9%81%D8%B8%D8%A9_%D8%B9%D9%84%D9%89_%D9%86%D8%B8%D8%A7%D9%81%D8%A9_%D8%A7%D9%84%D9%85%D9%86%D8%B2%D9%84,0,125,0%,4.37
https://www.rukn-eltatawer.com/insect-control-in-dubai/#%D8%B4%D8%B1%D9%83%D8%A9_%D9%85%D9%83%D8%A7%D9%81%D8%AD%D8%A9_%D8%A7%D9%84%D8%B5%D8%B1%D8%A7%D8%B5%D9%8A%D8%B1_%D9%81%D9%8A_%D8%AF%D8%A8%D9%8A,0,120,0%,2.45
https://www.rukn-eltatawer.com/hourly-cleaning-maids-abu-dhabi/#%D8%A3%D9%81%D8%B6%D9%84_%D8%B4%D8%B1%D9%83%D8%A9_%D8%B9%D8%A7%D9%85%D9%84%D8%A7%D8%AA_%D8%AA%D9%86%D8%B8%D9%8A%D9%81_%D8%A8%D8%A7%D9%84%D8%B3%D8%A7%D8%B9%D9%87_%D9%81%D9%8A_%D8%A3%D8%A8%D9%88%D8%B8%D8%A8%D9%8A_%D9%88%D8%AE%D8%A7%D8%AF%D9%85%D8%A7%D8%AA,0,109,0%,4.46
https://www.rukn-eltatawer.com/insect-control-in-sharjah/#%D8%A7%D9%81%D8%B6%D9%84_%D8%B4%D8%B1%D9%83%D8%A9_%D9%85%D9%83%D8%A7%D9%81%D8%AD%D8%A9_%D8%AD%D8%B4%D8%B1%D8%A7%D8%AA_%D9%81%D9%8A_%D8%A7%D9%84%D8%B4%D8%A7%D8%B1%D9%82%D8%A9,0,97,0%,3.41
https://www.rukn-eltatawer.com/hourly-cleaning-maids-abu-dhabi/#%D8%B4%D8%BA%D8%A7%D9%84%D8%A7%D8%AA_%D8%B9%D8%A7%D9%85%D9%84%D8%A7%D8%AA_%D8%AA%D9%86%D8%B8%D9%8A%D9%81_%D8%A8%D8%A7%D9%84%D8%B3%D8%A7%D8%B9%D9%87_%D9%81%D9%8A_%D8%A3%D8%A8%D9%88%D8%B8%D8%A8%D9%8A,0,93,0%,3.92
https://www.rukn-eltatawer.com/hourly-cleaning-maids-abu-dhabi/#%D8%AE%D8%AF%D9%85%D8%A7%D8%AA_%D8%B4%D8%B1%D9%83%D8%A9_%D8%AA%D9%86%D8%B8%D9%8A%D9%81_%D8%A8%D8%A7%D9%84%D8%B3%D8%A7%D8%B9%D8%A9_%D9%81%D9%8A_%D8%A3%D8%A8%D9%88%D8%B8%D8%A8%D9%8A,0,87,0%,4.15
https://www.rukn-eltatawer.com/insect-control-in-sharjah/#%D8%B4%D8%B1%D9%83%D8%A9_%D9%85%D9%83%D8%A7%D9%81%D8%AD%D8%A9_%D8%A7%D9%84%D8%B5%D8%B1%D8%A7%D8%B5%D9%8A%D8%B1_%D9%81%D9%8A_%D8%A7%D9%84%D8%B4%D8%A7%D8%B1%D9%82%D8%A9,0,86,0%,3.28
https://www.rukn-eltatawer.com/cleaning-company-in-dubai/#%D8%B9%D9%84%D8%A7%D9%85%D8%A7%D8%AA_%D9%88%D9%85%D8%AE%D8%A7%D8%B7%D8%B1_%D8%A5%D9%87%D9%85%D8%A7%D9%84_%D8%AA%D9%86%D8%B8%D9%8A%D9%81_%D8%A7%D9%84%D9%85%D9%86%D8%A7%D8%B2%D9%84_%D9%81%D9%8A_%D8%AF%D8%A8%D9%8A_%D8%A7%D9%84%D8%AA%D9%8A_%D9%84%D8%A7_%D9%8A%D8%AC%D8%A8_%D8%AA%D8%AC%D8%A7%D9%87%D9%84%D9%87%D8%A7,0,86,0%,4.23
https://www.rukn-eltatawer.com/hourly-cleaning-maids-abu-dhabi/#%D9%83%D9%8A%D9%81%D9%8A%D8%A9_%D8%A7%D8%AE%D8%AA%D9%8A%D8%A7%D8%B1_%D8%A3%D9%81%D8%B6%D9%84_%D8%B4%D8%B1%D9%83%D8%A9_%D8%AA%D9%86%D8%B8%D9%8A%D9%81_%D8%A8%D8%A7%D9%84%D8%B3%D8%A7%D8%B9%D8%A9_%D9%81%D9%8A_%D8%A3%D8%A8%D9%88%D8%B8%D8%A8%D9%8A,0,85,0%,4.01
https://www.rukn-eltatawer.com/cleaning-company-in-dubai/#%D8%AE%D8%AF%D9%85%D8%A7%D8%AA_%D9%88%D8%A3%D8%B3%D8%B9%D8%A7%D8%B1_%D8%A3%D9%81%D8%B6%D9%84_%D8%B4%D8%B1%D9%83%D8%A9_%D8%AA%D9%86%D8%B8%D9%8A%D9%81_%D9%85%D9%86%D8%A7%D8%B2%D9%84_%D9%81%D9%8A_%D8%AF%D8%A8%D9%8A_2026,0,85,0%,4.21
https://www.rukn-eltatawer.com/insect-control-in-sharjah/#%D8%B4%D8%B1%D9%83%D8%A9_%D9%85%D9%83%D8%A7%D9%81%D8%AD%D8%A9_%D8%AD%D8%B4%D8%B1%D8%A7%D8%AA_%D9%81%D9%8A_%D8%A7%D9%84%D8%B4%D8%A7%D8%B1%D9%82%D8%A9,0,83,0%,3.25
https://www.rukn-eltatawer.com/insect-control-in-sharjah/#%D8%B4%D8%B1%D9%83%D8%A9_%D8%B1%D8%B4_%D8%AD%D8%B4%D8%B1%D8%A7%D8%AA_%D9%81%D9%8A_%D8%A7%D9%84%D8%B4%D8%A7%D8%B1%D9%82%D8%A9_%D8%A8%D8%A7%D9%84%D8%B6%D9%85%D8%A7%D9%86,0,82,0%,3.22
https://www.rukn-eltatawer.com/insect-control-in-abu-dhabi/#%D9%86%D8%B5%D8%A7%D8%A6%D8%AD_%D8%AA%D9%82%D8%AF%D9%85%D9%87%D8%A7_%D8%B4%D8%B1%D9%83%D8%A9_%D9%85%D9%83%D8%A7%D9%81%D8%AD%D8%A9_%D8%AD%D8%B4%D8%B1%D8%A7%D8%AA_%D9%81%D9%8A_%D8%A3%D8%A8%D9%88%D8%B8%D8%A8%D9%8A,0,80,0%,3.24
https://www.rukn-eltatawer.com/insect-control-in-abu-dhabi/#%D8%AE%D8%AF%D9%85%D8%A7%D8%AA_%D8%B4%D8%B1%D9%83%D8%A9_%D8%B1%D9%83%D9%86_%D8%A7%D9%84%D8%AA%D8%B7%D9%88%D8%B1_%D9%84%D9%85%D9%83%D8%A7%D9%81%D8%AD%D8%A9_%D8%A7%D9%84%D8%AD%D8%B4%D8%B1%D8%A7%D8%AA_%D9%81%D9%8A_%D8%A3%D8%A8%D9%88%D8%B8%D8%A8%D9%8A,0,80,0%,3.25
https://www.rukn-eltatawer.com/insect-control-in-abu-dhabi/#%D8%A7%D9%84%D8%A3%D8%AF%D9%88%D8%A7%D8%AA_%D8%A7%D9%84%D8%AA%D9%8A_%D8%AA%D8%B3%D8%AA%D8%AE%D8%AF%D9%85%D9%87%D8%A7_%D8%B4%D8%B1%D9%83%D9%87_%D9%85%D9%83%D8%A7%D9%81%D8%AD%D9%87_%D8%AD%D8%B4%D8%B1%D8%A7%D8%AA_%D9%81%D9%8A_%D8%A3%D8%A8%D9%88%D8%B8%D8%A8%D9%8A,0,75,0%,3.21
https://www.rukn-eltatawer.com/insect-control-in-sharjah/#%D9%85%D9%83%D8%A7%D9%81%D8%AD%D8%A9_%D8%AD%D8%B4%D8%B1%D8%A7%D8%AA_%D8%A7%D9%84%D8%A8%D9%82_%D9%81%D9%8A_%D8%A7%D9%84%D8%B4%D8%A7%D8%B1%D9%82%D8%A9,0,74,0%,3.38
https://www.rukn-eltatawer.com/surface-insulation-company-in-dubai/,0,73,0%,5.58
https://www.rukn-eltatawer.com/insect-control-in-sharjah/#%D8%AE%D8%AF%D9%85%D8%A7%D8%AA_%D8%B4%D8%B1%D9%83%D8%A9_%D9%85%D9%83%D8%A7%D9%81%D8%AD%D8%A9_%D8%AD%D8%B4%D8%B1%D8%A7%D8%AA_%D9%81%D9%8A_%D8%A7%D9%84%D8%B4%D8%A7%D8%B1%D9%82%D8%A9,0,72,0%,3.15
https://www.rukn-eltatawer.com/hourly-cleaning-maids-abu-dhabi/#%D8%A3%D8%B1%D8%AE%D8%B5_%D8%B4%D8%B1%D9%83%D8%A9_%D8%AE%D8%A7%D8%AF%D9%85%D8%A7%D8%AA_%D9%88_%D8%B9%D8%A7%D9%85%D9%84%D8%A7%D8%AA_%D8%AA%D9%86%D8%B8%D9%8A%D9%81_%D8%A8%D8%A7%D9%84%D8%B3%D8%A7%D8%B9%D9%87_%D9%81%D9%8A_%D8%A3%D8%A8%D9%88%D8%B8%D8%A8%D9%8A,0,72,0%,4.12
https://www.rukn-eltatawer.com/insect-control-in-sharjah/#%D9%85%D9%83%D8%A7%D9%81%D8%AD%D8%A9_%D8%A7%D9%84%D9%86%D9%85%D9%84_%D8%A7%D9%84%D8%A7%D8%A8%D9%8A%D8%B6_%D9%81%D9%8A_%D8%A7%D9%84%D8%B4%D8%A7%D8%B1%D9%82%D8%A9,0,71,0%,3.58
https://www.rukn-eltatawer.com/dyeing-in-sharjah/,0,71,0%,3.9
https://www.rukn-eltatawer.com/insect-control-in-abu-dhabi/#%D8%B4%D8%B1%D9%83%D9%87_%D9%85%D9%83%D8%A7%D9%81%D8%AD%D9%87_%D8%AD%D8%B4%D8%B1%D8%A7%D8%AA_%D9%81%D9%8A_%D8%A3%D8%A8%D9%88%D8%B8%D8%A8%D9%8A,0,70,0%,3.14
https://www.rukn-eltatawer.com/insect-control-in-abu-dhabi/#%D8%A3%D9%87%D9%85%D9%8A%D8%A9_%D8%AE%D8%AF%D9%85%D8%A7%D8%AA_%D9%85%D9%83%D8%A7%D9%81%D8%AD%D8%A9_%D8%A7%D9%84%D8%AD%D8%B4%D8%B1%D8%A7%D8%AA_%D9%81%D9%8A_%D8%A3%D8%A8%D9%88%D8%B8%D8%A8%D9%8A,0,69,0%,3.16
https://www.rukn-eltatawer.com/insect-control-in-abu-dhabi/#%D8%AE%D8%AF%D9%85%D8%A7%D8%AA_%D8%B4%D8%B1%D9%83%D8%A9_%D9%85%D9%83%D8%A7%D9%81%D8%AD%D8%A9_%D8%AD%D8%B4%D8%B1%D8%A7%D8%AA_%D9%81%D9%8A_%D8%A3%D8%A8%D9%88%D8%B8%D8%A8%D9%8A_%D8%A3%D9%86%D9%88%D8%A7%D8%B9_%D8%A7%D9%84%D8%AD%D8%B4%D8%B1%D8%A7%D8%AA_%D8%A7%D9%84%D8%AA%D9%8A_%D8%AA%D9%82%D9%88%D9%85_%D8%B4%D8%B1%D9%83%D8%AA%D9%86%D8%A7_%D8%A8%D8%A7%D9%84%D9%82%D8%B6%D8%A7%D8%A1_%D8%B9%D9%84%D9%8A%D9%87%D8%A7,0,69,0%,3.16
https://www.rukn-eltatawer.com/dyeing-in-sharjah/#%D8%A7%D9%81%D8%B6%D9%84_%D8%B4%D8%B1%D9%83%D8%A9_%D8%B5%D8%A8%D8%BA_%D9%81%D9%8A_%D8%A7%D9%84%D8%B4%D8%A7%D8%B1%D9%82%D8%A9,0,67,0%,2.1
https://www.rukn-eltatawer.com/dyeing-in-sharjah/#%D8%B4%D8%B1%D9%83%D8%A9_%D8%B5%D8%A8%D8%BA_%D9%81%D9%8A_%D8%A7%D9%84%D8%B4%D8%A7%D8%B1%D9%82%D8%A9,0,67,0%,2.1
https://www.rukn-eltatawer.com/dyeing-in-sharjah/#%D9%85%D9%85%D9%8A%D8%B2%D8%A7%D8%AA_%D8%B4%D8%B1%D9%83%D8%A9_%D8%B5%D8%A8%D8%BA_%D9%81%D9%8A_%D8%A7%D9%84%D8%B4%D8%A7%D8%B1%D9%82%D8%A9,0,67,0%,2.1
https://www.rukn-eltatawer.com/dyeing-in-sharjah/#%D8%AA%D8%B4%D8%B7%D9%8A%D8%A8_%D8%B5%D8%A8%D8%BA_%D9%81%D9%8A_%D8%A7%D9%84%D8%B4%D8%A7%D8%B1%D9%82%D8%A9,0,66,0%,2.12
https://www.rukn-eltatawer.com/dyeing-in-sharjah/#%D8%B4%D8%B1%D9%83%D8%A7%D8%AA_%D8%A7%D9%84%D8%B5%D8%A8%D8%BA_%D9%88%D9%88%D8%B1%D9%82_%D8%A7%D9%84%D8%AD%D8%A7%D8%A6%D8%B7_%D9%81%D9%8A_%D8%A7%D9%84%D8%B4%D8%A7%D8%B1%D9%82%D8%A9,0,66,0%,2.12
https://www.rukn-eltatawer.com/insect-control-in-abu-dhabi/#%D8%A3%D9%81%D8%B6%D9%84_%D8%B4%D8%B1%D9%83%D8%A9_%D9%85%D9%83%D8%A7%D9%81%D8%AD%D8%A9_%D8%AD%D8%B4%D8%B1%D8%A7%D8%AA_%D9%81%D9%8A_%D8%A3%D8%A8%D9%88%D8%B8%D8%A8%D9%8A,0,66,0%,3.03
https://www.rukn-eltatawer.com/cleaning-company-in-dubai/#%D9%84%D9%85%D8%A7%D8%B0%D8%A7_%D8%AA%D8%B9%D8%AA%D8%A8%D8%B1_%E2%80%9C%D8%B1%D9%83%D9%86_%D8%A7%D9%84%D8%AA%D8%B7%D9%88%D8%B1%E2%80%9D_%D8%A7%D9%84%D8%AE%D9%8A%D8%A7%D8%B1_%D8%A7%D9%84%D8%A3%D9%88%D9%84_%D9%84%D8%AA%D9%86%D8%B8%D9%8A%D9%81_%D8%A7%D9%84%D9%85%D9%86%D8%A7%D8%B2%D9%84_%D9%81%D9%8A_%D8%AF%D8%A8%D9%8A%D8%9F,0,66,0%,4.14
https://www.rukn-eltatawer.com/cleaning-company-in-sharjah/#%D8%A3%D9%81%D8%B6%D9%84_%D8%B4%D8%B1%D9%83%D8%A9_%D8%B1%D9%83%D9%86_%D8%A7%D9%84%D8%AA%D8%B7%D9%88%D8%B1_%D8%A3%D9%81%D8%B6%D9%84_%D8%B4%D8%B1%D9%83%D8%A9_%D8%AA%D9%86%D8%B8%D9%8A%D9%81_%D9%85%D9%86%D8%A7%D8%B2%D9%84_%D9%81%D9%8A_%D8%A7%D9%84%D8%B4%D8%A7%D8%B1%D9%82%D8%A9_%D8%AA%D8%B9%D9%82%D9%8A%D9%85_%D9%81%D9%86%D8%AF%D9%82%D9%8A_%D8%A8%D8%B6%D9%85%D8%A7%D9%86_2026,0,64,0%,3.94
https://www.rukn-eltatawer.com/cleaning-company-in-dubai/#%D8%A7%D9%84%D8%A3%D8%B3%D8%A8%D8%A7%D8%A8_%D8%A7%D9%84%D8%AC%D8%B0%D8%B1%D9%8A%D8%A9_%D9%84%D8%AA%D8%B1%D8%A7%D9%83%D9%85_%D8%A7%D9%84%D8%A3%D9%88%D8%B3%D8%A7%D8%AE_%D9%88%D8%A7%D9%84%D8%AA%D8%B4%D8%AE%D9%8A%D8%B5_%D8%A7%D9%84%D8%A7%D8%AD%D8%AA%D8%B1%D8%A7%D9%81%D9%8A_2026,0,64,0%,4.09
https://www.rukn-eltatawer.com/cleaning-company-in-dubai/#%D8%AA%D9%86%D8%B8%D9%8A%D9%81_%D8%A7%D9%84%D9%85%D9%86%D8%A7%D8%B2%D9%84_%D9%81%D9%8A_%D8%AF%D8%A8%D9%8A_%D8%A8%D8%A7%D8%B3%D8%AA%D8%AE%D8%AF%D8%A7%D9%85_%D8%AA%D9%82%D9%86%D9%8A%D8%A7%D8%AA_2026_%D8%A7%D9%84%D8%B0%D9%83%D9%8A%D8%A9_%D8%A8%D8%AF%D9%88%D9%86_%D9%85%D9%88%D8%A7%D8%AF_%D8%B6%D8%A7%D8%B1%D8%A9,0,64,0%,4.09
https://www.rukn-eltatawer.com/cleaning-company-in-dubai/#%D8%AA%D9%86%D8%B8%D9%8A%D9%81_%D9%88%D8%AA%D8%B9%D9%82%D9%8A%D9%85_%D8%A7%D9%84%D9%85%D8%B7%D8%A7%D8%A8%D8%AE_%D9%88%D8%A7%D9%84%D8%AD%D9%85%D8%A7%D9%85%D8%A7%D8%AA_%D9%81%D9%8A_%D8%AF%D8%A8%D9%8A_%D8%A8%D8%A7%D8%AD%D8%AA%D8%B1%D8%A7%D9%81%D9%8A%D8%A9_%D8%B7%D8%A8%D9%8A%D8%A9,0,64,0%,4.09
https://www.rukn-eltatawer.com/cleaning-company-in-dubai/#5_%D8%A3%D8%AE%D8%B7%D8%A7%D8%A1_%D8%B4%D8%A7%D8%A6%D8%B9%D8%A9_%D8%AA%D8%B6%D8%A7%D8%B9%D9%81_%D8%AA%D8%B1%D8%A7%D9%83%D9%85_%D8%A7%D9%84%D8%A3%D9%88%D8%B3%D8%A7%D8%AE_%D9%81%D9%8A_%D9%85%D9%86%D8%A7%D8%B2%D9%84_%D8%AF%D8%A8%D9%8A_%D9%88%D9%83%D9%8A%D9%81%D9%8A%D8%A9_%D8%AA%D8%AC%D9%86%D8%A8%D9%87%D8%A7,0,64,0%,4.09
https://www.rukn-eltatawer.com/hourly-cleaning-maids-dubai/#%D8%A3%D9%81%D8%B6%D9%84_%D8%B4%D8%B1%D9%83%D8%A9_%D8%B4%D8%BA%D8%A7%D9%84%D8%A7%D8%AA_%D8%AA%D9%86%D8%B8%D9%8A%D9%81_%D8%A8%D8%A7%D9%84%D8%A5%D9%8A%D8%AC%D8%A7%D8%B1_%D8%A8%D8%A7%D9%84%D8%B3%D8%A7%D8%B9%D8%A9_%D9%81%D9%8A_%D8%AF%D8%A8%D9%8A_%D9%85%D8%B9_%D8%B6%D9%85%D8%A7%D9%86_%D9%88%D9%85%D9%88%D8%AB%D9%88%D9%82%D9%8A%D8%A9_%D9%83%D8%A7%D9%85%D9%84%D8%A9,0,58,0%,2.78
https://www.rukn-eltatawer.com/hourly-cleaning-maids-dubai/#%D9%84%D9%85%D8%A7%D8%B0%D8%A7_%D9%8A%D8%AC%D8%A8_%D8%A3%D9%86_%D8%AA%D8%AE%D8%AA%D8%A7%D8%B1_%D8%B9%D8%A7%D9%85%D9%84%D8%A7%D8%AA_%D8%AA%D9%86%D8%B8%D9%8A%D9%81_%D8%A8%D8%A7%D9%84%D8%B3%D8%A7%D8%B9%D8%A9_%D9%81%D9%8A_%D8%AF%D8%A8%D9%8A_%D8%B1%D9%83%D9%86_%D8%A7%D9%84%D8%AA%D8%B7%D9%88%D8%B1%D8%9F,0,57,0%,2.82
https://www.rukn-eltatawer.com/cleaning-company-in-sharjah/#%D8%AE%D8%AF%D9%85%D8%A7%D8%AA_%D9%88%D8%A3%D8%B3%D8%B9%D8%A7%D8%B1_%D8%B4%D8%B1%D9%83%D8%A9_%D8%B1%D9%83%D9%86_%D8%A7%D9%84%D8%AA%D8%B7%D9%88%D8%B1_%D8%A3%D9%81%D8%B6%D9%84_%D8%B4%D8%B1%D9%83%D8%A9_%D8%AA%D9%86%D8%B8%D9%8A%D9%81_%D9%85%D9%86%D8%A7%D8%B2%D9%84_%D9%81%D9%8A_%D8%A7%D9%84%D8%B4%D8%A7%D8%B1%D9%82%D8%A9_2026,0,57,0%,4.04
https://www.rukn-eltatawer.com/cleaning-company-in-sharjah/#%D8%B4%D8%B1%D9%83%D8%A9_%D8%B1%D9%83%D9%86_%D8%A7%D9%84%D8%AA%D8%B7%D9%88%D8%B1_%D8%A3%D9%81%D8%B6%D9%84_%D8%B4%D8%B1%D9%83%D8%A9_%D8%AA%D9%86%D8%B8%D9%8A%D9%81_%D9%85%D9%86%D8%A7%D8%B2%D9%84_%D9%81%D9%8A_%D8%A7%D9%84%D8%B4%D8%A7%D8%B1%D9%82%D8%A9_%D8%A8%D8%A7%D8%B3%D8%AA%D8%AE%D8%AF%D8%A7%D9%85_%D8%AA%D9%82%D9%86%D9%8A%D8%A7%D8%AA_2026_%D8%A7%D9%84%D8%B0%D9%83%D9%8A%D8%A9,0,54,0%,4.13
https://www.rukn-eltatawer.com/a-water-leak-detection-company-in-abu-dhabi/,0,52,0%,8.73
https://www.rukn-eltatawer.com/cleaning-company-in-sharjah/#%D8%B9%D9%84%D8%A7%D9%85%D8%A7%D8%AA_%D9%88%D9%85%D8%AE%D8%A7%D8%B7%D8%B1_%D8%A5%D9%87%D9%85%D8%A7%D9%84_%D8%AA%D9%86%D8%B8%D9%8A%D9%81_%D8%A7%D9%84%D9%85%D9%86%D8%A7%D8%B2%D9%84_%D9%81%D9%8A_%D8%A7%D9%84%D8%B4%D8%A7%D8%B1%D9%82%D8%A9_%D8%A7%D9%84%D8%AA%D9%8A_%D9%8A%D8%AC%D8%A8_%D8%A7%D9%84%D8%AD%D8%B0%D8%B1_%D9%85%D9%86%D9%87%D8%A7,0,51,0%,4.14
https://www.rukn-eltatawer.com/cleaning-company-in-sharjah/#%D8%A7%D9%84%D8%A3%D8%B3%D8%A8%D8%A7%D8%A8_%D8%A7%D9%84%D8%AC%D8%B0%D8%B1%D9%8A%D8%A9_%D9%84%D8%AA%D8%B1%D8%A7%D9%83%D9%85_%D8%A7%D9%84%D8%A3%D9%88%D8%B3%D8%A7%D8%AE_%D9%88%D8%A7%D9%84%D8%AA%D8%B4%D8%AE%D9%8A%D8%B5_%D8%A7%D9%84%D8%A7%D8%AD%D8%AA%D8%B1%D8%A7%D9%81%D9%8A_2026,0,49,0%,4.2
https://www.rukn-eltatawer.com/pest-control-company-in-ajman/,0,47,0%,4.11
https://www.rukn-eltatawer.com/cleaning-company-in-sharjah/#%D9%85%D9%85%D9%8A%D8%B2%D8%A7%D8%AA_%D8%B4%D8%B1%D9%83%D8%A9_%D8%B1%D9%83%D9%86_%D8%A7%D9%84%D8%AA%D8%B7%D9%88%D8%B1_%D9%84%D8%AA%D9%86%D8%B8%D9%8A%D9%81_%D8%A7%D9%84%D9%85%D9%86%D8%A7%D8%B2%D9%84_%D9%81%D9%8A_%D8%A7%D9%84%D8%B4%D8%A7%D8%B1%D9%82%D8%A9,0,46,0%,4.28
https://www.rukn-eltatawer.com/cleaning-company-in-sharjah/#5_%D8%A3%D8%AE%D8%B7%D8%A7%D8%A1_%D8%B4%D8%A7%D8%A6%D8%B9%D8%A9_%D8%AA%D8%B6%D8%A7%D8%B9%D9%81_%D8%AA%D8%B1%D8%A7%D9%83%D9%85_%D8%A7%D9%84%D8%A3%D9%88%D8%B3%D8%A7%D8%AE_%D9%81%D9%8A_%D9%85%D9%86%D8%A7%D8%B2%D9%84_%D9%81%D9%8A_%D8%A7%D9%84%D8%B4%D8%A7%D8%B1%D9%82%D8%A9_%D9%88%D9%83%D9%8A%D9%81%D9%8A%D8%A9_%D8%AA%D8%AC%D9%86%D8%A8%D9%87%D8%A7,0,46,0%,4.28
https://www.rukn-eltatawer.com/pest-control-company-in-al-ain/#%D8%B4%D8%B1%D9%83%D8%A9_%D9%85%D9%83%D8%A7%D9%81%D8%AD%D8%A9_%D8%AD%D8%B4%D8%B1%D8%A7%D8%AA_%D8%A7%D9%84%D8%B9%D9%8A%D9%86,0,45,0%,2.58
https://www.rukn-eltatawer.com/pest-control-company-in-al-ain/#%D9%85%D9%85%D9%8A%D8%B2%D8%A7%D8%AA_%D8%B4%D8%B1%D9%83%D8%A9_%D9%85%D9%83%D8%A7%D9%81%D8%AD%D8%A9_%D8%AD%D8%B4%D8%B1%D8%A7%D8%AA_%D9%81%D9%8A_%D8%A7%D9%84%D8%B9%D9%8A%D9%86,0,45,0%,2.58
https://www.rukn-eltatawer.com/hourly-cleaning-maids-dubai/#%D8%A3%D8%B3%D8%B9%D8%A7%D8%B1_%D8%B9%D8%A7%D9%85%D9%84%D8%A7%D8%AA_%D8%AA%D9%86%D8%B8%D9%8A%D9%81_%D8%A8%D8%A7%D9%84%D8%B3%D8%A7%D8%B9%D8%A9_%D9%81%D9%8A_%D8%AF%D8%A8%D9%8A,0,45,0%,2.93
https://www.rukn-eltatawer.com/hourly-cleaning-maids-dubai/#%D9%84%D9%8A%D8%B4_%D8%A7%D9%84%D9%86%D8%A7%D8%B3_%D8%AA%D9%81%D8%B6%D9%91%D9%84_%D8%B9%D8%A7%D9%85%D9%84%D8%A7%D8%AA_%D8%AA%D9%86%D8%B8%D9%8A%D9%81_%D8%A8%D8%A7%D9%84%D8%B3%D8%A7%D8%B9%D8%A9_%D9%81%D9%8A_%D8%AF%D8%A8%D9%8A%D8%9F,0,45,0%,3.02
https://www.rukn-eltatawer.com/hourly-cleaning-maids-dubai/#%D9%85%D8%A7_%D8%A7%D9%84%D9%81%D8%B1%D9%82_%D8%A8%D9%8A%D9%86_%D8%B9%D8%A7%D9%85%D9%84%D8%A7%D8%AA_%D8%AA%D9%86%D8%B8%D9%8A%D9%81_%D8%A8%D8%A7%D9%84%D8%B3%D8%A7%D8%B9%D8%A9_%D9%81%D9%8A_%D8%AF%D8%A8%D9%8A_%D9%88%D8%A7%D9%84%D8%B4%D8%BA%D8%A7%D9%84%D8%A7%D8%AA_%D8%A7%D9%84%D8%AA%D9%82%D9%84%D9%8A%D8%AF%D9%8A%D8%A7%D8%AA%D8%9F,0,44,0%,2.95
https://www.rukn-eltatawer.com/sewerage-plumbing-sharjah/,0,44,0%,5.73
https://www.rukn-eltatawer.com/pest-control-company-in-al-ain/#%D8%B4%D8%B1%D9%83%D8%A9_%D9%85%D9%83%D8%A7%D9%81%D8%AD%D9%87_%D8%A7%D9%84%D8%AD%D8%B4%D8%B1%D8%A7%D8%AA_%D9%81%D9%8A_%D8%A7%D9%84%D8%B9%D9%8A%D9%86,0,43,0%,2.6
https://www.rukn-eltatawer.com/hourly-cleaning-maids-abu-dhabi/#%D8%AE%D8%AF%D9%85_%D8%A8%D8%A7%D9%84%D9%8A%D9%88%D9%85_%D8%B9%D8%A7%D9%85%D9%84%D8%A7%D8%AA_%D8%AA%D9%86%D8%B8%D9%8A%D9%81_%D8%A8%D8%A7%D9%84%D8%B3%D8%A7%D8%B9%D9%87_%D9%81%D9%8A_%D8%A3%D8%A8%D9%88%D8%B8%D8%A8%D9%8A,0,43,0%,3.95
https://www.rukn-eltatawer.com/hourly-cleaning-maids-sharjah/#%D8%A3%D9%81%D8%B6%D9%84_%D8%B9%D8%A7%D9%85%D9%84%D8%A7%D8%AA_%D9%86%D8%B8%D8%A7%D9%81%D8%A9_%D8%A8%D8%A7%D9%84%D8%B3%D8%A7%D8%B9%D8%A9%E2%80%8B_%D9%81%D9%8A_%D8%A7%D9%84%D8%B4%D8%A7%D8%B1%D9%82%D8%A9,0,42,0%,3.29
https://www.rukn-eltatawer.com/hourly-cleaning-maids-sharjah/#%D8%AE%D8%AF%D9%85%D8%A7%D8%AA_%D8%B9%D8%A7%D9%85%D9%84%D8%A7%D8%AA_%D9%86%D8%B8%D8%A7%D9%81%D8%A9_%D8%A8%D8%A7%D9%84%D8%B3%D8%A7%D8%B9%D8%A9%E2%80%8B_%D9%81%D9%8A_%D8%A7%D9%84%D8%B4%D8%A7%D8%B1%D9%82%D8%A9,0,42,0%,3.29
https://www.rukn-eltatawer.com/a-contracting-company-in-abu-dhabi/,0,42,0%,11.55
https://www.rukn-eltatawer.com/insect-control-in-ras-al-khaimah/,0,41,0%,2.88
https://www.rukn-eltatawer.com/pest-control-company-in-al-ain/#%D8%AE%D8%AF%D9%85%D8%A7%D8%AA_%D9%85%D9%83%D8%A7%D9%81%D8%AD%D8%A9_%D8%AD%D8%B4%D8%B1%D8%A7%D8%AA_%D8%A7%D9%84%D8%B9%D9%8A%D9%86,0,40,0%,2.55
https://www.rukn-eltatawer.com/pest-control-company-in-al-ain/#%D9%85%D9%83%D8%A7%D9%81%D8%AD%D8%A9_%D8%AD%D8%B4%D8%B1%D8%A7%D8%AA_%D8%A7%D9%84%D8%B9%D9%8A%D9%86,0,40,0%,2.55
https://www.rukn-eltatawer.com/pest-control-company-in-al-ain/#%D8%A7%D9%84%D8%A3%D8%AF%D9%88%D8%A7%D8%AA_%D8%A7%D9%84%D8%AA%D9%8A_%D8%AA%D8%B3%D8%AA%D8%AE%D8%AF%D9%85%D9%87%D8%A7_%D8%B4%D8%B1%D9%83%D8%A9_%D9%85%D9%83%D8%A7%D9%81%D8%AD%D8%A9_%D8%A7%D9%84%D8%AD%D8%B4%D8%B1%D8%A7%D8%AA_%D9%81%D9%8A_%D8%A7%D9%84%D8%B9%D9%8A%D9%86,0,39,0%,2.67
https://www.rukn-eltatawer.com/hourly-cleaning-maids-abu-dhabi/#%D8%A3%D8%B1%D9%82%D8%A7%D9%85_%D9%85%D9%83%D8%A7%D8%AA%D8%A8_%D8%AE%D8%AF%D9%85_%D8%B9%D8%A7%D9%85%D9%84%D8%A7%D8%AA_%D8%AA%D9%86%D8%B8%D9%8A%D9%81_%D8%A8%D8%A7%D9%84%D8%B3%D8%A7%D8%B9%D9%87_%D9%81%D9%8A_%D8%A7%D8%A8%D9%88%D8%B8%D8%A8%D9%8A,0,39,0%,4.41
https://www.rukn-eltatawer.com/roof-insulation-in-abu-dhabi/,0,38,0%,7.66
https://www.rukn-eltatawer.com/hourly-cleaning-maids-abu-dhabi/#%D9%81%D9%88%D8%A7%D8%A6%D8%AF_%D8%A7%D8%B3%D8%AA%D8%AE%D8%AF%D8%A7%D9%85_%D8%AE%D8%AF%D9%85%D8%A7%D8%AA_%D8%B4%D8%B1%D9%83%D8%A9_%D8%AA%D9%86%D8%B8%D9%8A%D9%81_%D8%A8%D8%A7%D9%84%D8%B3%D8%A7%D8%B9%D8%A9,0,37,0%,3.92
https://www.rukn-eltatawer.com/pest-control-company-in-al-ain/#%D8%AE%D8%AF%D9%85%D8%A7%D8%AA_%D8%B4%D8%B1%D9%83%D9%87_%D9%85%D9%83%D8%A7%D9%81%D8%AD%D9%87_%D8%AD%D8%B4%D8%B1%D8%A7%D8%AA_%D9%81%D9%8A_%D8%A7%D9%84%D8%B9%D9%8A%D9%86,0,36,0%,2.31
https://www.rukn-eltatawer.com/hourly-cleaning-maids-sharjah/#%D8%AE%D8%B7%D9%88%D8%A7%D8%AA_%D8%A7%D9%84%D8%AA%D9%8A_%D8%AA%D8%AA%D8%A8%D8%B9%D9%87%D8%A7_%D8%B9%D8%A7%D9%85%D9%84%D8%A7%D8%AA_%D9%86%D8%B8%D8%A7%D9%81%D8%A9_%D8%A8%D8%A7%D9%84%D8%B3%D8%A7%D8%B9%D8%A9%E2%80%8B_%D9%81%D9%8A_%D8%A7%D9%84%D8%B4%D8%A7%D8%B1%D9%82%D8%A9,0,36,0%,3.42
https://www.rukn-eltatawer.com/al-ain-sofa-cleaning-company/,0,36,0%,8.69
https://www.rukn-eltatawer.com/termite-control-sharjah/,0,35,0%,7.09
https://www.rukn-eltatawer.com/insect-control-in-ras-al-khaimah/#%D8%A3%D9%81%D8%B6%D9%84_%D8%B4%D8%B1%D9%83%D8%A9_%D8%AA%D9%86%D8%B8%D9%8A%D9%81_%D9%88%D9%85%D9%83%D8%A7%D9%81%D8%AD%D8%A9_%D8%AD%D8%B4%D8%B1%D8%A7%D8%AA_%D9%81%D9%8A_%D8%B1%D8%A3%D8%B3_%D8%A7%D9%84%D8%AE%D9%8A%D9%85%D8%A9,0,34,0%,3.09
https://www.rukn-eltatawer.com/insect-control-in-ras-al-khaimah/#%D8%AE%D8%AF%D9%85%D8%A7%D8%AA_%D8%B4%D8%B1%D9%83%D8%A9_%D9%85%D9%83%D8%A7%D9%81%D8%AD%D9%87_%D8%A7%D9%84%D8%AD%D8%B4%D8%B1%D8%A7%D8%AA_%D9%81%D9%8A_%D8%B1%D8%A3%D8%B3_%D8%A7%D9%84%D8%AE%D9%8A%D9%85%D8%A9,0,34,0%,3.15
https://www.rukn-eltatawer.com/insect-control-in-ras-al-khaimah/#%D9%85%D9%85%D9%8A%D8%B2%D8%A7%D8%AA_%D8%B4%D8%B1%D9%83%D9%87_%D9%85%D9%83%D8%A7%D9%81%D8%AD%D9%87_%D8%AD%D8%B4%D8%B1%D8%A7%D8%AA_%D9%81%D9%8A_%D8%B1%D8%A3%D8%B3_%D8%A7%D9%84%D8%AE%D9%8A%D9%85%D8%A9,0,34,0%,3.15
https://www.rukn-eltatawer.com/clearing-transactions-in-abu-dhabi/#%D8%AE%D8%AF%D9%85%D8%A7%D8%AA_%D8%A3%D9%81%D8%B6%D9%84_%D8%B4%D8%B1%D9%83%D8%A9_%D8%AA%D8%AE%D9%84%D9%8A%D8%B5_%D9%85%D8%B9%D8%A7%D9%85%D9%84%D8%A7%D8%AA_%D9%81%D9%8A_%D8%A3%D8%A8%D9%88%D8%B8%D8%A8%D9%8A_%D8%B1%D9%83%D9%86_%D8%A7%D9%84%D8%AA%D8%B7%D9%88%D8%B1,0,34,0%,4.65
https://www.rukn-eltatawer.com/sewerage-plumbing-dubai/,0,34,0%,8.68
https://www.rukn-eltatawer.com/insect-control-in-ras-al-khaimah/#%D8%A7%D9%84%D8%A3%D8%AF%D9%88%D8%A7%D8%AA_%D8%A7%D9%84%D8%AA%D9%8A_%D8%AA%D8%B3%D8%AA%D8%AE%D8%AF%D9%85%D9%87%D8%A7_%D8%B4%D8%B1%D9%83%D8%A9_%D9%85%D9%83%D8%A7%D9%81%D8%AD%D8%A9_%D8%AD%D8%B4%D8%B1%D8%A7%D8%AA_%D9%81%D9%8A_%D8%B1%D8%A3%D8%B3_%D8%A7%D9%84%D8%AE%D9%8A%D9%85%D8%A9,0,33,0%,3.12
https://www.rukn-eltatawer.com/hourly-cleaning-maids-abu-dhabi/#%D8%AE%D8%A7%D8%AF%D9%85%D8%A7%D8%AA_%D9%88%D8%B9%D8%A7%D9%85%D9%84%D8%A7%D8%AA_%D8%AA%D9%86%D8%B8%D9%8A%D9%81_%D8%A8%D8%A7%D9%84%D8%B3%D8%A7%D8%B9%D9%87_%D9%81%D9%8A_%D8%A3%D8%A8%D9%88%D8%B8%D8%A8%D9%8A,0,33,0%,4.24
https://www.rukn-eltatawer.com/clearing-transactions-in-abu-dhabi/#%D8%A7%D8%B3%D8%AA%D9%87%D8%AF%D8%A7%D9%81_%D8%A7%D9%84%D8%B9%D9%85%D9%84%D8%A7%D8%A1,0,33,0%,4.7
https://www.rukn-eltatawer.com/clearing-transactions-in-abu-dhabi/#%D8%B3%D8%B1%D8%B9%D8%A9_%D9%88%D8%AF%D9%82%D8%A9_%D8%A7%D9%84%D8%AE%D8%AF%D9%85%D8%A7%D8%AA,0,33,0%,4.7
https://www.rukn-eltatawer.com/clearing-transactions-in-abu-dhabi/#%D9%85%D9%82%D8%AF%D9%85%D8%A9,0,33,0%,4.7
https://www.rukn-eltatawer.com/ras-al-khaimah-villas-cleaning-company/#%D8%B4%D8%B1%D9%83%D8%A9_%D8%AA%D9%86%D8%B8%D9%8A%D9%81_%D8%B4%D9%82%D9%82_%D8%A8%D8%B1%D8%A3%D8%B3_%D8%A7%D9%84%D8%AE%D9%8A%D9%85%D8%A9,0,33,0%,6.52
https://www.rukn-eltatawer.com/insect-control-in-ras-al-khaimah/#%D8%B9%D9%88%D8%A7%D9%85%D9%84_%D8%A5%D9%86%D8%AA%D8%B4%D8%A7%D8%B1_%D8%A7%D9%84%D8%AD%D8%B4%D8%B1%D8%A7%D8%AA_%D8%A8%D8%A7%D9%84%D9%85%D9%86%D8%B2%D9%84,0,32,0%,3.06
https://www.rukn-eltatawer.com/al-ain-sofa-cleaning-company/#%D8%B4%D8%B1%D9%83%D8%A9_%D8%AA%D9%86%D8%B8%D9%8A%D9%81_%D9%81%D9%8A_%D8%A7%D9%84%D8%B9%D9%8A%D9%86,0,31,0%,5.29
https://www.rukn-eltatawer.com/al-ain-sofa-cleaning-company/#%D8%B4%D8%B1%D9%83%D8%A9_%D8%AA%D9%86%D8%B8%D9%8A%D9%81_%D9%83%D9%86%D8%A8_%D8%A7%D9%84%D8%B9%D9%8A%D9%86,0,31,0%,5.29
https://www.rukn-eltatawer.com/ras-al-khaimah-villas-cleaning-company/#%D8%AE%D8%AF%D9%85%D8%A7%D8%AA_%D8%AA%D9%86%D8%B8%D9%8A%D9%81_%D9%81%D9%8A_%D8%B1%D8%A7%D8%B3_%D8%A7%D9%84%D8%AE%D9%8A%D9%85%D8%A9,0,30,0%,6.7
https://www.rukn-eltatawer.com/al-ain-sofa-cleaning-company/#%D8%B4%D8%B1%D9%83%D8%A9_%D8%AA%D9%86%D8%B8%D9%8A%D9%81_%D9%83%D9%86%D8%A8_%D8%A8%D8%A7%D9%84%D8%A8%D8%AE%D8%A7%D8%B1_%D9%81%D9%8A_%D8%A7%D9%84%D8%B9%D9%8A%D9%86,0,29,0%,5.45
https://www.rukn-eltatawer.com/termite-control-dubai/,0,28,0%,6.39
https://www.rukn-eltatawer.com/hourly-cleaning-maids-dubai/#%D9%85%D8%A7%D8%B0%D8%A7_%D8%AA%D9%82%D9%88%D9%85_%D8%A8%D9%87_%D8%B9%D8%A7%D9%85%D9%84%D8%A7%D8%AA_%D8%A7%D9%84%D8%AA%D9%86%D8%B8%D9%8A%D9%81_%D8%A8%D8%A7%D9%84%D8%B3%D8%A7%D8%B9%D8%A9_%D9%81%D9%8A_%D8%AF%D8%A8%D9%8A%D8%9F,0,27,0%,2.37
https://www.rukn-eltatawer.com/sewer-plumbing-ajman/,0,27,0%,3.26
https://www.rukn-eltatawer.com/al-ain-sofa-cleaning-company/#%D8%AA%D9%86%D8%B8%D9%8A%D9%81_%D8%A7%D9%84%D9%83%D9%86%D8%A8_%D8%A7%D9%84%D8%AC%D9%84%D8%AF_%D8%A8%D8%A7%D9%84%D8%B9%D9%8A%D9%86,0,26,0%,5.65
https://www.rukn-eltatawer.com/hourly-cleaning-maids-dubai/#%D8%B9%D8%A7%D9%85%D9%84%D8%A7%D8%AA_%D9%86%D8%B8%D8%A7%D9%81%D8%A9_%D8%A8%D8%A7%D9%84%D8%B3%D8%A7%D8%B9%D8%A9_%D9%81%D9%8A_%D8%AF%D8%A8%D9%8A_%E2%80%93_%D8%AA%D9%86%D8%B8%D9%8A%D9%81_%D8%B4%D8%A7%D9%85%D9%84_%D9%88%D8%AF%D9%82%D9%8A%D9%82,0,25,0%,2.08
https://www.rukn-eltatawer.com/house-cleaning-company-in-fujairah/#%D8%A7%D9%84%D8%AE%D8%AF%D9%85%D8%A7%D8%AA_%D8%A7%D9%84%D8%AA%D9%8A_%D8%AA%D9%82%D8%AF%D9%85%D9%87%D8%A7_%D8%B4%D8%B1%D9%83%D8%A9_%D8%AA%D9%86%D8%B8%D9%8A%D9%81_%D9%85%D9%86%D8%A7%D8%B2%D9%84_%D9%81%D9%89_%D8%A7%D9%84%D9%81%D8%AC%D9%8A%D8%B1%D8%A9,0,25,0%,2.52
https://www.rukn-eltatawer.com/al-ain-sofa-cleaning-company/#%D8%A7%D9%81%D8%B6%D9%84_%D8%B4%D8%B1%D9%83%D8%A9_%D8%AA%D9%86%D8%B8%D9%8A%D9%81_%D9%83%D9%86%D8%A8_%D8%A8%D8%A7%D9%84%D8%B9%D9%8A%D9%86,0,25,0%,5.8
https://www.rukn-eltatawer.com/al-ain-sofa-cleaning-company/#%D8%AA%D9%86%D8%B8%D9%8A%D9%81_%D8%A7%D9%84%D9%83%D9%86%D8%A8_%D8%A7%D9%84%D9%83%D8%AA%D8%A7%D9%86_%D8%A7%D9%84%D8%B9%D9%8A%D9%86,0,25,0%,5.8
https://www.rukn-eltatawer.com/house-cleaning-company-in-fujairah/#%D8%B4%D8%B1%D9%83%D8%A9_%D8%AA%D9%86%D8%B8%D9%8A%D9%81_%D8%A8%D8%A7%D9%84%D8%A8%D8%AE%D8%A7%D8%B1_%D9%81%D9%8A_%D8%A7%D9%84%D9%81%D8%AC%D9%8A%D8%B1%D8%A9,0,24,0%,2.54
https://www.rukn-eltatawer.com/installing-gypsum-boards-in-abu-dhabi/,0,24,0%,3.67
https://www.rukn-eltatawer.com/parquet-installation-in-abu-dhabi/,0,24,0%,5.79
https://www.rukn-eltatawer.com/ras-al-khaimah-villas-cleaning-company/#%D8%A7%D9%81%D8%B6%D9%84_%D8%B4%D8%B1%D9%83%D8%A9_%D8%AA%D9%86%D8%B8%D9%8A%D9%81_%D9%81%D9%84%D9%84_%D9%81%D9%8A_%D8%B1%D8%A3%D8%B3_%D8%A7%D9%84%D8%AE%D9%8A%D9%85%D8%A9,0,24,0%,5.96
https://www.rukn-eltatawer.com/house-cleaning-company-in-ajman/,0,24,0%,8.04
https://www.rukn-eltatawer.com/house-cleaning-company-in-fujairah/#%D8%B4%D8%B1%D9%83%D8%A9_%D8%AA%D9%86%D8%B8%D9%8A%D9%81_%D9%85%D9%86%D8%A7%D8%B2%D9%84_%D9%81%D9%8A_%D8%A7%D9%84%D9%81%D8%AC%D9%8A%D8%B1%D8%A9,0,23,0%,2.39
https://www.rukn-eltatawer.com/termite-control-sharjah/#%D8%B4%D8%B1%D9%83%D8%A9_%D9%85%D9%83%D8%A7%D9%81%D8%AD%D8%A9_%D8%A7%D9%84%D8%B1%D9%85%D8%A9_%D9%81%D9%8A_%D8%A7%D9%84%D8%B4%D8%A7%D8%B1%D9%82%D8%A9,0,23,0%,4.04
https://www.rukn-eltatawer.com/water-heater-repair-dubai/,0,23,0%,7.87
https://www.rukn-eltatawer.com/termite-control-sharjah/#%D8%A3%D9%86%D9%88%D8%A7%D8%B9_%D9%85%D8%A8%D9%8A%D8%AF%D8%A7%D8%AA_%D9%85%D9%83%D8%A7%D9%81%D8%AD%D8%A9_%D8%A7%D9%84%D8%B1%D9%85%D8%A9_%D9%81%D9%8A_%D8%A7%D9%84%D8%B4%D8%A7%D8%B1%D9%82%D8%A9,0,22,0%,4.09
https://www.rukn-eltatawer.com/termite-control-sharjah/#%D8%AE%D8%AF%D9%85%D8%A7%D8%AA_%D8%B4%D8%B1%D9%83%D8%A9_%D9%85%D9%83%D8%A7%D9%81%D8%AD%D8%A9_%D8%A7%D9%84%D8%B1%D9%85%D8%A9_%D9%81%D9%8A_%D8%A7%D9%84%D8%B4%D8%A7%D8%B1%D9%82%D8%A9,0,22,0%,4.09
https://www.rukn-eltatawer.com/termite-control-sharjah/#%D8%AE%D8%B7%D9%88%D8%A7%D8%AA_%D8%B4%D8%B1%D9%83%D8%A9_%D9%85%D9%83%D8%A7%D9%81%D8%AD%D8%A9_%D8%A7%D9%84%D8%B1%D9%85%D8%A9_%D9%81%D9%8A_%D8%A7%D9%84%D8%B4%D8%A7%D8%B1%D9%82%D8%A9,0,22,0%,4.09
https://www.rukn-eltatawer.com/sewerage-plumbing-sharjah/#%D8%B4%D8%B1%D9%83%D8%A9_%D8%AA%D8%B3%D9%84%D9%8A%D9%83_%D8%A7%D9%84%D9%85%D8%AC%D8%A7%D8%B1%D9%8A_%D9%81%D9%8A_%D8%A7%D9%84%D8%B4%D8%A7%D8%B1%D9%82%D8%A9_2026_%D8%B4%D9%81%D8%B7_%D8%A8%D8%A7%D9%84%D9%88%D8%B9%D8%A9_%E2%80%A2_%D8%AA%D9%86%D8%B8%D9%8A%D9%81_%D8%B5%D8%B1%D9%81_%D8%B5%D8%AD%D9%8A_%E2%80%A2_%D8%B6%D8%BA%D8%B7_%D9%85%D8%A7%D8%A6%D9%8A_%E2%80%A2_%D9%85%D8%AA%D8%A7%D8%AD%D9%88%D9%86_247,0,21,0%,3.48
https://www.rukn-eltatawer.com/termite-control-sharjah/#%D8%A7%D9%81%D8%B6%D9%84_%D8%B4%D8%B1%D9%83%D8%A9_%D9%85%D9%83%D8%A7%D9%81%D8%AD%D8%A9_%D8%A7%D9%84%D8%B1%D9%85%D8%A9_%D9%81%D9%8A_%D8%A7%D9%84%D8%B4%D8%A7%D8%B1%D9%82%D8%A9,0,21,0%,4.1
https://www.rukn-eltatawer.com/termite-control-sharjah/#%D9%85%D9%83%D8%A7%D9%81%D8%AD%D8%A9_%D8%A7%D9%84%D8%B1%D9%85%D8%A9_%D9%81%D9%8A_%D8%A7%D9%84%D8%AD%D8%AF%D8%A7%D8%A6%D9%82_%D9%81%D9%8A_%D8%A7%D9%84%D8%B4%D8%A7%D8%B1%D9%82%D8%A9,0,21,0%,4.19
https://www.rukn-eltatawer.com/termite-control-dubai/#%D8%A3%D9%87%D9%85%D9%8A%D8%A9_%D9%85%D9%83%D8%A7%D9%81%D8%AD%D8%A9_%D8%A7%D9%84%D8%B1%D9%85%D8%A9_%D9%81%D9%8A_%D8%AF%D8%A8%D9%8A,0,21,0%,5.76
https://www.rukn-eltatawer.com/termite-control-dubai/#%D8%A7%D8%B1%D8%AE%D8%B5_%D8%B4%D8%B1%D9%83%D8%A9_%D9%85%D9%83%D8%A7%D9%81%D8%AD%D8%A9_%D8%A7%D9%84%D8%B1%D9%85%D8%A9_%D9%81%D9%8A_%D8%AF%D8%A8%D9%8A,0,21,0%,5.76
https://www.rukn-eltatawer.com/termite-control-dubai/#%D8%A7%D9%81%D8%B6%D9%84_%D8%B4%D8%B1%D9%83%D8%A9_%D9%85%D9%83%D8%A7%D9%81%D8%AD%D8%A9_%D8%A7%D9%84%D8%B1%D9%85%D8%A9_%D9%81%D9%8A_%D8%AF%D8%A8%D9%8A,0,21,0%,5.76
https://www.rukn-eltatawer.com/termite-control-dubai/#%D8%AE%D8%AF%D9%85%D8%A7%D8%AA_%D8%B4%D8%B1%D9%83%D8%A9_%D9%85%D9%83%D8%A7%D9%81%D8%AD%D8%A9_%D8%A7%D9%84%D8%B1%D9%85%D8%A9_%D9%81%D9%8A_%D8%AF%D8%A8%D9%8A,0,21,0%,5.76
https://www.rukn-eltatawer.com/termite-control-dubai/#%D8%B4%D8%B1%D9%83%D8%A9_%D9%85%D9%83%D8%A7%D9%81%D8%AD%D8%A9_%D8%A7%D9%84%D8%B1%D9%85%D8%A9_%D9%81%D9%8A_%D8%AF%D8%A8%D9%8A,0,21,0%,5.76
https://www.rukn-eltatawer.com/termite-control-dubai/#%D8%B4%D8%B1%D9%83%D8%A9_%D9%85%D9%83%D8%A7%D9%81%D8%AD%D8%A9_%D8%A7%D9%84%D8%B1%D9%85%D8%A9_%D9%85%D8%B9_%D8%B6%D9%85%D8%A7%D9%86_%D9%81%D9%8A_%D8%AF%D8%A8%D9%8A,0,21,0%,5.76
https://www.rukn-eltatawer.com/termite-control-dubai/#%D8%B7%D8%B1%D9%82_%D8%B4%D8%B1%D9%83%D8%A9_%D9%85%D9%83%D8%A7%D9%81%D8%AD%D8%A9_%D8%A7%D9%84%D8%B1%D9%85%D8%A9_%D9%81%D9%8A_%D8%AF%D8%A8%D9%8A,0,21,0%,5.76
https://www.rukn-eltatawer.com/sharjah-pigeons-repellent-installation-company/,0,21,0%,6.05
https://www.rukn-eltatawer.com/shrkh-tnzyf-mkyfat-fy-dby/,0,21,0%,9.19
https://www.rukn-eltatawer.com/pest-control-company-in-ajman/#%D8%AE%D8%AF%D9%85%D8%A7%D8%AA_%D8%B4%D8%B1%D9%83%D8%A9_%D9%85%D9%83%D8%A7%D9%81%D8%AD%D8%A9_%D8%AD%D8%B4%D8%B1%D8%A7%D8%AA_%D9%81%D9%8A_%D8%B9%D8%AC%D9%85%D8%A7%D9%86_%D8%A5%D8%A8%D8%A7%D8%AF%D8%A9_%D9%81%D9%88%D8%B1%D9%8A%D8%A9_%D9%84%D8%AC%D9%85%D9%8A%D8%B9_%D8%A3%D9%86%D9%88%D8%A7%D8%B9_%D8%A7%D9%84%D8%A2%D9%81%D8%A7%D8%AA,0,20,0%,2.3
https://www.rukn-eltatawer.com/pest-control-company-in-ajman/#%D8%B4%D8%B1%D9%83%D8%A9_%D9%85%D9%83%D8%A7%D9%81%D8%AD%D8%A9_%D8%AD%D8%B4%D8%B1%D8%A7%D8%AA_%D9%81%D9%8A_%D8%B9%D8%AC%D9%85%D8%A7%D9%86_%D8%A5%D8%A8%D8%A7%D8%AF%D8%A9_%D9%81%D9%88%D8%B1%D9%8A%D8%A9_%D8%A8%D8%B6%D9%85%D8%A7%D9%86_%D8%A8%D8%AF%D9%88%D9%86_%D9%85%D8%BA%D8%A7%D8%AF%D8%B1%D8%A9_%D8%A7%D9%84%D9%85%D9%86%D8%B2%D9%84,0,20,0%,2.3
https://www.rukn-eltatawer.com/house-cleaning-company-in-fujairah/#%D9%85%D9%85%D9%8A%D8%B2%D8%A7%D8%AA_%D8%B4%D8%B1%D9%83%D8%A9_%D8%B1%D9%83%D9%86_%D8%A7%D9%84%D8%AA%D8%B7%D9%88%D8%B1_%D9%81%D9%89_%D8%A7%D9%84%D9%81%D8%AC%D9%8A%D8%B1%D8%A9,0,20,0%,2.45
https://www.rukn-eltatawer.com/sewerage-plumbing-sharjah/#%D9%85%D9%85%D9%8A%D8%B2%D8%A7%D8%AA_%D8%B4%D8%B1%D9%83%D8%A9_%D8%AA%D8%B3%D9%84%D9%8A%D9%83_%D8%A7%D9%84%D9%85%D8%AC%D8%A7%D8%B1%D9%8A_%D9%81%D9%8A_%D8%A7%D9%84%D8%B4%D8%A7%D8%B1%D9%82%D8%A9,0,19,0%,3.26
https://www.rukn-eltatawer.com/a-water-leak-detection-company-in-abu-dhabi/#%F0%9F%8F%86_%D9%85%D9%85%D9%8A%D8%B2%D8%A7%D8%AA_%D8%B4%D8%B1%D9%83%D8%A9_%D8%B1%D9%83%D9%86_%D8%A7%D9%84%D8%AA%D8%B7%D9%88%D8%B1_%D8%A3%D9%81%D8%B6%D9%84_%D8%B4%D8%B1%D9%83%D8%A9_%D9%83%D8%B4%D9%81_%D8%AA%D8%B3%D8%B1%D8%A8%D8%A7%D8%AA_%D8%A7%D9%84%D9%85%D9%8A%D8%A7%D9%87_%D9%81%D9%8A_%D8%A3%D8%A8%D9%88%D8%B8%D8%A8%D9%8A,0,19,0%,3.32
https://www.rukn-eltatawer.com/termite-control-sharjah/#%D8%B4%D8%B1%D9%83%D8%A9_%D8%B1%D8%B4_%D8%A7%D9%84%D8%B1%D9%85%D8%A9_%D9%81%D9%8A_%D8%A7%D9%84%D8%B4%D8%A7%D8%B1%D9%82%D8%A9,0,19,0%,3.68
https://www.rukn-eltatawer.com/umm-al-quwain-villas-cleaning-company/#%D8%A7%D9%81%D8%B6%D9%84_%D8%B4%D8%B1%D9%83%D8%A9_%D8%AA%D9%86%D8%B8%D9%8A%D9%81_%D9%81%D9%84%D9%84_%D8%A7%D9%85_%D8%A7%D9%84%D9%82%D9%8A%D9%88%D9%8A%D9%86,0,19,0%,4.58
https://www.rukn-eltatawer.com/umm-al-quwain-villas-cleaning-company/#%D8%A7%D9%84%D8%AE%D8%AF%D9%85%D8%A7%D8%AA_%D8%A7%D9%84%D8%AA%D9%8A_%D8%AA%D9%82%D8%AF%D9%85%D9%87%D8%A7_%D8%A3%D9%81%D8%B6%D9%84_%D8%B4%D8%B1%D9%83%D8%A9_%D8%AA%D9%86%D8%B8%D9%8A%D9%81_%D8%A7%D9%84%D9%81%D9%84%D9%84_%D9%81%D9%8A_%D8%A7%D9%84%D8%B4%D8%A7%D8%B1%D9%82%D8%A9,0,19,0%,4.58
https://www.rukn-eltatawer.com/ajman-sofa-cleaning-company/,0,18,0%,4.39
https://www.rukn-eltatawer.com/ras-al-khaimah-sewage-wiring-company/,0,18,0%,6.78
https://www.rukn-eltatawer.com/sharjah-gypsum-board-installation-company/,0,18,0%,6.78
https://www.rukn-eltatawer.com/roof-insulation-in-abu-dhabi/#%D8%B4%D8%B1%D9%83%D8%A9_%D8%B9%D8%B2%D9%84_%D8%A3%D8%B3%D8%B7%D8%AD_%D9%81%D9%8A_%D8%A3%D8%A8%D9%88%D8%B8%D8%A8%D9%8A_%D9%85%D9%86_%D8%A7%D9%84%D8%B1%D8%B7%D9%88%D8%A8%D8%A9,0,17,0%,2.65
https://www.rukn-eltatawer.com/a-water-leak-detection-company-in-abu-dhabi/#%D8%A3%D9%81%D8%B6%D9%84_%D8%B4%D8%B1%D9%83%D8%A9_%D9%85%D8%AA%D8%AE%D8%B5%D8%B5%D8%A9_%D9%81%D9%8A_%D9%83%D8%B4%D9%81_%D8%AA%D8%B3%D8%B1%D8%A8%D8%A7%D8%AA_%D8%A7%D9%84%D9%85%D9%8A%D8%A7%D9%87_%D9%81%D9%8A_%D8%A3%D8%A8%D9%88%D8%B8%D8%A8%D9%8A,0,17,0%,3.35
https://www.rukn-eltatawer.com/a-water-leak-detection-company-in-sharjah/,0,17,0%,3.35
https://www.rukn-eltatawer.com/a-water-leak-detection-company-in-abu-dhabi/#%D8%AE%D8%AF%D9%85%D8%A7%D8%AA_%D8%B4%D8%B1%D9%83%D8%A9_%D8%B1%D9%83%D9%86_%D8%A7%D9%84%D8%AA%D8%B7%D9%88%D8%B1_%D9%84%D9%83%D8%B4%D9%81_%D8%AA%D8%B3%D8%B1%D8%A8%D8%A7%D8%AA_%D8%A7%D9%84%D9%85%D9%8A%D8%A7%D9%87_%D9%81%D9%8A_%D8%A3%D8%A8%D9%88%D8%B8%D8%A8%D9%8A,0,17,0%,3.41
https://www.rukn-eltatawer.com/a-water-leak-detection-company-in-abu-dhabi/#%D9%84%D9%85%D8%A7%D8%B0%D8%A7_%D8%AA%D8%AE%D8%AA%D8%A7%D8%B1_%D8%B4%D8%B1%D9%83%D8%A9_%D8%B1%D9%83%D9%86_%D8%A7%D9%84%D8%AA%D8%B7%D9%88%D8%B1_%D9%84%D9%83%D8%B4%D9%81_%D8%AA%D8%B3%D8%B1%D8%A8%D8%A7%D8%AA_%D8%A7%D9%84%D9%85%D9%8A%D8%A7%D9%87_%D9%81%D9%8A_%D8%A3%D8%A8%D9%88%D8%B8%D8%A8%D9%8A%D8%9F,0,17,0%,3.41
https://www.rukn-eltatawer.com/hourly-cleaning-maids-dubai/#%D8%A7%D9%84%D8%AE%D9%84%D8%A7%D8%B5%D8%A9_%E2%80%93_%D9%84%D9%8A%D8%B4_%D8%AA%D8%AE%D8%AA%D8%A7%D8%B1_%D8%B9%D8%A7%D9%85%D9%84%D8%A7%D8%AA_%D8%AA%D9%86%D8%B8%D9%8A%D9%81_%D8%A8%D8%A7%D9%84%D8%B3%D8%A7%D8%B9%D8%A9_%D9%81%D9%8A_%D8%AF%D8%A8%D9%8A_%D9%85%D9%86_%D8%B4%D8%B1%D9%83%D8%A9_%D9%85%D8%AD%D8%AA%D8%B1%D9%81%D8%A9%D8%9F,0,17,0%,3.41
https://www.rukn-eltatawer.com/ajman-sofa-cleaning-company/#%D8%B4%D8%B1%D9%83%D8%A9_%D8%AA%D9%86%D8%B8%D9%8A%D9%81_%D9%83%D9%86%D8%A8_%D8%A8%D8%B9%D8%AC%D9%85%D8%A7%D9%86,0,17,0%,4.35
https://www.rukn-eltatawer.com/ras-al-khaimah-roof-insulation-company/,0,17,0%,7.24
https://www.rukn-eltatawer.com/sa/water-leak-detection-an-nuayriyah/,0,17,0%,11.59
https://www.rukn-eltatawer.com/pest-control-company-in-ajman/#%D9%84%D9%85%D8%A7%D8%B0%D8%A7_%D9%86%D9%8F%D8%B5%D9%86%D9%81_%D9%83%D8%A3%D9%81%D8%B6%D9%84_%D8%B4%D8%B1%D9%83%D8%A9_%D9%85%D9%83%D8%A7%D9%81%D8%AD%D8%A9_%D8%AD%D8%B4%D8%B1%D8%A7%D8%AA_%D9%81%D9%8A_%D8%B9%D8%AC%D9%85%D8%A7%D9%86_%D9%84%D8%B9%D8%A7%D9%85_2026%D8%9F,0,16,0%,2.25
https://www.rukn-eltatawer.com/pest-control-company-in-ajman/#%D9%85%D9%85%D9%8A%D8%B2%D8%A7%D8%AA_%D8%B4%D8%B1%D9%83%D8%A9_%D9%85%D9%83%D8%A7%D9%81%D8%AD%D8%A9_%D8%AD%D8%B4%D8%B1%D8%A7%D8%AA_%D9%81%D9%8A_%D8%B9%D8%AC%D9%85%D8%A7%D9%86_%D9%84%D9%85%D8%A7%D8%B0%D8%A7_%E2%80%9C%D8%B1%D9%83%D9%86_%D8%A7%D9%84%D8%AA%D8%B7%D9%88%D8%B1%E2%80%9D_%D9%87%D9%8A_%D8%A7%D9%84%D8%A3%D9%81%D8%B6%D9%84%D8%9F,0,16,0%,2.25
https://www.rukn-eltatawer.com/leak-detection-company-in-dubai/#%D8%A3%D8%B3%D8%A8%D8%A7%D8%A8_%D8%AA%D8%B3%D8%B1%D8%A8%D8%A7%D8%AA_%D8%A7%D9%84%D9%85%D9%8A%D8%A7%D9%87_%D9%81%D9%8A_%D9%85%D8%A8%D8%A7%D9%86%D9%8A_%D8%AF%D8%A8%D9%8A_2026_%E2%80%93_%D8%A7%D9%84%D8%AA%D8%B4%D8%AE%D9%8A%D8%B5_%D8%A7%D9%84%D8%AC%D8%B0%D8%B1%D9%8A_%D8%A7%D9%84%D9%83%D8%A7%D9%85%D9%84,0,16,0%,3.19
https://www.rukn-eltatawer.com/leak-detection-company-in-dubai/#%D8%AE%D8%AF%D9%85%D8%A7%D8%AA_%D8%B4%D8%B1%D9%83%D8%A9_%D9%83%D8%B4%D9%81_%D8%AA%D8%B3%D8%B1%D8%A8%D8%A7%D8%AA_%D8%A7%D9%84%D9%85%D9%8A%D8%A7%D9%87_%D9%81%D9%8A_%D8%AF%D8%A8%D9%8A_%D8%B1%D9%83%D9%86_%D8%A7%D9%84%D8%AA%D8%B7%D9%88%D8%B1_2026_%E2%80%93_%D8%A7%D9%84%D8%A3%D8%B3%D8%B9%D8%A7%D8%B1_%D9%88%D8%A7%D9%84%D8%AA%D9%81%D8%A7%D8%B5%D9%8A%D9%84_%D8%A7%D9%84%D9%83%D8%A7%D9%85%D9%84%D8%A9,0,16,0%,3.19
https://www.rukn-eltatawer.com/leak-detection-company-in-dubai/#%D9%83%D9%8A%D9%81_%D8%AA%D8%B9%D9%85%D9%84_%D8%B4%D8%B1%D9%83%D8%A9_%D8%B1%D9%83%D9%86_%D8%A7%D9%84%D8%AA%D8%B7%D9%88%D8%B1_%D9%84%D9%83%D8%B4%D9%81_%D8%AA%D8%B3%D8%B1%D8%A8%D8%A7%D8%AA_%D8%A7%D9%84%D9%85%D9%8A%D8%A7%D9%87_%D9%81%D9%8A_%D8%AF%D8%A8%D9%8A%D8%9F_%D8%A7%D9%84%D8%A8%D8%B1%D9%88%D8%AA%D9%88%D9%83%D9%88%D9%84_%D8%A7%D9%84%D9%83%D8%A7%D9%85%D9%84_%D8%AE%D8%B7%D9%88%D8%A9_%D8%A8%D8%AE%D8%B7%D9%88%D8%A9,0,16,0%,3.19
https://www.rukn-eltatawer.com/a-water-leak-detection-company-in-abu-dhabi/#%F0%9F%A7%AA_%D8%A7%D9%84%D8%A3%D8%AC%D9%87%D8%B2%D8%A9_%D8%A7%D9%84%D9%85%D8%B3%D8%AA%D8%AE%D8%AF%D9%85%D8%A9_%D9%81%D9%8A_%D9%83%D8%B4%D9%81_%D8%AA%D8%B3%D8%B1%D8%A8%D8%A7%D8%AA_%D8%A7%D9%84%D9%85%D9%8A%D8%A7%D9%87_%D9%81%D9%8A_%D8%A3%D8%A8%D9%88%D8%B8%D8%A8%D9%8A,0,16,0%,3.38
https://www.rukn-eltatawer.com/a-water-leak-detection-company-in-abu-dhabi/#%F0%9F%8C%9F_%D9%81%D9%88%D8%A7%D8%A6%D8%AF_%D8%A7%D9%84%D9%83%D8%B4%D9%81_%D8%A7%D9%84%D9%85%D8%A8%D9%83%D8%B1_%D8%B9%D9%86_%D8%AA%D8%B3%D8%B1%D8%A8%D8%A7%D8%AA_%D8%A7%D9%84%D9%85%D9%8A%D8%A7%D9%87_%D9%81%D9%8A_%D8%A3%D8%A8%D9%88%D8%B8%D8%A8%D9%8A,0,16,0%,3.44
https://www.rukn-eltatawer.com/umm-al-quwain-roof-insulation-company/,0,16,0%,6.31
https://www.rukn-eltatawer.com/sa/water-leak-detection-al-majmaah/,0,16,0%,20.88
https://www.rukn-eltatawer.com/pest-control-company-in-ajman/#%D9%84%D9%85%D8%A7%D8%B0%D8%A7_%E2%80%9C%D8%B1%D9%83%D9%86_%D8%A7%D9%84%D8%AA%D8%B7%D9%88%D8%B1%E2%80%9D_%D9%87%D9%8A_%D8%A7%D8%AE%D8%AA%D9%8A%D8%A7%D8%B1%D9%83_%D8%A7%D9%84%D8%A3%D9%88%D9%84_%D9%83%D8%A3%D9%81%D8%B6%D9%84_%D8%B4%D8%B1%D9%83%D8%A9_%D9%85%D9%83%D8%A7%D9%81%D8%AD%D8%A9_%D8%AD%D8%B4%D8%B1%D8%A7%D8%AA_%D9%81%D9%8A_%D8%B9%D8%AC%D9%85%D8%A7%D9%86%D8%9F,0,15,0%,2.2
https://www.rukn-eltatawer.com/pest-control-company-in-ajman/#%D8%A7%D9%84%D8%A3%D8%AF%D9%88%D8%A7%D8%AA_%D8%A7%D9%84%D8%AA%D9%8A_%D8%AA%D8%B3%D8%AA%D8%AE%D8%AF%D9%85%D9%87%D8%A7_%D8%B4%D8%B1%D9%83%D8%A9_%D9%85%D9%83%D8%A7%D9%81%D8%AD%D8%A9_%D8%AD%D8%B4%D8%B1%D8%A7%D8%AA_%D9%81%D9%8A_%D8%B9%D8%AC%D9%85%D8%A7%D9%86_%D8%AA%D9%82%D9%86%D9%8A%D8%A9_%D8%AA%D8%A8%D9%8A%D8%AF_%D8%A7%D9%84%D8%AD%D8%B4%D8%B1%D8%A7%D8%AA_%D9%86%D9%87%D8%A7%D8%A6%D9%8A%D8%A7%D9%8B,0,15,0%,2.27
https://www.rukn-eltatawer.com/pest-control-company-in-ajman/#%D8%A7%D9%84%D9%85%D8%A8%D9%8A%D8%AF%D8%A7%D8%AA_%D8%A7%D9%84%D8%AA%D9%8A_%D8%AA%D8%B3%D8%AA%D8%AE%D8%AF%D9%85%D9%87%D8%A7_%D8%B4%D8%B1%D9%83%D8%A9_%D9%85%D9%83%D8%A7%D9%81%D8%AD%D8%A9_%D8%AD%D8%B4%D8%B1%D8%A7%D8%AA_%D9%81%D9%8A_%D8%B9%D8%AC%D9%85%D8%A7%D9%86_%D8%A5%D8%A8%D8%A7%D8%AF%D8%A9_%D8%A2%D9%85%D9%86%D8%A9_100,0,15,0%,2.27
https://www.rukn-eltatawer.com/insulators-company-in-sharjah/#%D8%A7%D9%81%D8%B6%D9%84_%D8%B4%D8%B1%D9%83%D8%A9_%D8%B9%D8%B2%D9%84_%D8%A7%D8%B3%D8%B7%D8%AD_%D9%81%D9%8A_%D8%A7%D9%84%D8%B4%D8%A7%D8%B1%D9%82%D8%A9,0,15,0%,2.8
https://www.rukn-eltatawer.com/leak-detection-company-in-dubai/#%D8%A3%D8%AC%D9%87%D8%B2%D8%A9_%D9%88%D8%AA%D9%82%D9%86%D9%8A%D8%A7%D8%AA_%D9%83%D8%B4%D9%81_%D8%AA%D8%B3%D8%B1%D8%A8%D8%A7%D8%AA_%D8%A7%D9%84%D9%85%D9%8A%D8%A7%D9%87_%D9%81%D9%8A_%D8%AF%D8%A8%D9%8A_2026_%E2%80%93_%D8%A8%D8%AF%D9%88%D9%86_%D8%AA%D9%83%D8%B3%D9%8A%D8%B1_%D9%88%D8%A8%D8%AF%D9%82%D8%A9_%D8%B3%D9%86%D8%AA%D9%8A%D9%85%D8%AA%D8%B1%D9%8A%D8%A9,0,15,0%,3.2
https://www.rukn-eltatawer.com/leak-detection-company-in-dubai/#8_%D8%B9%D9%84%D8%A7%D9%85%D8%A7%D8%AA_%D8%AA%D9%8F%D8%AE%D8%A8%D8%B1%D9%83_%D8%A3%D9%86_%D9%85%D9%86%D8%B2%D9%84%D9%83_%D9%81%D9%8A_%D8%AF%D8%A8%D9%8A_%D9%8A%D8%B9%D8%A7%D9%86%D9%8A_%D9%85%D9%86_%D8%AA%D8%B3%D8%B1%D8%A8_%D9%85%D8%A7%D8%A6%D9%8A_%D8%AE%D9%81%D9%8A_%E2%80%93_%D9%84%D8%A7_%D8%AA%D8%AA%D8%AC%D8%A7%D9%87%D9%84_%D8%A3%D9%8A%D8%A7%D9%8B_%D9%85%D9%86%D9%87%D8%A7,0,15,0%,3.2
https://www.rukn-eltatawer.com/sewerage-plumbing-sharjah/#%D8%AE%D8%B7%D9%88%D8%A7%D8%AA_%D8%B9%D9%85%D9%84_%D8%B4%D8%B1%D9%83%D8%A9_%D8%AA%D8%B3%D9%84%D9%8A%D9%83_%D8%A7%D9%84%D9%85%D8%AC%D8%A7%D8%B1%D9%8A_%D9%81%D9%89_%D8%A7%D9%84%D8%B4%D8%A7%D8%B1%D9%82%D8%A9,0,15,0%,3.47
https://www.rukn-eltatawer.com/sewerage-plumbing-sharjah/#%D9%81%D9%86%D9%8A_%D8%AA%D8%B3%D9%84%D9%8A%D9%83_%D8%A7%D9%84%D9%85%D8%AC%D8%A7%D8%B1%D9%8A_%D9%81%D9%89_%D8%A7%D9%84%D8%B4%D8%A7%D8%B1%D9%82%D8%A9,0,15,0%,3.47
https://www.rukn-eltatawer.com/ajman-sofa-cleaning-company/#%D8%B7%D8%B1%D9%82_%D8%A7%D9%84%D8%B4%D8%B1%D9%83%D8%A9_%D9%81%D9%8A_%D8%B9%D9%85%D9%84%D9%8A%D8%A9_%D8%AA%D9%86%D8%B8%D9%8A%D9%81_%D9%88%D8%BA%D8%B3%D9%8A%D9%84_%D8%A7%D9%84%D9%83%D9%86%D8%A8,0,15,0%,4.27
https://www.rukn-eltatawer.com/ajman-sofa-cleaning-company/#%D8%A7%D9%81%D8%B6%D9%84_%D8%B4%D8%B1%D9%83%D8%A9_%D8%AA%D9%86%D8%B8%D9%8A%D9%81_%D9%83%D9%86%D8%A8_%D9%81%D9%8A_%D8%B9%D8%AC%D9%85%D8%A7%D9%86,0,15,0%,4.67
https://www.rukn-eltatawer.com/cleaning-company-in-dubai/#%D8%A7%D8%AE%D8%AA%D8%B1_%D8%A8%D8%A7%D9%82%D8%AA%D9%83_%D9%88%D8%A7%D8%AD%D8%AC%D8%B2_%D8%A7%D9%84%D8%A2%D9%86,0,15,0%,4.73
https://www.rukn-eltatawer.com/umm-al-quwain-villas-cleaning-company/#%D8%A7%D9%81%D8%B6%D9%84_%D8%B4%D8%B1%D9%83%D8%A7%D8%AA_%D8%AA%D9%86%D8%B8%D9%8A%D9%81_%D8%A7%D9%84%D9%81%D9%84%D9%84_%D9%81%D9%8A_%D8%A7%D9%85_%D8%A7%D9%84%D9%82%D9%8A%D9%88%D9%8A%D9%86,0,15,0%,4.73
https://www.rukn-eltatawer.com/umm-al-quwain-villas-cleaning-company/#%D8%B4%D8%B1%D9%83%D8%A9_%D8%AA%D9%86%D8%B8%D9%8A%D9%81_%D9%81%D9%84%D9%84_%D9%81%D9%8A_%D8%A3%D9%85_%D8%A7%D9%84%D9%82%D9%8A%D9%88%D9%8A%D9%86,0,15,0%,4.73
https://www.rukn-eltatawer.com/sharjah-carpet-cleaning-company/,0,15,0%,5.2
https://www.rukn-eltatawer.com/abu-dhabi-air-conditioner-cleaning-company/#%D9%85%D9%85%D9%8A%D8%B2%D8%A7%D8%AA_%D8%B4%D8%B1%D9%83%D8%A9_%D8%AA%D9%86%D8%B8%D9%8A%D9%81_%D9%85%D9%83%D9%8A%D9%81%D8%A7%D8%AA_%D9%81%D9%89_%D8%A3%D8%A8%D9%88%D8%B8%D8%A8%D9%8A,0,15,0%,6
https://www.rukn-eltatawer.com/water-leak-detection-company-in-al-ain/,0,15,0%,6.47
https://www.rukn-eltatawer.com/sa/water-leak-detection-umluj/,0,15,0%,8.8
https://www.rukn-eltatawer.com/humidity-treatment-abu-dhabi/,0,15,0%,16.13
https://www.rukn-eltatawer.com/ras-al-khaimah-cleaning/,0,15,0%,27.67
https://www.rukn-eltatawer.com/ras-al-khaimah-sewage-wiring-company/#%D8%AE%D8%B7%D9%88%D8%A7%D8%AA_%D8%B9%D9%85%D9%84_%D8%B4%D8%B1%D9%83%D8%A9_%D8%AA%D8%B3%D9%84%D9%8A%D9%83_%D8%A7%D9%84%D9%85%D8%AC%D8%A7%D8%B1%D9%8A_%D9%81%D9%8A_%D8%B1%D8%A3%D8%B3_%D8%A7%D9%84%D8%AE%D9%8A%D9%85%D8%A9,0,14,0%,3.21
https://www.rukn-eltatawer.com/a-water-leak-detection-company-in-abu-dhabi/#%D8%AA%D9%82%D9%86%D9%8A%D8%A7%D8%AA_%D9%83%D8%B4%D9%81_%D8%AA%D8%B3%D8%B1%D8%A8%D8%A7%D8%AA_%D8%A7%D9%84%D9%85%D9%8A%D8%A7%D9%87,0,14,0%,3.57
https://www.rukn-eltatawer.com/al-ain-villas-cleaning-company/#%D8%B4%D8%B1%D9%83%D8%A9_%D8%AA%D8%B9%D9%82%D9%8A%D9%85_%D9%81%D9%8A_%D8%A7%D9%84%D8%B9%D9%8A%D9%86,0,14,0%,3.64
https://www.rukn-eltatawer.com/al-ain-villas-cleaning-company/#%D8%B4%D8%B1%D9%83%D8%A9_%D9%86%D8%B8%D8%A7%D9%81%D8%A9_%D9%81%D9%84%D9%84_%D8%A8%D8%A7%D9%84%D8%B9%D9%8A%D9%86,0,14,0%,3.64
https://www.rukn-eltatawer.com/ajman-sofa-cleaning-company/#%D8%B4%D8%B1%D9%83%D8%A7%D8%AA_%D9%86%D8%B8%D8%A7%D9%81%D8%A9_%D9%83%D9%86%D8%A8_%D9%81%D9%89_%D8%B9%D8%AC%D9%85%D8%A7%D9%86,0,14,0%,4.36
https://www.rukn-eltatawer.com/gypsum-board-installation-in-dubai/,0,14,0%,4.43
https://www.rukn-eltatawer.com/house-cleaning-company-in-ajman/#%D8%B4%D8%B1%D9%83%D8%A9_%D8%AA%D9%86%D8%B8%D9%8A%D9%81_%D9%85%D9%86%D8%A7%D8%B2%D9%84_%D9%81%D9%8A_%D8%B9%D8%AC%D9%85%D8%A7%D9%86,0,14,0%,8.29
https://www.rukn-eltatawer.com/house-cleaning-company-in-ajman/#%D8%B4%D8%B1%D9%83%D8%A9_%D8%B1%D9%83%D9%86_%D8%A7%D9%84%D8%AA%D8%B7%D9%88%D8%B1_%D9%84%D9%80_%D8%AA%D9%86%D8%B8%D9%8A%D9%81_%D9%85%D9%86%D8%A7%D8%B2%D9%84_%D9%81%D9%8A_%D8%B9%D8%AC%D9%85%D8%A7%D9%86,0,14,0%,8.29
https://www.rukn-eltatawer.com/pest-control-company-in-fujairah/#%D8%A3%D9%86%D9%88%D8%A7%D8%B9_%D8%A7%D9%84%D8%AD%D8%B4%D8%B1%D8%A7%D8%AA_%D8%A7%D9%84%D8%AA%D9%8A_%D8%AA%D9%82%D9%88%D9%85_%D8%B4%D8%B1%D9%83%D8%AA%D9%86%D8%A7_%D8%A8%D8%A7%D9%84%D9%82%D8%B6%D8%A7%D8%A1_%D8%B9%D9%84%D9%8A%D9%87%D8%A7,0,13,0%,2.15
https://www.rukn-eltatawer.com/abu-dhabi-landscaping-company/#%D8%AA%D8%B5%D9%85%D9%8A%D9%85_%D9%88%D8%AA%D9%86%D9%81%D9%8A%D8%B0_%D8%AD%D8%AF%D8%A7%D8%A6%D9%82_%D9%81%D9%8A_%D8%A7%D8%A8%D9%88%D8%B8%D8%A8%D9%8A,0,13,0%,2.31
https://www.rukn-eltatawer.com/insulators-company-in-sharjah/#%D8%AE%D8%AF%D9%85%D8%A7%D8%AA_%D8%B4%D8%B1%D9%83%D8%A9_%D8%B9%D8%B2%D9%84_%D8%A7%D8%B3%D8%B7%D8%AD_%D9%81%D9%8A_%D8%A7%D9%84%D8%B4%D8%A7%D8%B1%D9%82%D8%A9,0,13,0%,2.92
https://www.rukn-eltatawer.com/ras-al-khaimah-sewage-wiring-company/#%D9%85%D9%85%D9%8A%D8%B2%D8%A7%D8%AA_%D8%B4%D8%B1%D9%83%D8%A9_%D8%AA%D8%B3%D9%84%D9%8A%D9%83_%D8%A7%D9%84%D9%85%D8%AC%D8%A7%D8%B1%D9%8A_%D9%81%D9%89_%D8%B1%D8%A3%D8%B3_%D8%A7%D9%84%D8%AE%D9%8A%D9%85%D8%A9,0,13,0%,3.23
https://www.rukn-eltatawer.com/al-ain-villas-cleaning-company/#%D8%A3%D9%81%D8%B6%D9%84_%D8%B4%D8%B1%D9%83%D8%A9_%D8%AA%D9%86%D8%B8%D9%8A%D9%81_%D9%81%D9%84%D9%84_%D8%A8%D8%A7%D9%84%D8%B9%D9%8A%D9%86,0,13,0%,3.77
https://www.rukn-eltatawer.com/umm-al-quwain-sewage-wiring/,0,13,0%,4.54
https://www.rukn-eltatawer.com/abu-dhabi-air-conditioner-cleaning-company/#%D8%B1%D9%83%D9%86_%D8%A7%D9%84%D8%AA%D8%B7%D9%88%D8%B1_%D8%A3%D9%81%D8%B6%D9%84_%D8%B4%D8%B1%D9%83%D8%A9_%D8%AA%D9%86%D8%B8%D9%8A%D9%81_%D9%85%D9%83%D9%8A%D9%81%D8%A7%D8%AA_%D9%81%D9%8A_%D8%A3%D8%A8%D9%88%D8%B8%D8%A8%D9%8A,0,13,0%,5.69
https://www.rukn-eltatawer.com/house-cleaning-company-in-ajman/#%D8%A3%D9%81%D8%B6%D9%84_%D8%B4%D8%B1%D9%83%D8%A9_%D8%AA%D9%86%D8%B8%D9%8A%D9%81_%D9%81%D9%8A_%D8%B9%D8%AC%D9%85%D8%A7%D9%86,0,13,0%,8.23
https://www.rukn-eltatawer.com/air-conditioner-cleaning-in-sharjah/,0,13,0%,15.69
https://www.rukn-eltatawer.com/cleaning-company-in-abu-dhabi/,0,13,0%,17.38
https://www.rukn-eltatawer.com/al-ain-boards-cleaning-company/,0,13,0%,17.69
https://www.rukn-eltatawer.com/pest-control-company-in-fujairah/#%D8%A7%D9%84%D8%A3%D8%AF%D9%88%D8%A7%D8%AA_%D8%A7%D9%84%D8%AA%D9%8A_%D8%AA%D8%B3%D8%AA%D8%AE%D8%AF%D9%85%D9%87%D8%A7_%D8%B4%D8%B1%D9%83%D8%A9_%D9%85%D9%83%D8%A7%D9%81%D8%AD%D8%A9_%D8%A7%D9%84%D8%AD%D8%B4%D8%B1%D8%A7%D8%AA_%D9%81%D9%8A_%D8%A7%D9%84%D9%81%D8%AC%D9%8A%D8%B1%D8%A9,0,12,0%,2.17
https://www.rukn-eltatawer.com/pest-control-company-in-fujairah/#%D8%AE%D8%AF%D9%85%D8%A7%D8%AA_%D8%B4%D8%B1%D9%83%D8%A9_%D8%AA%D9%86%D8%B8%D9%8A%D9%81_%D9%88%D9%85%D9%83%D8%A7%D9%81%D8%AD%D8%A9_%D8%AD%D8%B4%D8%B1%D8%A7%D8%AA_%D9%81%D9%8A_%D8%A7%D9%84%D9%81%D8%AC%D9%8A%D8%B1%D8%A9,0,12,0%,2.17
https://www.rukn-eltatawer.com/sewerage-plumbing-sharjah/#%D8%A7%D9%84%D8%B9%D8%B2%D9%84_%D8%A7%D9%84%D9%85%D8%A7%D8%A6%D9%8A_%D9%81%D9%8A_%D8%B4%D8%B1%D9%83%D8%A9_%D8%AA%D8%B3%D9%84%D9%8A%D9%83_%D8%A7%D9%84%D9%85%D8%AC%D8%A7%D8%B1%D9%8A_%D9%81%D9%89_%D8%A7%D9%84%D8%B4%D8%A7%D8%B1%D9%82%D8%A9,0,12,0%,2.25
https://www.rukn-eltatawer.com/sewerage-plumbing-sharjah/#%D8%B4%D8%B1%D9%83%D8%A9_%D8%AA%D8%B3%D9%84%D9%8A%D9%83_%D8%A7%D9%84%D9%85%D8%AC%D8%A7%D8%B1%D9%8A_%D9%81%D9%8A_%D8%A7%D9%84%D8%B4%D8%A7%D8%B1%D9%82%D8%A9,0,12,0%,2.25
https://www.rukn-eltatawer.com/sewer-plumbing-ajman/#%D8%A7%D9%84%D8%B7%D8%B1%D9%82_%D8%A7%D9%84%D8%AD%D8%AF%D9%8A%D8%AB%D8%A9_%D8%A7%D9%84%D8%AA%D9%8A_%D8%AA%D8%B3%D8%AA%D8%AE%D8%AF%D9%85%D9%87%D8%A7_%D8%B4%D8%B1%D9%83%D8%A9_%D8%AA%D8%B3%D9%84%D9%8A%D9%83_%D9%85%D8%AC%D8%A7%D8%B1%D9%8A_%D9%81%D9%8A_%D8%B9%D8%AC%D9%85%D8%A7%D9%86,0,12,0%,3.08
https://www.rukn-eltatawer.com/al-ain-landscaping-company/,0,12,0%,3.17
https://www.rukn-eltatawer.com/hourly-cleaning-maids-dubai/#%D8%B4%D8%B1%D9%83%D8%A9_%D8%AA%D9%86%D8%B8%D9%8A%D9%81_%D8%A8%D8%A7%D9%84%D8%B3%D8%A7%D8%B9%D8%A9_%D8%AF%D8%A8%D9%8A_%E2%80%93_%D8%A7%D9%84%D8%AC%D9%88%D8%AF%D8%A9_%D9%88%D8%A7%D9%84%D8%B3%D8%B1%D8%B9%D8%A9,0,12,0%,3.58
https://www.rukn-eltatawer.com/ras-al-khaimah-roof-insulation-company/#%D9%85%D9%85%D9%8A%D8%B2%D8%A7%D8%AA_%D8%B4%D8%B1%D9%83%D8%A9_%D8%B9%D8%B2%D9%84_%D8%A3%D8%B3%D8%B7%D8%AD_%D8%B1%D8%A3%D8%B3_%D8%A7%D9%84%D8%AE%D9%8A%D9%85%D8%A9,0,12,0%,5.83
https://www.rukn-eltatawer.com/indoor-moving-fujairah/,0,12,0%,12.75
https://www.rukn-eltatawer.com/general-maintenance-company-abu-dhabi/,0,12,0%,15.33
https://www.rukn-eltatawer.com/sa/,0,12,0%,62.58
https://www.rukn-eltatawer.com/water-leak-detection-umm-al-quwain/,0,11,0%,2.09
https://www.rukn-eltatawer.com/pest-control-company-in-fujairah/#%D8%A3%D9%81%D8%B6%D9%84_%D8%B4%D8%B1%D9%83%D8%A9_%D9%85%D9%83%D8%A7%D9%81%D8%AD%D8%A9_%D8%AD%D8%B4%D8%B1%D8%A7%D8%AA_%D9%81%D9%8A_%D8%A7%D9%84%D9%81%D8%AC%D9%8A%D8%B1%D8%A9,0,11,0%,2.18
https://www.rukn-eltatawer.com/pest-control-company-in-fujairah/#%D9%85%D8%A7_%D9%87%D9%89_%D8%A3%D8%B3%D8%A8%D8%A7%D8%A8_%D8%A5%D9%86%D8%AA%D8%B4%D8%A7%D8%B1_%D8%A7%D9%84%D8%AD%D8%B4%D8%B1%D8%A7%D8%AA,0,11,0%,2.18
https://www.rukn-eltatawer.com/pest-control-company-in-fujairah/#%D9%85%D9%85%D9%8A%D8%B2%D8%A7%D8%AA_%D8%B4%D8%B1%D9%83%D8%A9_%D9%85%D9%83%D8%A7%D9%81%D8%AD%D9%87_%D8%A7%D9%84%D8%AD%D8%B4%D8%B1%D8%A7%D8%AA_%D9%81%D9%8A_%D8%A7%D9%84%D9%81%D8%AC%D9%8A%D8%B1%D8%A9,0,11,0%,2.18
https://www.rukn-eltatawer.com/abu-dhabi-landscaping-company/#%D8%B4%D8%B1%D9%83%D8%A7%D8%AA_%D8%AA%D9%86%D8%B3%D9%8A%D9%82_%D8%AD%D8%AF%D8%A7%D8%A6%D9%82_%D9%88%D9%85%D8%AA%D9%86%D8%B2%D9%87%D8%A7%D8%AA_%D8%A7%D8%A8%D9%88%D8%B8%D8%A8%D9%8A,0,11,0%,2.27
https://www.rukn-eltatawer.com/sewerage-plumbing-sharjah/#%D8%AE%D8%AF%D9%85%D8%A7%D8%AA_%D8%B4%D8%B1%D9%83%D8%A9_%D8%AA%D8%B3%D9%84%D9%8A%D9%83_%D8%A7%D9%84%D9%85%D8%AC%D8%A7%D8%B1%D9%8A_%D9%81%D9%89_%D8%A7%D9%84%D8%B4%D8%A7%D8%B1%D9%82%D8%A9,0,11,0%,2.27
https://www.rukn-eltatawer.com/abu-dhabi-landscaping-company/#%D8%B4%D8%B1%D9%83%D8%A9_%D8%AA%D9%86%D8%B3%D9%8A%D9%82_%D8%AD%D8%AF%D8%A7%D8%A6%D9%82_%D8%A3%D8%A8%D9%88%D8%B8%D8%A8%D9%8A,0,11,0%,2.36
https://www.rukn-eltatawer.com/roof-insulation-in-abu-dhabi/#%D8%A7%D9%81%D8%B6%D9%84_%D8%A7%D9%86%D9%88%D8%A7%D8%B9_%D8%A7%D9%84%D8%B9%D8%B2%D9%84_%D8%A7%D9%84%D8%AD%D8%B1%D8%A7%D8%B1%D9%8A_%D8%B4%D8%B1%D9%83%D8%A9_%D8%B9%D8%B2%D9%84_%D8%A3%D8%B3%D8%B7%D8%AD_%D9%81%D9%8A_%D8%A3%D8%A8%D9%88%D8%B8%D8%A8%D9%8A_%D8%B1%D9%83%D9%86_%D8%A7%D9%84%D8%AA%D8%B7%D9%88%D8%B1,0,11,0%,2.82
https://www.rukn-eltatawer.com/sewer-plumbing-ajman/#%D8%A3%D9%81%D8%B6%D9%84_%D8%B4%D8%B1%D9%83%D8%A9_%D8%AA%D8%B3%D9%84%D9%8A%D9%83_%D9%85%D8%AC%D8%A7%D8%B1%D9%8A_%D9%81%D9%8A_%D8%B9%D8%AC%D9%85%D8%A7%D9%86_%D8%B4%D9%81%D8%B7_%D9%88%D8%AA%D9%86%D8%B8%D9%8A%D9%81_%D8%A8%D8%B6%D9%85%D8%A7%D9%86_2026,0,11,0%,3.18
https://www.rukn-eltatawer.com/insect-control-in-abu-dhabi/#%D8%A3%D8%B3%D8%A8%D8%A7%D8%A8_%D8%A5%D9%86%D8%AA%D8%B4%D8%A7%D8%B1_%D8%A7%D9%84%D8%AD%D8%B4%D8%B1%D8%A7%D8%AA,0,11,0%,3.45
https://www.rukn-eltatawer.com/sewerage-plumbing-dubai/#%D8%B4%D8%B1%D9%83%D8%A9_%D8%AA%D8%B3%D9%84%D9%8A%D9%83_%D9%85%D8%AC%D8%A7%D8%B1%D9%8A_%D9%81%D9%8A_%D8%AF%D8%A8%D9%8A_2026_%E2%80%93_%D8%B4%D9%81%D8%B7_%D8%A8%D8%A7%D9%84%D9%88%D8%B9%D8%A9_%D9%88%D8%AA%D9%86%D8%B8%D9%8A%D9%81_%D8%B5%D8%B1%D9%81_%D8%B5%D8%AD%D9%8A_%D8%A8%D8%AF%D9%88%D9%86_%D8%AA%D9%83%D8%B3%D9%8A%D8%B1_%D8%B4%D9%81%D8%B7_%D9%85%D8%AC%D8%A7%D8%B1%D9%8A_%E2%80%A2_%D8%AA%D9%86%D8%B8%D9%8A%D9%81_%D9%85%D9%86%D8%A7%D9%87%D9%8A%D9%84_%E2%80%A2_%D8%B6%D8%BA%D8%B7_%D9%85%D8%A7%D8%A6%D9%8A_%E2%80%A2_%D9%85%D8%AA%D8%A7%D8%AD%D9%88%D9%86_247,0,11,0%,3.45
https://www.rukn-eltatawer.com/ras-al-khaimah-sewage-wiring-company/#%D8%AA%D8%B3%D9%84%D9%8A%D9%83_%D8%A7%D9%84%D9%85%D8%AC%D8%A7%D8%B1%D9%8A_%D9%84%D9%84%D8%AD%D9%85%D8%A7%D9%85%D8%A7%D8%AA,0,11,0%,3.55
https://www.rukn-eltatawer.com/ajman-roof-insulation-company/,0,11,0%,4.55
https://www.rukn-eltatawer.com/water-leak-detection-ras-al-khaimah/,0,11,0%,10.55
https://www.rukn-eltatawer.com/dubai-pigeons-repellent-installation/,0,11,0%,12.27
https://www.rukn-eltatawer.com/sharjah-sofa-cleaning-company/,0,11,0%,14.55
https://www.rukn-eltatawer.com/fujairah-villas-cleaning-company/,0,11,0%,19
https://www.rukn-eltatawer.com/general-maintenance-company-in-dubai/#%D8%A3%D9%81%D8%B6%D9%84_%D8%B4%D8%B1%D9%83%D8%A9_%D8%B5%D9%8A%D8%A7%D9%86%D8%A9_%D8%B9%D8%A7%D9%85%D8%A9_%D8%AF%D8%A8%D9%8A_%D8%AA%D9%83%D8%B3%D9%8A%D8%B1_%D9%88%D8%AA%D8%B1%D9%85%D9%8A%D9%85_%D8%A7%D9%84%D9%81%D9%84%D9%84_%D9%88%D8%A7%D9%84%D8%AD%D9%85%D8%A7%D9%85%D8%A7%D8%AA,0,10,0%,2.2
https://www.rukn-eltatawer.com/ceramic-installation-company-in-dubai/#%D8%A3%D9%87%D9%85%D9%8A%D8%A9_%D8%A7%D8%AE%D8%AA%D9%8A%D8%A7%D8%B1_%D8%B4%D8%B1%D9%83%D8%A9_%D8%AA%D8%B1%D9%83%D9%8A%D8%A8_%D8%B3%D9%8A%D8%B1%D8%A7%D9%85%D9%8A%D9%83_%D9%81%D9%8A_%D8%AF%D8%A8%D9%8A_%D8%A7%D9%84%D9%85%D9%86%D8%A7%D8%B3%D8%A8%D8%A9,0,10,0%,2.8
https://www.rukn-eltatawer.com/ceramic-installation-company-in-dubai/#%D8%A3%D9%87%D9%85%D9%8A%D8%A9_%D8%A7%D8%AE%D8%AA%D9%8A%D8%A7%D8%B1_%D9%81%D9%86%D9%8A_%D9%85%D8%A8%D9%84%D8%B7_%D9%85%D8%AD%D8%AA%D8%B1%D9%81_%D8%B4%D8%B1%D9%83%D8%A9_%D8%AA%D8%B1%D9%83%D9%8A%D8%A8_%D8%B3%D9%8A%D8%B1%D8%A7%D9%85%D9%8A%D9%83_%D9%81%D9%8A_%D8%AF%D8%A8%D9%8A,0,10,0%,2.8
https://www.rukn-eltatawer.com/ceramic-installation-company-in-dubai/#%D8%AE%D8%A8%D8%B1%D8%A9_%D9%88%D9%83%D9%81%D8%A7%D8%A1%D8%A9_%D8%A7%D9%84%D9%81%D9%86%D9%8A_%D8%A7%D9%84%D9%85%D8%A8%D9%84%D8%B7_%D8%B4%D8%B1%D9%83%D8%A9_%D8%AA%D8%B1%D9%83%D9%8A%D8%A8_%D8%B3%D9%8A%D8%B1%D8%A7%D9%85%D9%8A%D9%83_%D9%81%D9%8A_%D8%AF%D8%A8%D9%8A,0,10,0%,2.8
https://www.rukn-eltatawer.com/ceramic-installation-company-in-dubai/#%D8%AE%D8%AF%D9%85%D8%A7%D8%AA_%D8%B4%D8%B1%D9%83%D8%A9_%D8%AA%D8%B1%D9%83%D9%8A%D8%A8_%D8%B3%D9%8A%D8%B1%D8%A7%D9%85%D9%8A%D9%83_%D9%81%D9%8A_%D8%AF%D8%A8%D9%8A,0,10,0%,2.8
https://www.rukn-eltatawer.com/ceramic-installation-company-in-dubai/#%D8%AF%D8%B1%D8%A7%D8%B3%D8%A7%D8%AA_%D8%AD%D8%A7%D9%84%D8%A9_%D9%88%D8%AA%D8%AC%D8%A7%D8%B1%D8%A8_%D8%B9%D9%85%D9%84%D8%A7%D8%A1_%D8%B4%D8%B1%D9%83%D8%A9_%D8%AA%D8%B1%D9%83%D9%8A%D8%A8_%D8%B3%D9%8A%D8%B1%D8%A7%D9%85%D9%8A%D9%83_%D9%81%D9%8A_%D8%AF%D8%A8%D9%8A,0,10,0%,2.8
https://www.rukn-eltatawer.com/ceramic-installation-company-in-dubai/#%D8%B4%D8%B1%D9%83%D8%A9_%D8%AA%D8%B1%D9%83%D9%8A%D8%A8_%D8%B3%D9%8A%D8%B1%D8%A7%D9%85%D9%8A%D9%83_%D9%81%D9%8A_%D8%AF%D8%A8%D9%8A,0,10,0%,2.8
https://www.rukn-eltatawer.com/ceramic-installation-company-in-dubai/#%D9%85%D8%A7_%D9%87%D9%8A_%D8%A7%D9%84%D8%AE%D8%AF%D9%85%D8%A7%D8%AA_%D8%A7%D9%84%D8%AA%D9%8A_%D8%AA%D9%82%D8%AF%D9%85%D9%87%D8%A7_%D8%A3%D9%81%D8%B6%D9%84_%D8%B4%D8%B1%D9%83%D8%A9_%D8%AA%D8%B1%D9%83%D9%8A%D8%A8_%D8%B3%D9%8A%D8%B1%D8%A7%D9%85%D9%8A%D9%83_%D9%81%D9%8A_%D8%AF%D8%A8%D9%8A%D8%9F,0,10,0%,2.8
https://www.rukn-eltatawer.com/swimming-pools-company-in-al-ain/,0,10,0%,2.8
https://www.rukn-eltatawer.com/insulators-company-in-sharjah/#%D9%85%D9%85%D9%8A%D8%B2%D8%A7%D8%AA_%D8%B4%D8%B1%D9%83%D8%A9_%D8%B9%D8%B2%D9%84_%D8%A7%D8%B3%D8%B7%D8%AD_%D9%81%D9%8A_%D8%A7%D9%84%D8%B4%D8%A7%D8%B1%D9%82%D8%A9,0,10,0%,3
https://www.rukn-eltatawer.com/sewerage-plumbing-dubai/#%D9%85%D9%85%D9%8A%D8%B2%D8%A7%D8%AA_%D8%B4%D8%B1%D9%83%D8%A9_%D8%AA%D8%B3%D9%84%D9%8A%D9%83_%D9%85%D8%AC%D8%A7%D8%B1%D9%8A_%D8%A8%D8%AF%D8%A8%D9%8A,0,10,0%,3.3
https://www.rukn-eltatawer.com/ras-al-khaimah-sewage-wiring-company/#%D8%A3%D8%B3%D8%A8%D8%A7%D8%A8_%D8%A5%D9%86%D8%B3%D8%AF%D8%A7%D8%AF_%D8%A7%D9%84%D9%85%D8%AC%D8%A7%D8%B1%D9%8A_%D9%81%D9%8A_%D8%B1%D8%A3%D8%B3_%D8%A7%D9%84%D8%AE%D9%8A%D9%85%D8%A9,0,10,0%,3.6
https://www.rukn-eltatawer.com/ras-al-khaimah-sewage-wiring-company/#%D8%A7%D9%81%D8%B5%D9%84_%D8%B4%D8%B1%D9%83%D8%A9_%D8%AA%D8%B3%D9%84%D9%8A%D9%83_%D8%A7%D9%84%D9%85%D8%AC%D8%A7%D8%B1%D9%8A_%D9%81%D9%8A_%D8%B1%D8%A3%D8%B3_%D8%A7%D9%84%D8%AE%D9%8A%D9%85%D8%A9,0,10,0%,3.6
https://www.rukn-eltatawer.com/ras-al-khaimah-sewage-wiring-company/#%D8%AE%D8%AF%D9%85%D8%A7%D8%AA_%D8%B4%D8%B1%D9%83%D8%A9_%D8%AA%D8%B3%D9%84%D9%8A%D9%83_%D8%A7%D9%84%D9%85%D8%AC%D8%A7%D8%B1%D9%8A_%D9%81%D9%89_%D8%B1%D8%A3%D8%B3_%D8%A7%D9%84%D8%AE%D9%8A%D9%85%D8%A9,0,10,0%,3.6
https://www.rukn-eltatawer.com/ras-al-khaimah-sewage-wiring-company/#%D9%85%D8%A7_%D9%87%D9%8A_%D8%A7%D8%AC%D9%87%D8%B2%D8%A9_%D8%AA%D8%B3%D9%84%D9%8A%D9%83_%D8%A7%D9%84%D9%85%D8%AC%D8%A7%D8%B1%D9%8A_%D9%81%D9%89_%D8%B1%D8%A3%D8%B3_%D8%A7%D9%84%D8%AE%D9%8A%D9%85%D8%A9,0,10,0%,3.6
https://www.rukn-eltatawer.com/sharjah-carpet-cleaning-company/#%D8%BA%D8%B3%D9%8A%D9%84_%D8%B3%D8%AC%D8%A7%D8%AF_%D9%81%D9%8A_%D8%A7%D9%84%D8%B4%D8%A7%D8%B1%D9%82%D8%A9,0,10,0%,4
https://www.rukn-eltatawer.com/sharjah-pigeons-repellent-installation-company/#%D8%A7%D9%81%D8%B6%D9%84_%D8%B4%D8%B1%D9%83%D8%A9_%D8%AA%D8%B1%D9%83%D9%8A%D8%A8_%D8%B7%D8%A7%D8%B1%D8%AF_%D8%AD%D9%85%D8%A7%D9%85_%D9%81%D9%8A_%D8%A7%D9%84%D8%B4%D8%A7%D8%B1%D9%82%D8%A9,0,10,0%,4.9
https://www.rukn-eltatawer.com/sharjah-pigeons-repellent-installation-company/#%D8%A7%D9%84%D8%AE%D8%AF%D9%85%D8%A7%D8%AA_%D8%A7%D9%84%D8%AA%D9%8A_%D8%AA%D9%82%D8%AF%D9%85%D9%87%D8%A7_%D8%A3%D9%81%D8%B6%D9%84_%D8%B4%D8%B1%D9%83%D8%A9_%D8%AA%D8%B1%D9%83%D9%8A%D8%A8_%D8%B7%D8%A7%D8%B1%D8%AF_%D8%A7%D9%84%D8%AD%D9%85%D8%A7%D9%85_%D9%81%D9%8A_%D8%A7%D9%84%D8%B4%D8%A7%D8%B1%D9%82%D8%A9,0,10,0%,4.9
https://www.rukn-eltatawer.com/building-maintenance-abu-dhabi/,0,10,0%,5.8
https://www.rukn-eltatawer.com/dyeing-ras-al-khaimah/,0,10,0%,7.1
https://www.rukn-eltatawer.com/thermal-insulation-abu-dhabi/,0,10,0%,8
https://www.rukn-eltatawer.com/shrkh-tnzyf-mkyfat-fy-dby/#%D9%83%D9%8A%D9%81_%D8%AA%D8%B9%D9%85%D9%84_%D8%B4%D8%B1%D9%83%D8%A9_%D8%AA%D9%86%D8%B8%D9%8A%D9%81_%D9%85%D9%83%D9%8A%D9%81%D8%A7%D8%AA_%D9%81%D9%8A_%D8%AF%D8%A8%D9%8A%D8%9F_%E2%80%93_%D8%A8%D8%B1%D9%88%D8%AA%D9%88%D9%83%D9%88%D9%84_%D8%B1%D9%83%D9%86_%D8%A7%D9%84%D8%AA%D8%B7%D9%88%D8%B1_%D9%85%D9%86_9_%D8%AE%D8%B7%D9%88%D8%A7%D8%AA,0,10,0%,8.5
https://www.rukn-eltatawer.com/shrkh-tnzyf-mkyfat-fy-dby/#%F0%9F%8F%86_%D8%B4%D8%B1%D9%83%D8%A9_%D8%AA%D9%86%D8%B8%D9%8A%D9%81_%D9%85%D9%83%D9%8A%D9%81%D8%A7%D8%AA_%D9%81%D9%8A_%D8%AF%D8%A8%D9%8A_%E2%80%93_%D8%AE%D8%AF%D9%85%D8%A9_24_%D8%B3%D8%A7%D8%B9%D8%A9_%D9%88%D8%B6%D9%85%D8%A7%D9%86_%D8%B4%D8%A7%D9%85%D9%84_%D8%B1%D9%83%D9%86_%D8%A7%D9%84%D8%AA%D8%B7%D9%88%D8%B1,0,10,0%,8.5
https://www.rukn-eltatawer.com/dyeing-abu-dhabi/,0,10,0%,9.1
https://www.rukn-eltatawer.com/moisture-treatment-company-in-abu-dhabi/,0,10,0%,18.9
https://www.rukn-eltatawer.com/steam-car-wash-abu-dhabi/,0,10,0%,24.7
https://www.rukn-eltatawer.com/general-maintenance-company-in-dubai/#%D8%AA%D9%83%D8%B3%D9%8A%D8%B1_%D9%88%D8%AA%D8%B1%D9%85%D9%8A%D9%85_%D8%AD%D9%85%D8%A7%D9%85%D8%A7%D8%AA_%D8%A7%D9%84%D9%81%D9%84%D9%84_%D9%81%D9%8A_%D8%B4%D8%B1%D9%83%D8%A9_%D8%B5%D9%8A%D8%A7%D9%86%D8%A9_%D8%B9%D8%A7%D9%85%D8%A9_%D8%AF%D8%A8%D9%8A,0,9,0%,2.11
https://www.rukn-eltatawer.com/abu-dhabi-landscaping-company/#%D8%A7%D9%81%D8%B6%D9%84_%D8%B4%D8%B1%D9%83%D8%A9_%D8%AA%D9%86%D8%B3%D9%8A%D9%82_%D8%AD%D8%AF%D8%A7%D8%A6%D9%82_%D9%81%D9%8A_%D8%A7%D8%A8%D9%88_%D8%B8%D8%A8%D9%8A,0,9,0%,2.33
https://www.rukn-eltatawer.com/abu-dhabi-landscaping-company/#%D8%B4%D8%B1%D9%83%D8%A9_%D8%AA%D9%86%D8%B3%D9%8A%D9%82_%D8%AD%D8%AF%D8%A7%D8%A6%D9%82_%D8%A3%D8%A8%D9%88%D8%B8%D8%A8%D9%8A_%E2%80%93_%D9%82%D8%B7%D8%B9_%D8%A7%D9%84%D8%A7%D8%B4%D8%AC%D8%A7%D8%B1_%D9%81%D9%8A_%D8%A3%D8%A8%D9%88%D8%B8%D8%A8%D9%8A,0,9,0%,2.33
https://www.rukn-eltatawer.com/insulators-company-in-sharjah/#%D8%A7%D9%84%D8%AE%D8%B7%D9%88%D8%A7%D8%AA_%D8%A7%D9%84%D9%85%D8%AA%D8%A8%D8%B9%D8%A9_%D9%81%D9%8A_%D8%B9%D8%B2%D9%84_%D8%A7%D8%B3%D8%B7%D8%AD_%D9%81%D9%8A_%D8%A7%D9%84%D8%B4%D8%A7%D8%B1%D9%82%D8%A9,0,9,0%,2.78
https://www.rukn-eltatawer.com/roof-insulation-in-abu-dhabi/#%D8%B4%D8%B1%D9%83%D8%A7%D8%AA_%D8%B9%D8%B2%D9%84_%D8%A3%D8%B3%D8%B7%D8%AD_%D9%81%D9%8A_%D8%A3%D8%A8%D9%88%D8%B8%D8%A8%D9%8A,0,9,0%,3
https://www.rukn-eltatawer.com/humidity-treatment-in-dubai/,0,9,0%,3.33
https://www.rukn-eltatawer.com/sharjah-carpet-cleaning-company/#%D8%B4%D8%B1%D9%83%D8%A9_%D8%AA%D9%86%D8%B8%D9%8A%D9%81_%D9%83%D9%86%D8%A8,0,9,0%,4
https://www.rukn-eltatawer.com/sharjah-carpet-cleaning-company/#%D8%B4%D8%B1%D9%83%D8%A9_%D8%BA%D8%B3%D9%8A%D9%84_%D8%A7%D9%84%D8%B3%D8%AC%D8%A7%D8%AF_%D9%81%D9%8A_%D8%A7%D9%84%D9%85%D9%86%D8%B2%D9%84,0,9,0%,4
https://www.rukn-eltatawer.com/parquet-installation-company-in-dubai/,0,9,0%,5.22
https://www.rukn-eltatawer.com/ras-al-khaimah-roof-insulation-company/#%D8%B4%D8%B1%D9%83%D8%A7%D8%AA_%D8%B9%D8%B2%D9%84_%D8%A7%D9%84%D8%A7%D8%B3%D8%B7%D8%AD_%D9%88%D8%A7%D9%84%D8%AE%D8%B2%D8%A7%D9%86%D8%A7%D8%AA_%D8%B1%D8%A3%D8%B3_%D8%A7%D9%84%D8%AE%D9%8A%D9%85%D8%A9,0,9,0%,5.56
https://www.rukn-eltatawer.com/automatic-door-maintenance-abu-dhabi/,0,9,0%,5.67
https://www.rukn-eltatawer.com/ras-al-khaimah-roof-insulation-company/#%D8%AE%D8%B7%D9%88%D8%A7%D8%AA_%D8%B4%D8%B1%D9%83%D8%A9_%D8%B9%D8%B2%D9%84_%D8%A7%D8%B3%D8%B7%D8%AD_%D8%A8%D8%B1%D8%A7%D8%B3_%D8%A7%D9%84%D8%AE%D9%8A%D9%85%D8%A9,0,9,0%,6.11
https://www.rukn-eltatawer.com/sharjah-soundproofing-installation-company/,0,9,0%,8
https://www.rukn-eltatawer.com/dubai-carpet-cleaning-company/,0,9,0%,9.33
https://www.rukn-eltatawer.com/sa/water-leak-detection-unaizah/,0,9,0%,37.89
https://www.rukn-eltatawer.com/parquet-installation-company-in-sharjah/#%D8%A3%D9%81%D8%B6%D9%84_%D8%B4%D8%B1%D9%83%D8%A9_%D8%AA%D8%B1%D9%83%D9%8A%D8%A8_%D8%A8%D8%A7%D8%B1%D9%83%D9%8A%D9%87_%D9%81%D9%8A_%D8%A7%D9%84%D8%B4%D8%A7%D8%B1%D9%82%D8%A9,0,8,0%,2
https://www.rukn-eltatawer.com/sharjah-gypsum-board-installation-company/#%D8%A3%D9%81%D8%B6%D9%84_%D8%B4%D8%B1%D9%83%D8%A9_%D8%AA%D8%B1%D9%83%D9%8A%D8%A8_%D8%AC%D8%A8%D8%B3_%D8%A8%D9%88%D8%B1%D8%AF_%D9%81%D9%8A_%D8%A7%D9%84%D8%B4%D8%A7%D8%B1%D9%82%D8%A9,0,8,0%,2.25
https://www.rukn-eltatawer.com/sharjah-gypsum-board-installation-company/#%D8%AE%D8%AF%D9%85%D8%A7%D8%AA_%D8%B4%D8%B1%D9%83%D8%A9_%D8%AA%D8%B1%D9%83%D9%8A%D8%A8_%D8%AC%D8%A8%D8%B3_%D8%A8%D9%88%D8%B1%D8%AF_%D9%81%D9%8A_%D8%A7%D9%84%D8%B4%D8%A7%D8%B1%D9%82%D8%A9,0,8,0%,2.25
https://www.rukn-eltatawer.com/water-leak-detection-company-in-ajman/,0,8,0%,2.62
https://www.rukn-eltatawer.com/sharjah-tank-cleaning-company/#%D8%A7%D9%81%D8%B6%D9%84_%D8%B4%D8%B1%D9%83%D8%A9_%D8%AA%D9%86%D8%B8%D9%8A%D9%81_%D8%AE%D8%B2%D8%A7%D9%86%D8%A7%D8%AA_%D9%81%D9%8A_%D8%A7%D9%84%D8%B4%D8%A7%D8%B1%D9%82%D8%A9,0,8,0%,2.75
https://www.rukn-eltatawer.com/sharjah-tank-cleaning-company/#%D8%B4%D8%B1%D9%83%D8%A9_%D8%AA%D9%86%D8%B8%D9%8A%D9%81_%D8%AA%D9%86%D9%83%D8%A7%D8%AA_%D8%A7%D9%84%D9%85%D9%8A%D8%A7%D9%87_%D8%A8%D8%A7%D9%84%D8%B4%D8%A7%D8%B1%D9%82%D8%A9,0,8,0%,2.75
https://www.rukn-eltatawer.com/sharjah-tank-cleaning-company/#%D8%B4%D8%B1%D9%83%D8%A9_%D8%AA%D9%86%D8%B8%D9%8A%D9%81_%D8%AE%D8%B2%D8%A7%D9%86%D8%A7%D8%AA_%D8%A7%D9%84%D9%85%D9%8A%D8%A7%D9%87_%D8%A8%D8%A7%D9%84%D8%B4%D8%A7%D8%B1%D9%82%D8%A9,0,8,0%,2.75
https://www.rukn-eltatawer.com/sharjah-tank-cleaning-company/#%D8%B4%D8%B1%D9%83%D8%A9_%D8%AA%D9%86%D8%B8%D9%8A%D9%81_%D9%88%D8%BA%D8%B3%D9%8A%D9%84_%D8%AE%D8%B2%D8%A7%D9%86%D8%A7%D8%AA_%D8%A7%D9%84%D8%B4%D8%A7%D8%B1%D9%82%D8%A9,0,8,0%,2.75
https://www.rukn-eltatawer.com/insulators-company-in-sharjah/#%D8%A3%D8%AF%D9%88%D8%A7%D8%AA_%D8%B4%D8%B1%D9%83%D8%A9_%D8%B9%D8%B2%D9%84_%D8%A3%D8%B3%D8%B7%D8%AD_%D9%81%D9%8A_%D8%A7%D9%84%D8%B4%D8%A7%D8%B1%D9%82%D8%A9,0,8,0%,2.88
https://www.rukn-eltatawer.com/parquet-installation-in-abu-dhabi/#%D8%A3%D9%86%D9%88%D8%A7%D8%B9_%D8%A7%D9%84%D8%A8%D8%A7%D8%B1%D9%83%D9%8A%D9%87_%D8%A7%D9%84%D8%AA%D9%89_%D8%AA%D9%88%D9%81%D8%B1%D9%87%D8%A7_%D8%B4%D8%B1%D9%83%D8%A9_%D8%AA%D8%B1%D9%83%D9%8A%D8%A8_%D8%A8%D8%A7%D8%B1%D9%83%D9%8A%D9%87_%D9%81%D9%8A_%D8%A3%D8%A8%D9%88%D8%B8%D8%A8%D9%8A,0,8,0%,3
https://www.rukn-eltatawer.com/sewer-plumbing-ajman/#%D9%85%D8%A7_%D9%87%D9%8A_%D9%85%D8%AE%D8%A7%D8%B7%D8%B1_%D9%88%D8%B9%D9%84%D8%A7%D9%85%D8%A7%D8%AA_%D8%A7%D9%86%D8%B3%D8%AF%D8%A7%D8%AF_%D8%A7%D9%84%D9%85%D8%AC%D8%A7%D8%B1%D9%8A_%D9%81%D9%8A_%D8%B9%D8%AC%D9%85%D8%A7%D9%86_%D8%A7%D9%84%D8%AA%D9%8A_%D9%84%D8%A7_%D9%8A%D8%AC%D8%A8_%D8%AA%D8%AC%D8%A7%D9%87%D9%84%D9%87%D8%A7%D8%9F,0,8,0%,3.12
https://www.rukn-eltatawer.com/sewer-plumbing-ajman/#%D9%85%D9%85%D9%8A%D8%B2%D8%A7%D8%AA_%D8%B4%D8%B1%D9%83%D8%A9_%D8%AA%D8%B3%D9%84%D9%8A%D9%83_%D8%A7%D9%84%D9%85%D8%AC%D8%A7%D8%B1%D9%8A_%D9%81%D9%8A_%D8%B9%D8%AC%D9%85%D8%A7%D9%86,0,8,0%,3.12
https://www.rukn-eltatawer.com/al-ain-villas-cleaning-company/#%D8%AA%D9%86%D8%B8%D9%8A%D9%81_%D9%83%D9%86%D8%A8,0,8,0%,3.5
https://www.rukn-eltatawer.com/fujairah-sofa-cleaning-company/,0,8,0%,4.12
https://www.rukn-eltatawer.com/dubai-tank-cleaning-company/,0,8,0%,5.5
https://www.rukn-eltatawer.com/sa/sa/en/water-leak-detection-al-majmaah/,0,8,0%,13.5
https://www.rukn-eltatawer.com/dubai-soundproofing-installation-company/,0,8,0%,17.75
https://www.rukn-eltatawer.com/parquet-installation-company-in-al-ain/#%D8%A3%D9%81%D8%B6%D9%84_%D8%B4%D8%B1%D9%83%D8%A9_%D8%AA%D8%B1%D9%83%D9%8A%D8%A8_%D8%A8%D8%A7%D8%B1%D9%83%D9%8A%D9%87_%D9%81%D9%8A_%D8%A7%D9%84%D8%B9%D9%8A%D9%86,0,7,0%,1.86
https://www.rukn-eltatawer.com/parquet-installation-company-in-al-ain/#%D8%A3%D9%86%D9%88%D8%A7%D8%B9_%D8%A7%D9%84%D8%A8%D8%A7%D8%B1%D9%83%D9%8A%D9%87_%D8%A7%D9%84%D8%AA%D9%89_%D8%AA%D9%88%D9%81%D8%B1%D9%87%D8%A7_%D8%B4%D8%B1%D9%83%D8%A9_%D8%AA%D8%B1%D9%83%D9%8A%D8%A8_%D8%A8%D8%A7%D8%B1%D9%83%D9%8A%D9%87_%D9%81%D9%8A_%D8%A7%D9%84%D8%B9%D9%8A%D9%86,0,7,0%,1.86
https://www.rukn-eltatawer.com/insect-control-in-umm-al-quwain/#%D8%AE%D8%AF%D9%85%D8%A7%D8%AA_%D8%B4%D8%B1%D9%83%D8%A9_%D9%85%D9%83%D8%A7%D9%81%D8%AD%D8%A9_%D8%A7%D9%84%D8%AD%D8%B4%D8%B1%D8%A7%D8%AA_%D9%81%D9%8A_%D8%A3%D9%85_%D8%A7%D9%84%D9%82%D9%8A%D9%88%D9%8A%D9%86,0,7,0%,2
https://www.rukn-eltatawer.com/insect-control-in-umm-al-quwain/#%D9%85%D9%85%D9%8A%D8%B2%D8%A7%D8%AA_%D8%B4%D8%B1%D9%83%D8%A9_%D9%85%D9%83%D8%A7%D9%81%D8%AD%D8%A9_%D8%AD%D8%B4%D8%B1%D8%A7%D8%AA_%D9%81%D9%8A_%D8%A3%D9%85_%D8%A7%D9%84%D9%82%D9%8A%D9%88%D9%8A%D9%86,0,7,0%,2
https://www.rukn-eltatawer.com/parquet-installation-company-in-sharjah/#%D8%A3%D9%86%D9%88%D8%A7%D8%B9_%D8%A7%D9%84%D8%A8%D8%A7%D8%B1%D9%83%D9%8A%D9%87_%D8%A7%D9%84%D8%AA%D9%89_%D8%AA%D9%88%D9%81%D8%B1%D9%87%D8%A7_%D8%B4%D8%B1%D9%83%D8%A9_%D8%AA%D8%B1%D9%83%D9%8A%D8%A8_%D8%A8%D8%A7%D8%B1%D9%83%D9%8A%D9%87_%D9%81%D9%8A_%D8%A7%D9%84%D8%B4%D8%A7%D8%B1%D9%82%D8%A9,0,7,0%,2
https://www.rukn-eltatawer.com/sewer-plumbing-ajman/#%D8%A7%D9%84%D8%A3%D8%B3%D8%A8%D8%A7%D8%A8_%D8%A7%D9%84%D8%AC%D8%B0%D8%B1%D9%8A%D8%A9_%D9%84%D8%A7%D9%86%D8%B3%D8%AF%D8%A7%D8%AF_%D8%A7%D9%84%D8%B5%D8%B1%D9%81_%D8%A7%D9%84%D8%B5%D8%AD%D9%8A_%D9%88%D8%A7%D9%84%D8%AA%D8%B4%D8%AE%D9%8A%D8%B5_%D8%A7%D9%84%D8%A7%D8%AD%D8%AA%D8%B1%D8%A7%D9%81%D9%8A_2026,0,7,0%,2
https://www.rukn-eltatawer.com/sewer-plumbing-ajman/#%D8%B9%D9%84%D8%A7%D8%AC_%D8%A7%D9%86%D8%B3%D8%AF%D8%A7%D8%AF_%D8%A7%D9%84%D9%85%D8%AC%D8%A7%D8%B1%D9%8A_%D9%81%D9%8A_%D8%A7%D9%84%D9%85%D8%B7%D8%A8%D8%AE_%D9%88%D8%A7%D9%84%D8%AD%D9%85%D8%A7%D9%85%D8%A7%D8%AA_%D8%A8%D8%B9%D8%AC%D9%85%D8%A7%D9%86_%D8%A8%D8%B4%D9%83%D9%84_%D8%AC%D8%B0%D8%B1%D9%8A,0,7,0%,2
https://www.rukn-eltatawer.com/sewer-plumbing-ajman/#5_%D8%A3%D8%AE%D8%B7%D8%A7%D8%A1_%D8%AA%D8%AF%D9%85%D8%B1_%D8%A7%D9%84%D8%B3%D8%A8%D8%A7%D9%83%D8%A9_%D9%88%D9%86%D8%B5%D8%A7%D8%A6%D8%AD_%D9%85%D9%87%D9%85%D8%A9_%D9%8A%D8%AC%D8%A8_%D8%A7%D8%AA%D8%A8%D8%A7%D8%B9%D9%87%D8%A7_%D8%A8%D8%B9%D8%AF_%D8%AA%D8%B3%D9%84%D9%8A%D9%83_%D8%A7%D9%84%D9%85%D8%AC%D8%A7%D8%B1%D9%8A,0,7,0%,2
https://www.rukn-eltatawer.com/al-ain-landscaping-company/#%D8%AA%D9%86%D8%B3%D9%8A%D9%82_%D8%AD%D8%AF%D8%A7%D8%A6%D9%82_%D8%A7%D9%84%D9%81%D9%84%D9%84_%D8%A7%D9%84%D8%B9%D9%8A%D9%86,0,7,0%,2.14
https://www.rukn-eltatawer.com/water-leak-detection-umm-al-quwain/#%D8%AE%D8%AF%D9%85%D8%A7%D8%AA_%D9%88%D8%A3%D8%B3%D8%B9%D8%A7%D8%B1_%D8%A3%D9%81%D8%B6%D9%84_%D8%B4%D8%B1%D9%83%D8%A9_%D9%83%D8%B4%D9%81_%D8%AA%D8%B3%D8%B1%D8%A8%D8%A7%D8%AA_%D8%A7%D9%84%D9%85%D9%8A%D8%A7%D9%87_%D9%81%D9%8A_%D8%A3%D9%85_%D8%A7%D9%84%D9%82%D9%8A%D9%88%D9%8A%D9%86_2026,0,7,0%,2.14
https://www.rukn-eltatawer.com/insect-control-in-sharjah/#%D8%B4%D8%B1%D9%83%D8%A9_%D9%85%D8%A8%D9%8A%D8%AF%D8%A7%D8%AA_%D8%AD%D8%B4%D8%B1%D9%8A%D8%A9_%D9%81%D9%8A_%D8%A7%D9%84%D8%B4%D8%A7%D8%B1%D9%82%D8%A9,0,7,0%,2.71
https://www.rukn-eltatawer.com/parquet-installation-in-abu-dhabi/#%D9%85%D9%85%D9%8A%D8%B2%D8%A7%D8%AA_%D8%B4%D8%B1%D9%83%D8%A9_%D8%B1%D9%83%D9%86_%D8%A7%D9%84%D8%AA%D8%B7%D9%88%D8%B1_%D9%81%D9%8A_%D8%AA%D8%B1%D9%83%D9%8A%D8%A8_%D8%A7%D9%84%D8%A8%D8%A7%D8%B1%D9%83%D9%8A%D9%87_%D9%81%D9%8A_%D8%A3%D8%A8%D9%88%D8%B8%D8%A8%D9%8A,0,7,0%,2.71
https://www.rukn-eltatawer.com/roof-insulation-in-abu-dhabi/#%D9%81%D9%88%D8%A7%D8%A6%D8%AF_%D8%B9%D8%B2%D9%84_%D8%A7%D8%B3%D8%B7%D8%AD_%D8%A7%D9%84%D9%85%D9%86%D8%A7%D8%B2%D9%84_%D9%81%D9%8A_%D8%B4%D8%B1%D9%83%D8%A9_%D8%B9%D8%B2%D9%84_%D8%A3%D8%B3%D8%B7%D8%AD_%D9%81%D9%8A_%D8%A3%D8%A8%D9%88%D8%B8%D8%A8%D9%8A,0,7,0%,2.71
https://www.rukn-eltatawer.com/dubai-villas-cleaning-company/#%D8%A7%D9%81%D8%B6%D9%84_%D8%B4%D8%B1%D9%83%D8%A9_%D8%AA%D9%86%D8%B8%D9%8A%D9%81_%D9%81%D9%84%D9%84_%D8%AF%D8%A8%D9%8A,0,7,0%,2.86
https://www.rukn-eltatawer.com/dubai-villas-cleaning-company/#%D8%AE%D8%AF%D9%85%D8%A7%D8%AA_%D8%B4%D8%B1%D9%83%D8%A9_%D8%AA%D9%86%D8%B8%D9%8A%D9%81_%D9%81%D9%84%D9%84_%D8%A8%D8%AF%D8%A8%D9%8A,0,7,0%,2.86
https://www.rukn-eltatawer.com/dubai-villas-cleaning-company/#%D9%86%D8%B8%D8%A7%D9%81%D8%A9_%D8%AD%D8%AF%D8%A7%D8%A6%D9%82_%D8%A7%D9%84%D9%81%D9%84%D9%84_%D8%A8%D8%AF%D8%A8%D9%8A,0,7,0%,2.86
https://www.rukn-eltatawer.com/sharjah-tank-cleaning-company/#%D8%B4%D8%B1%D9%83%D8%A7%D8%AA_%D9%86%D8%B8%D8%A7%D9%81%D8%A9_%D8%AE%D8%B2%D8%A7%D9%86%D8%A7%D8%AA_%D8%A7%D9%84%D8%B4%D8%A7%D8%B1%D9%82%D8%A9,0,7,0%,2.86
https://www.rukn-eltatawer.com/sharjah-tank-cleaning-company/#%D8%B7%D8%B1%D9%82_%D8%AA%D9%86%D8%B8%D9%8A%D9%81_%D8%A7%D9%84%D8%AE%D8%B2%D8%A7%D9%86,0,7,0%,2.86
https://www.rukn-eltatawer.com/parquet-installation-in-abu-dhabi/#%D8%A3%D9%81%D8%B6%D9%84_%D8%B4%D8%B1%D9%83%D8%A9_%D8%AA%D8%B1%D9%83%D9%8A%D8%A8_%D8%A8%D8%A7%D8%B1%D9%83%D9%8A%D9%87_%D9%81%D9%8A_%D8%A3%D8%A8%D9%88%D8%B8%D8%A8%D9%8A,0,7,0%,3.29
https://www.rukn-eltatawer.com/roof-insulation-in-abu-dhabi/#%D8%A3%D9%81%D8%B6%D9%84_%D8%B4%D8%B1%D9%83%D8%A9_%D8%B9%D8%B2%D9%84_%D8%A3%D8%B3%D8%B7%D8%AD_%D9%81%D9%8A_%D8%A3%D8%A8%D9%88%D8%B8%D8%A8%D9%8A,0,7,0%,3.29
https://www.rukn-eltatawer.com/roof-insulation-in-abu-dhabi/#%D8%B4%D8%B1%D9%83%D8%A9_%D8%B9%D8%B2%D9%84_%D8%A3%D8%B3%D8%B7%D8%AD_%D9%81%D9%8A_%D8%A3%D8%A8%D9%88%D8%B8%D8%A8%D9%8A_%D9%85%D8%A8%D9%84%D8%B7%D8%A9,0,7,0%,3.29
https://www.rukn-eltatawer.com/insect-control-in-dubai/#%D8%A3%D9%86%D9%88%D8%A7%D8%B9_%D8%A7%D9%84%D8%AD%D8%B4%D8%B1%D8%A7%D8%AA_%D8%A7%D9%84%D8%AA%D9%8A_%D9%86%D8%AA%D8%B9%D8%A7%D9%85%D9%84_%D9%85%D8%B9%D9%87%D8%A7_%D9%81%D9%8A_%D8%AF%D8%A8%D9%8A,0,7,0%,3.57
https://www.rukn-eltatawer.com/general-maintenance-company-al-ain/,0,7,0%,3.71
https://www.rukn-eltatawer.com/abu-dhabi-air-conditioner-cleaning-company/#%D8%A3%D8%B3%D8%B9%D8%A7%D8%B1_%D8%B4%D8%B1%D9%83%D8%A9_%D8%AA%D9%86%D8%B8%D9%8A%D9%81_%D9%85%D9%83%D9%8A%D9%81%D8%A7%D8%AA_%D9%81%D9%8A_%D8%A3%D8%A8%D9%88%D8%B8%D8%A8%D9%8A,0,7,0%,4
https://www.rukn-eltatawer.com/abu-dhabi-air-conditioner-cleaning-company/#%D8%A7%D9%84%D8%AA%D9%88%D8%A7%D8%B5%D9%84_%D9%85%D8%B9_%D8%B4%D8%B1%D9%83%D8%A9_%D8%AA%D9%86%D8%B8%D9%8A%D9%81_%D9%85%D9%83%D9%8A%D9%81%D8%A7%D8%AA_%D9%81%D9%8A_%D8%A3%D8%A8%D9%88%D8%B8%D8%A8%D9%8A,0,7,0%,4
https://www.rukn-eltatawer.com/abu-dhabi-air-conditioner-cleaning-company/#%D8%AE%D8%AF%D9%85%D8%A7%D8%AA_%D8%B4%D8%B1%D9%83%D8%A9_%D8%AA%D9%86%D8%B8%D9%8A%D9%81_%D9%85%D9%83%D9%8A%D9%81%D8%A7%D8%AA_%D9%81%D9%8A_%D8%A3%D8%A8%D9%88%D8%B8%D8%A8%D9%8A,0,7,0%,4
https://www.rukn-eltatawer.com/abu-dhabi-air-conditioner-cleaning-company/#%D8%B9%D9%85%D9%84%D9%8A%D8%A9_%D8%AA%D9%86%D8%B8%D9%8A%D9%81_%D8%A7%D9%84%D9%85%D9%83%D9%8A%D9%81%D8%A7%D8%AA_%D9%85%D9%86_%D9%82%D8%A8%D9%84_%D8%B4%D8%B1%D9%83%D8%A9_%D8%AA%D9%86%D8%B8%D9%8A%D9%81_%D9%85%D9%83%D9%8A%D9%81%D8%A7%D8%AA_%D9%81%D9%8A_%D8%A3%D8%A8%D9%88%D8%B8%D8%A8%D9%8A,0,7,0%,4
https://www.rukn-eltatawer.com/ras-al-khaimah-sofa-cleaning-company/,0,7,0%,4.71
https://www.rukn-eltatawer.com/umm-al-quwain-roof-insulation-company/#%D8%B4%D8%B1%D9%83%D8%A9_%D8%B9%D8%B2%D9%84_%D8%AE%D8%B2%D8%A7%D9%86%D8%A7%D8%AA_%D9%81%D9%8A_%D8%A3%D9%85_%D8%A7%D9%84%D9%82%D9%8A%D9%88%D9%8A%D9%86,0,7,0%,5.14
https://www.rukn-eltatawer.com/umm-al-quwain-roof-insulation-company/#%D9%85%D9%85%D9%8A%D8%B2%D8%A7%D8%AA_%D8%B4%D8%B1%D9%83%D8%A9_%D8%B9%D8%B2%D9%84_%D8%A7%D8%B3%D8%B7%D8%AD_%D8%A8%D8%A3%D9%85_%D8%A7%D9%84%D9%82%D9%8A%D9%88%D9%8A%D9%86,0,7,0%,5.14
https://www.rukn-eltatawer.com/sharjah-pigeons-repellent-installation-company/#%D8%B4%D8%B1%D9%83%D8%A7%D8%AA_%D9%85%D9%83%D8%A7%D9%81%D8%AD%D8%A9_%D8%A7%D9%84%D8%AD%D9%85%D8%A7%D9%85_%D8%AF%D8%A7%D8%AE%D9%84_%D8%A7%D9%84%D8%A7%D9%85%D8%A7%D8%B1%D8%A7%D8%AA,0,7,0%,5.57
https://www.rukn-eltatawer.com/sharjah-pigeons-repellent-installation-company/#%D9%84%D9%85%D8%A7%D8%B0%D8%A7_%D9%86%D8%AD%D9%86_%D8%A3%D9%81%D8%B6%D9%84_%D8%B4%D8%B1%D9%83%D8%A9_%D8%AA%D8%B1%D9%83%D9%8A%D8%A8_%D8%B7%D8%A7%D8%B1%D8%AF_%D8%AD%D9%85%D8%A7%D9%85_%D9%81%D9%8A_%D8%A7%D9%84%D8%B4%D8%A7%D8%B1%D9%82%D8%A9,0,7,0%,5.57
https://www.rukn-eltatawer.com/fujairah-roof-insulation-company/,0,7,0%,6.43
https://www.rukn-eltatawer.com/dubai-sofa-cleaning-company/,0,7,0%,10.29
https://www.rukn-eltatawer.com/al-ain-landscaping-company/#%D8%AA%D8%B2%D9%8A%D9%86_%D8%AD%D8%AF%D8%A7%D8%A6%D9%82_%D9%81%D9%8A_%D8%A7%D9%84%D8%B9%D9%8A%D9%86,0,6,0%,1.83
https://www.rukn-eltatawer.com/al-ain-landscaping-company/#%D8%B4%D8%B1%D9%83%D8%A7%D8%AA_%D8%AA%D9%86%D8%B3%D9%8A%D9%82_%D8%AD%D8%AF%D8%A7%D8%A6%D9%82_%D9%81%D9%8A_%D8%A7%D9%84%D8%B9%D9%8A%D9%86,0,6,0%,1.83
https://www.rukn-eltatawer.com/insect-control-in-umm-al-quwain/#%D8%A3%D8%B3%D8%A8%D8%A7%D8%A8_%D8%A5%D9%86%D8%AA%D8%B4%D8%A7%D8%B1_%D8%A7%D9%84%D8%AD%D8%B4%D8%B1%D8%A7%D8%AA,0,6,0%,2
https://www.rukn-eltatawer.com/insect-control-in-umm-al-quwain/#%D8%A3%D9%81%D8%B6%D9%84_%D8%B4%D8%B1%D9%83%D8%A9_%D9%85%D9%83%D8%A7%D9%81%D8%AD%D8%A9_%D8%AD%D8%B4%D8%B1%D8%A7%D8%AA_%D9%81%D9%8A_%D8%A3%D9%85_%D8%A7%D9%84%D9%82%D9%8A%D9%88%D9%8A%D9%86,0,6,0%,2
https://www.rukn-eltatawer.com/insect-control-in-umm-al-quwain/#%D8%A7%D9%84%D8%A3%D8%AF%D9%88%D8%A7%D8%AA_%D8%A7%D9%84%D8%AA%D9%8A_%D8%AA%D8%B3%D8%AA%D8%AE%D8%AF%D9%85%D9%87%D8%A7_%D8%B4%D8%B1%D9%83%D8%A9_%D9%85%D9%83%D8%A7%D9%81%D8%AD%D8%A9_%D8%AD%D8%B4%D8%B1%D8%A7%D8%AA_%D9%81%D9%8A_%D8%A3%D9%85_%D8%A7%D9%84%D9%82%D9%8A%D9%88%D9%8A%D9%86,0,6,0%,2
https://www.rukn-eltatawer.com/insect-control-in-umm-al-quwain/#%D8%A7%D9%84%D9%85%D8%A8%D9%8A%D8%AF%D8%A7%D8%AA_%D8%A7%D9%84%D8%AA%D9%8A_%D8%AA%D8%B3%D8%AA%D8%AE%D8%AF%D9%85%D9%87%D8%A7_%D8%B4%D8%B1%D9%83%D8%AA%D9%86%D8%A7_%D9%84%D8%A5%D8%A8%D8%A7%D8%AF%D8%A9_%D8%A7%D9%84%D8%AD%D8%B4%D8%B1%D8%A7%D8%AA,0,6,0%,2
https://www.rukn-eltatawer.com/parquet-installation-company-in-al-ain/#%D8%B7%D8%B1%D9%82_%D8%AA%D8%B1%D9%83%D9%8A%D8%A8_%D8%A3%D8%B1%D8%B6%D9%8A%D8%A7%D8%AA_%D8%A7%D9%84%D8%A8%D8%A7%D8%B1%D9%83%D9%8A%D9%87,0,6,0%,2
https://www.rukn-eltatawer.com/parquet-installation-company-in-al-ain/#%D9%85%D9%85%D9%8A%D8%B2%D8%A7%D8%AA_%D8%B4%D8%B1%D9%83%D8%A9_%D8%AA%D8%B1%D9%83%D9%8A%D8%A8_%D8%A7%D9%84%D8%A8%D8%A7%D8%B1%D9%83%D9%8A%D9%87,0,6,0%,2
https://www.rukn-eltatawer.com/al-ain-landscaping-company/#%D8%B9%D8%B4%D8%A8_%D8%B5%D9%86%D8%A7%D8%B9%D9%8A_%D9%81%D9%8A_%D8%A7%D9%84%D8%B9%D9%8A%D9%86,0,6,0%,2.17
https://www.rukn-eltatawer.com/water-leak-detection-umm-al-quwain/#%D8%A3%D9%81%D8%B6%D9%84_%D8%B4%D8%B1%D9%83%D8%A9_%D9%83%D8%B4%D9%81_%D8%AA%D8%B3%D8%B1%D8%A8%D8%A7%D8%AA_%D8%A7%D9%84%D9%85%D9%8A%D8%A7%D9%87_%D9%81%D9%8A_%D8%A3%D9%85_%D8%A7%D9%84%D9%82%D9%8A%D9%88%D9%8A%D9%86_%D9%81%D8%AD%D8%B5_%D8%A8%D8%AF%D9%88%D9%86_%D8%AA%D9%83%D8%B3%D9%8A%D8%B1_2026,0,6,0%,2.17
https://www.rukn-eltatawer.com/general-maintenance-company-in-dubai/#%D8%AE%D8%AF%D9%85%D8%A7%D8%AA_%D8%AA%D9%83%D8%B3%D9%8A%D8%B1_%D9%88%D8%AA%D8%B1%D9%85%D9%8A%D9%85_%D9%81%D9%84%D9%84_%D9%88%D8%AD%D9%85%D8%A7%D9%85%D8%A7%D8%AA_%D8%AF%D8%A8%D9%8A,0,6,0%,2.33
https://www.rukn-eltatawer.com/surface-insulation-company-in-dubai/#%D9%85%D9%85%D9%8A%D8%B2%D8%A7%D8%AA_%D8%B4%D8%B1%D9%83%D8%A9_%D8%B9%D8%B2%D9%84_%D8%A7%D8%B3%D8%B7%D8%AD_%D9%81%D9%8A_%D8%AF%D8%A8%D9%8A,0,6,0%,2.67
https://www.rukn-eltatawer.com/surface-insulation-company-in-dubai/#8_%D8%B9%D9%84%D8%A7%D9%85%D8%A7%D8%AA_%D8%AA%D9%82%D9%88%D9%84_%D8%A5%D9%86_%D8%B3%D8%B7%D8%AD_%D9%85%D8%A8%D9%86%D8%A7%D9%83_%D9%81%D9%8A_%D8%AF%D8%A8%D9%8A_%D9%8A%D8%AD%D8%AA%D8%A7%D8%AC_%D8%B9%D8%B2%D9%84%D8%A7%D9%8B_%D9%81%D9%88%D8%B1%D9%8A%D8%A7%D9%8B_%E2%80%93_%D9%84%D8%A7_%D8%AA%D8%AA%D8%AC%D8%A7%D9%87%D9%84%D9%87%D8%A7,0,6,0%,2.67
https://www.rukn-eltatawer.com/fujairah-sofa-cleaning-company/#%D8%A3%D9%81%D8%B6%D9%84_%D8%B4%D8%B1%D9%83%D8%A9_%D8%AA%D9%86%D8%B8%D9%8A%D9%81_%D9%83%D9%86%D8%A8_%D8%A8%D8%A7%D9%84%D9%81%D8%AC%D9%8A%D8%B1%D8%A9,0,6,0%,2.83
https://www.rukn-eltatawer.com/fujairah-sofa-cleaning-company/#%D8%AA%D9%86%D8%B8%D9%8A%D9%81_%D8%A7%D9%84%D9%83%D9%86%D8%A8_%D8%A8%D8%A7%D9%84%D8%A8%D8%AE%D8%A7%D8%B1,0,6,0%,2.83
https://www.rukn-eltatawer.com/fujairah-sofa-cleaning-company/#%D8%B4%D8%B1%D9%83%D8%A9_%D8%AA%D9%86%D8%B8%D9%8A%D9%81_%D9%83%D9%86%D8%A8_%D9%81%D9%8A_%D8%A7%D9%84%D9%81%D8%AC%D9%8A%D8%B1%D8%A9,0,6,0%,2.83
https://www.rukn-eltatawer.com/sewerage-plumbing-dubai/#%D8%AE%D8%B7%D9%88%D8%A7%D8%AA_%D8%AA%D8%B3%D9%84%D9%8A%D9%83_%D9%85%D8%AC%D8%A7%D8%B1%D9%8A_%D8%A8%D8%AF%D8%A8%D9%8A,0,6,0%,2.83
https://www.rukn-eltatawer.com/water-leak-detection-company-in-ajman/#%D8%A3%D9%81%D8%B6%D9%84_%D8%B4%D8%B1%D9%83%D8%A9_%D9%83%D8%B4%D9%81_%D8%AA%D8%B3%D8%B1%D8%A8%D8%A7%D8%AA_%D8%A7%D9%84%D9%85%D9%8A%D8%A7%D9%87_%D9%81%D9%8A_%D8%B9%D8%AC%D9%85%D8%A7%D9%86,0,6,0%,2.83
https://www.rukn-eltatawer.com/water-leak-detection-company-in-ajman/#%D9%86%D8%B5%D8%A7%D8%A6%D8%AD_%D8%B4%D8%B1%D9%83%D8%A9_%D9%83%D8%B4%D9%81_%D8%AA%D8%B3%D8%B1%D8%A8%D8%A7%D8%AA_%D8%A7%D9%84%D9%85%D9%8A%D8%A7%D9%87_%D9%81%D9%8A_%D8%B9%D8%AC%D9%85%D8%A7%D9%86,0,6,0%,2.83
https://www.rukn-eltatawer.com/parquet-installation-in-abu-dhabi/#%D8%A7%D9%84%D8%AA%D8%B9%D8%B1%D9%8A%D9%81_%D8%A8%D8%B4%D8%B1%D9%83%D8%A9_%D8%B1%D9%83%D9%86_%D8%A7%D9%84%D8%AA%D8%B7%D9%88%D8%B1,0,6,0%,3
https://www.rukn-eltatawer.com/parquet-installation-in-abu-dhabi/#%D8%AE%D8%B7%D9%88%D8%A7%D8%AA_%D8%AA%D8%B1%D9%83%D9%8A%D8%A8_%D8%A7%D9%84%D8%A8%D8%A7%D8%B1%D9%83%D9%8A%D9%87_%D9%81%D9%8A_%D8%A3%D8%A8%D9%88%D8%B8%D8%A8%D9%8A,0,6,0%,3
https://www.rukn-eltatawer.com/parquet-installation-in-abu-dhabi/#%D8%B7%D8%B1%D9%82_%D8%AA%D8%B1%D9%83%D9%8A%D8%A8_%D8%A3%D8%B1%D8%B6%D9%8A%D8%A7%D8%AA_%D8%A7%D9%84%D8%A8%D8%A7%D8%B1%D9%83%D9%8A%D9%87,0,6,0%,3
https://www.rukn-eltatawer.com/roof-insulation-company-al-ain/,0,6,0%,3.17
https://www.rukn-eltatawer.com/roof-insulation-company-al-ain/#%D8%B9%D8%B2%D9%84_%D8%A3%D8%B3%D8%B7%D8%AD_%D8%B4%D9%8A%D9%86%D9%83%D9%88_%D8%A8%D8%A7%D9%84%D8%B9%D9%8A%D9%86,0,6,0%,3.17
https://www.rukn-eltatawer.com/roof-insulation-company-al-ain/#%D9%85%D8%A7_%D9%87%D9%8A_%D9%85%D9%88%D8%A7%D8%AF_%D8%B4%D8%B1%D9%83%D8%A9_%D8%B9%D8%B2%D9%84_%D8%A3%D8%B3%D8%B7%D8%AD_%D8%A7%D9%84%D8%B9%D9%8A%D9%86%D8%9F,0,6,0%,3.17
https://www.rukn-eltatawer.com/roof-insulation-company-al-ain/#%D9%85%D9%85%D9%8A%D8%B2%D8%A7%D8%AA_%D8%B4%D8%B1%D9%83%D8%A9_%D8%B9%D8%B2%D9%84_%D8%A3%D8%B3%D8%B7%D8%AD_%D8%A7%D9%84%D8%B9%D9%8A%D9%86,0,6,0%,3.17
https://www.rukn-eltatawer.com/sewerage-plumbing-dubai/#%D8%AE%D8%AF%D9%85%D8%A7%D8%AA_%D9%84%D8%AA%D8%B3%D9%84%D9%8A%D9%83_%D8%A7%D9%84%D9%85%D8%AC%D8%A7%D8%B1%D9%8A_%D9%81%D9%8A_%D8%AF%D8%A8%D9%8A,0,6,0%,3.17
https://www.rukn-eltatawer.com/sewerage-plumbing-dubai/#%F0%9F%8F%86_%D8%B4%D8%B1%D9%83%D8%A9_%D8%AA%D8%B3%D9%84%D9%8A%D9%83_%D8%A7%D9%84%D9%85%D8%AC%D8%A7%D8%B1%D9%8A_%D9%81%D9%8A_%D8%AF%D8%A8%D9%8A_%E2%80%94_%D8%A7%D9%84%D8%AE%D8%A8%D8%B1%D8%A9_%D8%A7%D9%84%D8%AD%D9%82%D9%8A%D9%82%D9%8A%D8%A9_%D8%A7%D9%84%D8%AA%D9%8A_%D8%AA%D8%AB%D9%82_%D8%A8%D9%87%D8%A7,0,6,0%,3.17
https://www.rukn-eltatawer.com/sewerage-plumbing-dubai/#%F0%9F%9A%BF_%D8%AA%D8%B3%D9%84%D9%8A%D9%83_%D9%85%D8%AC%D8%A7%D8%B1%D9%8A_%D8%A7%D9%84%D8%AD%D9%85%D8%A7%D9%85%D8%A7%D8%AA_%D9%81%D9%8A_%D8%AF%D8%A8%D9%8A_%E2%80%94_%D8%AD%D9%84_%D8%B3%D8%B1%D9%8A%D8%B9_%D9%84%D9%85%D8%B4%D9%83%D9%84%D8%A9_%D8%AD%D8%B1%D8%AC%D8%A9,0,6,0%,3.17
https://www.rukn-eltatawer.com/sewerage-plumbing-dubai/#%F0%9F%A4%96_%D8%AA%D9%82%D9%86%D9%8A%D8%A7%D8%AA_%D8%AA%D8%B3%D9%84%D9%8A%D9%83_%D8%A7%D9%84%D9%85%D8%AC%D8%A7%D8%B1%D9%8A_%D8%A7%D9%84%D9%85%D8%AA%D8%B7%D9%88%D8%B1%D8%A9_%D8%A7%D9%84%D8%AA%D9%8A_%D9%86%D8%B3%D8%AA%D8%AE%D8%AF%D9%85%D9%87%D8%A7_%D9%81%D9%8A_%D8%AF%D8%A8%D9%8A,0,6,0%,3.17
https://www.rukn-eltatawer.com/sewerage-plumbing-sharjah/#%D8%AA%D8%B3%D9%84%D9%8A%D9%83_%D9%85%D8%AC%D8%A7%D8%B1%D9%8A_%D8%A7%D9%84%D8%AD%D9%85%D8%A7%D9%85%D8%A7%D8%AA,0,6,0%,3.5
https://www.rukn-eltatawer.com/air-conditioner-cleaning-company-in-umm-al-quwain/,0,6,0%,3.83
https://www.rukn-eltatawer.com/air-conditioner-cleaning-company-in-umm-al-quwain/#%D8%B4%D8%B1%D9%83%D8%A9_%D8%AA%D9%86%D8%B8%D9%8A%D9%81_%D9%85%D9%83%D9%8A%D9%81%D8%A7%D8%AA_%D9%81%D9%8A_%D8%A7%D9%85_%D8%A7%D9%84%D9%82%D9%8A%D9%88%D9%8A%D9%86,0,6,0%,3.83
https://www.rukn-eltatawer.com/dubai-pigeons-repellent-installation/#%D8%A7%D9%81%D8%B6%D9%84_%D8%B4%D8%B1%D9%83%D8%A9_%D8%AA%D8%B1%D9%83%D9%8A%D8%A8_%D8%B7%D8%A7%D8%B1%D8%AF_%D8%AD%D9%85%D8%A7%D9%85_%D9%81%D9%8A_%D8%AF%D8%A8%D9%8A,0,6,0%,5
https://www.rukn-eltatawer.com/dubai-pigeons-repellent-installation/#%D8%AA%D8%B1%D9%83%D9%8A%D8%A8_%D8%B7%D8%A7%D8%B1%D8%AF_%D8%AD%D9%85%D8%A7%D9%85_%D9%88_%D8%B7%D9%8A%D9%88%D8%B1_%D9%81%D9%8A_%D8%A7%D9%84%D8%A7%D9%85%D8%A7%D8%B1%D8%A7%D8%AA,0,6,0%,5
https://www.rukn-eltatawer.com/dubai-pigeons-repellent-installation/#%D8%AE%D8%AF%D9%85%D8%A7%D8%AA_%D8%B4%D8%B1%D9%83%D8%A9_%D9%85%D9%83%D8%A7%D9%81%D8%AD%D8%A9_%D8%AD%D9%85%D8%A7%D9%85_%D8%A8%D8%A7%D9%84%D8%A7%D9%85%D8%A7%D8%B1%D8%A7%D8%AA,0,6,0%,5
https://www.rukn-eltatawer.com/dubai-pigeons-repellent-installation/#%D8%B4%D8%B1%D9%83%D8%A7%D8%AA_%D9%85%D9%83%D8%A7%D9%81%D8%AD%D8%A9_%D8%A7%D9%84%D8%AD%D9%85%D8%A7%D9%85_%D8%AF%D8%A7%D8%AE%D9%84_%D8%A7%D9%84%D8%A7%D9%85%D8%A7%D8%B1%D8%A7%D8%AA,0,6,0%,5
https://www.rukn-eltatawer.com/building-maintenance-abu-dhabi/#%D8%AE%D8%AF%D9%85%D8%A7%D8%AA_%D8%B4%D8%B1%D9%83%D8%A9_%D8%B5%D9%8A%D8%A7%D9%86%D8%A9_%D9%85%D8%A8%D8%A7%D9%86%D9%8A_%D9%81%D9%8A_%D8%A3%D8%A8%D9%88_%D8%B8%D8%A8%D9%8A,0,6,0%,5.5
https://www.rukn-eltatawer.com/building-maintenance-abu-dhabi/#%D9%83%D9%8A%D9%81%D9%8A%D8%A9_%D8%A7%D8%AE%D8%AA%D9%8A%D8%A7%D8%B1_%D8%A3%D9%81%D8%B6%D9%84_%D8%B4%D8%B1%D9%83%D8%A9_%D8%B5%D9%8A%D8%A7%D9%86%D8%A9,0,6,0%,5.5
https://www.rukn-eltatawer.com/building-maintenance-abu-dhabi/#%D9%85%D9%82%D8%AF%D9%85%D8%A9,0,6,0%,5.5
https://www.rukn-eltatawer.com/ras-al-khaimah-roof-insulation-company/#%D8%A7%D9%81%D8%B6%D9%84_%D8%B4%D8%B1%D9%83%D8%A9_%D8%B9%D8%B2%D9%84_%D8%A3%D8%B3%D8%B7%D8%AD_%D9%81%D9%8A_%D8%B1%D8%A3%D8%B3_%D8%A7%D9%84%D8%AE%D9%8A%D9%85%D8%A9,0,6,0%,5.83
https://www.rukn-eltatawer.com/ras-al-khaimah-roof-insulation-company/#%D8%AE%D8%AF%D9%85%D8%A7%D8%AA_%D8%B9%D8%B2%D9%84_%D8%A3%D8%B3%D8%B7%D8%AD_%D8%A8%D8%B1%D8%A7%D8%B3_%D8%A7%D9%84%D8%AE%D9%8A%D9%85%D8%A9,0,6,0%,5.83
https://www.rukn-eltatawer.com/ras-al-khaimah-roof-insulation-company/#%D8%B4%D8%B1%D9%83%D8%A9_%D8%B9%D8%B2%D9%84_%D8%A3%D8%B3%D8%B7%D8%AD_%D9%81%D9%88%D9%85_%D8%B1%D8%A3%D8%B3_%D8%A7%D9%84%D8%AE%D9%8A%D9%85%D8%A9,0,6,0%,5.83
https://www.rukn-eltatawer.com/ras-al-khaimah-roof-insulation-company/#%D8%B4%D8%B1%D9%83%D8%A9_%D8%B9%D8%B2%D9%84_%D9%85%D8%A7%D8%A6%D9%8A_%D9%88%D8%AD%D8%B1%D8%A7%D8%B1%D9%8A_%D9%84%D9%84%D8%A7%D8%B3%D8%B7%D8%AD_%D8%B1%D8%A3%D8%B3_%D8%A7%D9%84%D8%AE%D9%8A%D9%85%D8%A9,0,6,0%,5.83
https://www.rukn-eltatawer.com/dubai-carpet-cleaning-company/#%D8%A3%D9%81%D8%B6%D9%84_%D8%B4%D8%B1%D9%83%D8%A9_%D8%AA%D9%86%D8%B8%D9%8A%D9%81_%D8%B3%D8%AC%D8%A7%D8%AF_%D8%AF%D8%A8%D9%8A,0,6,0%,7.17
https://www.rukn-eltatawer.com/water-leak-detection-company-in-fujairah/,0,6,0%,9
https://www.rukn-eltatawer.com/sa/en/water-leak-detection-zahran-al-janoub/,0,6,0%,14
https://www.rukn-eltatawer.com/category/sewer-drainage/,0,5,0%,1
https://www.rukn-eltatawer.com/umm-al-quwain-sewage-wiring/#%D8%AE%D8%AF%D9%85%D8%A7%D8%AA_%D8%B4%D8%B1%D9%83%D8%A9_%D8%AA%D8%B3%D9%84%D9%8A%D9%83_%D8%A7%D9%84%D9%85%D8%AC%D8%A7%D8%B1%D9%8A_%D9%81%D9%8A_%D8%A3%D9%85_%D8%A7%D9%84%D9%82%D9%8A%D9%88%D9%8A%D9%86,0,5,0%,1.4
https://www.rukn-eltatawer.com/umm-al-quwain-sewage-wiring/#%D9%85%D9%85%D9%8A%D8%B2%D8%A7%D8%AA_%D8%B4%D8%B1%D9%83%D8%A9_%D8%AA%D8%B3%D9%84%D9%8A%D9%83_%D8%A7%D9%84%D9%85%D8%AC%D8%A7%D8%B1%D9%8A_%D9%81%D9%8A_%D8%A3%D9%85_%D8%A7%D9%84%D9%82%D9%8A%D9%88%D9%8A%D9%86,0,5,0%,1.4
https://www.rukn-eltatawer.com/al-ain-landscaping-company/#%D8%A7%D8%B1%D8%AE%D8%B5_%D8%A7%D8%B3%D8%B9%D8%A7%D8%B1_%D8%AA%D9%86%D8%B3%D9%8A%D9%82_%D8%A7%D9%84%D8%AD%D8%AF%D8%A7%D8%A6%D9%82_%D9%81%D9%8A_%D8%A7%D9%84%D8%B9%D9%8A%D9%86,0,5,0%,1.8
https://www.rukn-eltatawer.com/al-ain-landscaping-company/#%D8%A7%D9%81%D8%B6%D9%84_%D8%B4%D8%B1%D9%83%D8%A9_%D8%AA%D9%86%D8%B3%D9%8A%D9%82_%D8%AD%D8%AF%D8%A7%D8%A6%D9%82_%D8%A8%D8%A7%D9%84%D8%B9%D9%8A%D9%86,0,5,0%,1.8
https://www.rukn-eltatawer.com/parquet-installation-company-in-dubai/#%D8%A3%D9%81%D8%B6%D9%84_%D8%B4%D8%B1%D9%83%D8%A9_%D8%AA%D8%B1%D9%83%D9%8A%D8%A8_%D8%A8%D8%A7%D8%B1%D9%83%D9%8A%D9%87_%D9%81%D9%8A_%D8%AF%D8%A8%D9%8A,0,5,0%,2
https://www.rukn-eltatawer.com/parquet-installation-company-in-dubai/#%D8%A3%D9%86%D9%88%D8%A7%D8%B9_%D8%A7%D9%84%D8%A8%D8%A7%D8%B1%D9%83%D9%8A%D9%87_%D8%A7%D9%84%D8%AA%D9%89_%D8%AA%D9%88%D9%81%D8%B1%D9%87%D8%A7_%D8%B4%D8%B1%D9%83%D8%A9_%D8%AA%D8%B1%D9%83%D9%8A%D8%A8_%D8%A8%D8%A7%D8%B1%D9%83%D9%8A%D9%87_%D9%81%D9%8A_%D8%AF%D8%A8%D9%8A,0,5,0%,2
https://www.rukn-eltatawer.com/sharjah-gypsum-board-installation-company/#%D8%B4%D8%B1%D9%83%D8%A7%D8%AA_%D8%AC%D8%A8%D8%B3_%D8%A8%D9%88%D8%B1%D8%AF_%D9%81%D9%8A_%D8%A7%D9%84%D8%A7%D9%85%D8%A7%D8%B1%D8%A7%D8%AA,0,5,0%,2.4
https://www.rukn-eltatawer.com/water-leak-detection-company-in-qatar/#%D8%A3%D9%87%D9%85%D9%8A%D8%A9_%D9%83%D8%B4%D9%81_%D8%AA%D8%B3%D8%B1%D8%A8%D8%A7%D8%AA_%D8%A7%D9%84%D9%85%D9%8A%D8%A7%D9%87_%D8%AD%D9%85%D8%A7%D9%8A%D8%A9_%D9%84%D9%85%D9%86%D8%B2%D9%84%D9%83_%D9%88%D8%A7%D8%B3%D8%AA%D8%AB%D9%85%D8%A7%D8%B1%D9%83,0,5,0%,2.6
https://www.rukn-eltatawer.com/water-leak-detection-company-in-qatar/#%D8%AA%D9%82%D9%86%D9%8A%D8%A7%D8%AA_%D8%B4%D8%B1%D9%83%D8%A9_%D9%83%D8%B4%D9%81_%D8%AA%D8%B3%D8%B1%D8%A8%D8%A7%D8%AA_%D8%A7%D9%84%D9%85%D9%8A%D8%A7%D9%87_%D9%81%D9%8A_%D9%82%D8%B7%D8%B1,0,5,0%,2.6
https://www.rukn-eltatawer.com/abu-dhabi-swimming-pool-cleaning-company/,0,5,0%,2.8
https://www.rukn-eltatawer.com/dubai-villas-cleaning-company/#%D8%B4%D8%B1%D9%83%D8%A9_%D8%AA%D9%86%D8%B8%D9%8A%D9%81_%D8%A7%D9%84%D9%81%D9%84%D9%84_%D8%AF%D8%A8%D9%8A_%D8%B9%D9%85%D8%A7%D9%84%D8%A9_%D9%81%D9%84%D8%A8%D9%8A%D9%86%D9%8A%D8%A9,0,5,0%,2.8
https://www.rukn-eltatawer.com/roof-insulation-in-abu-dhabi/#%D8%B7%D8%B1%D9%8A%D9%82%D8%A9_%D8%A7%D9%84%D8%B9%D8%B2%D9%84_%D8%A7%D9%84%D9%85%D8%A7%D8%A6%D9%8A_%D9%84%D9%84%D8%A7%D8%B3%D8%B7%D8%AD_%D9%81%D9%8A_%D8%A3%D8%A8%D9%88%D8%B8%D8%A8%D9%8A,0,5,0%,2.8
https://www.rukn-eltatawer.com/parquet-installation-company-in-ajman/,0,5,0%,3
https://www.rukn-eltatawer.com/insulators-company-in-sharjah/#%D8%B9%D8%B2%D9%84_%D8%A7%D8%B3%D8%B7%D8%AD_%D9%81%D9%88%D9%85_%D8%A8%D8%A7%D9%84%D8%B4%D8%A7%D8%B1%D9%82%D8%A9,0,5,0%,3.2
https://www.rukn-eltatawer.com/abu-dhabi-air-conditioner-cleaning-company/#%D8%A3%D9%81%D8%B6%D9%84_%D8%B4%D8%B1%D9%83%D8%A9_%D8%AA%D9%86%D8%B8%D9%8A%D9%81_%D9%85%D9%83%D9%8A%D9%81%D8%A7%D8%AA_%D9%81%D9%8A_%D8%A3%D8%A8%D9%88%D8%B8%D8%A8%D9%8A,0,5,0%,3.6
https://www.rukn-eltatawer.com/ajman-roof-insulation-company/#%D8%AE%D8%B7%D9%88%D8%A7%D8%AA_%D8%B9%D9%85%D9%84_%D8%B4%D8%B1%D9%83%D8%A9_%D8%B9%D8%B2%D9%84_%D8%A7%D8%B3%D8%B7%D8%AD_%D9%81%D9%8A_%D8%B9%D8%AC%D9%85%D8%A7%D9%86,0,5,0%,3.6
https://www.rukn-eltatawer.com/air-conditioner-cleaning-company-in-umm-al-quwain/#%D8%A3%D9%81%D8%B6%D9%84_%D8%B4%D8%B1%D9%83%D8%A9_%D8%AA%D9%86%D8%B8%D9%8A%D9%81_%D9%85%D9%83%D9%8A%D9%81%D8%A7%D8%AA_%D9%81%D9%8A_%D8%A7%D9%85_%D8%A7%D9%84%D9%82%D9%8A%D9%88%D9%8A%D9%86,0,5,0%,4
https://www.rukn-eltatawer.com/air-conditioner-cleaning-company-in-umm-al-quwain/#%D8%A7%D9%84%D8%AA%D9%88%D8%A7%D8%B5%D9%84_%D9%85%D8%B9_%D8%B4%D8%B1%D9%83%D8%AA%D9%86%D8%A7,0,5,0%,4
https://www.rukn-eltatawer.com/general-maintenance-company-al-ain/#%D8%A7%D9%81%D8%B6%D9%84_%D8%B4%D8%B1%D9%83%D8%A9_%D8%B5%D9%8A%D8%A7%D9%86%D8%A9_%D8%B9%D8%A7%D9%85%D8%A9_%D8%A7%D9%84%D8%B9%D9%8A%D9%86_%D8%AA%D9%83%D8%B3%D9%8A%D8%B1_%D9%88%D8%AA%D8%B1%D9%85%D9%8A%D9%85_%D9%81%D9%84%D9%84_%D9%88%D8%AD%D9%85%D8%A7%D9%85%D8%A7%D8%AA,0,5,0%,4.4
https://www.rukn-eltatawer.com/general-maintenance-company-al-ain/#%D8%A7%D9%84%D8%A3%D8%AC%D9%87%D8%B2%D8%A9_%D8%A7%D9%84%D9%85%D8%B3%D8%AA%D8%AE%D8%AF%D9%85%D8%A9_%D9%81%D9%8A_%D9%83%D8%B4%D9%81_%D8%AA%D8%B3%D8%B1%D8%A8%D8%A7%D8%AA_%D8%A7%D9%84%D9%85%D9%8A%D8%A7%D9%87_%D8%A8%D8%A7%D9%84%D8%B9%D9%8A%D9%86,0,5,0%,4.4
https://www.rukn-eltatawer.com/general-maintenance-company-al-ain/#%D9%81%D9%86%D9%8A_%D8%B3%D8%A8%D8%A7%D9%83_%D9%81%D9%8A_%D8%A7%D9%84%D8%B9%D9%8A%D9%86,0,5,0%,4.4
https://www.rukn-eltatawer.com/general-maintenance-company-al-ain/#%D9%85%D8%B1%D8%A7%D8%AD%D9%84_%D8%AA%D8%B1%D9%85%D9%8A%D9%85_%D9%88%D8%AA%D8%AC%D8%AF%D9%8A%D8%AF_%D8%A7%D9%84%D8%AD%D9%85%D8%A7%D9%85%D8%A7%D8%AA_%D9%88%D8%A7%D9%84%D9%81%D9%84%D9%84_%D8%A8%D8%A7%D9%84%D8%B9%D9%8A%D9%86,0,5,0%,4.4
https://www.rukn-eltatawer.com/sewer-wiring-abu-dhabi/#%D8%A7%D8%AC%D9%87%D8%B2%D8%A9_%D8%AA%D8%B3%D9%84%D9%8A%D9%83_%D8%A7%D9%84%D9%85%D8%AC%D8%A7%D8%B1%D9%8A_%D9%81%D9%8A_%D8%A3%D8%A8%D9%88%D8%B8%D8%A8%D9%8A,0,5,0%,4.8
https://www.rukn-eltatawer.com/sewer-wiring-abu-dhabi/#%D8%B7%D8%B1%D9%82_%D9%85%D8%B9%D8%A7%D9%84%D8%AC%D8%A9_%D8%B4%D8%B1%D9%83%D8%A9_%D8%AA%D8%B3%D9%84%D9%8A%D9%83_%D9%85%D8%AC%D8%A7%D8%B1%D9%89_%D9%81%D9%8A_%D8%A3%D8%A8%D9%88%D8%B8%D8%A8%D9%8A_%D9%84%D8%A7%D9%86%D8%B3%D8%AF%D8%A7%D8%AF_%D8%A7%D9%84%D9%85%D8%AC%D8%A7%D8%B1%D9%8A,0,5,0%,4.8
https://www.rukn-eltatawer.com/recruitment-in-qatar/,0,5,0%,5.2
https://www.rukn-eltatawer.com/stone-installation-dubai/,0,5,0%,5.4
https://www.rukn-eltatawer.com/abu-dhabi-tank-cleaning-company/,0,5,0%,6
https://www.rukn-eltatawer.com/air-conditioner-cleaning-company-in-ras-al-khaimah/,0,5,0%,6.2
https://www.rukn-eltatawer.com/air-conditioner-cleaning-company-in-al-ain/#%D8%A7%D9%84%D8%AA%D9%88%D8%A7%D8%B5%D9%84_%D9%85%D8%B9_%D8%B4%D8%B1%D9%83%D8%A9_%D8%AA%D9%86%D8%B8%D9%8A%D9%81_%D9%85%D9%83%D9%8A%D9%81%D8%A7%D8%AA_%D9%81%D9%8A_%D8%A7%D9%84%D8%B9%D9%8A%D9%86,0,5,0%,6.6
https://www.rukn-eltatawer.com/air-conditioner-cleaning-company-in-al-ain/#%D8%AE%D8%AF%D9%85%D8%A7%D8%AA_%D8%B4%D8%B1%D9%83%D8%A9_%D8%B1%D9%83%D9%86_%D8%A7%D9%84%D8%AA%D8%B7%D9%88%D8%B1_%D9%84%D8%AA%D9%86%D8%B8%D9%8A%D9%81_%D9%88%D8%B5%D9%8A%D8%A7%D9%86%D8%A9_%D9%85%D9%83%D9%8A%D9%81%D8%A7%D8%AA_%D8%A7%D9%84%D9%87%D9%88%D8%A7%D8%A1_%D9%81%D9%8A_%D8%A7%D9%84%D8%B9%D9%8A%D9%86,0,5,0%,6.6
https://www.rukn-eltatawer.com/air-conditioner-cleaning-company-in-al-ain/#%D8%B4%D8%B1%D9%83%D8%A9_%D8%AA%D9%86%D8%B8%D9%8A%D9%81_%D9%85%D9%83%D9%8A%D9%81%D8%A7%D8%AA_%D9%81%D9%8A_%D8%A7%D9%84%D8%B9%D9%8A%D9%86,0,5,0%,6.6
https://www.rukn-eltatawer.com/air-conditioner-cleaning-company-in-al-ain/#%D9%85%D9%85%D9%8A%D8%B2%D8%A7%D8%AA_%D8%B4%D8%B1%D9%83%D8%A9_%D8%AA%D9%86%D8%B8%D9%8A%D9%81_%D9%85%D9%83%D9%8A%D9%81%D8%A7%D8%AA_%D9%81%D9%8A_%D8%A7%D9%84%D8%B9%D9%8A%D9%86,0,5,0%,6.6
https://www.rukn-eltatawer.com/air-conditioner-cleaning-company-in-al-ain/#%D9%86%D8%B5%D8%A7%D8%A6%D8%AD_%D8%B4%D8%B1%D9%83%D8%A9_%D8%AA%D9%86%D8%B8%D9%8A%D9%81_%D9%85%D9%83%D9%8A%D9%81%D8%A7%D8%AA_%D9%81%D9%89_%D8%A7%D9%84%D8%B9%D9%8A%D9%86,0,5,0%,6.6
https://www.rukn-eltatawer.com/cold-and-freezing-room-maintenance-in-dubai/,0,5,0%,6.6
https://www.rukn-eltatawer.com/dubai-carpet-cleaning-company/#%D9%85%D9%85%D9%8A%D8%B2%D8%A7%D8%AA_%D8%B4%D8%B1%D9%83%D8%A9_%D8%AA%D9%86%D8%B8%D9%8A%D9%81_%D8%B3%D8%AC%D8%A7%D8%AF_%D9%81%D9%8A_%D8%AF%D8%A8%D9%8A,0,5,0%,7.2
https://www.rukn-eltatawer.com/a-sterilization-company-in-abu-dhabi/,0,5,0%,7.8
https://www.rukn-eltatawer.com/shrkh-tnzyf-mkyfat-fy-dby/#%D8%A3%D8%B3%D8%B9%D8%A7%D8%B1_%D8%B4%D8%B1%D9%83%D8%A9_%D8%AA%D9%86%D8%B8%D9%8A%D9%81_%D9%85%D9%83%D9%8A%D9%81%D8%A7%D8%AA_%D9%81%D9%8A_%D8%AF%D8%A8%D9%8A_2026_%E2%80%93_%D8%B4%D9%81%D8%A7%D9%81%D8%A9_%D9%88%D8%A8%D8%AF%D9%88%D9%86_%D9%85%D9%81%D8%A7%D8%AC%D8%A2%D8%AA,0,5,0%,8.4
https://www.rukn-eltatawer.com/shrkh-tnzyf-mkyfat-fy-dby/#%D9%85%D8%A7_%D9%87%D9%8A_%D8%B4%D8%B1%D9%83%D8%A9_%D8%AA%D9%86%D8%B8%D9%8A%D9%81_%D9%85%D9%83%D9%8A%D9%81%D8%A7%D8%AA_%D9%81%D9%8A_%D8%AF%D8%A8%D9%8A%D8%9F,0,5,0%,8.4
https://www.rukn-eltatawer.com/shrkh-tnzyf-mkyfat-fy-dby/#%D9%85%D9%82%D8%A7%D8%B1%D9%86%D8%A9_%D8%B4%D8%B1%D9%83%D8%A9_%D8%AA%D9%86%D8%B8%D9%8A%D9%81_%D9%85%D9%83%D9%8A%D9%81%D8%A7%D8%AA_%D9%81%D9%8A_%D8%AF%D8%A8%D9%8A_%D8%B1%D9%83%D9%86_%D8%A7%D9%84%D8%AA%D8%B7%D9%88%D8%B1_%D9%85%D9%82%D8%A7%D8%A8%D9%84_%D8%A7%D9%84%D8%B4%D8%B1%D9%83%D8%A7%D8%AA_%D8%A7%D9%84%D8%A3%D8%AE%D8%B1%D9%89,0,5,0%,8.4
https://www.rukn-eltatawer.com/shrkh-tnzyf-mkyfat-fy-dby/#8_%D8%B9%D9%84%D8%A7%D9%85%D8%A7%D8%AA_%D8%AA%D8%AE%D8%A8%D8%B1%D9%83_%D8%A3%D9%86_%D9%85%D9%83%D9%8A%D9%81%D9%83_%D9%8A%D8%AD%D8%AA%D8%A7%D8%AC_%D8%B4%D8%B1%D9%83%D8%A9_%D8%AA%D9%86%D8%B8%D9%8A%D9%81_%D9%85%D9%83%D9%8A%D9%81%D8%A7%D8%AA_%D9%81%D9%8A_%D8%AF%D8%A8%D9%8A_%D9%81%D9%88%D8%B1%D8%A7%D9%8B,0,5,0%,8.4
https://www.rukn-eltatawer.com/tank-insulation-abu-dhabi/,0,5,0%,9
https://www.rukn-eltatawer.com/sa/water-leak-detection-sakakah/,0,5,0%,9.2
https://www.rukn-eltatawer.com/swimming-pools-company-in-sharjah/,0,5,0%,11.2
https://www.rukn-eltatawer.com/ajman-villas-cleaning-company/,0,5,0%,13.6
https://www.rukn-eltatawer.com/a-plumber-in-dubai/,0,5,0%,14.2
https://www.rukn-eltatawer.com/swimming-pool-cleaning-in-dubai/,0,5,0%,18.6
https://www.rukn-eltatawer.com/sa/water-leak-detection-bisha/,0,5,0%,25.8
https://www.rukn-eltatawer.com/abu-dhabi-pigeons-repellent-installation-company/,0,5,0%,31
https://www.rukn-eltatawer.com/category/cleaning/,0,4,0%,1
https://www.rukn-eltatawer.com/water-leak-detection-company-in-al-ain/#%D8%A3%D8%B3%D8%A8%D8%A7%D8%A8_%D8%AA%D8%B3%D8%B1%D8%A8%D8%A7%D8%AA_%D8%A7%D9%84%D9%85%D9%8A%D8%A7%D9%87_%D9%81%D9%8A_%D8%A7%D9%84%D8%B9%D9%8A%D9%86_%E2%80%93_%D8%B4%D8%B1%D9%83%D8%A9_%D9%83%D8%B4%D9%81_%D8%AA%D8%B3%D8%B1%D8%A8%D8%A7%D8%AA_%D8%A7%D9%84%D9%85%D9%8A%D8%A7%D9%87_%D9%81%D9%8A_%D8%A7%D9%84%D8%B9%D9%8A%D9%86_%D8%B1%D9%83%D9%86_%D8%A7%D9%84%D8%AA%D8%B7%D9%88%D8%B1_%D8%A7%D9%84%D8%AA%D8%B4%D8%AE%D9%8A%D8%B5_%D8%A7%D9%84%D8%AC%D8%B0%D8%B1%D9%8A_%D8%A7%D9%84%D8%B0%D9%8A_%D9%84%D8%A7_%D9%8A%D9%8F%D8%AE%D8%A8%D8%B1%D9%83_%D8%A8%D9%87_%D8%A3%D8%AD%D8%AF,0,4,0%,1.75
https://www.rukn-eltatawer.com/water-leak-detection-company-in-al-ain/#8_%D8%B9%D9%84%D8%A7%D9%85%D8%A7%D8%AA_%D8%AA%D9%83%D8%B4%D9%81_%D8%A3%D9%86_%D9%85%D9%86%D8%B2%D9%84%D9%83_%D9%81%D9%8A_%D8%A7%D9%84%D8%B9%D9%8A%D9%86_%D9%8A%D8%B9%D8%A7%D9%86%D9%8A_%D9%85%D9%86_%D8%AA%D8%B3%D8%B1%D8%A8_%D9%85%D9%8A%D8%A7%D9%87_%D8%AE%D9%81%D9%8A_%D9%88%D9%8A%D8%AD%D8%AA%D8%A7%D8%AC_%D8%A5%D9%84%D9%89_%D8%B4%D8%B1%D9%83%D8%A9_%D9%83%D8%B4%D9%81_%D8%AA%D8%B3%D8%B1%D8%A8%D8%A7%D8%AA_%D8%A7%D9%84%D9%85%D9%8A%D8%A7%D9%87_%D9%81%D9%8A_%D8%A7%D9%84%D8%B9%D9%8A%D9%86%E2%80%93_%D8%AA%D8%B5%D8%B1%D9%81_%D9%82%D8%A8%D9%84_%D9%81%D9%88%D8%A7%D8%AA_%D8%A7%D9%84%D8%A3%D9%88%D8%A7%D9%86,0,4,0%,1.75
https://www.rukn-eltatawer.com/kitchen-hood-installation-abu-dhabi/,0,4,0%,2
https://www.rukn-eltatawer.com/roof-insulation-in-abu-dhabi/#%D8%B9%D8%B2%D9%84_%D8%A7%D9%84%D8%A3%D8%B3%D8%B7%D8%AD_%D8%A8%D8%A7%D9%84%D8%A8%D9%8A%D8%AA%D9%88%D9%85%D9%8A%D9%86_%D9%81%D9%8A_%D8%A3%D8%A8%D9%88%D8%B8%D8%A8%D9%8A,0,4,0%,2
https://www.rukn-eltatawer.com/roof-insulation-in-abu-dhabi/#%D8%B9%D8%B2%D9%84_%D8%A7%D9%84%D8%A3%D8%B3%D8%B7%D8%AD_%D8%A8%D9%85%D8%A7%D8%AF%D8%A9_%D8%A7%D9%84%D8%A8%D9%88%D9%84%D9%8A_%D9%8A%D9%88%D8%B1%D9%8A%D8%AB%D9%8A%D9%86_%D9%81%D9%8A_%D8%A3%D8%A8%D9%88%D8%B8%D8%A8%D9%8A,0,4,0%,2
https://www.rukn-eltatawer.com/water-leak-detection-umm-al-quwain/#%D8%B9%D9%84%D8%A7%D9%85%D8%A7%D8%AA_%D9%88%D9%85%D8%AE%D8%A7%D8%B7%D8%B1_%D8%AA%D8%B3%D8%B1%D8%A8%D8%A7%D8%AA_%D8%A7%D9%84%D9%85%D9%8A%D8%A7%D9%87_%D9%81%D9%8A_%D8%A3%D9%85_%D8%A7%D9%84%D9%82%D9%8A%D9%88%D9%8A%D9%86_%D8%A7%D9%84%D8%AA%D9%8A_%D9%84%D8%A7_%D9%8A%D8%AC%D8%A8_%D8%AA%D8%AC%D8%A7%D9%87%D9%84%D9%87%D8%A7,0,4,0%,2
https://www.rukn-eltatawer.com/water-leak-detection-umm-al-quwain/#%D9%83%D8%B4%D9%81_%D8%AA%D8%B3%D8%B1%D8%A8%D8%A7%D8%AA_%D8%A7%D9%84%D8%AD%D9%85%D8%A7%D9%85_%D9%88%D8%A7%D9%84%D8%A3%D8%B3%D8%B7%D8%AD_%D9%81%D9%8A_%D8%A3%D9%85_%D8%A7%D9%84%D9%82%D9%8A%D9%88%D9%8A%D9%86_%D8%A8%D8%A7%D8%AD%D8%AA%D8%B1%D8%A7%D9%81%D9%8A%D8%A9_%D8%AA%D8%A7%D9%85%D8%A9,0,4,0%,2
https://www.rukn-eltatawer.com/water-leak-detection-umm-al-quwain/#%D9%83%D8%B4%D9%81_%D8%AA%D8%B3%D8%B1%D8%A8%D8%A7%D8%AA_%D8%A7%D9%84%D9%85%D9%8A%D8%A7%D9%87_%D8%A8%D8%AF%D9%88%D9%86_%D8%AA%D9%83%D8%B3%D9%8A%D8%B1_%D9%81%D9%8A_%D8%A3%D9%85_%D8%A7%D9%84%D9%82%D9%8A%D9%88%D9%8A%D9%86_%D8%AA%D9%82%D9%86%D9%8A%D8%A7%D8%AA_%D8%B0%D9%83%D9%8A%D8%A9,0,4,0%,2
https://www.rukn-eltatawer.com/water-leak-detection-umm-al-quwain/#%D9%84%D9%85%D8%A7%D8%B0%D8%A7_%D8%AA%D8%B9%D8%AA%D8%A8%D8%B1_%E2%80%9C%D8%B1%D9%83%D9%86_%D8%A7%D9%84%D8%AA%D8%B7%D9%88%D8%B1%E2%80%9D_%D8%A7%D9%84%D8%B4%D8%B1%D9%83%D8%A9_%D8%A7%D9%84%D9%85%D8%B9%D8%AA%D9%85%D8%AF%D8%A9_%D8%A7%D9%84%D8%A3%D9%88%D9%84%D9%89_%D9%81%D9%8A_%D8%A3%D9%85_%D8%A7%D9%84%D9%82%D9%8A%D9%88%D9%8A%D9%86%D8%9F,0,4,0%,2
https://www.rukn-eltatawer.com/water-leak-detection-umm-al-quwain/#5_%D8%A3%D8%AE%D8%B7%D8%A7%D8%A1_%D8%B4%D8%A7%D8%A6%D8%B9%D8%A9_%D8%AA%D8%B6%D8%A7%D8%B9%D9%81_%D8%A3%D8%B6%D8%B1%D8%A7%D8%B1_%D8%A7%D9%84%D8%B1%D8%B7%D9%88%D8%A8%D8%A9_%D9%81%D9%8A_%D9%85%D9%86%D8%A7%D8%B2%D9%84_%D8%A3%D9%85_%D8%A7%D9%84%D9%82%D9%8A%D9%88%D9%8A%D9%86,0,4,0%,2
https://www.rukn-eltatawer.com/general-maintenance-company-in-dubai/#%D8%AA%D8%B1%D9%85%D9%8A%D9%85_%D9%88%D8%AA%D8%AC%D8%AF%D9%8A%D8%AF_%D8%A7%D9%84%D9%81%D9%84%D9%84_%D9%81%D9%8A_%D8%AF%D8%A8%D9%8A,0,4,0%,2.25
https://www.rukn-eltatawer.com/sewerage-plumbing-company-in-al-ain/#%D8%A7%D9%81%D8%B6%D9%84_%D8%B4%D8%B1%D9%83%D8%A9_%D8%AA%D8%B3%D9%84%D9%8A%D9%83_%D9%85%D8%AC%D8%A7%D8%B1%D9%8A_%D9%81%D9%8A_%D8%A7%D9%84%D8%B9%D9%8A%D9%86_%D9%85%D8%B9%D8%AA%D9%85%D8%AF%D8%A9,0,4,0%,2.25
https://www.rukn-eltatawer.com/sewerage-plumbing-company-in-al-ain/#%D8%B4%D8%B1%D9%83%D8%A9_%D8%AA%D8%B3%D9%84%D9%8A%D9%83_%D9%85%D8%AC%D8%A7%D8%B1%D9%8A_%D9%81%D9%8A_%D8%A7%D9%84%D8%B9%D9%8A%D9%86,0,4,0%,2.25
https://www.rukn-eltatawer.com/a-water-leak-detection-company-in-abu-dhabi/#%D8%A7%D9%84%D8%AA%D8%B3%D8%B1%D8%A8_%D8%A7%D9%84%D9%85%D8%A7%D8%A6%D9%8A,0,4,0%,2.5
https://www.rukn-eltatawer.com/a-water-leak-detection-company-in-abu-dhabi/#%F0%9F%A7%B0_%D8%A3%D9%87%D9%85_%D8%AE%D8%AF%D9%85%D8%A7%D8%AA_%D8%B4%D8%B1%D9%83%D8%A9_%D9%83%D8%B4%D9%81_%D8%AA%D8%B3%D8%B1%D8%A8%D8%A7%D8%AA_%D8%A7%D9%84%D9%85%D9%8A%D8%A7%D9%87_%D9%81%D9%8A_%D8%A3%D8%A8%D9%88%D8%B8%D8%A8%D9%8A,0,4,0%,2.5
https://www.rukn-eltatawer.com/al-ain-boards-cleaning-company/#%D8%A3%D9%81%D8%B6%D9%84_%D8%B4%D8%B1%D9%83%D8%A9_%D8%AA%D9%86%D8%B8%D9%8A%D9%81_%D9%85%D8%AC%D8%A7%D9%84%D8%B3_%D8%A7%D9%84%D8%B9%D9%8A%D9%86,0,4,0%,2.5
https://www.rukn-eltatawer.com/door-window-blacksmith-abu-dhabi/,0,4,0%,2.75
https://www.rukn-eltatawer.com/insulators-company-in-sharjah/#%D8%B9%D8%B2%D9%84_%D8%AE%D8%B2%D8%A7%D9%86%D8%A7%D8%AA_%D8%A7%D9%84%D9%85%D9%8A%D8%A7%D9%87_%D9%81%D9%8A_%D8%A7%D9%84%D8%B4%D8%A7%D8%B1%D9%82%D8%A9,0,4,0%,2.75
https://www.rukn-eltatawer.com/landscaping-company-in-dubai/#%D8%A3%D9%81%D8%B6%D9%84_%D8%B4%D8%B1%D9%83%D8%A9_%D8%AA%D9%86%D8%B3%D9%8A%D9%82_%D8%AD%D8%AF%D8%A7%D8%A6%D9%82_%D9%81%D9%8A_%D8%AF%D8%A8%D9%8A,0,4,0%,2.75
https://www.rukn-eltatawer.com/landscaping-company-in-dubai/#%D8%B4%D8%B1%D9%83%D8%A9_%D8%AA%D9%86%D8%B3%D9%8A%D9%82_%D8%AD%D8%AF%D8%A7%D8%A6%D9%82_%D9%81%D9%8A_%D8%AF%D8%A8%D9%8A,0,4,0%,2.75
https://www.rukn-eltatawer.com/water-leak-detection-company-in-qatar/#%D8%AE%D8%AF%D9%85%D8%A7%D8%AA_%D8%B4%D8%B1%D9%83%D8%A9_%D8%B1%D9%83%D9%86_%D8%A7%D9%84%D8%AA%D8%B7%D9%88%D8%B1_%D9%81%D9%8A_%D9%82%D8%B7%D8%B1,0,4,0%,2.75
https://www.rukn-eltatawer.com/insect-control-in-dubai/#%D9%85%D9%83%D8%A7%D9%81%D8%AD%D8%A9_%D8%A7%D9%84%D9%86%D9%85%D9%84_%D8%A7%D9%84%D8%A7%D8%A8%D9%8A%D8%B6_%D9%81%D9%8A_%D8%AF%D8%A8%D9%8A,0,4,0%,3.5
https://www.rukn-eltatawer.com/insulators-company-in-sharjah/#%D8%B9%D8%B2%D9%84_%D8%A7%D8%B3%D8%B7%D8%AD_%D8%A7%D9%84%D9%85%D9%86%D8%A7%D8%B2%D9%84_%D8%A8%D8%A7%D9%84%D8%B4%D8%A7%D8%B1%D9%82%D8%A9,0,4,0%,3.5
https://www.rukn-eltatawer.com/ajman-roof-insulation-company/#%D8%A7%D9%81%D8%B6%D9%84_%D8%B4%D8%B1%D9%83%D8%A9_%D8%B9%D8%B2%D9%84_%D8%A3%D8%B3%D8%B7%D8%AD_%D9%81%D9%8A_%D8%B9%D8%AC%D9%85%D8%A7%D9%86,0,4,0%,4
https://www.rukn-eltatawer.com/pest-control-khor-fakkan/,0,4,0%,4.5
https://www.rukn-eltatawer.com/pest-control-khor-fakkan/#%D8%A3%D9%81%D8%B6%D9%84_%D8%B4%D8%B1%D9%83%D8%A9_%D9%85%D9%83%D8%A7%D9%81%D8%AD%D8%A9_%D8%AD%D8%B4%D8%B1%D8%A7%D8%AA_%D9%81%D9%8A_%D8%AE%D9%88%D8%B1%D9%81%D9%83%D8%A7%D9%86_%D8%A5%D8%A8%D8%A7%D8%AF%D8%A9_%D9%86%D9%87%D8%A7%D8%A6%D9%8A%D8%A9_%D8%A8%D8%B6%D9%85%D8%A7%D9%86_2026,0,4,0%,4.5
https://www.rukn-eltatawer.com/pest-control-khor-fakkan/#%D8%AE%D8%AF%D9%85%D8%A7%D8%AA%D9%86%D8%A7_%D9%88%D8%A3%D8%B3%D8%B9%D8%A7%D8%B1_%D8%B4%D8%B1%D9%83%D8%A9_%D9%85%D9%83%D8%A7%D9%81%D8%AD%D8%A9_%D8%AD%D8%B4%D8%B1%D8%A7%D8%AA_%D9%81%D9%8A_%D8%AE%D9%88%D8%B1%D9%81%D9%83%D8%A7%D9%86_%D9%84%D8%B9%D8%A7%D9%85_2026,0,4,0%,4.5
https://www.rukn-eltatawer.com/pest-control-khor-fakkan/#%D8%AE%D8%B7%D9%88%D8%A7%D8%AA_%D9%85%D9%83%D8%A7%D9%81%D8%AD%D8%A9_%D8%A7%D9%84%D8%AD%D8%B4%D8%B1%D8%A7%D8%AA_%D9%81%D9%8A_%D8%AE%D9%88%D8%B1%D9%81%D9%83%D8%A7%D9%86_%D8%A8%D8%A7%D8%B3%D8%AA%D8%AE%D8%AF%D8%A7%D9%85_%D8%AA%D9%82%D9%86%D9%8A%D8%A7%D8%AA_2026_%D8%A7%D9%84%D9%85%D8%AA%D9%82%D8%AF%D9%85%D8%A9,0,4,0%,4.5
https://www.rukn-eltatawer.com/pest-control-khor-fakkan/#%D9%84%D9%85%D8%A7%D8%B0%D8%A7_%D8%AA%D8%B9%D8%AA%D8%A8%D8%B1_%E2%80%9C%D8%B1%D9%83%D9%86_%D8%A7%D9%84%D8%AA%D8%B7%D9%88%D8%B1%E2%80%9D_%D8%A7%D9%84%D8%AE%D9%8A%D8%A7%D8%B1_%D8%A7%D9%84%D9%85%D9%81%D8%B6%D9%84_%D9%84%D9%85%D9%83%D8%A7%D9%81%D8%AD%D8%A9_%D8%A7%D9%84%D8%AD%D8%B4%D8%B1%D8%A7%D8%AA_%D9%81%D9%8A_%D8%AE%D9%88%D8%B1%D9%81%D9%83%D8%A7%D9%86%D8%9F,0,4,0%,4.5
https://www.rukn-eltatawer.com/pest-control-khor-fakkan/#%D9%85%D8%A7_%D9%87%D9%8A_%D8%B9%D9%84%D8%A7%D9%85%D8%A7%D8%AA_%D8%A7%D9%86%D8%AA%D8%B4%D8%A7%D8%B1_%D8%A7%D9%84%D8%AD%D8%B4%D8%B1%D8%A7%D8%AA_%D9%81%D9%8A_%D8%AE%D9%88%D8%B1%D9%81%D9%83%D8%A7%D9%86_%D8%A7%D9%84%D8%AA%D9%8A_%D8%AA%D9%86%D8%B0%D8%B1_%D8%A8%D8%AE%D8%B7%D8%B1_%D8%AD%D9%82%D9%8A%D9%82%D9%8A%D8%9F,0,4,0%,4.5
https://www.rukn-eltatawer.com/pest-control-khor-fakkan/#5_%D8%A3%D8%AE%D8%B7%D8%A7%D8%A1_%D8%B4%D8%A7%D8%A6%D8%B9%D8%A9_%D8%AA%D8%B6%D8%A7%D8%B9%D9%81_%D8%A3%D8%B6%D8%B1%D8%A7%D8%B1_%D8%A7%D9%84%D8%AD%D8%B4%D8%B1%D8%A7%D8%AA_%D9%81%D9%8A_%D8%AE%D9%88%D8%B1%D9%81%D9%83%D8%A7%D9%86_%D9%88%D9%83%D9%8A%D9%81%D9%8A%D8%A9_%D8%AA%D8%AC%D9%86%D8%A8%D9%87%D8%A7,0,4,0%,4.5
https://www.rukn-eltatawer.com/sewer-wiring-abu-dhabi/#%D8%A3%D9%81%D8%B6%D9%84_%D8%B4%D8%B1%D9%83%D8%A9_%D8%AA%D8%B3%D9%84%D9%8A%D9%83_%D9%85%D8%AC%D8%A7%D8%B1%D9%8A_%D9%81%D9%8A_%D8%A3%D8%A8%D9%88%D8%B8%D8%A8%D9%8A,0,4,0%,4.5
https://www.rukn-eltatawer.com/sewer-wiring-abu-dhabi/#%D8%AE%D8%AF%D9%85%D8%A7%D8%AA_%D8%B4%D8%B1%D9%83%D8%A9_%D8%AA%D8%B3%D9%84%D9%8A%D9%83_%D9%85%D8%AC%D8%A7%D8%B1%D9%8A_%D9%81%D9%8A_%D8%A3%D8%A8%D9%88%D8%B8%D8%A8%D9%8A,0,4,0%,4.5
https://www.rukn-eltatawer.com/sewer-wiring-abu-dhabi/#%D8%AE%D8%B7%D9%88%D8%A7%D8%AA_%D8%B9%D9%85%D9%84_%D8%B4%D8%B1%D9%83%D8%A9_%D8%AA%D8%B3%D9%84%D9%8A%D9%83_%D9%85%D8%AC%D8%A7%D8%B1%D9%8A_%D9%81%D9%8A_%D8%A3%D8%A8%D9%88%D8%B8%D8%A8%D9%8A,0,4,0%,4.5
https://www.rukn-eltatawer.com/abu-dhabi-carpet-cleaning-company/,0,4,0%,5.5
https://www.rukn-eltatawer.com/installation-of-gypsum-board-umm-al-quwain/,0,4,0%,5.5
https://www.rukn-eltatawer.com/elevator-maintenance-abu-dhabi/,0,4,0%,5.75
https://www.rukn-eltatawer.com/termite-control-sharjah/#%D8%B7%D8%B1%D9%82_%D9%85%D9%83%D8%A7%D9%81%D8%AD%D8%A9_%D8%A7%D9%84%D8%B1%D9%85%D8%A9_%D9%81%D9%8A_%D8%A7%D9%84%D8%B4%D8%A7%D8%B1%D9%82%D8%A9,0,4,0%,5.75
https://www.rukn-eltatawer.com/paints-company-in-dubai/,0,4,0%,6
https://www.rukn-eltatawer.com/dyeing-umm-al-quwain/,0,4,0%,6.25
https://www.rukn-eltatawer.com/dyeing-umm-al-quwain/#%D8%A3%D9%86%D9%88%D8%A7%D8%B9_%D8%A7%D9%84%D8%A3%D8%B5%D8%A8%D8%A7%D8%BA_%D9%81%D9%8A_%D8%B4%D8%B1%D9%83%D8%A9_%D8%B5%D8%A8%D8%BA_%D9%81%D9%8A_%D8%A3%D9%85_%D8%A7%D9%84%D9%82%D9%8A%D9%88%D9%8A%D9%86,0,4,0%,6.25
https://www.rukn-eltatawer.com/dyeing-umm-al-quwain/#%D8%A7%D9%81%D8%B6%D9%84_%D8%B4%D8%B1%D9%83%D8%A9_%D8%B5%D8%A8%D8%BA_%D9%81%D9%8A_%D8%A3%D9%85_%D8%A7%D9%84%D9%82%D9%8A%D9%88%D9%8A%D9%86,0,4,0%,6.25
https://www.rukn-eltatawer.com/dyeing-umm-al-quwain/#%D8%B4%D8%B1%D9%83%D8%A9_%D8%B5%D8%A8%D8%BA_%D9%88%D8%AF%D9%87%D8%A7%D9%86%D8%A7%D8%AA_%D9%81%D9%8A_%D8%A3%D9%85_%D8%A7%D9%84%D9%82%D9%8A%D9%88%D9%8A%D9%86,0,4,0%,6.25
https://www.rukn-eltatawer.com/dyeing-umm-al-quwain/#%D9%85%D9%85%D9%8A%D8%B2%D8%A7%D8%AA_%D8%B4%D8%B1%D9%83%D8%A9_%D8%B5%D8%A8%D8%BA_%D9%81%D9%8A_%D8%A3%D9%85_%D8%A7%D9%84%D9%82%D9%8A%D9%88%D9%8A%D9%86,0,4,0%,6.25
https://www.rukn-eltatawer.com/suspended-ceiling-installation-dubai/,0,4,0%,7
https://www.rukn-eltatawer.com/sharjah-marble-polishing-and-polishing-company/,0,4,0%,7.25
https://www.rukn-eltatawer.com/sa/kshf-tsrbat-almyah-fy-srah-abydh-shrkh-rkn-alttwr/,0,4,0%,8.25
https://www.rukn-eltatawer.com/building-maintenance-dubai/,0,4,0%,16.75
https://www.rukn-eltatawer.com/dubai-marble-polishing-and-polishing-company/,0,4,0%,32.25
https://www.rukn-eltatawer.com/abu-dhabi-kitchen-cleaning-company/,0,3,0%,1
https://www.rukn-eltatawer.com/contact-us/,0,3,0%,1
https://www.rukn-eltatawer.com/abu-dhabi-kitchen-cleaning-company/#%D8%A7%D9%81%D8%B6%D9%84_%D8%B4%D8%B1%D9%83%D8%A9_%D8%AA%D9%86%D8%B8%D9%8A%D9%81_%D9%85%D8%B7%D8%A7%D8%A8%D8%AE_%D9%81%D9%8A_%D8%A3%D8%A8%D9%88%D8%B8%D8%A8%D9%8A,0,3,0%,1.67
https://www.rukn-eltatawer.com/abu-dhabi-kitchen-cleaning-company/#%D8%AE%D8%AF%D9%85%D8%A7%D8%AA_%D8%B4%D8%B1%D9%83%D8%A9_%D8%AA%D9%86%D8%B8%D9%8A%D9%81_%D8%A7%D9%84%D9%85%D8%B7%D8%A7%D8%A8%D8%AE_%D9%88%D8%A5%D8%B2%D8%A7%D9%84%D8%A9_%D8%A7%D9%84%D8%AF%D9%87%D9%88%D9%86_%D8%A8%D8%A7%D8%A8%D9%88_%D8%B8%D8%A8%D9%8A,0,3,0%,1.67
https://www.rukn-eltatawer.com/general-maintenance-umm-al-quwain/,0,3,0%,1.67
https://www.rukn-eltatawer.com/general-maintenance-umm-al-quwain/#%D9%83%D9%8A%D9%81_%D8%AA%D8%AE%D8%AA%D8%A7%D8%B1_%D8%A3%D9%84%D9%88%D8%A7%D9%86_%D8%A7%D9%84%D8%A3%D8%B5%D8%A8%D8%A7%D8%BA_%D8%A7%D9%84%D8%AA%D9%8A_%D8%AA%D8%AA%D9%86%D8%A7%D8%B3%D8%A8_%D9%85%D8%B9_%D8%AC%D9%88_%D9%88%D9%85%D8%B3%D8%A7%D8%AD%D8%A9_%D8%A8%D9%8A%D8%AA%D9%83_%D8%A8%D8%A3%D9%85_%D8%A7%D9%84%D9%82%D9%8A%D9%88%D9%8A%D9%86%D8%9F,0,3,0%,1.67
https://www.rukn-eltatawer.com/general-maintenance-umm-al-quwain/#%D9%83%D9%8A%D9%81_%D8%AA%D8%B3%D8%A7%D9%87%D9%85_%D8%B5%D9%8A%D8%A7%D9%86%D8%A9_%D8%A7%D9%84%D9%85%D9%83%D9%8A%D9%81%D8%A7%D8%AA_%D9%81%D9%8A_%D8%AE%D9%81%D8%B6_%D9%81%D8%A7%D8%AA%D9%88%D8%B1%D8%A9_%D8%A7%D9%84%D9%83%D9%87%D8%B1%D8%A8%D8%A7%D8%A1_%D8%A8%D8%A3%D9%85_%D8%A7%D9%84%D9%82%D9%8A%D9%88%D9%8A%D9%86%D8%9F,0,3,0%,1.67
https://www.rukn-eltatawer.com/dubai-kitchen-cleaning-company/#%D9%84%D9%85%D8%A7%D8%B0%D8%A7_%D9%8A%D8%AE%D8%AA%D8%A7%D8%B1_%D8%A7%D9%84%D8%B9%D9%85%D9%84%D8%A7%D8%A1_%D8%B4%D8%B1%D9%83%D8%A9_%D8%BA%D8%B3%D9%8A%D9%84_%D9%85%D8%B7%D8%A7%D8%A8%D8%AE_%D9%88%D8%A5%D8%B2%D8%A7%D9%84%D8%A9_%D8%AF%D9%87%D9%88%D9%86_%D9%81%D9%8A_%D8%AF%D8%A8%D9%8A%D8%9F,0,3,0%,2
https://www.rukn-eltatawer.com/general-maintenance-company-sharjah/#%D8%B4%D8%B1%D9%83%D8%A9_%D8%AA%D8%B1%D9%85%D9%8A%D9%85_%D9%81%D9%84%D9%84_%D8%A7%D9%84%D8%B4%D8%A7%D8%B1%D9%82%D8%A9,0,3,0%,2
https://www.rukn-eltatawer.com/general-maintenance-company-sharjah/#%D8%B4%D8%B1%D9%83%D8%A9_%D8%AA%D8%B1%D9%85%D9%8A%D9%85_%D9%88%D8%B5%D9%8A%D8%A7%D9%86%D8%A9_%D8%AD%D9%85%D8%A7%D9%85%D8%A7%D8%AA_%D8%A7%D9%84%D8%B4%D8%A7%D8%B1%D9%82%D8%A9,0,3,0%,2
https://www.rukn-eltatawer.com/insect-control-in-sharjah/#%D9%85%D9%83%D8%A7%D9%81%D8%AD%D8%A9_%D8%A7%D9%84%D9%81%D8%A6%D8%B1%D8%A7%D9%86_%D9%81%D9%8A_%D8%A7%D9%84%D8%B4%D8%A7%D8%B1%D9%82%D8%A9_%D8%A8%D8%A3%D8%AD%D8%AF%D8%AB_%D8%A7%D9%84%D8%A3%D8%AF%D9%88%D8%A7%D8%AA_%D9%81%D9%8A_%D8%A7%D9%84%D8%B4%D8%A7%D8%B1%D9%82%D8%A9,0,3,0%,2
https://www.rukn-eltatawer.com/parquet-installation-company-in-ras-al-khaimah/#%D8%A3%D9%81%D8%B6%D9%84_%D8%B4%D8%B1%D9%83%D8%A9_%D8%AA%D8%B1%D9%83%D9%8A%D8%A8_%D8%A8%D8%A7%D8%B1%D9%83%D9%8A%D9%87_%D9%81%D9%89_%D8%B1%D8%A3%D8%B3_%D8%A7%D9%84%D8%AE%D9%8A%D9%85%D8%A9,0,3,0%,2
https://www.rukn-eltatawer.com/parquet-installation-company-in-ras-al-khaimah/#%D9%85%D9%85%D9%8A%D8%B2%D8%A7%D8%AA_%D8%B4%D8%B1%D9%83%D8%A9_%D8%AA%D8%B1%D9%83%D9%8A%D8%A8_%D8%A7%D9%84%D8%A8%D8%A7%D8%B1%D9%83%D9%8A%D9%87,0,3,0%,2
https://www.rukn-eltatawer.com/sharjah-glass-facade-cleaning-company/#%D8%A7%D9%81%D8%B6%D9%84_%D8%B4%D8%B1%D9%83%D8%A7%D8%AA_%D8%AA%D9%86%D8%B8%D9%8A%D9%81_%D9%88%D8%A7%D8%AC%D9%87%D8%A7%D8%AA_%D8%B2%D8%AC%D8%A7%D8%AC_%D8%A7%D9%84%D8%B4%D8%A7%D8%B1%D9%82%D8%A9,0,3,0%,2
https://www.rukn-eltatawer.com/sharjah-glass-facade-cleaning-company/#%D9%85%D9%85%D9%8A%D8%B2%D8%A7%D8%AA_%D8%B4%D8%B1%D9%83%D8%A9_%D8%AA%D9%86%D8%B8%D9%8A%D9%81_%D9%88%D8%A7%D8%AC%D9%87%D8%A7%D8%AA_%D8%B2%D8%AC%D8%A7%D8%AC_%D8%A8%D8%A7%D9%84%D8%B4%D8%A7%D8%B1%D9%82%D8%A9,0,3,0%,2
https://www.rukn-eltatawer.com/water-leak-detection-company-in-al-ain/#%D8%AE%D8%AF%D9%85%D8%A7%D8%AA_%D8%B4%D8%B1%D9%83%D8%A9_%D9%83%D8%B4%D9%81_%D8%AA%D8%B3%D8%B1%D8%A8%D8%A7%D8%AA_%D8%A7%D9%84%D9%85%D9%8A%D8%A7%D9%87_%D9%81%D9%8A_%D8%A7%D9%84%D8%B9%D9%8A%D9%86_%D8%B1%D9%83%D9%86_%D8%A7%D9%84%D8%AA%D8%B7%D9%88%D8%B1_2026_%E2%80%93_%D8%AA%D8%BA%D8%B7%D9%8A%D8%A9_%D8%B4%D8%A7%D9%85%D9%84%D8%A9_%D9%84%D9%83%D9%84_%D8%AD%D8%A7%D9%84%D8%A9,0,3,0%,2
https://www.rukn-eltatawer.com/water-leak-detection-company-in-al-ain/#%D9%83%D9%8A%D9%81_%D8%AA%D9%83%D8%B4%D9%81_%D8%B4%D8%B1%D9%83%D8%A9_%D9%83%D8%B4%D9%81_%D8%AA%D8%B3%D8%B1%D8%A8%D8%A7%D8%AA_%D8%A7%D9%84%D9%85%D9%8A%D8%A7%D9%87_%D9%81%D9%8A_%D8%A7%D9%84%D8%B9%D9%8A%D9%86_%D8%B1%D9%83%D9%86_%D8%A7%D9%84%D8%AA%D8%B7%D9%88%D8%B1_%D8%B9%D9%86_%D8%AA%D8%B3%D8%B1%D8%A8%D8%A7%D8%AA_%D8%A7%D9%84%D9%85%D9%8A%D8%A7%D9%87_%D9%81%D9%8A_%D8%A7%D9%84%D8%B9%D9%8A%D9%86_2026%D8%9F_%D8%A7%D9%84%D8%A8%D8%B1%D9%88%D8%AA%D9%88%D9%83%D9%88%D9%84_%D8%A7%D9%84%D9%83%D8%A7%D9%85%D9%84,0,3,0%,2
https://www.rukn-eltatawer.com/water-leak-detection-company-in-al-ain/#6_%D8%A3%D8%AE%D8%B7%D8%A7%D8%A1_%D9%81%D8%A7%D8%AF%D8%AD%D8%A9_%D9%8A%D9%82%D8%B9_%D9%81%D9%8A%D9%87%D8%A7_%D9%85%D9%86_%D9%8A%D8%A8%D8%AD%D8%AB_%D8%B9%D9%86_%D8%B4%D8%B1%D9%83%D8%A9_%D9%83%D8%B4%D9%81_%D8%AA%D8%B3%D8%B1%D8%A8%D8%A7%D8%AA_%D8%A7%D9%84%D9%85%D9%8A%D8%A7%D9%87_%D9%81%D9%8A_%D8%A7%D9%84%D8%B9%D9%8A%D9%86_%E2%80%93_%D8%AA%D8%AC%D9%86%D9%91%D8%A8%D9%87%D8%A7_%D8%A7%D9%84%D8%A2%D9%86,0,3,0%,2
https://www.rukn-eltatawer.com/al-ain-boards-cleaning-company/#%D8%AE%D8%AF%D9%85%D8%A7%D8%AA_%D8%B4%D8%B1%D9%83%D8%A9_%D8%AA%D9%86%D8%B8%D9%8A%D9%81_%D9%85%D8%AC%D8%A7%D9%84%D8%B3_%D8%A7%D9%84%D8%B9%D9%8A%D9%86,0,3,0%,2.33
https://www.rukn-eltatawer.com/al-ain-carpet-cleaning-company/,0,3,0%,2.67
https://www.rukn-eltatawer.com/fujairah-roof-insulation-company/#%D8%A7%D9%81%D8%B6%D9%84_%D8%B4%D8%B1%D9%83%D8%A9_%D8%B9%D8%B2%D9%84_%D8%A7%D8%B3%D8%B7%D8%AD_%D8%A7%D9%84%D9%81%D8%AC%D9%8A%D8%B1%D8%A9,0,3,0%,2.67
https://www.rukn-eltatawer.com/fujairah-roof-insulation-company/#%D8%AE%D8%AF%D9%85%D8%A7%D8%AA_%D8%B4%D8%B1%D9%83%D8%A9_%D8%B9%D8%B2%D9%84_%D8%A7%D9%84%D8%A7%D8%B3%D8%B7%D8%AD_%D8%A8%D8%A7%D9%84%D9%81%D8%AC%D9%8A%D8%B1%D8%A9,0,3,0%,2.67
https://www.rukn-eltatawer.com/fujairah-roof-insulation-company/#%D8%AE%D8%B7%D9%88%D8%A7%D8%AA_%D8%B9%D8%B2%D9%84_%D8%A7%D8%B3%D8%B7%D8%AD_%D9%81%D9%8A_%D8%A7%D9%84%D9%81%D8%AC%D9%8A%D8%B1%D8%A9,0,3,0%,2.67
https://www.rukn-eltatawer.com/fujairah-roof-insulation-company/#%D8%B4%D8%B1%D9%83%D8%A7%D8%AA_%D8%A7%D9%84%D8%B9%D8%B2%D9%84_%D8%A7%D9%84%D8%AD%D8%B1%D8%A7%D8%B1%D9%8A_%D9%81%D9%8A_%D8%A7%D9%84%D9%81%D8%AC%D9%8A%D8%B1%D8%A9,0,3,0%,2.67
https://www.rukn-eltatawer.com/fujairah-roof-insulation-company/#%D8%B9%D8%B2%D9%84_%D8%A7%D8%B3%D8%B7%D8%AD_%D8%A8%D8%A7%D9%84%D9%81%D9%88%D9%85_%D8%A8%D8%A7%D9%84%D9%81%D8%AC%D9%8A%D8%B1%D8%A9,0,3,0%,2.67
https://www.rukn-eltatawer.com/fujairah-roof-insulation-company/#%D9%85%D9%85%D9%8A%D8%B2%D8%A7%D8%AA_%D8%B4%D8%B1%D9%83%D8%A9_%D8%B9%D8%B2%D9%84_%D8%A3%D8%B3%D8%B7%D8%AD_%D8%A7%D9%84%D9%81%D8%AC%D9%8A%D8%B1%D8%A9,0,3,0%,2.67
https://www.rukn-eltatawer.com/parquet-installation-company-in-sharjah/#%D9%85%D9%85%D9%8A%D8%B2%D8%A7%D8%AA_%D8%B4%D8%B1%D9%83%D8%A9_%D8%AA%D8%B1%D9%83%D9%8A%D8%A8_%D8%A7%D9%84%D8%A8%D8%A7%D8%B1%D9%83%D9%8A%D9%87,0,3,0%,2.67
https://www.rukn-eltatawer.com/sewer-wiring-abu-dhabi/#%D8%A7%D8%B1%D8%AE%D8%B5_%D8%B4%D8%B1%D9%83%D8%A9_%D8%AA%D8%B3%D9%84%D9%8A%D9%83_%D9%85%D8%AC%D8%A7%D8%B1%D9%8A_%D9%81%D9%8A_%D8%A3%D8%A8%D9%88%D8%B8%D8%A8%D9%8A,0,3,0%,2.67
https://www.rukn-eltatawer.com/surface-insulation-company-in-dubai/#%D8%A7%D9%84%D8%A3%D8%B3%D8%A8%D8%A7%D8%A8_%D8%A7%D9%84%D8%AC%D8%B0%D8%B1%D9%8A%D8%A9_%D9%84%D8%AA%D8%AF%D9%87%D9%88%D8%B1_%D8%B9%D8%B2%D9%84_%D8%A7%D9%84%D8%A3%D8%B3%D8%B7%D8%AD_%D9%81%D9%8A_%D8%AF%D8%A8%D9%8A_%E2%80%93_%D8%A7%D9%84%D8%AA%D8%B4%D8%AE%D9%8A%D8%B5_%D8%A7%D9%84%D8%A7%D8%AD%D8%AA%D8%B1%D8%A7%D9%81%D9%8A_%D8%A7%D9%84%D9%83%D8%A7%D9%85%D9%84,0,3,0%,2.67
https://www.rukn-eltatawer.com/surface-insulation-company-in-dubai/#%D8%A7%D9%84%D8%AE%D8%B7%D9%88%D8%A7%D8%AA_%D8%A7%D9%84%D9%85%D8%AA%D8%A8%D8%B9%D8%A9_%D9%81%D9%8A_%D8%B9%D8%B2%D9%84_%D8%A7%D8%B3%D8%B7%D8%AD_%D9%81%D9%8A_%D8%AF%D8%A8%D9%8A,0,3,0%,2.67
https://www.rukn-eltatawer.com/surface-insulation-company-in-dubai/#7_%D8%A3%D8%AE%D8%B7%D8%A7%D8%A1_%D8%B4%D8%A7%D8%A6%D8%B9%D8%A9_%D9%8A%D9%82%D8%B9_%D9%81%D9%8A%D9%87%D8%A7_%D9%85%D9%86_%D9%8A%D8%A8%D8%AD%D8%AB_%D8%B9%D9%86_%D8%B4%D8%B1%D9%83%D8%A9_%D8%B9%D8%B2%D9%84_%D8%A3%D8%B3%D8%B7%D8%AD_%D9%81%D9%8A_%D8%AF%D8%A8%D9%8A_%E2%80%93_%D9%88%D9%83%D9%8A%D9%81_%D8%AA%D8%AA%D8%AC%D9%86%D8%A8%D9%87%D8%A7,0,3,0%,2.67
https://www.rukn-eltatawer.com/water-leak-detection-ras-al-khaimah/#%D8%A3%D8%AC%D9%87%D8%B2%D8%A9_%D9%83%D8%B4%D9%81_%D8%AA%D8%B3%D8%B1%D8%A8%D8%A7%D8%AA_%D8%A7%D9%84%D9%85%D9%8A%D8%A7%D9%87_%D8%A7%D9%84%D9%85%D8%B3%D8%AA%D8%AE%D8%AF%D9%85%D8%A9_%D9%81%D9%8A_%D8%B1%D8%A3%D8%B3_%D8%A7%D9%84%D8%AE%D9%8A%D9%85%D8%A9_%E2%80%93_%D9%85%D9%86%D8%B8%D9%88%D9%85%D8%A9_%D9%85%D8%B5%D9%85%D9%91%D9%85%D8%A9_%D9%84%D9%84%D8%A8%D9%8A%D8%A6%D8%A7%D8%AA_%D8%A7%D9%84%D9%85%D8%AA%D8%B9%D8%AF%D8%AF%D8%A9,0,3,0%,2.67
https://www.rukn-eltatawer.com/water-leak-detection-ras-al-khaimah/#%D8%B4%D8%B1%D9%83%D8%A9_%D9%83%D8%B4%D9%81_%D8%AA%D8%B3%D8%B1%D8%A8%D8%A7%D8%AA_%D8%A7%D9%84%D9%85%D9%8A%D8%A7%D9%87_%D9%81%D9%8A_%D8%B1%D8%A3%D8%B3_%D8%A7%D9%84%D8%AE%D9%8A%D9%85%D8%A9_2026_%E2%80%93_%D8%AA%D9%82%D9%86%D9%8A%D8%A7%D8%AA_%D9%85%D8%AA%D8%AE%D8%B5%D8%B5%D8%A9_%D9%84%D9%84%D8%A8%D9%8A%D8%A6%D8%A9_%D8%A7%D9%84%D8%AC%D8%A8%D9%84%D9%8A%D8%A9_%D9%88%D8%A7%D9%84%D8%B3%D8%A7%D8%AD%D9%84%D9%8A%D8%A9,0,3,0%,2.67
https://www.rukn-eltatawer.com/dyeing-ras-al-khaimah/#%D8%B4%D8%B1%D9%83%D8%A7%D8%AA_%D8%A7%D9%84%D8%B5%D8%A8%D8%BA_%D9%81%D9%8A_%D8%B1%D8%A7%D8%B3_%D8%A7%D9%84%D8%AE%D9%8A%D9%85%D8%A9,0,3,0%,3
https://www.rukn-eltatawer.com/dyeing-ras-al-khaimah/#%D8%B4%D8%B1%D9%83%D8%A7%D8%AA_%D8%B5%D8%A8%D8%BA_%D9%81%D9%8A_%D8%B1%D8%A7%D8%B3_%D8%A7%D9%84%D8%AE%D9%8A%D9%85%D8%A9,0,3,0%,3
https://www.rukn-eltatawer.com/dyeing-ras-al-khaimah/#%D8%B5%D8%A8%D8%A7%D8%BA_%D9%81%D9%8A_%D8%B1%D8%A7%D8%B3_%D8%A7%D9%84%D8%AE%D9%8A%D9%85%D8%A9,0,3,0%,3
https://www.rukn-eltatawer.com/insulators-company-in-sharjah/#%D8%B9%D8%B2%D9%84_%D8%A7%D9%84%D8%A7%D8%B3%D8%B7%D8%AD_%D8%A8%D8%A7%D9%84%D8%A7%D9%8A%D8%A8%D9%88%D9%83%D8%B3%D9%8A_%D9%81%D9%8A_%D8%A7%D9%84%D8%B4%D8%A7%D8%B1%D9%82%D8%A9,0,3,0%,3
https://www.rukn-eltatawer.com/insulators-company-in-sharjah/#%D9%85%D8%A7_%D8%A3%D9%86%D9%88%D8%A7%D8%B9_%D8%B9%D9%88%D8%A7%D8%B2%D9%84_%D8%A7%D8%B3%D8%B7%D8%AD_%D9%81%D9%8A_%D8%A7%D9%84%D8%B4%D8%A7%D8%B1%D9%82%D8%A9_%D8%A7%D9%84%D8%AA%D9%8A_%D9%86%D9%88%D9%81%D8%B1%D9%87%D8%A7%D8%9F,0,3,0%,3
https://www.rukn-eltatawer.com/ras-al-khaimah-sofa-cleaning-company/#%D8%A7%D9%81%D8%B6%D9%84_%D8%B4%D8%B1%D9%83%D8%A9_%D8%AA%D9%86%D8%B8%D9%8A%D9%81_%D9%83%D9%86%D8%A8_%D9%81%D9%8A_%D8%B1%D8%A7%D8%B3_%D8%A7%D9%84%D8%AE%D9%8A%D9%85%D8%A9,0,3,0%,3
https://www.rukn-eltatawer.com/ras-al-khaimah-sofa-cleaning-company/#%D8%AE%D8%AF%D9%85%D8%A7%D8%AA_%D8%AA%D9%86%D8%B8%D9%8A%D9%81_%D9%81%D9%8A_%D8%B1%D8%A7%D8%B3_%D8%A7%D9%84%D8%AE%D9%8A%D9%85%D8%A9,0,3,0%,3
https://www.rukn-eltatawer.com/bathroom-renovation-abu-dhabi/,0,3,0%,3.33
https://www.rukn-eltatawer.com/water-leak-detection-company-in-ajman/#%D8%A3%D8%AC%D9%87%D8%B2%D9%87_%D9%83%D8%B4%D9%81_%D8%AA%D8%B3%D8%B1%D9%8A%D8%A8%D8%A7%D8%AA_%D8%A7%D9%84%D9%85%D9%8A%D8%A7%D9%87_%D8%A8%D8%B9%D8%AC%D9%85%D8%A7%D9%86,0,3,0%,3.33
https://www.rukn-eltatawer.com/water-leak-detection-company-in-ajman/#%D8%AE%D8%AF%D9%85%D8%A7%D8%AA_%D8%B4%D8%B1%D9%83%D8%A9_%D9%83%D8%B4%D9%81_%D8%AA%D8%B3%D8%B1%D8%A8%D8%A7%D8%AA_%D8%A7%D9%84%D9%85%D9%8A%D8%A7%D9%87_%D9%81%D9%8A_%D8%B9%D8%AC%D9%85%D8%A7%D9%86,0,3,0%,3.33
https://www.rukn-eltatawer.com/water-leak-detection-company-in-ajman/#%D9%81%D9%86%D9%8A_%D9%83%D8%B4%D9%81_%D8%AA%D8%B3%D8%B1%D8%A8%D8%A7%D8%AA_%D8%A7%D9%84%D9%85%D9%8A%D8%A7%D9%87_%D9%81%D9%8A_%D8%B9%D8%AC%D9%85%D8%A7%D9%86,0,3,0%,3.33
https://www.rukn-eltatawer.com/water-leak-detection-company-in-ajman/#%D9%83%D8%B4%D9%81_%D8%AA%D8%B3%D8%B1%D8%A8%D8%A7%D8%AA_%D8%A7%D9%84%D9%85%D9%8A%D8%A7%D9%87_%D9%81%D9%8A_%D8%B9%D8%AC%D9%85%D8%A7%D9%86_%D8%A8%D8%AF%D9%88%D9%86_%D8%AA%D9%83%D8%B3%D9%8A%D8%B1,0,3,0%,3.33
https://www.rukn-eltatawer.com/parquet-installation-company-in-fujairah/,0,3,0%,4
https://www.rukn-eltatawer.com/sewer-wiring-abu-dhabi/#%D8%B9%D8%A7%D9%85%D9%84_%D8%AA%D8%B3%D9%84%D9%8A%D9%83_%D9%85%D8%AC%D8%A7%D8%B1%D9%8A_%D9%81%D9%8A_%D8%A7%D8%A8%D9%88%D8%B8%D8%A8%D9%8A,0,3,0%,4
https://www.rukn-eltatawer.com/swimming-pool-company-in-abu-dhabi/,0,3,0%,4
https://www.rukn-eltatawer.com/installation-of-gypsum-board-umm-al-quwain/#%D8%A7%D9%81%D8%B6%D9%84_%D8%AA%D8%B1%D9%83%D9%8A%D8%A8_%D8%AC%D8%A8%D8%B3_%D8%A8%D9%88%D8%B1%D8%AF_%D9%81%D9%8A_%D8%A7%D9%85_%D8%A7%D9%84%D9%82%D9%8A%D9%88%D9%8A%D9%86,0,3,0%,4.33
https://www.rukn-eltatawer.com/installation-of-gypsum-board-umm-al-quwain/#%D8%AA%D8%B1%D9%83%D9%8A%D8%A8_%D8%AC%D8%A8%D8%B3_%D8%A8%D9%88%D8%B1%D8%AF_%D9%81%D9%8A_%D8%A7%D9%85_%D8%A7%D9%84%D9%82%D9%8A%D9%88%D9%8A%D9%86,0,3,0%,4.33
https://www.rukn-eltatawer.com/air-conditioner-cleaning-company-in-umm-al-quwain/#%D8%AE%D8%B7%D9%88%D8%A7%D8%AA_%D8%AA%D9%86%D8%B8%D9%8A%D9%81_%D8%A7%D9%84%D9%85%D9%83%D9%8A%D9%81%D8%A7%D8%AA_%D9%81%D9%8A_%D8%A7%D9%85_%D8%A7%D9%84%D9%82%D9%8A%D9%88%D9%8A%D9%86,0,3,0%,4.67
https://www.rukn-eltatawer.com/air-conditioner-cleaning-company-in-umm-al-quwain/#%D9%85%D9%85%D9%8A%D8%B2%D8%A7%D8%AA_%D8%B4%D8%B1%D9%83%D8%A9_%D8%AA%D9%86%D8%B8%D9%8A%D9%81_%D8%A7%D9%84%D9%85%D9%83%D9%8A%D9%81%D8%A7%D8%AA,0,3,0%,4.67
https://www.rukn-eltatawer.com/ajman-roof-insulation-company/#%D9%85%D8%A7_%D9%87%D9%88_%D8%B9%D8%A7%D8%B2%D9%84_%D8%A3%D8%B3%D8%B7%D8%AD_%D9%85%D8%B7%D8%A7%D8%B7%D9%8A_%D8%9F,0,3,0%,4.67
https://www.rukn-eltatawer.com/abu-dhabi-soundproofing-installation-company/#%D8%A3%D8%A8%D9%88%D8%A7%D8%A8_%D8%B9%D8%A7%D8%B2%D9%84%D8%A9_%D9%84%D9%84%D8%B5%D9%88%D8%AA_%D9%81%D9%8A_%D8%A7%D9%84%D8%A5%D9%85%D8%A7%D8%B1%D8%A7%D8%AA,0,3,0%,5
https://www.rukn-eltatawer.com/abu-dhabi-soundproofing-installation-company/#%D8%A3%D9%81%D8%B6%D9%84_%D8%B4%D8%B1%D9%83%D8%A9_%D8%AA%D8%B1%D9%83%D9%8A%D8%A8_%D8%B9%D8%A7%D8%B2%D9%84_%D8%A7%D9%84%D8%B5%D9%88%D8%AA_%D8%A3%D8%A8%D9%88%D8%B8%D8%A8%D9%8A,0,3,0%,5
https://www.rukn-eltatawer.com/abu-dhabi-soundproofing-installation-company/#%D8%A3%D9%81%D8%B6%D9%84_%D8%B7%D8%B1%D9%82_%D8%AA%D8%B1%D9%83%D9%8A%D8%A8_%D8%B9%D8%A7%D8%B2%D9%84_%D8%B5%D9%88%D8%AA_%D9%84%D9%84%D8%BA%D8%B1%D9%81_%D8%A8%D8%A7%D8%A8%D9%88_%D8%B8%D8%A8%D9%8A,0,3,0%,5
https://www.rukn-eltatawer.com/abu-dhabi-soundproofing-installation-company/#%D8%B4%D8%B1%D9%83%D8%A7%D8%AA_%D8%B9%D8%B2%D9%84_%D8%A7%D9%84%D8%B5%D9%88%D8%AA_%D9%81%D9%8A_%D8%A7%D9%84%D8%A5%D9%85%D8%A7%D8%B1%D8%A7%D8%AA,0,3,0%,5
https://www.rukn-eltatawer.com/abu-dhabi-soundproofing-installation-company/#_%D8%B4%D8%B1%D9%83%D8%A9_%D8%B9%D8%B2%D9%84_%D8%B5%D9%88%D8%AA_%D9%84%D9%84%D8%AC%D8%AF%D8%B1%D8%A7%D9%86_%D9%81%D9%8A_%D8%A7%D8%A8%D9%88_%D8%B8%D8%A8%D9%8A,0,3,0%,5
https://www.rukn-eltatawer.com/umm-al-quwain-roof-insulation-company/#%D8%B9%D8%B2%D9%84_%D8%B5%D9%88%D8%AA%D9%8A,0,3,0%,5.67
https://www.rukn-eltatawer.com/cctv-maintenance-abu-dhabi/,0,3,0%,6.67
https://www.rukn-eltatawer.com/solar-systems-installation-ajman/,0,3,0%,6.67
https://www.rukn-eltatawer.com/air-conditioner-cleaning-company-in-al-ain/#%D8%A3%D8%B3%D8%B9%D8%A7%D8%B1_%D8%AA%D9%86%D8%B8%D9%8A%D9%81_%D8%A7%D9%84%D9%85%D9%83%D9%8A%D9%81%D8%A7%D8%AA_%D9%81%D9%8A_%D8%A7%D9%84%D8%B9%D9%8A%D9%86,0,3,0%,7
https://www.rukn-eltatawer.com/air-conditioner-cleaning-company-in-al-ain/#%D9%81%D9%88%D8%A7%D8%A6%D8%AF_%D8%AA%D9%86%D8%B8%D9%8A%D9%81_%D9%88%D8%B5%D9%8A%D8%A7%D9%86%D8%A9_%D9%85%D9%83%D9%8A%D9%81%D8%A7%D8%AA_%D8%A7%D9%84%D9%87%D9%88%D8%A7%D8%A1,0,3,0%,7
https://www.rukn-eltatawer.com/shrkh-tnzyf-mkyfat-fy-dby/#%D8%A7%D9%84%D8%AE%D8%AF%D9%85%D8%A7%D8%AA_%D8%A7%D9%84%D9%83%D8%A7%D9%85%D9%84%D8%A9_%D8%A7%D9%84%D8%AA%D9%8A_%D8%AA%D9%82%D8%AF%D9%85%D9%87%D8%A7_%D8%B4%D8%B1%D9%83%D8%A9_%D8%AA%D9%86%D8%B8%D9%8A%D9%81_%D9%85%D9%83%D9%8A%D9%81%D8%A7%D8%AA_%D9%81%D9%8A_%D8%AF%D8%A8%D9%8A,0,3,0%,8
https://www.rukn-eltatawer.com/sa/water-leak-detection-makkah-neighborhoods/,0,3,0%,9.67
https://www.rukn-eltatawer.com/palm-tree-planting-abu-dhabi/,0,3,0%,10.67
https://www.rukn-eltatawer.com/ras-al-khaimah-cleaning/#%D8%A3%D8%B3%D8%B1%D8%A7%D8%B1_%D8%AC%D9%84%D9%8A_%D9%88%D8%AA%D9%84%D9%85%D9%8A%D8%B9_%D8%A7%D9%84%D8%B1%D8%AE%D8%A7%D9%85_%D9%81%D9%8A_%D8%B1%D8%A3%D8%B3_%D8%A7%D9%84%D8%AE%D9%8A%D9%85%D8%A9_%E2%9C%A8,0,3,0%,10.67
https://www.rukn-eltatawer.com/ras-al-khaimah-cleaning/#%D8%A3%D8%B3%D8%B9%D8%A7%D8%B1_%D8%B4%D8%B1%D9%83%D8%A9_%D8%AA%D9%86%D8%B8%D9%8A%D9%81_%D9%85%D9%86%D8%A7%D8%B2%D9%84_%D9%81%D9%8A_%D8%B1%D8%A3%D8%B3_%D8%A7%D9%84%D8%AE%D9%8A%D9%85%D8%A9_%F0%9F%92%B0,0,3,0%,10.67
https://www.rukn-eltatawer.com/ras-al-khaimah-cleaning/#%D8%A7%D9%84%D8%AA%D8%AD%D8%AF%D9%8A_%D8%A7%D9%84%D8%A3%D9%83%D8%A8%D8%B1_%D8%AA%D9%86%D8%B8%D9%8A%D9%81_%D8%A7%D9%84%D9%85%D9%86%D8%A7%D8%B2%D9%84_%D8%A8%D8%B9%D8%AF_%D8%A7%D9%84%D8%A8%D9%86%D8%A7%D8%A1_%D9%88%D8%A7%D9%84%D8%AA%D8%B4%D8%B7%D9%8A%D8%A8_Post-Construction_Cleaning_%F0%9F%8F%97%EF%B8%8F,0,3,0%,10.67
https://www.rukn-eltatawer.com/ras-al-khaimah-cleaning/#%D8%B4%D8%B1%D9%83%D8%A9_%D8%AA%D9%86%D8%B8%D9%8A%D9%81_%D9%85%D9%86%D8%A7%D8%B2%D9%84_%D9%81%D9%8A_%D8%B1%D8%A3%D8%B3_%D8%A7%D9%84%D8%AE%D9%8A%D9%85%D8%A9_%D8%AF%D9%84%D9%8A%D9%84%D9%83_%D8%A7%D9%84%D8%B4%D8%A7%D9%85%D9%84_%D9%84%D9%86%D8%B8%D8%A7%D9%81%D8%A9_%D9%85%D8%AB%D8%A7%D9%84%D9%8A%D8%A9_%D9%85%D8%B9_%E2%80%9C%D8%B1%D9%83%D9%86_%D8%A7%D9%84%D8%AA%D8%B7%D9%88%D8%B1%E2%80%9D_%F0%9F%8F%A0%E2%9C%A8,0,3,0%,10.67
https://www.rukn-eltatawer.com/ras-al-khaimah-cleaning/#%D9%84%D9%85%D8%A7%D8%B0%D8%A7_%D8%AA%D8%B9%D8%AA%D8%A8%D8%B1_%E2%80%9C%D8%B1%D9%83%D9%86_%D8%A7%D9%84%D8%AA%D8%B7%D9%88%D8%B1%E2%80%9D_%D8%A3%D9%81%D8%B6%D9%84_%D8%B4%D8%B1%D9%83%D8%A9_%D8%AA%D9%86%D8%B8%D9%8A%D9%81_%D9%85%D9%86%D8%A7%D8%B2%D9%84_%D9%81%D9%8A_%D8%B1%D8%A3%D8%B3_%D8%A7%D9%84%D8%AE%D9%8A%D9%85%D8%A9_%D9%85%D9%86_%D8%A7%D9%84%D9%86%D8%A7%D8%AD%D9%8A%D8%A9_%D8%A7%D9%84%D8%AA%D9%82%D9%86%D9%8A%D8%A9%D8%9F_%F0%9F%9B%A0%EF%B8%8F,0,3,0%,10.67
https://www.rukn-eltatawer.com/ras-al-khaimah-cleaning/#%D9%85%D8%A7_%D9%87%D9%8A_%D8%AE%D8%AF%D9%85%D8%A9_%D8%AA%D9%86%D8%B8%D9%8A%D9%81_%D8%A7%D9%84%D9%85%D9%86%D8%A7%D8%B2%D9%84_%D8%A7%D9%84%D8%B4%D8%A7%D9%85%D9%84%D8%A9%D8%9F_%D9%88%D9%84%D9%85%D8%A7%D8%B0%D8%A7_%D8%AA%D8%AD%D8%AA%D8%A7%D8%AC%D9%87%D8%A7_%D8%A7%D9%84%D8%A2%D9%86%D8%9F_%F0%9F%A7%BC,0,3,0%,10.67
https://www.rukn-eltatawer.com/ras-al-khaimah-cleaning/#%D9%86%D8%A8%D8%B0%D8%A9_%D8%B9%D9%86_%D8%B4%D8%B1%D9%83%D8%A9_%D8%AA%D9%86%D8%B8%D9%8A%D9%81_%D9%81%D9%8A_%D8%B1%D8%A3%D8%B3_%D8%A7%D9%84%D8%AE%D9%8A%D9%85%D8%A9,0,3,0%,10.67
https://www.rukn-eltatawer.com/sa/en/water-leak-detection-al-baha/,0,3,0%,30.33
https://www.rukn-eltatawer.com/category/general-maintenance-ar/,0,2,0%,1
https://www.rukn-eltatawer.com/cooker-repair-dubai/,0,2,0%,1
https://www.rukn-eltatawer.com/faq/,0,2,0%,1
https://www.rukn-eltatawer.com/parquet-installation-company-in-ajman/#%D8%A3%D9%86%D9%88%D8%A7%D8%B9_%D8%A7%D9%84%D8%A8%D8%A7%D8%B1%D9%83%D9%8A%D9%87_%D8%A7%D9%84%D8%AA%D9%89_%D8%AA%D9%88%D9%81%D8%B1%D9%87%D8%A7_%D8%B4%D8%B1%D9%83%D8%A9_%D8%AA%D8%B1%D9%83%D9%8A%D8%A8_%D8%A8%D8%A7%D8%B1%D9%83%D9%8A%D9%87_%D9%81%D9%8A_%D8%B9%D8%AC%D9%85%D8%A7%D9%86,0,2,0%,1
https://www.rukn-eltatawer.com/parquet-installation-company-in-ajman/#%D9%85%D9%85%D9%8A%D8%B2%D8%A7%D8%AA_%D8%B4%D8%B1%D9%83%D8%A9_%D8%AA%D8%B1%D9%83%D9%8A%D8%A8_%D8%A8%D8%A7%D8%B1%D9%83%D9%8A%D9%87_%D9%81%D9%8A_%D8%B9%D8%AC%D9%85%D8%A7%D9%86,0,2,0%,1
https://www.rukn-eltatawer.com/preventing-water-leaks/,0,2,0%,1
https://www.rukn-eltatawer.com/qa/about/,0,2,0%,1
https://www.rukn-eltatawer.com/stone-installation-ajman/,0,2,0%,1
https://www.rukn-eltatawer.com/umm-al-quwain-sewage-wiring/#%D8%A7%D9%81%D8%B6%D9%84_%D8%B4%D8%B1%D9%83%D8%A9_%D8%AA%D8%B3%D9%84%D9%8A%D9%83_%D8%A7%D9%84%D9%85%D8%AC%D8%A7%D8%B1%D9%8A_%D9%81%D9%8A_%D8%A3%D9%85_%D8%A7%D9%84%D9%82%D9%8A%D9%88%D9%8A%D9%86,0,2,0%,1
https://www.rukn-eltatawer.com/landscaping-company-in-dubai/#%D9%85%D8%A7_%D8%A7%D9%84%D8%AC%D9%87%D8%A7%D8%AA_%D8%A7%D9%84%D8%AA%D9%8A_%D8%AA%D9%88%D9%81%D8%B1_%D8%A7%D9%84%D8%B4%D8%B1%D9%83%D8%A9_%D9%84%D9%87%D8%A7_%D8%AE%D8%AF%D9%85%D8%A7%D8%AA%D9%87%D8%A7,0,2,0%,1.5
https://www.rukn-eltatawer.com/abu-dhabi-glass-facade-cleaning-company/,0,2,0%,2
https://www.rukn-eltatawer.com/al-ain-boards-cleaning-company/#%D8%B4%D8%B1%D9%83%D8%A7%D8%AA_%D8%AA%D9%86%D8%B8%D9%8A%D9%81_%D9%85%D9%88%D9%83%D9%8A%D8%AA_%D8%A8%D8%A7%D9%84%D8%B9%D9%8A%D9%86,0,2,0%,2
https://www.rukn-eltatawer.com/al-ain-boards-cleaning-company/#%D8%B4%D8%B1%D9%83%D8%A9_%D8%AA%D9%86%D8%B8%D9%8A%D9%81_%D8%A7%D9%84%D9%83%D9%86%D8%A8_%D8%A8%D8%A7%D9%84%D8%A8%D8%AE%D8%A7%D8%B1_%D8%A7%D9%84%D8%B9%D9%8A%D9%86,0,2,0%,2
https://www.rukn-eltatawer.com/al-ain-boards-cleaning-company/#%D8%B4%D8%B1%D9%83%D8%A9_%D9%86%D8%B8%D8%A7%D9%81%D8%A9_%D9%85%D8%AC%D8%A7%D9%84%D8%B3_%D8%A7%D9%84%D9%85%D9%86%D8%A7%D8%B2%D9%84_%D8%A8%D8%A7%D9%84%D8%B9%D9%8A%D9%86,0,2,0%,2
https://www.rukn-eltatawer.com/al-ain-boards-cleaning-company/#%D8%B7%D8%B1%D9%82_%D8%A7%D9%84%D8%B9%D9%85%D9%84_%D8%A7%D9%84%D8%AA%D9%8A_%D8%AA%D8%AA%D8%A8%D8%B9%D9%87%D8%A7_%D8%B4%D8%B1%D9%83%D8%A9_%D8%B1%D9%83%D9%86_%D8%A7%D9%84%D8%AA%D8%B7%D9%88%D8%B1,0,2,0%,2
https://www.rukn-eltatawer.com/al-ain-carpet-cleaning-company/#%D8%A7%D9%81%D8%B6%D9%84_%D8%B4%D8%B1%D9%83%D8%A9_%D8%AA%D9%86%D8%B8%D9%8A%D9%81_%D8%B3%D8%AC%D8%A7%D8%AF_%D8%A8%D8%A7%D9%84%D8%B9%D9%8A%D9%86,0,2,0%,2
https://www.rukn-eltatawer.com/al-ain-carpet-cleaning-company/#%D8%B4%D8%B1%D9%83%D8%A9_%D8%AA%D9%86%D8%B8%D9%8A%D9%81_%D9%85%D9%88%D9%83%D9%8A%D8%AA_%D9%81%D9%8A_%D8%A7%D9%84%D8%B9%D9%8A%D9%86,0,2,0%,2
https://www.rukn-eltatawer.com/al-ain-gypsum-board-installation-company/,0,2,0%,2
https://www.rukn-eltatawer.com/al-ain-gypsum-board-installation-company/#%D8%A3%D9%86%D9%88%D8%A7%D8%B9_%D8%A7%D9%84%D8%AC%D8%A8%D8%B3_%D8%A8%D9%88%D8%B1%D8%AF_%D9%81%D9%8A_%D8%B4%D8%B1%D9%83%D8%A9_%D8%AA%D8%B1%D9%83%D9%8A%D8%A8_%D8%AC%D8%A8%D8%B3_%D8%A8%D9%88%D8%B1%D8%AF_%D8%A7%D9%84%D8%B9%D9%8A%D9%86,0,2,0%,2
https://www.rukn-eltatawer.com/al-ain-gypsum-board-installation-company/#%D8%AE%D8%AF%D9%85%D8%A7%D8%AA_%D8%B4%D8%B1%D9%83%D8%A9_%D8%AA%D8%B1%D9%83%D9%8A%D8%A8_%D8%AC%D8%A8%D8%B3_%D8%A8%D9%88%D8%B1%D8%AF_%D8%A7%D9%84%D8%B9%D9%8A%D9%86,0,2,0%,2
https://www.rukn-eltatawer.com/dubai-kitchen-cleaning-company/,0,2,0%,2
https://www.rukn-eltatawer.com/dubai-kitchen-cleaning-company/#%D8%A7%D9%81%D8%B6%D9%84_%D8%B4%D8%B1%D9%83%D8%A7%D8%AA_%D8%AA%D9%86%D8%B8%D9%8A%D9%81_%D8%A7%D9%84%D9%85%D8%B7%D8%A7%D8%A8%D8%AE_%D9%88%D8%A5%D8%B2%D8%A7%D9%84%D8%A9_%D8%A7%D9%84%D8%AF%D9%87%D9%88%D9%86_%D8%A8%D8%AF%D8%A8%D9%8A,0,2,0%,2
https://www.rukn-eltatawer.com/dubai-kitchen-cleaning-company/#%D8%A7%D9%84%D8%AE%D8%AF%D9%85%D8%A7%D8%AA_%D8%A7%D9%84%D8%AA%D9%8A_%D8%AA%D9%82%D8%AF%D9%85%D9%87%D8%A7_%D8%B4%D8%B1%D9%83%D8%A9_%D8%AA%D9%86%D8%B8%D9%8A%D9%81_%D9%85%D8%B7%D8%A7%D8%A8%D8%AE_%D9%88%D8%A5%D8%B2%D8%A7%D9%84%D8%A9_%D8%AF%D9%87%D9%88%D9%86_%D8%AF%D8%A8%D9%8A,0,2,0%,2
https://www.rukn-eltatawer.com/dubai-kitchen-cleaning-company/#%D8%B4%D8%B1%D9%83%D8%A9_%D8%AA%D9%86%D8%B8%D9%8A%D9%81_%D9%85%D8%B7%D8%A7%D8%A8%D8%AE_%D8%AF%D8%A8%D9%8A,0,2,0%,2
https://www.rukn-eltatawer.com/dubai-kitchen-cleaning-company/#%D8%B4%D8%B1%D9%83%D8%A9_%D8%AA%D9%86%D8%B8%D9%8A%D9%81_%D9%85%D8%B7%D8%A7%D8%A8%D8%AE_%D9%88%D8%A5%D8%B2%D8%A7%D9%84%D8%A9_%D8%A7%D9%84%D8%AF%D9%87%D9%88%D9%86_%D9%81%D9%8A_%D8%AF%D8%A8%D9%8A,0,2,0%,2
https://www.rukn-eltatawer.com/dubai-tank-cleaning-company/#%D8%B4%D8%B1%D9%83%D8%A9_%D8%AA%D9%86%D8%B8%D9%8A%D9%81_%D8%AE%D8%B2%D8%A7%D9%86%D8%A7%D8%AA_%D8%A7%D9%84%D9%85%D9%8A%D8%A7%D9%87_%D9%81%D9%89_%D8%AF%D8%A8%D9%89,0,2,0%,2
https://www.rukn-eltatawer.com/general-maintenance-umm-al-quwain/#%D8%A7%D8%AE%D8%AA%D8%B1_%D8%A8%D8%A7%D9%82%D8%AA%D9%83_%D9%88%D8%A7%D8%AD%D8%AC%D8%B2_%D8%A7%D9%84%D8%A2%D9%86,0,2,0%,2
https://www.rukn-eltatawer.com/general-maintenance-umm-al-quwain/#%D9%83%D9%8A%D9%81_%D8%AA%D9%83%D8%AA%D8%B4%D9%81_%D8%A3%D8%B9%D8%B7%D8%A7%D9%84_%D8%A7%D9%84%D8%B3%D8%A8%D8%A7%D9%83%D8%A9_%D8%A7%D9%84%D9%85%D8%AE%D9%81%D9%8A%D8%A9_%D9%81%D9%8A_%D9%85%D9%86%D8%B2%D9%84%D9%83_%D8%A8%D8%A3%D9%85_%D8%A7%D9%84%D9%82%D9%8A%D9%88%D9%8A%D9%86%D8%9F,0,2,0%,2
https://www.rukn-eltatawer.com/general-maintenance-umm-al-quwain/#%D9%88%D8%B4_%D9%87%D9%8A_%D8%B9%D9%84%D8%A7%D9%85%D8%A7%D8%AA_%D8%B6%D8%B9%D9%81_%D8%A7%D9%84%D9%86%D8%B8%D8%A7%D9%85_%D8%A7%D9%84%D9%83%D9%87%D8%B1%D8%A8%D8%A7%D8%A6%D9%8A_%D8%A7%D9%84%D8%AA%D9%8A_%D8%AA%D8%B3%D8%AA%D9%88%D8%AC%D8%A8_%D8%A7%D9%84%D8%B5%D9%8A%D8%A7%D9%86%D8%A9_%D8%A7%D9%84%D9%81%D9%88%D8%B1%D9%8A%D8%A9%D8%9F,0,2,0%,2
https://www.rukn-eltatawer.com/insect-control-in-dubai/#%D8%B4%D8%B1%D9%83%D8%A9_%D9%85%D8%A8%D9%8A%D8%AF%D8%A7%D8%AA_%D8%AD%D8%B4%D8%B1%D9%8A%D8%A9_%D9%81%D9%8A_%D8%AF%D8%A8%D9%8A,0,2,0%,2
https://www.rukn-eltatawer.com/parquet-installation-company-in-dubai/#%D8%B7%D8%B1%D9%82_%D8%AA%D8%B1%D9%83%D9%8A%D8%A8_%D8%A3%D8%B1%D8%B6%D9%8A%D8%A7%D8%AA_%D8%A7%D9%84%D8%A8%D8%A7%D8%B1%D9%83%D9%8A%D9%87,0,2,0%,2
https://www.rukn-eltatawer.com/pest-control-company-in-al-ain/#%D8%A7%D8%A8%D8%A7%D8%AF%D8%A9_%D8%AD%D8%B4%D8%B1%D8%A7%D8%AA_%D8%A7%D9%84%D8%B9%D9%8A%D9%86,0,2,0%,2
https://www.rukn-eltatawer.com/shade-installation-abu-dhabi/,0,2,0%,2
https://www.rukn-eltatawer.com/sharjah-glass-facade-cleaning-company/#%D8%B4%D8%B1%D9%83%D8%A7%D8%AA_%D8%AA%D9%86%D8%B8%D9%8A%D9%81_%D9%88%D8%A7%D8%AC%D9%87%D8%A7%D8%AA_%D8%A7%D9%84%D9%85%D8%A8%D8%A7%D9%86%D9%8A_%D8%A7%D9%84%D8%AA%D8%AC%D8%A7%D8%B1%D9%8A%D8%A9_%D9%81%D9%8A_%D8%A7%D9%84%D8%B4%D8%A7%D8%B1%D9%82%D8%A9,0,2,0%,2
https://www.rukn-eltatawer.com/sharjah-glass-facade-cleaning-company/#%D8%B4%D8%B1%D9%83%D8%A9_%D8%AA%D9%86%D8%B8%D9%8A%D9%81_%D9%88%D8%A7%D8%AC%D9%87%D8%A7%D8%AA_%D8%B2%D8%AC%D8%A7%D8%AC_%D8%A7%D9%84%D8%B4%D8%A7%D8%B1%D9%82%D8%A9,0,2,0%,2
https://www.rukn-eltatawer.com/sharjah-glass-facade-cleaning-company/#_%D8%A3%D9%87%D9%85%D9%8A%D8%A9_%D8%AA%D9%86%D8%B8%D9%8A%D9%81_%D8%A7%D9%84%D9%88%D8%A7%D8%AC%D9%87%D8%A7%D8%AA_%D8%A7%D9%84%D8%B2%D8%AC%D8%A7%D8%AC%D9%8A%D8%A9,0,2,0%,2
https://www.rukn-eltatawer.com/tank-lining-maintenance-abu-dhabi/,0,2,0%,2
https://www.rukn-eltatawer.com/dubai-tank-cleaning-company/#%D8%A7%D9%81%D8%B6%D9%84_%D8%B4%D8%B1%D9%83%D8%A9_%D8%AA%D9%86%D8%B8%D9%8A%D9%81_%D8%AE%D8%B2%D8%A7%D9%86%D8%A7%D8%AA_%D8%AF%D8%A8%D9%8A,0,2,0%,2.5
https://www.rukn-eltatawer.com/dubai-tank-cleaning-company/#%D8%B4%D8%B1%D9%83%D8%A9_%D8%AA%D9%86%D8%B8%D9%8A%D9%81_%D8%AE%D8%B2%D8%A7%D9%86%D8%A7%D8%AA_%D8%AF%D8%A8%D9%8A,0,2,0%,2.5
https://www.rukn-eltatawer.com/installation-of-gypsum-board-fujairah/,0,2,0%,2.5
https://www.rukn-eltatawer.com/installation-of-gypsum-board-fujairah/#%D8%A3%D9%81%D8%B6%D9%84_%D8%B4%D8%B1%D9%83%D8%A9_%D8%AA%D8%B1%D9%83%D9%8A%D8%A8_%D8%AC%D8%A8%D8%B3_%D8%A8%D9%88%D8%B1%D8%AF_%D9%81%D9%8A_%D8%A7%D9%84%D9%81%D8%AC%D9%8A%D8%B1%D8%A9,0,2,0%,2.5
https://www.rukn-eltatawer.com/installation-of-gypsum-board-fujairah/#%D8%AF%D9%8A%D9%83%D9%88%D8%B1%D8%A7%D8%AA_%D8%AC%D8%A8%D8%B3_%D8%A8%D9%88%D8%B1%D8%AF_%D9%81%D9%8A_%D8%A7%D9%84%D9%81%D8%AC%D9%8A%D8%B1%D8%A9,0,2,0%,2.5
https://www.rukn-eltatawer.com/kitchen-hood-installation-abu-dhabi/#%D8%A3%D8%B3%D8%B9%D8%A7%D8%B1_%D8%A7%D9%84%D8%AE%D8%AF%D9%85%D8%A7%D8%AA_%D9%88%D8%B7%D8%B1%D9%82_%D8%A7%D9%84%D8%AF%D9%81%D8%B9,0,2,0%,2.5
https://www.rukn-eltatawer.com/kitchen-hood-installation-abu-dhabi/#%D8%AE%D8%AF%D9%85%D8%A7%D8%AA_%D8%AA%D8%B1%D9%83%D9%8A%D8%A8_%D8%B4%D9%81%D8%A7%D8%B7%D8%A7%D8%AA_%D8%A7%D9%84%D9%85%D8%B7%D8%A7%D8%A8%D8%AE,0,2,0%,2.5
https://www.rukn-eltatawer.com/kitchen-hood-installation-abu-dhabi/#%D8%AE%D8%AF%D9%85%D8%A7%D8%AA_%D8%B5%D9%8A%D8%A7%D9%86%D8%A9_%D8%B4%D9%81%D8%A7%D8%B7%D8%A7%D8%AA_%D8%A7%D9%84%D9%85%D8%B7%D8%A7%D8%A8%D8%AE,0,2,0%,2.5
https://www.rukn-eltatawer.com/kitchen-hood-installation-abu-dhabi/#%D9%83%D9%8A%D9%81%D9%8A%D8%A9_%D8%A7%D8%AE%D8%AA%D9%8A%D8%A7%D8%B1_%D8%A3%D9%81%D8%B6%D9%84_%D8%B4%D8%B1%D9%83%D8%A9_%D9%84%D8%AA%D8%B1%D9%83%D9%8A%D8%A8_%D9%88%D8%B5%D9%8A%D8%A7%D9%86%D8%A9_%D8%B4%D9%81%D8%A7%D8%B7%D8%A7%D8%AA_%D8%A7%D9%84%D9%85%D8%B7%D8%A7%D8%A8%D8%AE_%D9%81%D9%8A_%D8%A3%D8%A8%D9%88%D8%B8%D8%A8%D9%8A,0,2,0%,2.5
https://www.rukn-eltatawer.com/kitchen-hood-installation-abu-dhabi/#%D9%85%D9%82%D8%AF%D9%85%D8%A9,0,2,0%,2.5
https://www.rukn-eltatawer.com/sewerage-plumbing-company-in-al-ain/#%D8%A7%D8%B3%D9%8A%D8%A7%D8%AE_%D8%AA%D8%B3%D9%84%D9%8A%D9%83_%D8%A7%D9%84%D9%85%D8%AC%D8%A7%D8%B1%D9%8A_%D9%81%D9%8A_%D8%A7%D9%84%D8%B9%D9%8A%D9%86,0,2,0%,2.5
https://www.rukn-eltatawer.com/sewerage-plumbing-company-in-al-ain/#%D8%AC%D9%87%D8%A7%D8%B2_%D8%AA%D8%B3%D9%84%D9%8A%D9%83_%D9%85%D8%AC%D8%A7%D8%B1%D9%8A_%D9%81%D9%8A_%D8%A7%D9%84%D8%B9%D9%8A%D9%86,0,2,0%,2.5
https://www.rukn-eltatawer.com/sewerage-plumbing-company-in-al-ain/#%D8%AE%D8%AF%D9%85%D8%A7%D8%AA_%D8%B4%D8%B1%D9%83%D8%A9_%D8%AA%D8%B3%D9%84%D9%8A%D9%83_%D9%85%D8%AC%D8%A7%D8%B1%D9%8A_%D9%81%D9%8A_%D8%A7%D9%84%D8%B9%D9%8A%D9%86,0,2,0%,2.5
https://www.rukn-eltatawer.com/sewerage-plumbing-company-in-al-ain/#%D8%AE%D8%B7%D9%88%D8%A7%D8%AA_%D8%B4%D8%B1%D9%83%D8%A9_%D8%AA%D8%B3%D9%84%D9%8A%D9%83_%D9%85%D8%AC%D8%A7%D8%B1%D9%8A_%D9%81%D9%8A_%D8%A7%D9%84%D8%B9%D9%8A%D9%86,0,2,0%,2.5
https://www.rukn-eltatawer.com/sewerage-plumbing-company-in-al-ain/#%D8%B2%D9%86%D8%A8%D8%B1%D9%83_%D8%AA%D8%B3%D9%84%D9%8A%D9%83_%D8%A7%D9%84%D9%85%D8%AC%D8%A7%D8%B1%D9%8A_%D9%81%D9%8A_%D8%A7%D9%84%D8%B9%D9%8A%D9%86,0,2,0%,2.5
https://www.rukn-eltatawer.com/fujairah-sofa-cleaning-company/#%D8%AE%D8%B7%D9%88%D8%A7%D8%AA_%D8%AA%D9%86%D8%B8%D9%8A%D9%81_%D9%83%D9%86%D8%A8_%D8%A7%D9%84%D9%81%D8%AC%D9%8A%D8%B1%D8%A9,0,2,0%,3
https://www.rukn-eltatawer.com/fujairah-sofa-cleaning-company/#%D8%B4%D8%B1%D9%83%D8%A7%D8%AA_%D8%AA%D9%86%D8%B8%D9%8A%D9%81_%D9%83%D9%86%D8%A8_%D8%A7%D9%84%D9%81%D8%AC%D9%8A%D8%B1%D8%A9,0,2,0%,3
https://www.rukn-eltatawer.com/insect-control-in-dubai/#%D8%AA%D9%86%D8%B8%D9%8A%D9%81_%D8%A7%D9%84%D8%A8%D9%8A%D8%AA_%D9%85%D9%86_%D8%A7%D9%84%D8%AD%D8%B4%D8%B1%D8%A7%D8%AA_%D9%81%D9%8A_%D8%AF%D8%A8%D9%8A,0,2,0%,3
https://www.rukn-eltatawer.com/microwave-repair-ajman/,0,2,0%,3
https://www.rukn-eltatawer.com/sewer-wiring-company-in-fujairah/,0,2,0%,3
https://www.rukn-eltatawer.com/sewer-wiring-company-in-fujairah/#%D8%AE%D8%B7%D9%88%D8%A7%D8%AA_%D8%B9%D9%85%D9%84_%D8%B4%D8%B1%D9%83%D8%A9_%D8%AA%D8%B3%D9%84%D9%8A%D9%83_%D9%85%D8%AC%D8%A7%D8%B1%D9%8A_%D9%81%D9%8A_%D8%A7%D9%84%D9%81%D8%AC%D9%8A%D8%B1%D8%A9,0,2,0%,3
https://www.rukn-eltatawer.com/sewer-wiring-company-in-fujairah/#%D9%85%D9%85%D9%8A%D8%B2%D8%A7%D8%AA_%D8%B4%D8%B1%D9%83%D8%A9_%D8%AA%D8%B3%D9%84%D9%8A%D9%83_%D9%85%D8%AC%D8%A7%D8%B1%D9%8A_%D9%81%D9%8A_%D8%A7%D9%84%D9%81%D8%AC%D9%8A%D8%B1%D8%A9,0,2,0%,3
https://www.rukn-eltatawer.com/sterilization-in-dubai/,0,2,0%,3
https://www.rukn-eltatawer.com/a-water-leak-detection-company-in-sharjah/#rukn-h-1,0,2,0%,3.5
https://www.rukn-eltatawer.com/a-water-leak-detection-company-in-sharjah/#rukn-h-27,0,2,0%,3.5
https://www.rukn-eltatawer.com/parquet-installation-in-umm-al-quwain/,0,2,0%,3.5
https://www.rukn-eltatawer.com/sharjah-soundproofing-installation-company/#%D8%AE%D8%AF%D9%85%D8%A7%D8%AA_%D8%B4%D8%B1%D9%83%D8%A9_%D8%B9%D8%B2%D9%84_%D8%B5%D9%88%D8%AA_%D9%81%D9%8A_%D8%A7%D9%84%D8%B4%D8%A7%D8%B1%D9%82%D8%A9,0,2,0%,3.5
https://www.rukn-eltatawer.com/sharjah-soundproofing-installation-company/#%D8%B4%D8%B1%D9%83%D8%A7%D8%AA_%D8%B9%D8%B2%D9%84_%D8%A7%D9%84%D8%B5%D9%88%D8%AA_%D9%81%D9%8A_%D8%A7%D9%84%D8%A5%D9%85%D8%A7%D8%B1%D8%A7%D8%AA,0,2,0%,3.5
https://www.rukn-eltatawer.com/stone-installation-al-ain/,0,2,0%,3.5
https://www.rukn-eltatawer.com/water-leak-detection-company-in-ajman/#%D8%B4%D8%B1%D9%83%D8%A9_%D9%83%D8%B4%D9%81_%D8%AA%D8%B3%D8%B1%D9%8A%D8%A8%D8%A7%D8%AA_%D8%A7%D9%84%D9%85%D8%A7%D9%87_%D8%A8%D8%B9%D8%AC%D9%85%D8%A7%D9%86,0,2,0%,3.5
https://www.rukn-eltatawer.com/dubai-sofa-cleaning-company/#%D8%A7%D9%81%D8%B6%D9%84_%D8%B4%D8%B1%D9%83%D8%A9_%D8%AA%D9%86%D8%B8%D9%8A%D9%81_%D9%83%D9%86%D8%A8_%D8%A8%D8%A7%D9%84%D8%A8%D8%AE%D8%A7%D8%B1_%D8%A8%D8%AF%D8%A8%D9%89,0,2,0%,4
https://www.rukn-eltatawer.com/dubai-sofa-cleaning-company/#%D8%B4%D8%B1%D9%83%D8%A9_%D8%AA%D9%86%D8%B8%D9%8A%D9%81_%D8%B3%D8%AA%D8%A7%D8%A6%D8%B1_%D8%A8%D8%A7%D9%84%D8%A8%D8%AE%D8%A7%D8%B1_%D9%81%D9%8A_%D8%AF%D8%A8%D9%8A,0,2,0%,4
https://www.rukn-eltatawer.com/dubai-sofa-cleaning-company/#%D8%B4%D8%B1%D9%83%D8%A9_%D8%AA%D9%86%D8%B8%D9%8A%D9%81_%D9%81%D9%8A_%D8%AF%D8%A8%D9%8A,0,2,0%,4
https://www.rukn-eltatawer.com/dubai-sofa-cleaning-company/#%D8%B4%D8%B1%D9%83%D8%A9_%D8%AA%D9%86%D8%B8%D9%8A%D9%81_%D9%85%D8%AC%D8%A7%D9%84%D8%B3_%D8%AF%D8%A8%D9%8A,0,2,0%,4
https://www.rukn-eltatawer.com/dubai-sofa-cleaning-company/#_%D8%B4%D8%B1%D9%83%D8%A9_%D8%AA%D9%86%D8%B8%D9%8A%D9%81_%D9%83%D9%86%D8%A8_%D8%A8%D8%A7%D9%84%D8%A8%D8%AE%D8%A7%D8%B1_%D8%A8%D8%AF%D8%A8%D9%89,0,2,0%,4
https://www.rukn-eltatawer.com/pest-control-khor-fakkan/#%D9%85%D9%83%D8%A7%D9%81%D8%AD%D8%A9_%D8%A8%D9%82_%D8%A7%D9%84%D9%81%D8%B1%D8%A7%D8%B4_%D9%88%D8%A7%D9%84%D9%82%D9%88%D8%A7%D8%B1%D8%B6_%D9%81%D9%8A_%D8%AE%D9%88%D8%B1%D9%81%D9%83%D8%A7%D9%86_%D8%A8%D8%B7%D8%B1%D9%82_%D8%A2%D9%85%D9%86%D8%A9_%D9%88%D9%85%D8%B6%D9%85%D9%88%D9%86%D8%A9,0,2,0%,4
https://www.rukn-eltatawer.com/sewer-wiring-abu-dhabi/#%D9%85%D8%B9%D8%AF%D8%A7%D8%AA_%D8%AA%D8%B3%D9%84%D9%8A%D9%83_%D8%A7%D9%84%D9%85%D8%AC%D8%A7%D8%B1%D9%8A%E2%80%8B_%D9%81%D9%8A_%D8%A7%D8%A8%D9%88%D8%B8%D8%A8%D9%8A,0,2,0%,4
https://www.rukn-eltatawer.com/swimming-pool-company-in-abu-dhabi/#%D8%A3%D8%B3%D8%B9%D8%A7%D8%B1_%D8%A7%D9%84%D8%B4%D8%B1%D9%83%D8%A9,0,2,0%,4
https://www.rukn-eltatawer.com/swimming-pool-company-in-abu-dhabi/#%D8%A3%D9%81%D8%B6%D9%84_%D8%B4%D8%B1%D9%83%D8%A9_%D8%A5%D9%86%D8%B4%D8%A7%D8%A1_%D9%85%D8%B3%D8%A7%D8%A8%D8%AD_%D9%81%D9%8A_%D8%A3%D8%A8%D9%88%D8%B8%D8%A8%D9%8A-2,0,2,0%,4
https://www.rukn-eltatawer.com/swimming-pool-company-in-abu-dhabi/#%D8%AA%D9%82%D8%AF%D9%8A%D9%85_%D8%A7%D9%84%D8%B4%D8%B1%D9%83%D8%A9,0,2,0%,4
https://www.rukn-eltatawer.com/swimming-pool-company-in-abu-dhabi/#%D8%AE%D8%AF%D9%85%D8%A7%D8%AA_%D8%B4%D8%B1%D9%83%D8%A9_%D8%B5%D9%8A%D8%A7%D9%86%D8%A9_%D9%85%D8%B3%D8%A7%D8%A8%D8%AD_%D9%81%D9%8A_%D8%A3%D8%A8%D9%88%D8%B8%D8%A8%D9%8A,0,2,0%,4
https://www.rukn-eltatawer.com/swimming-pool-company-in-abu-dhabi/#%D8%AE%D8%B7%D9%88%D8%A7%D8%AA_%D8%B5%D9%8A%D8%A7%D9%86%D8%A9_%D8%A7%D9%84%D9%85%D8%B3%D8%A7%D8%A8%D8%AD_%D9%81%D9%8A_%D8%B4%D8%B1%D9%83%D8%A9_%D8%A5%D9%86%D8%B4%D8%A7%D8%A1_%D9%88%D8%B5%D9%8A%D8%A7%D9%86%D8%A9_%D9%85%D8%B3%D8%A7%D8%A8%D8%AD_%D8%A3%D8%A8%D9%88%D8%B8%D8%A8%D9%8A,0,2,0%,4
https://www.rukn-eltatawer.com/swimming-pool-company-in-abu-dhabi/#%D9%85%D9%85%D9%8A%D8%B2%D8%A7%D8%AA_%D8%B4%D8%B1%D9%83%D8%A9_%D8%B5%D9%8A%D8%A7%D9%86%D8%A9_%D9%85%D8%B3%D8%A7%D8%A8%D8%AD_%D9%81%D9%8A_%D8%A3%D8%A8%D9%88%D8%B8%D8%A8%D9%8A,0,2,0%,4
https://www.rukn-eltatawer.com/swimming-pool-company-in-abu-dhabi/#%D9%85%D9%85%D9%8A%D8%B2%D8%A7%D8%AA_%D8%B4%D8%B1%D9%83%D9%87_%D8%B5%D9%8A%D8%A7%D9%86%D8%A9_%D9%85%D8%B3%D8%A7%D8%A8%D8%AD_%D9%81%D9%8A_%D8%A3%D8%A8%D9%88%D8%B8%D8%A8%D9%8A,0,2,0%,4
https://www.rukn-eltatawer.com/wall-fountain-sharjah/,0,2,0%,4
https://www.rukn-eltatawer.com/air-conditioner-cleaning-in-sharjah/#%D8%A3%D9%81%D8%B6%D9%84_%D8%B4%D8%B1%D9%83%D8%A9_%D8%AA%D9%86%D8%B8%D9%8A%D9%81_%D9%85%D9%83%D9%8A%D9%81%D8%A7%D8%AA_%D9%81%D9%8A_%D8%A7%D9%84%D8%B4%D8%A7%D8%B1%D9%82%D8%A9,0,2,0%,4.5
https://www.rukn-eltatawer.com/air-conditioner-cleaning-in-sharjah/#%D8%A3%D9%87%D9%85%D9%8A%D8%A9_%D8%AA%D9%86%D8%B8%D9%8A%D9%81_%D8%A7%D9%84%D9%85%D9%83%D9%8A%D9%81%D8%A7%D8%AA_%D9%81%D9%8A_%D8%A7%D9%84%D8%B4%D8%A7%D8%B1%D9%82%D8%A9_%D8%A8%D8%A7%D9%86%D8%AA%D8%B8%D8%A7%D9%85,0,2,0%,4.5
https://www.rukn-eltatawer.com/air-conditioner-cleaning-in-sharjah/#%D8%AE%D8%AF%D9%85%D8%A7%D8%AA_%D8%B4%D8%B1%D9%83%D8%A9_%D8%AA%D9%86%D8%B8%D9%8A%D9%81_%D9%85%D9%83%D9%8A%D9%81%D8%A7%D8%AA_%D9%81%D9%8A_%D8%A7%D9%84%D8%B4%D8%A7%D8%B1%D9%82%D8%A9,0,2,0%,4.5
https://www.rukn-eltatawer.com/air-conditioner-cleaning-in-sharjah/#%D8%B9%D9%84%D8%A7%D9%85%D8%A7%D8%AA_%D8%A7%D9%84%D8%A7%D8%AD%D8%AA%D9%8A%D8%A7%D8%AC_%D9%84%D8%AA%D9%86%D8%B8%D9%8A%D9%81_%D8%A7%D9%84%D9%85%D9%83%D9%8A%D9%81%D8%A7%D8%AA_%D9%81%D9%8A_%D8%A7%D9%84%D8%B4%D8%A7%D8%B1%D9%82%D8%A9,0,2,0%,4.5
https://www.rukn-eltatawer.com/air-conditioner-cleaning-in-sharjah/#%D9%85%D9%85%D9%8A%D8%B2%D8%A7%D8%AA_%D8%B4%D8%B1%D9%83%D8%A9_%D8%AA%D9%86%D8%B8%D9%8A%D9%81_%D9%85%D9%83%D9%8A%D9%81%D8%A7%D8%AA_%D9%81%D9%89_%D8%A7%D9%84%D8%B4%D8%A7%D8%B1%D9%82%D8%A9,0,2,0%,4.5
https://www.rukn-eltatawer.com/cctv-maintenance-dubai/,0,2,0%,4.5
https://www.rukn-eltatawer.com/cctv-maintenance-dubai/#%D8%A3%D9%87%D9%85%D9%8A%D8%A9_%D8%A7%D9%84%D8%B5%D9%8A%D8%A7%D9%86%D8%A9_%D8%A7%D9%84%D8%AF%D9%88%D8%B1%D9%8A%D8%A9_%D9%84%D9%83%D8%A7%D9%85%D9%8A%D8%B1%D8%A7%D8%AA_%D8%A7%D9%84%D9%85%D8%B1%D8%A7%D9%82%D8%A8%D8%A9,0,2,0%,4.5
https://www.rukn-eltatawer.com/cctv-maintenance-dubai/#%D8%AE%D8%AF%D9%85%D8%A7%D8%AA_%D8%B4%D8%B1%D9%83%D8%A9_%D8%B5%D9%8A%D8%A7%D9%86%D8%A9_%D9%83%D8%A7%D9%85%D9%8A%D8%B1%D8%A7%D8%AA_%D9%85%D8%B1%D8%A7%D9%82%D8%A8%D8%A9_%D9%81%D9%8A_%D8%AF%D8%A8%D9%8A,0,2,0%,4.5
https://www.rukn-eltatawer.com/cctv-maintenance-dubai/#%D9%85%D9%82%D8%AF%D9%85%D8%A9,0,2,0%,4.5
https://www.rukn-eltatawer.com/insect-control-in-dubai/#%D9%85%D9%83%D8%A7%D9%81%D8%AD%D8%A9_%D8%A7%D9%84%D9%88%D8%B2%D8%BA_%D9%81%D9%8A_%D8%AF%D8%A8%D9%8A,0,2,0%,4.5
https://www.rukn-eltatawer.com/sharjah-pool-cleaning/,0,2,0%,4.5
https://www.rukn-eltatawer.com/sharjah-pool-cleaning/#%D8%A3%D9%81%D8%B6%D9%84_%D8%B4%D8%B1%D9%83%D8%A9_%D8%AA%D9%86%D8%B8%D9%8A%D9%81_%D9%85%D8%B3%D8%A7%D8%A8%D8%AD_%D9%81%D9%8A_%D8%A7%D9%84%D8%B4%D8%A7%D8%B1%D9%82%D8%A9,0,2,0%,4.5
https://www.rukn-eltatawer.com/sharjah-pool-cleaning/#%D8%A7%D8%AC%D9%87%D8%B2%D8%A9_%D8%AA%D9%86%D8%B8%D9%8A%D9%81_%D8%A7%D9%84%D9%85%D8%B3%D8%A7%D8%A8%D8%AD_%D9%81%D9%8A_%D8%A7%D9%84%D8%B4%D8%A7%D8%B1%D9%82%D8%A9,0,2,0%,4.5
https://www.rukn-eltatawer.com/sharjah-pool-cleaning/#%D8%AA%D9%86%D8%B8%D9%8A%D9%81_%D8%A7%D9%84%D9%81%D9%84%D8%A7%D8%AA%D8%B1_%D9%88%D8%A7%D9%84%D9%85%D8%B6%D8%AE%D8%A7%D8%AA-2,0,2,0%,4.5
https://www.rukn-eltatawer.com/sharjah-pool-cleaning/#%D8%AE%D8%AF%D9%85%D8%A7%D8%AA_%D8%B4%D8%B1%D9%83%D8%A9_%D8%AA%D9%86%D8%B8%D9%8A%D9%81_%D9%85%D8%B3%D8%A7%D8%A8%D8%AD_%D8%A7%D9%84%D8%B4%D8%A7%D8%B1%D9%82%D8%A9,0,2,0%,4.5
https://www.rukn-eltatawer.com/sharjah-pool-cleaning/#%D8%AE%D8%B7%D9%88%D8%A7%D8%AA_%D8%B9%D9%85%D9%84_%D8%B4%D8%B1%D9%83%D8%A9_%D8%AA%D9%86%D8%B8%D9%8A%D9%81_%D9%85%D8%B3%D8%A7%D8%A8%D8%AD_%D8%A7%D9%84%D8%B4%D8%A7%D8%B1%D9%82%D8%A9,0,2,0%,4.5
https://www.rukn-eltatawer.com/sharjah-pool-cleaning/#%D9%85%D9%85%D9%8A%D8%B2%D8%A7%D8%AA_%D8%B4%D8%B1%D9%83%D8%A9_%D8%AA%D9%86%D8%B8%D9%8A%D9%81_%D9%85%D8%B3%D8%A7%D8%A8%D8%AD_%D9%81%D9%8A_%D8%A7%D9%84%D8%B4%D8%A7%D8%B1%D9%82%D8%A9,0,2,0%,4.5
https://www.rukn-eltatawer.com/sharjah-pool-cleaning/#%D9%85%D9%88%D8%A7%D8%AF_%D8%AA%D9%86%D8%B8%D9%8A%D9%81_%D8%A7%D9%84%D9%85%D8%B3%D8%A7%D8%A8%D8%AD_%D9%81%D9%8A_%D8%A7%D9%84%D8%B4%D8%A7%D8%B1%D9%82%D8%A9,0,2,0%,4.5
https://www.rukn-eltatawer.com/abu-dhabi-carpet-cleaning-company/#%D8%A3%D8%B1%D9%82%D8%A7%D9%85_%D9%85%D8%BA%D8%A7%D8%B3%D9%84_%D8%B3%D8%AC%D8%A7%D8%AF_%D8%A8%D8%A7%D8%A8%D9%88%D8%B8%D8%A8%D9%8A,0,2,0%,5
https://www.rukn-eltatawer.com/abu-dhabi-carpet-cleaning-company/#%D8%A7%D9%81%D8%B6%D9%84_%D8%B4%D8%B1%D9%83%D8%A7%D8%AA_%D8%AA%D9%86%D8%B8%D9%8A%D9%81_%D8%A7%D9%84%D9%85%D9%88%D9%83%D9%8A%D8%AA_%D9%88_%D8%B4%D8%B1%D9%83%D8%A9_%D8%AA%D9%86%D8%B8%D9%8A%D9%81_%D8%B3%D8%AC%D8%A7%D8%AF_%D8%A3%D8%A8%D9%88%D8%B8%D8%A8%D9%8A,0,2,0%,5
https://www.rukn-eltatawer.com/abu-dhabi-carpet-cleaning-company/#%D8%A7%D9%84%D8%A3%D8%AF%D9%88%D8%A7%D8%AA_%D8%A7%D9%84%D8%AA%D9%8A_%D8%AA%D8%B3%D8%AA%D8%AE%D8%AF%D9%85%D9%87%D8%A7_%D8%B4%D8%B1%D9%83%D8%A9_%D8%AA%D9%86%D8%B8%D9%8A%D9%81_%D8%B3%D8%AC%D8%A7%D8%AF_%D8%A3%D8%A8%D9%88%D8%B8%D8%A8%D9%8A,0,2,0%,5
https://www.rukn-eltatawer.com/abu-dhabi-carpet-cleaning-company/#%D8%A7%D9%84%D8%AE%D8%B7%D9%88%D8%A7%D8%AA_%D8%A7%D9%84%D8%AA%D9%8A_%D8%AA%D9%82%D9%88%D9%85_%D8%A8%D9%87%D8%A7_%D8%B4%D8%B1%D9%83%D8%A9_%D8%AA%D9%86%D8%B8%D9%8A%D9%81_%D8%B3%D8%AC%D8%A7%D8%AF_%D8%A3%D8%A8%D9%88%D8%B8%D8%A8%D9%8A,0,2,0%,5
https://www.rukn-eltatawer.com/abu-dhabi-carpet-cleaning-company/#%D8%B4%D8%B1%D9%83%D8%A9_%D8%AA%D9%86%D8%B8%D9%8A%D9%81_%D9%81%D9%8A_%D8%A7%D8%A8%D9%88_%D8%B8%D8%A8%D9%8A,0,2,0%,5
https://www.rukn-eltatawer.com/abu-dhabi-carpet-cleaning-company/#%D8%BA%D8%B3%D9%8A%D9%84_%D8%A7%D9%84%D8%B3%D8%AC%D8%A7%D8%AF_%D9%81%D9%8A_%D8%A3%D8%A8%D9%88%D8%B8%D8%A8%D9%8A,0,2,0%,5
https://www.rukn-eltatawer.com/abu-dhabi-carpet-cleaning-company/#_%D8%B4%D8%B1%D9%83%D8%A9_%D8%AA%D9%86%D8%B8%D9%8A%D9%81_%D9%85%D9%88%D9%83%D9%8A%D8%AA_%D9%88%D8%B3%D8%AC%D8%A7%D8%AF_%D8%A7%D8%A8%D9%88_%D8%B8%D8%A8%D9%8A,0,2,0%,5
https://www.rukn-eltatawer.com/pest-control-company-in-al-ain/#%D8%A3%D9%81%D8%B6%D9%84_%D8%B4%D8%B1%D9%83%D8%A9_%D9%85%D9%83%D8%A7%D9%81%D8%AD%D8%A9_%D8%AD%D8%B4%D8%B1%D8%A7%D8%AA_%D9%81%D9%8A_%D8%A7%D9%84%D8%B9%D9%8A%D9%86,0,2,0%,5
https://www.rukn-eltatawer.com/pest-control-khor-fakkan/#%D8%AE%D8%B7%D9%88%D8%B1%D8%A9_%D8%A7%D9%84%D9%86%D9%85%D9%84_%D8%A7%D9%84%D8%A3%D8%A8%D9%8A%D8%B6_%D8%A7%D9%84%D8%B1%D9%85%D8%A9_%D9%81%D9%8A_%D9%81%D9%84%D9%84_%D8%AE%D9%88%D8%B1%D9%81%D9%83%D8%A7%D9%86_%D9%88%D9%83%D9%8A%D9%81%D9%8A%D8%A9_%D8%A7%D9%84%D9%82%D8%B6%D8%A7%D8%A1_%D8%B9%D9%84%D9%8A%D9%87,0,2,0%,5
https://www.rukn-eltatawer.com/tank-insulation-fujairah/,0,2,0%,5
https://www.rukn-eltatawer.com/air-conditioner-cleaning-company-in-al-ain/#%D8%AE%D8%AF%D9%85%D8%A7%D8%AA_%D8%AA%D9%86%D8%B8%D9%8A%D9%81_%D9%85%D9%83%D9%8A%D9%81%D8%A7%D8%AA_%D8%A7%D9%84%D9%87%D9%88%D8%A7%D8%A1,0,2,0%,6
https://www.rukn-eltatawer.com/air-conditioner-cleaning-company-in-al-ain/#%D8%AE%D8%AF%D9%85%D8%A7%D8%AA_%D8%B4%D8%B1%D9%83%D8%A9_%D8%A7%D8%B5%D9%84%D8%A7%D8%AD_%D9%85%D9%83%D9%8A%D9%81%D8%A7%D8%AA_%D9%81%D9%8A_%D8%A7%D9%84%D8%B9%D9%8A%D9%86,0,2,0%,6
https://www.rukn-eltatawer.com/furniture-carpenter-umm-al-quwain/,0,2,0%,6
https://www.rukn-eltatawer.com/umm-al-quwain-roof-insulation-company/#%D8%A7%D9%81%D8%B6%D9%84_%D8%B4%D8%B1%D9%83%D8%A9_%D8%B9%D8%B2%D9%84_%D8%A3%D8%B3%D8%B7%D8%AD_%D8%A3%D9%85_%D8%A7%D9%84%D9%82%D9%8A%D9%88%D9%8A%D9%86,0,2,0%,6
https://www.rukn-eltatawer.com/umm-al-quwain-roof-insulation-company/#%D8%AE%D8%AF%D9%85%D8%A7%D8%AA_%D8%B4%D8%B1%D9%83%D8%A9_%D8%B9%D9%88%D8%A7%D8%B2%D9%84_%D8%A7%D8%B3%D8%B7%D8%AD_%D8%A8%D8%A7%D9%85_%D8%A7%D9%84%D9%82%D9%8A%D9%88%D9%8A%D9%86,0,2,0%,6
https://www.rukn-eltatawer.com/umm-al-quwain-roof-insulation-company/#%D8%B4%D8%B1%D9%83%D8%A7%D8%AA_%D8%B9%D8%B2%D9%84_%D8%A3%D8%B3%D8%B7%D8%AD_%D9%81%D9%8A_%D8%A3%D9%85_%D8%A7%D9%84%D9%82%D9%8A%D9%88%D9%8A%D9%86,0,2,0%,6
https://www.rukn-eltatawer.com/umm-al-quwain-roof-insulation-company/#%D8%B4%D8%B1%D9%83%D8%A9_%D8%B9%D8%B2%D9%84_%D8%A3%D8%B3%D8%B7%D8%AD_%D8%A7%D9%84%D9%85%D8%A8%D8%A7%D9%86%D9%8A_%D9%81%D9%8A_%D8%A7%D9%85_%D8%A7%D9%84%D9%82%D9%8A%D9%88%D9%8A%D9%86,0,2,0%,6
https://www.rukn-eltatawer.com/umm-al-quwain-roof-insulation-company/#%D8%B9%D8%B2%D9%84_%D8%AD%D8%B1%D8%A7%D8%B1%D9%8A_%D9%81%D9%8A_%D8%A7%D9%85_%D8%A7%D9%84%D9%82%D9%8A%D9%88%D9%8A%D9%86,0,2,0%,6
https://www.rukn-eltatawer.com/mobile-car-wash-in-abu-dhabi/#%D8%A7%D9%84%D9%85%D8%B2%D8%A7%D9%8A%D8%A7_%D9%88%D8%A7%D9%84%D9%81%D9%88%D8%A7%D8%A6%D8%AF,0,2,0%,6.5
https://www.rukn-eltatawer.com/mobile-car-wash-in-abu-dhabi/#%D8%AE%D8%AF%D9%85%D8%A7%D8%AA_%D8%BA%D8%B3%D9%8A%D9%84_%D8%A7%D9%84%D8%B3%D9%8A%D8%A7%D8%B1%D8%A7%D8%AA,0,2,0%,6.5
https://www.rukn-eltatawer.com/mobile-car-wash-in-abu-dhabi/#%D9%83%D9%8A%D9%81%D9%8A%D8%A9_%D8%A7%D8%AE%D8%AA%D9%8A%D8%A7%D8%B1_%D8%B4%D8%B1%D9%83%D8%A9_%D8%BA%D8%B3%D9%8A%D9%84_%D8%B3%D9%8A%D8%A7%D8%B1%D8%A7%D8%AA_%D9%85%D8%AA%D9%86%D9%82%D9%84%D8%A9_%D9%81%D9%8A_%D8%A3%D8%A8%D9%88%D8%B8%D8%A8%D9%8A,0,2,0%,6.5
https://www.rukn-eltatawer.com/mobile-car-wash-in-abu-dhabi/#%D9%85%D9%82%D8%AF%D9%85%D8%A9,0,2,0%,6.5
https://www.rukn-eltatawer.com/qa/shrkh-trkyb-antrlwk-fy-qtr/,0,2,0%,6.5
https://www.rukn-eltatawer.com/vacuum-cleaner-repair-abu-dhabi/,0,2,0%,6.5
https://www.rukn-eltatawer.com/cctv-maintenance-al-ain/,0,2,0%,7
https://www.rukn-eltatawer.com/oven-repair-fujairah/,0,2,0%,7
https://www.rukn-eltatawer.com/sewer-wiring-abu-dhabi/#%D8%AA%D8%B3%D9%84%D9%8A%D9%83_%D9%85%D8%AC%D8%A7%D8%B1%D9%8A_%D8%A7%D9%84%D9%85%D8%B7%D8%A8%D8%AE_%D9%81%D9%8A_%D8%A7%D8%A8%D9%88%D8%B8%D8%A8%D9%8A,0,2,0%,8
https://www.rukn-eltatawer.com/sewer-wiring-abu-dhabi/#%D8%B9%D9%84%D8%A7%D8%AC_%D8%A7%D9%86%D8%B3%D8%AF%D8%A7%D8%AF_%D9%85%D8%AC%D8%A7%D8%B1%D9%8A_%D8%A7%D9%84%D9%85%D8%B7%D8%A8%D8%AE_%D9%81%D9%8A_%D8%A3%D8%A8%D9%88%D8%B8%D8%A8%D9%8A,0,2,0%,8
https://www.rukn-eltatawer.com/vinyl-flooring-sharjah/,0,2,0%,8.5
https://www.rukn-eltatawer.com/brick-installation-abu-dhabi/,0,2,0%,9
https://www.rukn-eltatawer.com/vinyl-flooring-al-ain/,0,2,0%,9
https://www.rukn-eltatawer.com/dyeing-fujairah/,0,2,0%,10
https://www.rukn-eltatawer.com/gypsum-board-installation-ajman-2/,0,2,0%,11.5
https://www.rukn-eltatawer.com/abu-dhabi-majlis-cleaning-company/,0,2,0%,12
https://www.rukn-eltatawer.com/water-leak-detection-company-in-ras-al-khaimah/,0,2,0%,12.5
https://www.rukn-eltatawer.com/artificial-grass-installation-fujairah/,0,2,0%,19
https://www.rukn-eltatawer.com/sa/water-leak-detection-al-zulfi/,0,2,0%,20
https://www.rukn-eltatawer.com/sa/water-leak-detection-tanuma/,0,2,0%,25.5
https://www.rukn-eltatawer.com/sa/kshf-tsrbat-almyah-fy-amlj-shrkh-rkn-alttwr/,0,2,0%,32
https://www.rukn-eltatawer.com/sharjah-villas-cleaning-company/,0,2,0%,48.5
https://www.rukn-eltatawer.com/oven-repair-dubai/,0,2,0%,49.5
https://www.rukn-eltatawer.com/category/isolated/,0,1,0%,1
https://www.rukn-eltatawer.com/dyeing-in-dubai/#%D8%A7%D8%B3%D8%AA%D8%B1%D8%A7%D8%AA%D9%8A%D8%AC%D9%8A%D8%A7%D8%AA_%D8%A7%D9%84%D8%AA%D9%85%D9%8A%D8%B2_%D9%84%D8%B4%D8%B1%D9%83%D8%A9_%D8%B1%D9%83%D9%86_%D8%A7%D9%84%D8%AA%D8%B7%D9%88%D8%B1,0,1,0%,1
https://www.rukn-eltatawer.com/dyeing-in-dubai/#%D8%AA%D9%82%D9%8A%D9%8A%D9%85_%D8%B3%D9%88%D9%82_%D8%B5%D8%A8%D8%BA_%D8%A7%D9%84%D8%AF%D9%87%D8%A7%D9%86%D8%A7%D8%AA_%D9%81%D9%8A_%D8%AF%D8%A8%D9%8A,0,1,0%,1
https://www.rukn-eltatawer.com/dyeing-in-dubai/#%D8%AE%D8%AF%D9%85%D8%A7%D8%AA_%D8%B4%D8%B1%D9%83%D8%A9_%D8%B5%D8%A8%D8%BA_%D8%A8%D8%AF%D8%A8%D9%8A,0,1,0%,1
https://www.rukn-eltatawer.com/dyeing-in-dubai/#%D8%B4%D8%B1%D9%83%D8%A7%D8%AA_%D8%B5%D8%A8%D8%BA_%D8%A8%D8%AF%D8%A8%D9%8A,0,1,0%,1
https://www.rukn-eltatawer.com/dyeing-in-dubai/#%D8%B4%D8%B1%D9%83%D8%A9_%D8%B5%D8%A8%D8%BA_%D8%A8%D8%AF%D8%A8%D9%8A,0,1,0%,1
https://www.rukn-eltatawer.com/dyeing-in-dubai/#%D8%B4%D8%B1%D9%83%D8%A9_%D8%B5%D8%A8%D8%BA_%D9%88%D9%88%D8%B1%D9%82_%D8%AD%D8%A7%D8%A6%D8%B7_%D8%A8%D8%AF%D8%A8%D9%8A,0,1,0%,1
https://www.rukn-eltatawer.com/dyeing-in-dubai/#%D8%B5%D8%A8%D8%A7%D8%BA_%D8%B1%D8%AE%D9%8A%D8%B5_%D8%A8%D8%AF%D8%A8%D9%8A,0,1,0%,1
https://www.rukn-eltatawer.com/false-ceiling-installation-dubai/,0,1,0%,1
https://www.rukn-eltatawer.com/hourly-cleaning-maids-dubai/#%D8%A3%D8%B9%D9%85%D8%A7%D9%84_%D8%AA%D9%82%D9%88%D9%85_%D8%A8%D9%87%D8%A7_%D8%B9%D8%A7%D9%85%D9%84%D8%A7%D8%AA_%D8%AA%D9%86%D8%B8%D9%8A%D9%81_%D8%A8%D8%A7%D9%84%D8%B3%D8%A7%D8%B9%D8%A9_%D9%81%D9%8A_%D8%AF%D8%A8%D9%8A,0,1,0%,1
https://www.rukn-eltatawer.com/kitchen-hood-installation-ras-al-khaimah/,0,1,0%,1
https://www.rukn-eltatawer.com/parquet-installation-company-in-fujairah/#%D8%A3%D9%86%D9%88%D8%A7%D8%B9_%D8%A7%D9%84%D8%A8%D8%A7%D8%B1%D9%83%D9%8A%D9%87_%D8%A7%D9%84%D8%AA%D9%89_%D8%AA%D9%88%D9%81%D8%B1%D9%87%D8%A7_%D8%B4%D8%B1%D9%83%D8%A9_%D8%AA%D8%B1%D9%83%D9%8A%D8%A8_%D8%A8%D8%A7%D8%B1%D9%83%D9%8A%D9%87_%D9%81%D9%8A_%D8%A7%D9%84%D9%81%D8%AC%D9%8A%D8%B1%D8%A9,0,1,0%,1
https://www.rukn-eltatawer.com/parquet-installation-company-in-fujairah/#%D9%85%D9%85%D9%8A%D8%B2%D8%A7%D8%AA_%D8%B4%D8%B1%D9%83%D8%A9_%D8%AA%D8%B1%D9%83%D9%8A%D8%A8_%D8%A7%D9%84%D8%A8%D8%A7%D8%B1%D9%83%D9%8A%D9%87_%D9%81%D9%8A_%D8%A7%D9%84%D9%81%D8%AC%D9%8A%D8%B1%D8%A9,0,1,0%,1
https://www.rukn-eltatawer.com/water-leak-detection-in-umm-al-quwain/,0,1,0%,1
https://www.rukn-eltatawer.com/abu-dhabi-swimming-pool-cleaning-company/#%D8%A3%D8%AF%D9%88%D8%A7%D8%AA_%D8%B4%D8%B1%D9%83%D8%A9_%D8%AA%D9%86%D8%B8%D9%8A%D9%81_%D9%85%D8%B3%D8%A7%D8%A8%D8%AD_%D8%A3%D8%A8%D9%88%D8%B8%D8%A8%D9%8A,0,1,0%,2
https://www.rukn-eltatawer.com/abu-dhabi-swimming-pool-cleaning-company/#%D8%A3%D9%81%D8%B6%D9%84_%D8%B4%D8%B1%D9%83%D8%A9_%D8%AA%D9%86%D8%B8%D9%8A%D9%81_%D9%85%D8%B3%D8%A7%D8%A8%D8%AD_%D8%A3%D8%A8%D9%88%D8%B8%D8%A8%D9%8A,0,1,0%,2
https://www.rukn-eltatawer.com/abu-dhabi-swimming-pool-cleaning-company/#%D8%A7%D9%84%D8%AE%D8%B7%D9%88%D8%A7%D8%AA_%D8%A7%D9%84%D8%AA%D9%8A_%D9%86%D8%AA%D8%AA%D8%A8%D8%A7%D8%B9%D9%87%D8%A7_%D9%81%D9%8A_%D8%B4%D8%B1%D9%83%D8%A9_%D8%AA%D9%86%D8%B8%D9%8A%D9%81_%D9%85%D8%B3%D8%A7%D8%A8%D8%AD_%D8%A3%D8%A8%D9%88%D8%B8%D8%A8%D9%8A,0,1,0%,2
https://www.rukn-eltatawer.com/abu-dhabi-swimming-pool-cleaning-company/#%D8%AA%D9%86%D8%B8%D9%8A%D9%81_%D8%A7%D9%84%D9%85%D8%B3%D8%A7%D8%A8%D8%AD_%D8%A7%D9%84%D9%85%D8%B7%D8%A7%D8%B7%D9%8A%D8%A9_%D8%A3%D8%A8%D9%88%D8%B8%D8%A8%D9%8A,0,1,0%,2
https://www.rukn-eltatawer.com/abu-dhabi-swimming-pool-cleaning-company/#%D8%AE%D8%AF%D9%85%D8%A7%D8%AA_%D8%B4%D8%B1%D9%83%D8%A9_%D8%AA%D9%86%D8%B8%D9%8A%D9%81_%D9%85%D8%B3%D8%A7%D8%A8%D8%AD_%D8%A3%D8%A8%D9%88%D8%B8%D8%A8%D9%8A,0,1,0%,2
https://www.rukn-eltatawer.com/abu-dhabi-swimming-pool-cleaning-company/#%D9%81%D9%86%D9%8A_%D8%B4%D8%B1%D9%83%D8%A9_%D8%AA%D9%86%D8%B8%D9%8A%D9%81_%D9%85%D8%B3%D8%A7%D8%A8%D8%AD_%D8%A3%D8%A8%D9%88%D8%B8%D8%A8%D9%8A,0,1,0%,2
https://www.rukn-eltatawer.com/abu-dhabi-swimming-pool-cleaning-company/#%D9%85%D9%85%D9%8A%D8%B2%D8%A7%D8%AA_%D8%B4%D8%B1%D9%83%D8%A9_%D8%AA%D9%86%D8%B8%D9%8A%D9%81_%D9%85%D8%B3%D8%A7%D8%A8%D8%AD_%D8%A3%D8%A8%D9%88%D8%B8%D8%A8%D9%8A,0,1,0%,2
https://www.rukn-eltatawer.com/abu-dhabi-tank-cleaning-company/#%D8%A3%D9%86%D9%88%D8%A7%D8%B9_%D8%A7%D9%84%D8%AE%D8%B2%D8%A7%D9%86%D8%A7%D8%AA_%D9%81%D9%8A_%D8%A7%D8%A8%D9%88_%D8%B8%D8%A8%D9%8A,0,1,0%,2
https://www.rukn-eltatawer.com/abu-dhabi-tank-cleaning-company/#%D8%AE%D8%AF%D9%85%D8%A7%D8%AA_%D8%B4%D8%B1%D9%83%D8%A9_%D8%AA%D9%86%D8%B8%D9%8A%D9%81_%D9%88%D8%AA%D8%B9%D9%82%D9%8A%D9%85_%D8%AE%D8%B2%D8%A7%D9%86%D8%A7%D8%AA_%D9%81%D9%8A_%D8%A7%D8%A8%D9%88%D8%B8%D8%A8%D9%8A,0,1,0%,2
https://www.rukn-eltatawer.com/air-conditioning-installation-in-alain/,0,1,0%,2
https://www.rukn-eltatawer.com/ajman-majlis-cleaning-company/,0,1,0%,2
https://www.rukn-eltatawer.com/ajman-roof-insulation-company/#%D8%AE%D8%AF%D9%85%D8%A7%D8%AA_%D8%B4%D8%B1%D9%83%D8%A9_%D8%B9%D8%B2%D9%84_%D8%A3%D8%B3%D8%B7%D8%AD_%D8%B9%D8%AC%D9%85%D8%A7%D9%86,0,1,0%,2
https://www.rukn-eltatawer.com/ajman-roof-insulation-company/#%D8%B9%D8%B2%D9%84_%D8%A3%D8%B3%D8%B7%D8%AD_%D8%AD%D8%B1%D8%A7%D8%B1%D9%8A_%D9%81%D9%8A_%D8%B9%D8%AC%D9%85%D8%A7%D9%86,0,1,0%,2
https://www.rukn-eltatawer.com/ajman-roof-insulation-company/#%D8%B9%D8%B2%D9%84_%D8%A7%D8%B3%D8%B7%D8%AD_%D8%A7%D9%84%D9%85%D8%A8%D8%A7%D9%86%D9%8A_%D9%81%D9%8A_%D8%B9%D8%AC%D9%85%D8%A7%D9%86,0,1,0%,2
https://www.rukn-eltatawer.com/ajman-roof-insulation-company/#%D9%85%D9%85%D9%8A%D8%B2%D8%A7%D8%AA_%D8%B4%D8%B1%D9%83%D8%A9_%D8%B9%D8%B2%D9%84_%D8%A3%D8%B3%D8%B7%D8%AD_%D9%81%D9%8A_%D8%B9%D8%AC%D9%85%D8%A7%D9%86,0,1,0%,2
https://www.rukn-eltatawer.com/ajman-roof-insulation-company/#_%D8%B9%D8%B2%D9%84_%D8%A3%D8%B3%D8%B7%D8%AD_%D9%88%D8%AE%D8%B2%D8%A7%D9%86%D8%A7%D8%AA_%D9%81%D9%8A_%D8%B9%D8%AC%D9%85%D8%A7%D9%86,0,1,0%,2
https://www.rukn-eltatawer.com/artificial-grass-abu-dhabi/,0,1,0%,2
https://www.rukn-eltatawer.com/building-maintenance-abu-dhabi/#%D8%A3%D8%B3%D8%A7%D9%84%D9%8A%D8%A8_%D8%A7%D9%84%D8%B5%D9%8A%D8%A7%D9%86%D8%A9_%D8%A7%D9%84%D9%85%D8%AA%D9%82%D8%AF%D9%85%D8%A9,0,1,0%,2
https://www.rukn-eltatawer.com/dubai-glass-facade-cleaning-company/#%D8%A3%D9%81%D8%B6%D9%84_%D8%B4%D8%B1%D9%83%D8%A9_%D8%AA%D9%86%D8%B8%D9%8A%D9%81_%D9%88%D8%A7%D8%AC%D9%87%D8%A7%D8%AA_%D8%B2%D8%AC%D8%A7%D8%AC_%D8%AF%D8%A8%D9%8A,0,1,0%,2
https://www.rukn-eltatawer.com/dubai-tank-cleaning-company/#%D8%A7%D9%84%D8%A3%D8%AF%D9%88%D8%A7%D8%AA_%D8%A7%D9%84%D8%AA%D9%8A_%D8%AA%D8%B3%D8%AA%D8%AE%D8%AF%D9%85%D9%87%D8%A7_%D8%A7%D9%84%D8%B4%D8%B1%D9%83%D8%A9_%D9%81%D9%8A_%D8%AA%D9%86%D8%B8%D9%8A%D9%81_%D8%A7%D9%84%D8%AE%D8%B2%D8%A7%D9%86%D8%A7%D8%AA,0,1,0%,2
https://www.rukn-eltatawer.com/dubai-tank-cleaning-company/#%D8%A7%D9%84%D8%AE%D8%AF%D9%85%D8%A7%D8%AA_%D8%A7%D9%84%D8%AA%D9%8A_%D8%AA%D9%82%D8%AF%D9%85%D9%87%D8%A7_%D8%B4%D8%B1%D9%83%D8%A7%D8%AA_%D8%BA%D8%B3%D9%8A%D9%84_%D8%A7%D9%84%D8%AE%D8%B2%D8%A7%D9%86%D8%A7%D8%AA_%D8%A8%D8%AF%D8%A8%D9%89,0,1,0%,2
https://www.rukn-eltatawer.com/dubai-tank-cleaning-company/#%D8%B4%D8%B1%D9%83%D8%A9_%D8%AA%D9%86%D8%B8%D9%8A%D9%81_%D9%88_%D8%BA%D8%B3%D9%8A%D9%84_%D8%AE%D8%B2%D8%A7%D9%86%D8%A7%D8%AA_%D9%81%D9%8A_%D8%A7%D9%84%D8%A5%D9%85%D8%A7%D8%B1%D8%A7%D8%AA,0,1,0%,2
https://www.rukn-eltatawer.com/home-sterilization-company-in-ras-al-khaimah/#%D8%B4%D8%B1%D9%83%D8%A9_%D8%AA%D8%B9%D9%82%D9%8A%D9%85_%D9%81%D9%89_%D8%B1%D8%A3%D8%B3_%D8%A7%D9%84%D8%AE%D9%8A%D9%85%D8%A9,0,1,0%,2
https://www.rukn-eltatawer.com/insect-control-in-dubai/#%D8%A3%D9%86%D9%88%D8%A7%D8%B9_%D8%A7%D9%84%D9%85%D8%A8%D9%8A%D8%AF%D8%A7%D8%AA_%D8%A7%D9%84%D8%AA%D9%8A_%D8%AA%D8%B3%D8%AA%D8%AE%D8%AF%D9%85%D9%87%D8%A7_%D8%B4%D8%B1%D9%83%D8%AA%D9%86%D8%A7_%D9%81%D9%8A_%D8%AF%D8%A8%D9%8A,0,1,0%,2
https://www.rukn-eltatawer.com/parquet-installation-company-in-dubai/#%D9%85%D9%85%D9%8A%D8%B2%D8%A7%D8%AA_%D8%B4%D8%B1%D9%83%D8%A9_%D8%AA%D8%B1%D9%83%D9%8A%D8%A8_%D8%A7%D9%84%D8%A8%D8%A7%D8%B1%D9%83%D9%8A%D9%87,0,1,0%,2
https://www.rukn-eltatawer.com/parquet-installation-company-in-ras-al-khaimah/#%D8%A3%D9%86%D9%88%D8%A7%D8%B9_%D8%A7%D9%84%D8%A8%D8%A7%D8%B1%D9%83%D9%8A%D9%87_%D8%A7%D9%84%D8%AA%D9%89_%D8%AA%D9%88%D9%81%D8%B1%D9%87%D8%A7_%D8%B4%D8%B1%D9%83%D8%A9_%D8%B1%D9%83%D9%86_%D8%A7%D9%84%D8%AA%D8%B7%D9%88%D8%B1,0,1,0%,2
https://www.rukn-eltatawer.com/parquet-installation-company-in-ras-al-khaimah/#%D8%B7%D8%B1%D9%82_%D8%AA%D8%B1%D9%83%D9%8A%D8%A8_%D8%A3%D8%B1%D8%B6%D9%8A%D8%A7%D8%AA_%D8%A7%D9%84%D8%A8%D8%A7%D8%B1%D9%83%D9%8A%D9%87,0,1,0%,2
https://www.rukn-eltatawer.com/pest-control-company-in-ajman/#%D8%B7%D8%B1%D9%82_%D8%B4%D8%B1%D9%83%D8%A9_%D8%B1%D9%83%D9%86_%D8%A7%D9%84%D8%AA%D8%B7%D9%88%D8%B1_%D9%81%D9%8A_%D8%A7%D9%84%D8%AA%D8%AE%D9%84%D8%B5_%D9%85%D9%86_%D8%A7%D9%84%D8%AD%D8%B4%D8%B1%D8%A7%D8%AA_%D9%86%D9%87%D8%A7%D8%A6%D9%8A%D8%A7%D9%8B,0,1,0%,2
https://www.rukn-eltatawer.com/pest-control-company-in-al-ain/#%D8%A7%D9%84%D9%82%D8%B6%D8%A7%D8%A1_%D8%B9%D9%84%D9%89_%D8%A7%D9%84%D8%AD%D8%B4%D8%B1%D8%A7%D8%AA_%D8%A7%D9%84%D8%B9%D9%8A%D9%86,0,1,0%,2
https://www.rukn-eltatawer.com/pest-control-company-in-al-ain/#%D8%B1%D8%B4_%D8%AD%D8%B4%D8%B1%D8%A7%D8%AA_%D8%A7%D9%84%D8%B9%D9%8A%D9%86,0,1,0%,2
https://www.rukn-eltatawer.com/qa/home-plumber-in-qatar/,0,1,0%,2
https://www.rukn-eltatawer.com/roof-insulation-company-al-ain/#%D8%A7%D8%B1%D9%82%D8%A7%D9%85_%D8%B4%D8%B1%D9%83%D8%A9_%D8%B9%D8%B2%D9%84_%D8%A3%D8%B3%D8%B7%D8%AD_%D8%A7%D9%84%D8%B9%D9%8A%D9%86,0,1,0%,2
https://www.rukn-eltatawer.com/roof-insulation-in-abu-dhabi/#%D8%B9%D8%B2%D9%84_%D8%A3%D8%B3%D8%B7%D8%AD_%D8%A7%D9%84%D9%85%D8%A8%D8%A7%D9%86%D9%8A_%D9%81%D9%8A_%D8%A3%D8%A8%D9%88%D8%B8%D8%A8%D9%8A,0,1,0%,2
https://www.rukn-eltatawer.com/sa/water-leak-detection-dammam/,0,1,0%,2
https://www.rukn-eltatawer.com/sa/water-leak-detection-duba/,0,1,0%,2
https://www.rukn-eltatawer.com/sewerage-plumbing-sharjah/#%D8%A7%D8%AF%D8%A7%D8%A9_%D8%AA%D8%B3%D9%84%D9%8A%D9%83_%D8%A7%D9%84%D9%85%D8%AC%D8%A7%D8%B1%D9%8A_%D9%81%D9%8A_%D8%A7%D9%84%D8%B4%D8%A7%D8%B1%D9%82%D8%A9,0,1,0%,2
https://www.rukn-eltatawer.com/sewerage-plumbing-sharjah/#%D9%81%D8%AA%D8%AD_%D8%A8%D8%A7%D9%84%D9%88%D8%B9%D8%A7%D8%AA_%D8%A7%D9%84%D9%85%D8%AC%D8%A7%D8%B1%D9%8A_%D9%81%D9%8A_%D8%A7%D9%84%D8%B4%D8%A7%D8%B1%D9%82%D8%A9,0,1,0%,2
https://www.rukn-eltatawer.com/swimming-pools-company-in-sharjah/#%D8%AE%D8%B7%D9%88%D8%A7%D8%AA_%D8%B4%D8%B1%D9%83%D8%A9_%D8%AA%D9%86%D8%B8%D9%8A%D9%81_%D9%85%D8%B3%D8%A7%D8%A8%D8%AD_%D9%81%D9%8A_%D8%A7%D9%84%D8%B4%D8%A7%D8%B1%D9%82%D8%A9,0,1,0%,2
https://www.rukn-eltatawer.com/swimming-pools-company-in-sharjah/#%D8%B4%D8%B1%D9%83%D8%A9_%D8%A5%D9%86%D8%B4%D8%A7%D8%A1_%D9%88%D8%B5%D9%8A%D8%A7%D9%86%D8%A9_%D9%85%D8%B3%D8%A7%D8%A8%D8%AD_%D8%A7%D9%84%D8%B4%D8%A7%D8%B1%D9%82%D8%A9,0,1,0%,2
https://www.rukn-eltatawer.com/vacuum-cleaner-repair-abu-dhabi/#%D8%A3%D8%B3%D8%B9%D8%A7%D8%B1_%D8%A7%D9%84%D8%AE%D8%AF%D9%85%D8%A7%D8%AA,0,1,0%,2
https://www.rukn-eltatawer.com/vacuum-cleaner-repair-abu-dhabi/#%D8%AE%D8%AF%D9%85%D8%A7%D8%AA_%D8%A7%D9%84%D8%B5%D9%8A%D8%A7%D9%86%D8%A9_%D8%A7%D9%84%D9%85%D9%82%D8%AF%D9%85%D8%A9,0,1,0%,2
https://www.rukn-eltatawer.com/vacuum-cleaner-repair-abu-dhabi/#%D8%B9%D9%85%D9%84%D9%8A%D8%A9_%D8%A7%D9%84%D8%B5%D9%8A%D8%A7%D9%86%D8%A9,0,1,0%,2
https://www.rukn-eltatawer.com/vacuum-cleaner-repair-abu-dhabi/#%D9%81%D9%88%D8%A7%D8%A6%D8%AF_%D8%A7%D9%84%D8%AD%D9%81%D8%A7%D8%B8_%D8%B9%D9%84%D9%89_%D9%85%D9%83%D8%A7%D9%86%D8%B3_%D8%A7%D9%84%D9%83%D9%87%D8%B1%D8%A8%D8%A7%D8%A6%D9%8A%D8%A9,0,1,0%,2
https://www.rukn-eltatawer.com/vacuum-cleaner-repair-abu-dhabi/#%D9%85%D9%82%D8%AF%D9%85%D8%A9,0,1,0%,2
https://www.rukn-eltatawer.com/water-pump-installation-abu-dhabi/,0,1,0%,2
https://www.rukn-eltatawer.com/fujairah-villas-cleaning-company/#%D8%A3%D9%81%D8%B6%D9%84_%D8%B4%D8%B1%D9%83%D8%A9_%D8%AA%D9%86%D8%B8%D9%8A%D9%81_%D9%81%D9%84%D9%84_%D9%81%D9%8A_%D8%A7%D9%84%D9%81%D8%AC%D9%8A%D8%B1%D8%A9,0,1,0%,3
https://www.rukn-eltatawer.com/fujairah-villas-cleaning-company/#%D8%B4%D8%B1%D9%83%D8%A7%D8%AA_%D8%AA%D9%86%D8%B8%D9%8A%D9%81_%D9%81%D9%84%D9%84_%D8%A8%D8%A7%D9%84%D9%81%D8%AC%D9%8A%D8%B1%D8%A9,0,1,0%,3
https://www.rukn-eltatawer.com/fujairah-villas-cleaning-company/#%D8%B4%D8%B1%D9%83%D8%A9_%D8%AA%D9%86%D8%B8%D9%8A%D9%81_%D9%81%D9%8A_%D8%AF%D8%A8%D8%A7_%D8%A7%D9%84%D9%81%D8%AC%D9%8A%D8%B1%D8%A9,0,1,0%,3
https://www.rukn-eltatawer.com/insect-control-in-sharjah/#%D8%AC%D9%87%D8%A7%D8%B2_%D9%85%D9%83%D8%A7%D9%81%D8%AD%D8%A9_%D8%A7%D9%84%D9%86%D8%A7%D9%85%D9%88%D8%B3_%D9%81%D9%8A_%D8%A7%D9%84%D8%B4%D8%A7%D8%B1%D9%82%D8%A9,0,1,0%,3
https://www.rukn-eltatawer.com/modern-irrigation-al-ain/,0,1,0%,3
https://www.rukn-eltatawer.com/palm-tree-planting-umm-al-quwain/,0,1,0%,3
https://www.rukn-eltatawer.com/pest-control-company-in-ajman/#%D8%A3%D9%86%D9%88%D8%A7%D8%B9_%D8%A7%D9%84%D8%AD%D8%B4%D8%B1%D8%A7%D8%AA_%D8%A7%D9%84%D8%AA%D9%8A_%D8%AA%D9%82%D9%88%D9%85_%D8%B4%D8%B1%D9%83%D8%AA%D9%86%D8%A7_%D8%A8%D8%A7%D9%84%D9%82%D8%B6%D8%A7%D8%A1_%D8%B9%D9%84%D9%8A%D9%87%D8%A7_%D9%81%D9%8A_%D8%B9%D8%AC%D9%85%D8%A7%D9%86,0,1,0%,3
https://www.rukn-eltatawer.com/qa/shrkh-bna-mjals-fy-qtr/,0,1,0%,3
https://www.rukn-eltatawer.com/ras-al-khaimah-carpet-cleaning-company/,0,1,0%,3
https://www.rukn-eltatawer.com/sharjah-sofa-cleaning-company/#%D8%A7%D9%84%D8%AE%D8%AF%D9%85%D8%A7%D8%AA_%D8%A7%D9%84%D8%AA%D9%8A_%D8%AA%D9%82%D8%AF%D9%85%D9%87%D8%A7_%D8%B4%D8%B1%D9%83%D8%A9_%D9%86%D8%B8%D8%A7%D9%81%D8%A9_%D9%83%D9%86%D8%A8_%D8%A8%D8%A7%D9%84%D8%B4%D8%A7%D8%B1%D9%82%D8%A9,0,1,0%,3
https://www.rukn-eltatawer.com/a-water-leak-detection-company-in-sharjah/#rukn-h-25,0,1,0%,4
https://www.rukn-eltatawer.com/a-water-leak-detection-company-in-sharjah/#rukn-h-7,0,1,0%,4
https://www.rukn-eltatawer.com/abu-dhabi-pigeons-repellent-installation-company/#%D8%A7%D9%81%D8%B6%D9%84_%D8%B4%D8%B1%D9%83%D8%A9_%D8%AA%D8%B1%D9%83%D9%8A%D8%A8_%D8%B7%D8%A7%D8%B1%D8%AF_%D8%AD%D9%85%D8%A7%D9%85_%D9%81%D9%8A_%D8%A3%D8%A8%D9%88%D8%B8%D8%A8%D9%8A,0,1,0%,4
https://www.rukn-eltatawer.com/abu-dhabi-pigeons-repellent-installation-company/#%D8%AE%D8%AF%D9%85%D8%A7%D8%AA_%D8%B4%D8%B1%D9%83%D8%A9_%D8%AA%D8%B1%D9%83%D9%8A%D8%A8_%D8%B7%D8%A7%D8%B1%D8%AF_%D8%AD%D9%85%D8%A7%D9%85_%D9%81%D9%8A_%D8%A3%D8%A8%D9%88%D8%B8%D8%A8%D9%8A,0,1,0%,4
https://www.rukn-eltatawer.com/abu-dhabi-pigeons-repellent-installation-company/#%D9%85%D9%85%D9%8A%D8%B2%D8%A7%D8%AA_%D8%B4%D8%B1%D9%83%D8%A9_%D9%85%D9%83%D8%A7%D9%81%D8%AD%D8%A9_%D8%A7%D9%84%D8%AD%D9%85%D8%A7%D9%85_%D9%88%D8%A7%D9%84%D8%B7%D9%8A%D9%88%D8%B1_%D8%A7%D8%A8%D9%88%D8%B8%D8%A8%D9%8A,0,1,0%,4
https://www.rukn-eltatawer.com/ajman-apartments-cleaning-company/,0,1,0%,4
https://www.rukn-eltatawer.com/ajman-apartments-cleaning-company/#%D8%A3%D9%81%D8%B6%D9%84_%D8%B4%D8%B1%D9%83%D8%A9_%D8%AA%D9%86%D8%B8%D9%8A%D9%81_%D8%B4%D9%82%D9%82_%D9%81%D9%8A_%D8%B9%D8%AC%D9%85%D8%A7%D9%86,0,1,0%,4
https://www.rukn-eltatawer.com/ajman-apartments-cleaning-company/#%D8%A3%D9%81%D8%B6%D9%84_%D8%B4%D8%B1%D9%83%D8%A9_%D8%AA%D9%86%D8%B8%D9%8A%D9%81_%D9%85%D9%86%D8%A7%D8%B2%D9%84_%D8%A8%D8%B9%D8%AC%D9%85%D8%A7%D9%86,0,1,0%,4
https://www.rukn-eltatawer.com/ajman-apartments-cleaning-company/#%D8%AE%D8%AF%D9%85%D8%A7%D8%AA_%D8%B4%D8%B1%D9%83%D8%A9_%D8%AA%D9%86%D8%B8%D9%8A%D9%81_%D8%B4%D9%82%D9%82_%D8%B9%D8%AC%D9%85%D8%A7%D9%86,0,1,0%,4
https://www.rukn-eltatawer.com/ajman-apartments-cleaning-company/#%D8%B4%D8%B1%D9%83%D8%A9_%D8%AA%D9%86%D8%B8%D9%8A%D9%81_%D8%A8%D8%A7%D9%84%D8%B3%D8%A7%D8%B9%D8%A9_%D9%81%D9%8A_%D8%B9%D8%AC%D9%85%D8%A7%D9%86,0,1,0%,4
https://www.rukn-eltatawer.com/dyeing-abu-dhabi/#%D8%A3%D8%B3%D8%B9%D8%A7%D8%B1_%D8%B4%D8%B1%D9%83%D8%A9_%D8%B1%D9%83%D9%86_%D8%A7%D9%84%D8%AA%D8%B7%D9%88%D8%B1,0,1,0%,4
https://www.rukn-eltatawer.com/dyeing-abu-dhabi/#%D8%B4%D8%B1%D9%83%D8%A7%D8%AA_%D8%AF%D9%87%D8%A7%D9%86%D8%A7%D8%AA_%D9%81%D9%8A_%D8%A3%D8%A8%D9%88%D8%B8%D8%A8%D9%8A,0,1,0%,4
https://www.rukn-eltatawer.com/dyeing-abu-dhabi/#%D8%B4%D8%B1%D9%83%D8%A7%D8%AA_%D8%B5%D8%A8%D8%BA_%D9%81%D9%8A_%D8%A7%D8%A8%D9%88%D8%B8%D8%A8%D9%8A,0,1,0%,4
https://www.rukn-eltatawer.com/dyeing-abu-dhabi/#%D8%B5%D8%A8%D8%A7%D8%BA_%D9%81%D9%8A_%D8%A3%D8%A8%D9%88%D8%B8%D8%A8%D9%8A,0,1,0%,4
https://www.rukn-eltatawer.com/dyeing-abu-dhabi/#%D9%85%D8%B2%D8%A7%D9%8A%D8%A7_%D8%B4%D8%B1%D9%83%D8%A9_%D8%B5%D8%A8%D8%BA_%D9%81%D9%8A_%D8%A3%D8%A8%D9%88%D8%B8%D8%A8%D9%8A,0,1,0%,4
https://www.rukn-eltatawer.com/garden-cleaning-al-ain/,0,1,0%,4
https://www.rukn-eltatawer.com/sa/kshf-tsrbat-almyah-fy-dba-shrkh-rkn-alttwr/,0,1,0%,4
https://www.rukn-eltatawer.com/water-bill-high-problem-solution-company-in-dubai/,0,1,0%,4
https://www.rukn-eltatawer.com/water-filter-installation-abu-dhabi/,0,1,0%,4
https://www.rukn-eltatawer.com/automatic-door-maintenance-ajman/,0,1,0%,5
https://www.rukn-eltatawer.com/insulators-company-in-sharjah/#%D8%B9%D8%B2%D9%84_%D8%AA%D8%B3%D8%B1%D8%A8%D8%A7%D8%AA_%D8%A7%D9%84%D9%85%D9%8A%D8%A7%D9%87_%D8%A8%D8%A7%D9%84%D8%B4%D8%A7%D8%B1%D9%82%D8%A9,0,1,0%,5
https://www.rukn-eltatawer.com/plaster-installation-al-ain/,0,1,0%,5
https://www.rukn-eltatawer.com/snake-control-fujairah/,0,1,0%,5
https://www.rukn-eltatawer.com/stone-installation-dubai/#%D8%A3%D9%86%D9%88%D8%A7%D8%B9_%D8%A7%D9%84%D8%AD%D8%AC%D8%B1_%D8%A7%D9%84%D8%B7%D8%A8%D9%8A%D8%B9%D9%8A_%D9%88%D8%A7%D9%84%D8%B5%D9%86%D8%A7%D8%B9%D9%8A_%D8%A7%D9%84%D9%85%D8%B3%D8%AA%D8%AE%D8%AF%D9%85_%D9%81%D9%8A_%D8%AF%D8%A8%D9%8A,0,1,0%,5
https://www.rukn-eltatawer.com/stone-installation-dubai/#%D8%AA%D9%83%D9%84%D9%81%D8%A9_%D8%AA%D8%B1%D9%83%D9%8A%D8%A8_%D8%A7%D9%84%D8%AD%D8%AC%D8%B1_%D8%A7%D9%84%D8%B7%D8%A8%D9%8A%D8%B9%D9%8A_%D9%88%D8%A7%D9%84%D8%B5%D9%86%D8%A7%D8%B9%D9%8A_%D9%81%D9%8A_%D8%AF%D8%A8%D9%8A,0,1,0%,5
https://www.rukn-eltatawer.com/stone-installation-dubai/#%D8%B9%D9%85%D9%84%D9%8A%D8%A9_%D8%AA%D8%B1%D9%83%D9%8A%D8%A8_%D8%A7%D9%84%D8%AD%D8%AC%D8%B1_%D8%A7%D9%84%D8%B7%D8%A8%D9%8A%D8%B9%D9%8A_%D9%88%D8%A7%D9%84%D8%B5%D9%86%D8%A7%D8%B9%D9%8A_%D9%81%D9%8A_%D8%AF%D8%A8%D9%8A,0,1,0%,5
https://www.rukn-eltatawer.com/stone-installation-dubai/#%D8%B9%D9%88%D8%A7%D9%85%D9%84_%D8%A7%D8%AE%D8%AA%D9%8A%D8%A7%D8%B1_%D8%B4%D8%B1%D9%83%D8%A9_%D8%AA%D8%B1%D9%83%D9%8A%D8%A8_%D8%A7%D9%84%D8%AD%D8%AC%D8%B1_%D8%A7%D9%84%D8%B7%D8%A8%D9%8A%D8%B9%D9%8A_%D9%88%D8%A7%D9%84%D8%B5%D9%86%D8%A7%D8%B9%D9%8A_%D9%81%D9%8A_%D8%AF%D8%A8%D9%8A,0,1,0%,5
https://www.rukn-eltatawer.com/stone-installation-dubai/#%D9%85%D9%82%D8%AF%D9%85%D8%A9,0,1,0%,5
https://www.rukn-eltatawer.com/stone-installation-dubai/#%D9%86%D9%85%D8%A7%D8%B0%D8%AC_%D9%88%D8%A3%D9%85%D8%AB%D9%84%D8%A9_%D9%84%D9%85%D8%B4%D8%A7%D8%B1%D9%8A%D8%B9_%D8%AA%D8%B1%D9%83%D9%8A%D8%A8_%D8%A7%D9%84%D8%AD%D8%AC%D8%B1_%D8%A7%D9%84%D8%B7%D8%A8%D9%8A%D8%B9%D9%8A_%D9%88%D8%A7%D9%84%D8%B5%D9%86%D8%A7%D8%B9%D9%8A_%D9%81%D9%8A_%D8%AF%D8%A8%D9%8A,0,1,0%,5
https://www.rukn-eltatawer.com/a-contracting-company-in-abu-dhabi/#%D8%A3%D8%B3%D8%B9%D8%A7%D8%B1_%D8%A7%D9%84%D8%B4%D8%B1%D9%83%D8%A9,0,1,0%,6
https://www.rukn-eltatawer.com/a-contracting-company-in-abu-dhabi/#%D8%A7%D9%84%D8%AA%D9%82%D9%86%D9%8A%D8%A7%D8%AA_%D9%88%D8%A7%D9%84%D8%AA%D8%B7%D9%88%D8%B1%D8%A7%D8%AA,0,1,0%,6
https://www.rukn-eltatawer.com/a-contracting-company-in-abu-dhabi/#%D8%B4%D8%B1%D9%83%D8%A7%D8%AA_%D8%B5%D9%8A%D8%A7%D9%86%D8%A9_%D8%A7%D9%84%D9%85%D8%A8%D8%A7%D9%86%D9%8A_%D9%81%D9%8A_%D8%A3%D8%A8%D9%88%D8%B8%D8%A8%D9%8A,0,1,0%,6
https://www.rukn-eltatawer.com/a-contracting-company-in-abu-dhabi/#%D9%85%D9%82%D8%A7%D9%88%D9%84%D8%A7%D8%AA_%D8%B9%D8%A7%D9%85%D8%A9_%D9%81%D9%8A_%D8%A3%D8%A8%D9%88%D8%B8%D8%A8%D9%8A,0,1,0%,6
https://www.rukn-eltatawer.com/air-conditioner-cleaning-in-sharjah/#%D8%A7%D9%84%D8%AA%D9%88%D8%A7%D8%B5%D9%84_%D9%85%D8%B9_%D8%B4%D8%B1%D9%83%D8%A9_%D8%AA%D9%86%D8%B8%D9%8A%D9%81_%D9%85%D9%83%D9%8A%D9%81%D8%A7%D8%AA_%D9%81%D9%8A_%D8%A7%D9%84%D8%B4%D8%A7%D8%B1%D9%82%D8%A9,0,1,0%,6
https://www.rukn-eltatawer.com/air-conditioner-cleaning-in-sharjah/#%D8%B4%D8%B1%D9%83%D8%A9_%D8%AA%D9%86%D8%B8%D9%8A%D9%81_%D9%85%D9%83%D9%8A%D9%81%D8%A7%D8%AA_%D9%81%D9%8A_%D8%A7%D9%84%D8%B4%D8%A7%D8%B1%D9%82%D8%A9,0,1,0%,6
https://www.rukn-eltatawer.com/dubai-carpet-cleaning-company/#%D8%AE%D8%AF%D9%85%D8%A7%D8%AA_%D8%B4%D8%B1%D9%83%D8%A9_%D8%B1%D9%83%D9%86_%D8%A7%D9%84%D8%AA%D8%B7%D9%88%D8%B1,0,1,0%,6
https://www.rukn-eltatawer.com/dubai-carpet-cleaning-company/#%D8%B4%D8%B1%D9%83%D8%A9_%D8%BA%D8%B3%D9%8A%D9%84_%D8%B3%D8%AC%D8%A7%D8%AF_%D8%A8%D8%AF%D8%A8%D9%8A,0,1,0%,6
https://www.rukn-eltatawer.com/microwave-repair-abu-dhabi/,0,1,0%,6
https://www.rukn-eltatawer.com/pest-control-company-in-al-ain/#%D9%81%D9%88%D8%A7%D8%A6%D8%AF_%D8%A7%D9%84%D8%AA%D8%B9%D8%A7%D9%82%D8%AF_%D9%85%D8%B9_%D8%B4%D8%B1%D9%83%D8%A9_%D9%85%D9%83%D8%A7%D9%81%D8%AD%D8%A9_%D8%A7%D9%84%D8%AD%D8%B4%D8%B1%D8%A7%D8%AA,0,1,0%,6
https://www.rukn-eltatawer.com/sewer-wiring-abu-dhabi/#%D8%AA%D8%B3%D9%84%D9%8A%D9%83_%D9%85%D8%AC%D8%A7%D8%B1%D9%8A_%D8%A7%D9%84%D8%AD%D9%85%D8%A7%D9%85_%D9%81%D9%8A_%D8%A7%D8%A8%D9%88%D8%B8%D8%A8%D9%8A,0,1,0%,6
https://www.rukn-eltatawer.com/ajman-villas-cleaning-company/#%D8%B4%D8%B1%D9%83%D8%A9_%D8%AA%D9%86%D8%B8%D9%8A%D9%81_%D8%AD%D8%AF%D8%A7%D8%A6%D9%82_%D9%81%D9%84%D9%84_%D8%B9%D8%AC%D9%85%D8%A7%D9%86,0,1,0%,7
https://www.rukn-eltatawer.com/cold-and-freezing-room-maintenance-in-dubai/#%D8%A3%D9%87%D9%85%D9%8A%D8%A9_%D8%B5%D9%8A%D8%A7%D9%86%D8%A9_%D8%BA%D8%B1%D9%81_%D8%A7%D9%84%D8%AA%D8%A8%D8%B1%D9%8A%D8%AF_%D9%88%D8%A7%D9%84%D8%AA%D8%AC%D9%85%D9%8A%D8%AF_%D9%81%D9%8A_%D8%AF%D8%A8%D9%8A,0,1,0%,7
https://www.rukn-eltatawer.com/general-maintenance-company-abu-dhabi/#%D8%B4%D8%B1%D9%83%D8%A9_%D8%AA%D9%83%D8%B3%D9%8A%D8%B1_%D9%88%D8%AA%D8%B1%D9%85%D9%8A%D9%85_%D9%81%D9%84%D9%84_%D8%B4%D8%B1%D9%83%D8%A9_%D8%B5%D9%8A%D8%A7%D9%86%D8%A9_%D8%B9%D8%A7%D9%85%D8%A9_%D8%A3%D8%A8%D9%88%D8%B8%D8%A8%D9%8A,0,1,0%,7
https://www.rukn-eltatawer.com/general-maintenance-company-abu-dhabi/#%D8%B4%D8%B1%D9%83%D8%A9_%D8%B5%D9%8A%D8%A7%D9%86%D8%A9_%D8%B9%D8%A7%D9%85%D8%A9_%D8%A3%D8%A8%D9%88%D8%B8%D8%A8%D9%8A,0,1,0%,7
https://www.rukn-eltatawer.com/sewerage-plumbing-dubai/#%F0%9F%8D%BD%EF%B8%8F_%D8%AA%D8%B3%D9%84%D9%8A%D9%83_%D9%85%D8%AC%D8%A7%D8%B1%D9%8A_%D8%A7%D9%84%D9%85%D8%B7%D8%A8%D8%AE_%D9%81%D9%8A_%D8%AF%D8%A8%D9%8A_%E2%80%94_%D8%A7%D9%84%D8%A3%D8%B5%D8%B9%D8%A8_%D9%88%D8%A7%D9%84%D8%A3%D9%83%D8%AB%D8%B1_%D8%B4%D9%8A%D9%88%D8%B9%D8%A7%D9%8B,0,1,0%,7
https://www.rukn-eltatawer.com/vinyl-flooring-abu-dhabi/,0,1,0%,7
https://www.rukn-eltatawer.com/al-ain-marble-polishing-and-polishing/,0,1,0%,8
https://www.rukn-eltatawer.com/electrical-maintenance-dubai/,0,1,0%,8
https://www.rukn-eltatawer.com/stone-installation-ras-al-khaimah/,0,1,0%,8
https://www.rukn-eltatawer.com/abu-dhabi-sofa-cleaning-company/,0,1,0%,9
https://www.rukn-eltatawer.com/category/maintenance/,0,1,0%,10
https://www.rukn-eltatawer.com/sa/water-leak-detection-al-bukayriyah/,0,1,0%,12