أهم الصفحات,النقرات,عدد الظهور,نسبة النقر إلى الظهور,موضع
https://www.rukn-eltatawer.com/hourly-cleaning-maids-sharjah/,30,964,3.11%,9.5
https://www.rukn-eltatawer.com/hourly-cleaning-maids-abu-dhabi/,20,2299,0.87%,6.86
https://www.rukn-eltatawer.com/hourly-cleaning-maids-dubai/,17,1149,1.48%,7.2
https://www.rukn-eltatawer.com/,16,555,2.88%,17.26
https://www.rukn-eltatawer.com/leak-detection-company-in-dubai/,14,875,1.6%,11.4
https://www.rukn-eltatawer.com/general-maintenance-company-in-dubai/,14,211,6.64%,6.64
https://www.rukn-eltatawer.com/insect-control-in-sharjah/,13,940,1.38%,6.41
https://www.rukn-eltatawer.com/water-leak-detection-company-in-qatar/,13,98,13.27%,5.6
https://www.rukn-eltatawer.com/cleaning-company-in-sharjah/,12,1772,0.68%,8.18
https://www.rukn-eltatawer.com/a-water-leak-detection-company-in-abu-dhabi/,12,517,2.32%,7.82
https://www.rukn-eltatawer.com/insect-control-in-abu-dhabi/,10,990,1.01%,7.64
https://www.rukn-eltatawer.com/pest-control-company-in-ajman/,10,644,1.55%,4.12
https://www.rukn-eltatawer.com/clearing-transactions-in-abu-dhabi/,10,378,2.65%,5.14
https://www.rukn-eltatawer.com/surface-insulation-company-in-dubai/,9,613,1.47%,13.93
https://www.rukn-eltatawer.com/insect-control-in-dubai/,8,1054,0.76%,5.42
https://www.rukn-eltatawer.com/al-ain-landscaping-company/,8,198,4.04%,10.95
https://www.rukn-eltatawer.com/general-maintenance-company-sharjah/,7,329,2.13%,7.33
https://www.rukn-eltatawer.com/dyeing-in-sharjah/,7,190,3.68%,8.89
https://www.rukn-eltatawer.com/general-maintenance-company-abu-dhabi/,7,183,3.83%,10.55
https://www.rukn-eltatawer.com/pest-control-company-in-fujairah/,6,240,2.5%,5.88
https://www.rukn-eltatawer.com/sewer-plumbing-ajman/,6,236,2.54%,7.56
https://www.rukn-eltatawer.com/pest-control-company-in-al-ain/,5,355,1.41%,5.32
https://www.rukn-eltatawer.com/abu-dhabi-landscaping-company/,5,233,2.15%,11.78
https://www.rukn-eltatawer.com/swimming-pools-company-in-sharjah/,5,129,3.88%,9.85
https://www.rukn-eltatawer.com/ajman-roof-insulation-company/,5,117,4.27%,8
https://www.rukn-eltatawer.com/abu-dhabi-air-conditioner-cleaning-company/,4,375,1.07%,13.67
https://www.rukn-eltatawer.com/roof-insulation-in-abu-dhabi/,4,363,1.1%,12.96
https://www.rukn-eltatawer.com/house-cleaning-company-in-ajman/,4,292,1.37%,7.08
https://www.rukn-eltatawer.com/installing-gypsum-boards-in-abu-dhabi/,4,241,1.66%,6.72
https://www.rukn-eltatawer.com/sewerage-plumbing-company-in-al-ain/,4,239,1.67%,5.02
https://www.rukn-eltatawer.com/parquet-installation-in-abu-dhabi/,4,222,1.8%,7.6
https://www.rukn-eltatawer.com/landscaping-company-in-dubai/,4,190,2.11%,9.29
https://www.rukn-eltatawer.com/automatic-door-maintenance-abu-dhabi/,4,63,6.35%,7.08
https://www.rukn-eltatawer.com/tank-lining-maintenance-abu-dhabi/,4,52,7.69%,18.96
https://www.rukn-eltatawer.com/vacuum-cleaner-repair-abu-dhabi/,4,47,8.51%,6.23
https://www.rukn-eltatawer.com/microwave-repair-ajman/,4,6,66.67%,3
https://www.rukn-eltatawer.com/sewerage-plumbing-dubai/,3,879,0.34%,7.35
https://www.rukn-eltatawer.com/cleaning-company-in-dubai/,3,856,0.35%,6.95
https://www.rukn-eltatawer.com/sewerage-plumbing-sharjah/,3,759,0.4%,5.88
https://www.rukn-eltatawer.com/mobile-car-wash-in-abu-dhabi/,3,190,1.58%,21.08
https://www.rukn-eltatawer.com/insect-control-in-umm-al-quwain/,3,172,1.74%,4.41
https://www.rukn-eltatawer.com/abu-dhabi-soundproofing-installation-company/,3,171,1.75%,21.67
https://www.rukn-eltatawer.com/swimming-pool-company-in-abu-dhabi/,3,89,3.37%,10.09
https://www.rukn-eltatawer.com/general-maintenance-company-al-ain/,3,42,7.14%,5.31
https://www.rukn-eltatawer.com/kitchen-hood-installation-abu-dhabi/,3,42,7.14%,5.88
https://www.rukn-eltatawer.com/kitchen-hood-installation-ajman/,3,14,21.43%,5.64
https://www.rukn-eltatawer.com/insect-control-in-dubai/#%D8%A7%D9%81%D8%B6%D9%84_%D8%B4%D8%B1%D9%83%D8%A9_%D9%85%D9%83%D8%A7%D9%81%D8%AD%D8%A9_%D8%AD%D8%B4%D8%B1%D8%A7%D8%AA_%D9%81%D9%8A_%D8%AF%D8%A8%D9%8A_%D9%85%D8%B9%D8%AA%D9%85%D8%AF%D8%A9,2,786,0.25%,2.75
https://www.rukn-eltatawer.com/ras-al-khaimah-villas-cleaning-company/,2,482,0.41%,10.46
https://www.rukn-eltatawer.com/sewer-wiring-abu-dhabi/,2,409,0.49%,6.8
https://www.rukn-eltatawer.com/al-ain-sofa-cleaning-company/,2,357,0.56%,6.78
https://www.rukn-eltatawer.com/termite-control-sharjah/,2,352,0.57%,8.72
https://www.rukn-eltatawer.com/hourly-cleaning-maids-sharjah/#%D8%A3%D9%81%D8%B6%D9%84_%D8%B9%D8%A7%D9%85%D9%84%D8%A7%D8%AA_%D9%86%D8%B8%D8%A7%D9%81%D8%A9_%D8%A8%D8%A7%D9%84%D8%B3%D8%A7%D8%B9%D8%A9%E2%80%8B_%D9%81%D9%8A_%D8%A7%D9%84%D8%B4%D8%A7%D8%B1%D9%82%D8%A9,2,285,0.7%,3.28
https://www.rukn-eltatawer.com/insect-control-in-ras-al-khaimah/,2,259,0.77%,6.56
https://www.rukn-eltatawer.com/insulators-company-in-sharjah/,2,250,0.8%,17.28
https://www.rukn-eltatawer.com/sharjah-gypsum-board-installation-company/,2,247,0.81%,7.75
https://www.rukn-eltatawer.com/house-cleaning-company-in-fujairah/,2,191,1.05%,7.54
https://www.rukn-eltatawer.com/dubai-tank-cleaning-company/,2,183,1.09%,8.08
https://www.rukn-eltatawer.com/ras-al-khaimah-roof-insulation-company/,2,181,1.1%,11.31
https://www.rukn-eltatawer.com/air-conditioner-cleaning-in-sharjah/,2,178,1.12%,11.67
https://www.rukn-eltatawer.com/al-ain-villas-cleaning-company/,2,175,1.14%,10.09
https://www.rukn-eltatawer.com/dubai-pigeons-repellent-installation/,2,150,1.33%,7.61
https://www.rukn-eltatawer.com/water-leak-detection-company-in-al-ain/,2,141,1.42%,6.43
https://www.rukn-eltatawer.com/dubai-villas-cleaning-company/,2,141,1.42%,12.75
https://www.rukn-eltatawer.com/thermal-insulation-abu-dhabi/,2,132,1.52%,11.94
https://www.rukn-eltatawer.com/sharjah-carpet-cleaning-company/,2,129,1.55%,7.07
https://www.rukn-eltatawer.com/dyeing-in-al-ain/,2,125,1.6%,7.55
https://www.rukn-eltatawer.com/sharjah-soundproofing-installation-company/,2,123,1.63%,10.84
https://www.rukn-eltatawer.com/sharjah-tank-cleaning-company/,2,117,1.71%,4.67
https://www.rukn-eltatawer.com/ceramic-installation-company-in-dubai/,2,115,1.74%,6.08
https://www.rukn-eltatawer.com/ras-al-khaimah-sofa-cleaning-company/,2,98,2.04%,6.55
https://www.rukn-eltatawer.com/water-leak-detection-company-in-ajman/,2,96,2.08%,3.98
https://www.rukn-eltatawer.com/parquet-installation-company-in-dubai/,2,92,2.17%,5.77
https://www.rukn-eltatawer.com/air-conditioner-cleaning-company-in-ajman/,2,89,2.25%,10.44
https://www.rukn-eltatawer.com/roof-insulation-company-al-ain/,2,86,2.33%,10.35
https://www.rukn-eltatawer.com/paints-company-in-dubai/,2,84,2.38%,8.26
https://www.rukn-eltatawer.com/umm-al-quwain-sofa-cleaning-company/,2,67,2.99%,13.01
https://www.rukn-eltatawer.com/parquet-installation-company-in-ajman/,2,60,3.33%,3.68
https://www.rukn-eltatawer.com/suspended-ceiling-installation-dubai/,2,51,3.92%,7.61
https://www.rukn-eltatawer.com/abu-dhabi-swimming-pool-cleaning-company/,2,49,4.08%,9.49
https://www.rukn-eltatawer.com/parquet-installation-company-in-al-ain/,2,47,4.26%,12.3
https://www.rukn-eltatawer.com/installation-of-gypsum-board-fujairah/,2,46,4.35%,5.02
https://www.rukn-eltatawer.com/a-plumber-in-dubai/,2,41,4.88%,14.05
https://www.rukn-eltatawer.com/bathroom-insulation-abu-dhabi/,2,24,8.33%,16.67
https://www.rukn-eltatawer.com/solar-systems-installation-ajman/,2,17,11.76%,6.94
https://www.rukn-eltatawer.com/kitchen-hood-installation-al-ain/,2,16,12.5%,13.12
https://www.rukn-eltatawer.com/kitchen-hood-installation-sharjah/,2,6,33.33%,3.83
https://www.rukn-eltatawer.com/insect-control-in-dubai/#%D8%A7%D8%B1%D8%AE%D8%B5_%D8%B4%D8%B1%D9%83%D8%A9_%D9%85%D9%83%D8%A7%D9%81%D8%AD%D8%A9_%D8%AD%D8%B4%D8%B1%D8%A7%D8%AA_%D9%81%D9%8A_%D8%AF%D8%A8%D9%8A,1,639,0.16%,2.55
https://www.rukn-eltatawer.com/sharjah-pigeons-repellent-installation-company/,1,277,0.36%,10.06
https://www.rukn-eltatawer.com/a-contracting-company-in-abu-dhabi/,1,274,0.36%,9.81
https://www.rukn-eltatawer.com/shrkh-tnzyf-mkyfat-fy-dby/,1,260,0.38%,7.53
https://www.rukn-eltatawer.com/ras-al-khaimah-sewage-wiring-company/,1,243,0.41%,5.39
https://www.rukn-eltatawer.com/a-water-leak-detection-company-in-sharjah/,1,221,0.45%,11.4
https://www.rukn-eltatawer.com/gypsum-board-installation-in-dubai/,1,194,0.52%,9.06
https://www.rukn-eltatawer.com/abu-dhabi-sofa-cleaning-company/,1,193,0.52%,11.25
https://www.rukn-eltatawer.com/a-water-leak-detection-company-in-abu-dhabi/#%D8%A3%D9%81%D8%B6%D9%84_%D8%B4%D8%B1%D9%83%D8%A9_%D9%85%D8%AA%D8%AE%D8%B5%D8%B5%D8%A9_%D9%81%D9%8A_%D9%83%D8%B4%D9%81_%D8%AA%D8%B3%D8%B1%D8%A8%D8%A7%D8%AA_%D8%A7%D9%84%D9%85%D9%8A%D8%A7%D9%87_%D9%81%D9%8A_%D8%A3%D8%A8%D9%88%D8%B8%D8%A8%D9%8A,1,182,0.55%,3.65
https://www.rukn-eltatawer.com/dubai-soundproofing-installation-company/,1,168,0.6%,19.06
https://www.rukn-eltatawer.com/al-ain-boards-cleaning-company/,1,159,0.63%,17.21
https://www.rukn-eltatawer.com/sharjah-sofa-cleaning-company/,1,129,0.78%,14.21
https://www.rukn-eltatawer.com/stone-installation-dubai/,1,98,1.02%,8.57
https://www.rukn-eltatawer.com/pigeons-repellent-installation-company-in-al-ain/,1,91,1.1%,12.66
https://www.rukn-eltatawer.com/fujairah-roof-insulation-company/,1,90,1.11%,14.89
https://www.rukn-eltatawer.com/sharjah-marble-polishing-and-polishing-company/,1,80,1.25%,8.72
https://www.rukn-eltatawer.com/al-ain-carpet-cleaning-company/,1,79,1.27%,6.16
https://www.rukn-eltatawer.com/umm-al-quwain-sewage-wiring/,1,76,1.32%,10.59
https://www.rukn-eltatawer.com/ajman-villas-cleaning-company/,1,75,1.33%,12.77
https://www.rukn-eltatawer.com/humidity-treatment-in-dubai/,1,71,1.41%,5.58
https://www.rukn-eltatawer.com/parquet-installation-company-in-sharjah/,1,69,1.45%,4.55
https://www.rukn-eltatawer.com/ajman-roof-insulation-company/#%D8%A7%D9%81%D8%B6%D9%84_%D8%B4%D8%B1%D9%83%D8%A9_%D8%B9%D8%B2%D9%84_%D8%A3%D8%B3%D8%B7%D8%AD_%D9%81%D9%8A_%D8%B9%D8%AC%D9%85%D8%A7%D9%86,1,68,1.47%,3.4
https://www.rukn-eltatawer.com/air-conditioner-cleaning-in-sharjah/#%D8%A3%D9%81%D8%B6%D9%84_%D8%B4%D8%B1%D9%83%D8%A9_%D8%AA%D9%86%D8%B8%D9%8A%D9%81_%D9%85%D9%83%D9%8A%D9%81%D8%A7%D8%AA_%D9%81%D9%8A_%D8%A7%D9%84%D8%B4%D8%A7%D8%B1%D9%82%D8%A9,1,68,1.47%,4.56
https://www.rukn-eltatawer.com/al-ain-landscaping-company/#%D8%A7%D9%81%D8%B6%D9%84_%D8%B4%D8%B1%D9%83%D8%A9_%D8%AA%D9%86%D8%B3%D9%8A%D9%82_%D8%AD%D8%AF%D8%A7%D8%A6%D9%82_%D8%A8%D8%A7%D9%84%D8%B9%D9%8A%D9%86,1,59,1.69%,2.75
https://www.rukn-eltatawer.com/swimming-pool-cleaning-in-dubai/,1,58,1.72%,14.5
https://www.rukn-eltatawer.com/shade-installation-abu-dhabi/,1,56,1.79%,6.8
https://www.rukn-eltatawer.com/parquet-installation-company-in-ras-al-khaimah/,1,56,1.79%,20.61
https://www.rukn-eltatawer.com/ras-al-khaimah-carpet-cleaning-company/,1,54,1.85%,8.63
https://www.rukn-eltatawer.com/air-conditioning-installation-in-ras-al-khaimah/,1,54,1.85%,12.91
https://www.rukn-eltatawer.com/air-conditioner-cleaning-company-in-umm-al-quwain/,1,53,1.89%,6.81
https://www.rukn-eltatawer.com/ajman-carpet-cleaning-company/,1,48,2.08%,8.35
https://www.rukn-eltatawer.com/parquet-installation-company-in-fujairah/,1,47,2.13%,20.64
https://www.rukn-eltatawer.com/building-maintenance-dubai/,1,44,2.27%,20.43
https://www.rukn-eltatawer.com/roof-insulation-company-abu-dhabi/,1,41,2.44%,21.46
https://www.rukn-eltatawer.com/dubai-kitchen-cleaning-company/,1,38,2.63%,11.39
https://www.rukn-eltatawer.com/cctv-maintenance-abu-dhabi/,1,35,2.86%,6.43
https://www.rukn-eltatawer.com/sa/sa/water-leak-detection-shaqra/,1,31,3.23%,25.29
https://www.rukn-eltatawer.com/sa/water-leak-detection-an-nuayriyah/,1,24,4.17%,11.17
https://www.rukn-eltatawer.com/bathroom-renovation-abu-dhabi/,1,20,5%,10.05
https://www.rukn-eltatawer.com/ajman-majlis-cleaning-company/,1,19,5.26%,15.42
https://www.rukn-eltatawer.com/interlock-installation-dubai/,1,17,5.88%,13.24
https://www.rukn-eltatawer.com/elevator-maintenance-sharjah/,1,14,7.14%,5.29
https://www.rukn-eltatawer.com/home-plumber-ras-al-khaimah/,1,14,7.14%,9.21
https://www.rukn-eltatawer.com/lizard-control-dubai/,1,12,8.33%,6.75
https://www.rukn-eltatawer.com/sa/water-leak-detection-tanuma/,1,11,9.09%,15.45
https://www.rukn-eltatawer.com/elevator-maintenance-al-ain/,1,10,10%,3.5
https://www.rukn-eltatawer.com/microwave-repair-abu-dhabi/,1,10,10%,5
https://www.rukn-eltatawer.com/bird-control-abu-dhabi/,1,10,10%,6.4
https://www.rukn-eltatawer.com/old-house-renovation-abu-dhabi/,1,9,11.11%,7.11
https://www.rukn-eltatawer.com/stone-facade-cleaning-abu-dhabi/,1,9,11.11%,13.89
https://www.rukn-eltatawer.com/sterilization-company-in-ajman/,1,9,11.11%,16.22
https://www.rukn-eltatawer.com/landscaping-ras-al-khaimah/,1,8,12.5%,8.62
https://www.rukn-eltatawer.com/category/pest-control/,1,8,12.5%,15
https://www.rukn-eltatawer.com/kitchen-hood-installation-ras-al-khaimah/,1,7,14.29%,3.86
https://www.rukn-eltatawer.com/stone-installation-ajman/,1,6,16.67%,4.17
https://www.rukn-eltatawer.com/waterfalls-and-fountains-in-abu-dhabi/,1,5,20%,2.8
https://www.rukn-eltatawer.com/en/false-ceiling-installation-abu-dhabi/,1,4,25%,2.75
https://www.rukn-eltatawer.com/kitchen-renovation-al-ain/,1,4,25%,6.25
https://www.rukn-eltatawer.com/villa-inspection-sharjah/,1,4,25%,9
https://www.rukn-eltatawer.com/automatic-door-maintenance-umm-al-quwain/,1,3,33.33%,4.67
https://www.rukn-eltatawer.com/qa/shrkh-syanh-abwab-khshbyh-fy-qtr/,1,3,33.33%,5
https://www.rukn-eltatawer.com/category/land-scaping/,1,3,33.33%,6.33
https://www.rukn-eltatawer.com/vinyl-flooring-dubai/,1,3,33.33%,7
https://www.rukn-eltatawer.com/modern-irrigation-al-ain/,1,3,33.33%,7.67
https://www.rukn-eltatawer.com/thermal-insulation-dubai/,1,3,33.33%,10
https://www.rukn-eltatawer.com/mall-cleaning-dubai/,1,2,50%,6
https://www.rukn-eltatawer.com/brick-installation-abu-dhabi/,1,2,50%,16
https://www.rukn-eltatawer.com/vinyl-flooring-ras-al-khaimah/,1,1,100%,1
https://www.rukn-eltatawer.com/wall-foam-installation-al-ain/,1,1,100%,1
https://www.rukn-eltatawer.com/chimney-cleaning-abu-dhabi/,1,1,100%,3
https://www.rukn-eltatawer.com/qa/shrkh-fhs-mbany-fy-qtr/,1,1,100%,3
https://www.rukn-eltatawer.com/door-installation-abu-dhabi/,1,1,100%,4
https://www.rukn-eltatawer.com/artificial-waterfall-al-ain/,1,1,100%,5
https://www.rukn-eltatawer.com/water-tank-cooling-abu-dhabi/,1,1,100%,8
https://www.rukn-eltatawer.com/hourly-cleaning-maids-abu-dhabi/#%D9%86%D8%B5%D8%A7%D8%A6%D8%AD_%D8%B4%D8%B1%D9%83%D8%A9_%D8%AE%D8%A7%D8%AF%D9%85%D8%A7%D8%AA_%D9%88_%D8%B9%D8%A7%D9%85%D9%84%D8%A7%D8%AA_%D8%AA%D9%86%D8%B8%D9%8A%D9%81_%D8%A8%D8%A7%D9%84%D8%B3%D8%A7%D8%B9%D9%87_%D9%81%D9%8A_%D8%A3%D8%A8%D9%88%D8%B8%D8%A8%D9%8A_%D9%84%D9%84%D9%85%D8%AD%D8%A7%D9%81%D8%B8%D8%A9_%D8%B9%D9%84%D9%89_%D9%86%D8%B8%D8%A7%D9%81%D8%A9_%D8%A7%D9%84%D9%85%D9%86%D8%B2%D9%84,0,922,0%,4.23
https://www.rukn-eltatawer.com/hourly-cleaning-maids-abu-dhabi/#%D8%A3%D9%81%D8%B6%D9%84_%D8%B4%D8%B1%D9%83%D8%A9_%D8%B9%D8%A7%D9%85%D9%84%D8%A7%D8%AA_%D8%AA%D9%86%D8%B8%D9%8A%D9%81_%D8%A8%D8%A7%D9%84%D8%B3%D8%A7%D8%B9%D9%87_%D9%81%D9%8A_%D8%A3%D8%A8%D9%88%D8%B8%D8%A8%D9%8A_%D9%88%D8%AE%D8%A7%D8%AF%D9%85%D8%A7%D8%AA,0,817,0%,4.35
https://www.rukn-eltatawer.com/hourly-cleaning-maids-abu-dhabi/#%D9%83%D9%8A%D9%81%D9%8A%D8%A9_%D8%A7%D8%AE%D8%AA%D9%8A%D8%A7%D8%B1_%D8%A3%D9%81%D8%B6%D9%84_%D8%B4%D8%B1%D9%83%D8%A9_%D8%AA%D9%86%D8%B8%D9%8A%D9%81_%D8%A8%D8%A7%D9%84%D8%B3%D8%A7%D8%B9%D8%A9_%D9%81%D9%8A_%D8%A3%D8%A8%D9%88%D8%B8%D8%A8%D9%8A,0,787,0%,4.32
https://www.rukn-eltatawer.com/hourly-cleaning-maids-abu-dhabi/#%D8%AE%D8%AF%D9%85%D8%A7%D8%AA_%D8%B4%D8%B1%D9%83%D8%A9_%D8%AA%D9%86%D8%B8%D9%8A%D9%81_%D8%A8%D8%A7%D9%84%D8%B3%D8%A7%D8%B9%D8%A9_%D9%81%D9%8A_%D8%A3%D8%A8%D9%88%D8%B8%D8%A8%D9%8A,0,767,0%,4.33
https://www.rukn-eltatawer.com/insect-control-in-dubai/#%D8%B4%D8%B1%D9%83%D8%A9_%D9%85%D9%83%D8%A7%D9%81%D8%AD%D8%A9_%D8%AD%D8%B4%D8%B1%D8%A7%D8%AA_%D9%81%D9%8A_%D8%AF%D8%A8%D9%8A,0,746,0%,2.64
https://www.rukn-eltatawer.com/hourly-cleaning-maids-abu-dhabi/#%D8%B4%D8%BA%D8%A7%D9%84%D8%A7%D8%AA_%D8%B9%D8%A7%D9%85%D9%84%D8%A7%D8%AA_%D8%AA%D9%86%D8%B8%D9%8A%D9%81_%D8%A8%D8%A7%D9%84%D8%B3%D8%A7%D8%B9%D9%87_%D9%81%D9%8A_%D8%A3%D8%A8%D9%88%D8%B8%D8%A8%D9%8A,0,716,0%,4.3
https://www.rukn-eltatawer.com/insect-control-in-dubai/#%D8%B4%D8%B1%D9%83%D8%A9_%D8%B1%D8%B4_%D8%AD%D8%B4%D8%B1%D8%A7%D8%AA_%D9%81%D9%8A_%D8%AF%D8%A8%D9%8A,0,715,0%,2.59
https://www.rukn-eltatawer.com/insect-control-in-dubai/#%D8%AE%D8%AF%D9%85%D8%A7%D8%AA_%D8%B4%D8%B1%D9%83%D8%A9_%D9%85%D9%83%D8%A7%D9%81%D8%AD%D8%A9_%D8%AD%D8%B4%D8%B1%D8%A7%D8%AA_%D9%81%D9%8A_%D8%AF%D8%A8%D9%8A,0,690,0%,2.64
https://www.rukn-eltatawer.com/insect-control-in-dubai/#%D9%85%D9%83%D8%A7%D9%81%D8%AD%D8%A9_%D8%AD%D8%B4%D8%B1%D8%A7%D8%AA_%D8%A7%D9%84%D8%A8%D9%82_%D9%81%D9%8A_%D8%AF%D8%A8%D9%8A,0,638,0%,2.65
https://www.rukn-eltatawer.com/insect-control-in-dubai/#%D8%B4%D8%B1%D9%83%D8%A9_%D9%85%D9%83%D8%A7%D9%81%D8%AD%D8%A9_%D8%A7%D9%84%D8%B5%D8%B1%D8%A7%D8%B5%D9%8A%D8%B1_%D9%81%D9%8A_%D8%AF%D8%A8%D9%8A,0,623,0%,2.54
https://www.rukn-eltatawer.com/cleaning-company-in-sharjah/#%D8%A3%D9%81%D8%B6%D9%84_%D8%B4%D8%B1%D9%83%D8%A9_%D8%B1%D9%83%D9%86_%D8%A7%D9%84%D8%AA%D8%B7%D9%88%D8%B1_%D8%A3%D9%81%D8%B6%D9%84_%D8%B4%D8%B1%D9%83%D8%A9_%D8%AA%D9%86%D8%B8%D9%8A%D9%81_%D9%85%D9%86%D8%A7%D8%B2%D9%84_%D9%81%D9%8A_%D8%A7%D9%84%D8%B4%D8%A7%D8%B1%D9%82%D8%A9_%D8%AA%D8%B9%D9%82%D9%8A%D9%85_%D9%81%D9%86%D8%AF%D9%82%D9%8A_%D8%A8%D8%B6%D9%85%D8%A7%D9%86_2026,0,609,0%,3.85
https://www.rukn-eltatawer.com/insect-control-in-sharjah/#%D8%A7%D9%81%D8%B6%D9%84_%D8%B4%D8%B1%D9%83%D8%A9_%D9%85%D9%83%D8%A7%D9%81%D8%AD%D8%A9_%D8%AD%D8%B4%D8%B1%D8%A7%D8%AA_%D9%81%D9%8A_%D8%A7%D9%84%D8%B4%D8%A7%D8%B1%D9%82%D8%A9,0,588,0%,4.12
https://www.rukn-eltatawer.com/cleaning-company-in-sharjah/#%D8%AE%D8%AF%D9%85%D8%A7%D8%AA_%D9%88%D8%A3%D8%B3%D8%B9%D8%A7%D8%B1_%D8%B4%D8%B1%D9%83%D8%A9_%D8%B1%D9%83%D9%86_%D8%A7%D9%84%D8%AA%D8%B7%D9%88%D8%B1_%D8%A3%D9%81%D8%B6%D9%84_%D8%B4%D8%B1%D9%83%D8%A9_%D8%AA%D9%86%D8%B8%D9%8A%D9%81_%D9%85%D9%86%D8%A7%D8%B2%D9%84_%D9%81%D9%8A_%D8%A7%D9%84%D8%B4%D8%A7%D8%B1%D9%82%D8%A9_2026,0,585,0%,3.82
https://www.rukn-eltatawer.com/hourly-cleaning-maids-abu-dhabi/#%D8%A3%D8%B1%D8%AE%D8%B5_%D8%B4%D8%B1%D9%83%D8%A9_%D8%AE%D8%A7%D8%AF%D9%85%D8%A7%D8%AA_%D9%88_%D8%B9%D8%A7%D9%85%D9%84%D8%A7%D8%AA_%D8%AA%D9%86%D8%B8%D9%8A%D9%81_%D8%A8%D8%A7%D9%84%D8%B3%D8%A7%D8%B9%D9%87_%D9%81%D9%8A_%D8%A3%D8%A8%D9%88%D8%B8%D8%A8%D9%8A,0,584,0%,4.55
https://www.rukn-eltatawer.com/cleaning-company-in-dubai/#%D8%B9%D9%84%D8%A7%D9%85%D8%A7%D8%AA_%D9%88%D9%85%D8%AE%D8%A7%D8%B7%D8%B1_%D8%A5%D9%87%D9%85%D8%A7%D9%84_%D8%AA%D9%86%D8%B8%D9%8A%D9%81_%D8%A7%D9%84%D9%85%D9%86%D8%A7%D8%B2%D9%84_%D9%81%D9%8A_%D8%AF%D8%A8%D9%8A_%D8%A7%D9%84%D8%AA%D9%8A_%D9%84%D8%A7_%D9%8A%D8%AC%D8%A8_%D8%AA%D8%AC%D8%A7%D9%87%D9%84%D9%87%D8%A7,0,542,0%,4.58
https://www.rukn-eltatawer.com/cleaning-company-in-sharjah/#%D8%B4%D8%B1%D9%83%D8%A9_%D8%B1%D9%83%D9%86_%D8%A7%D9%84%D8%AA%D8%B7%D9%88%D8%B1_%D8%A3%D9%81%D8%B6%D9%84_%D8%B4%D8%B1%D9%83%D8%A9_%D8%AA%D9%86%D8%B8%D9%8A%D9%81_%D9%85%D9%86%D8%A7%D8%B2%D9%84_%D9%81%D9%8A_%D8%A7%D9%84%D8%B4%D8%A7%D8%B1%D9%82%D8%A9_%D8%A8%D8%A7%D8%B3%D8%AA%D8%AE%D8%AF%D8%A7%D9%85_%D8%AA%D9%82%D9%86%D9%8A%D8%A7%D8%AA_2026_%D8%A7%D9%84%D8%B0%D9%83%D9%8A%D8%A9,0,526,0%,3.96
https://www.rukn-eltatawer.com/insect-control-in-sharjah/#%D8%B4%D8%B1%D9%83%D8%A9_%D9%85%D9%83%D8%A7%D9%81%D8%AD%D8%A9_%D8%AD%D8%B4%D8%B1%D8%A7%D8%AA_%D9%81%D9%8A_%D8%A7%D9%84%D8%B4%D8%A7%D8%B1%D9%82%D8%A9,0,526,0%,4.05
https://www.rukn-eltatawer.com/cleaning-company-in-dubai/#%D8%AE%D8%AF%D9%85%D8%A7%D8%AA_%D9%88%D8%A3%D8%B3%D8%B9%D8%A7%D8%B1_%D8%A3%D9%81%D8%B6%D9%84_%D8%B4%D8%B1%D9%83%D8%A9_%D8%AA%D9%86%D8%B8%D9%8A%D9%81_%D9%85%D9%86%D8%A7%D8%B2%D9%84_%D9%81%D9%8A_%D8%AF%D8%A8%D9%8A_2026,0,523,0%,4.49
https://www.rukn-eltatawer.com/insect-control-in-sharjah/#%D8%B4%D8%B1%D9%83%D8%A9_%D9%85%D9%83%D8%A7%D9%81%D8%AD%D8%A9_%D8%A7%D9%84%D8%B5%D8%B1%D8%A7%D8%B5%D9%8A%D8%B1_%D9%81%D9%8A_%D8%A7%D9%84%D8%B4%D8%A7%D8%B1%D9%82%D8%A9,0,519,0%,4.14
https://www.rukn-eltatawer.com/cleaning-company-in-sharjah/#%D9%85%D9%85%D9%8A%D8%B2%D8%A7%D8%AA_%D8%B4%D8%B1%D9%83%D8%A9_%D8%B1%D9%83%D9%86_%D8%A7%D9%84%D8%AA%D8%B7%D9%88%D8%B1_%D9%84%D8%AA%D9%86%D8%B8%D9%8A%D9%81_%D8%A7%D9%84%D9%85%D9%86%D8%A7%D8%B2%D9%84_%D9%81%D9%8A_%D8%A7%D9%84%D8%B4%D8%A7%D8%B1%D9%82%D8%A9,0,510,0%,3.92
https://www.rukn-eltatawer.com/cleaning-company-in-sharjah/#%D8%B9%D9%84%D8%A7%D9%85%D8%A7%D8%AA_%D9%88%D9%85%D8%AE%D8%A7%D8%B7%D8%B1_%D8%A5%D9%87%D9%85%D8%A7%D9%84_%D8%AA%D9%86%D8%B8%D9%8A%D9%81_%D8%A7%D9%84%D9%85%D9%86%D8%A7%D8%B2%D9%84_%D9%81%D9%8A_%D8%A7%D9%84%D8%B4%D8%A7%D8%B1%D9%82%D8%A9_%D8%A7%D9%84%D8%AA%D9%8A_%D9%8A%D8%AC%D8%A8_%D8%A7%D9%84%D8%AD%D8%B0%D8%B1_%D9%85%D9%86%D9%87%D8%A7,0,509,0%,3.93
https://www.rukn-eltatawer.com/cleaning-company-in-sharjah/#%D8%A7%D9%84%D8%A3%D8%B3%D8%A8%D8%A7%D8%A8_%D8%A7%D9%84%D8%AC%D8%B0%D8%B1%D9%8A%D8%A9_%D9%84%D8%AA%D8%B1%D8%A7%D9%83%D9%85_%D8%A7%D9%84%D8%A3%D9%88%D8%B3%D8%A7%D8%AE_%D9%88%D8%A7%D9%84%D8%AA%D8%B4%D8%AE%D9%8A%D8%B5_%D8%A7%D9%84%D8%A7%D8%AD%D8%AA%D8%B1%D8%A7%D9%81%D9%8A_2026,0,507,0%,3.93
https://www.rukn-eltatawer.com/cleaning-company-in-sharjah/#5_%D8%A3%D8%AE%D8%B7%D8%A7%D8%A1_%D8%B4%D8%A7%D8%A6%D8%B9%D8%A9_%D8%AA%D8%B6%D8%A7%D8%B9%D9%81_%D8%AA%D8%B1%D8%A7%D9%83%D9%85_%D8%A7%D9%84%D8%A3%D9%88%D8%B3%D8%A7%D8%AE_%D9%81%D9%8A_%D9%85%D9%86%D8%A7%D8%B2%D9%84_%D9%81%D9%8A_%D8%A7%D9%84%D8%B4%D8%A7%D8%B1%D9%82%D8%A9_%D9%88%D9%83%D9%8A%D9%81%D9%8A%D8%A9_%D8%AA%D8%AC%D9%86%D8%A8%D9%87%D8%A7,0,507,0%,3.93
https://www.rukn-eltatawer.com/insect-control-in-sharjah/#%D9%85%D9%83%D8%A7%D9%81%D8%AD%D8%A9_%D8%AD%D8%B4%D8%B1%D8%A7%D8%AA_%D8%A7%D9%84%D8%A8%D9%82_%D9%81%D9%8A_%D8%A7%D9%84%D8%B4%D8%A7%D8%B1%D9%82%D8%A9,0,501,0%,4.22
https://www.rukn-eltatawer.com/cleaning-company-in-dubai/#%D9%84%D9%85%D8%A7%D8%B0%D8%A7_%D8%AA%D8%B9%D8%AA%D8%A8%D8%B1_%E2%80%9C%D8%B1%D9%83%D9%86_%D8%A7%D9%84%D8%AA%D8%B7%D9%88%D8%B1%E2%80%9D_%D8%A7%D9%84%D8%AE%D9%8A%D8%A7%D8%B1_%D8%A7%D9%84%D8%A3%D9%88%D9%84_%D9%84%D8%AA%D9%86%D8%B8%D9%8A%D9%81_%D8%A7%D9%84%D9%85%D9%86%D8%A7%D8%B2%D9%84_%D9%81%D9%8A_%D8%AF%D8%A8%D9%8A%D8%9F,0,445,0%,4.7
https://www.rukn-eltatawer.com/insect-control-in-sharjah/#%D8%AE%D8%AF%D9%85%D8%A7%D8%AA_%D8%B4%D8%B1%D9%83%D8%A9_%D9%85%D9%83%D8%A7%D9%81%D8%AD%D8%A9_%D8%AD%D8%B4%D8%B1%D8%A7%D8%AA_%D9%81%D9%8A_%D8%A7%D9%84%D8%B4%D8%A7%D8%B1%D9%82%D8%A9,0,437,0%,3.83
https://www.rukn-eltatawer.com/insect-control-in-sharjah/#%D8%B4%D8%B1%D9%83%D8%A9_%D8%B1%D8%B4_%D8%AD%D8%B4%D8%B1%D8%A7%D8%AA_%D9%81%D9%8A_%D8%A7%D9%84%D8%B4%D8%A7%D8%B1%D9%82%D8%A9_%D8%A8%D8%A7%D9%84%D8%B6%D9%85%D8%A7%D9%86,0,433,0%,3.88
https://www.rukn-eltatawer.com/cleaning-company-in-dubai/#%D8%AA%D9%86%D8%B8%D9%8A%D9%81_%D8%A7%D9%84%D9%85%D9%86%D8%A7%D8%B2%D9%84_%D9%81%D9%8A_%D8%AF%D8%A8%D9%8A_%D8%A8%D8%A7%D8%B3%D8%AA%D8%AE%D8%AF%D8%A7%D9%85_%D8%AA%D9%82%D9%86%D9%8A%D8%A7%D8%AA_2026_%D8%A7%D9%84%D8%B0%D9%83%D9%8A%D8%A9_%D8%A8%D8%AF%D9%88%D9%86_%D9%85%D9%88%D8%A7%D8%AF_%D8%B6%D8%A7%D8%B1%D8%A9,0,426,0%,4.59
https://www.rukn-eltatawer.com/insect-control-in-sharjah/#%D9%85%D9%83%D8%A7%D9%81%D8%AD%D8%A9_%D8%A7%D9%84%D9%86%D9%85%D9%84_%D8%A7%D9%84%D8%A7%D8%A8%D9%8A%D8%B6_%D9%81%D9%8A_%D8%A7%D9%84%D8%B4%D8%A7%D8%B1%D9%82%D8%A9,0,425,0%,4.16
https://www.rukn-eltatawer.com/cleaning-company-in-dubai/#5_%D8%A3%D8%AE%D8%B7%D8%A7%D8%A1_%D8%B4%D8%A7%D8%A6%D8%B9%D8%A9_%D8%AA%D8%B6%D8%A7%D8%B9%D9%81_%D8%AA%D8%B1%D8%A7%D9%83%D9%85_%D8%A7%D9%84%D8%A3%D9%88%D8%B3%D8%A7%D8%AE_%D9%81%D9%8A_%D9%85%D9%86%D8%A7%D8%B2%D9%84_%D8%AF%D8%A8%D9%8A_%D9%88%D9%83%D9%8A%D9%81%D9%8A%D8%A9_%D8%AA%D8%AC%D9%86%D8%A8%D9%87%D8%A7,0,425,0%,4.6
https://www.rukn-eltatawer.com/cleaning-company-in-dubai/#%D8%A7%D9%84%D8%A3%D8%B3%D8%A8%D8%A7%D8%A8_%D8%A7%D9%84%D8%AC%D8%B0%D8%B1%D9%8A%D8%A9_%D9%84%D8%AA%D8%B1%D8%A7%D9%83%D9%85_%D8%A7%D9%84%D8%A3%D9%88%D8%B3%D8%A7%D8%AE_%D9%88%D8%A7%D9%84%D8%AA%D8%B4%D8%AE%D9%8A%D8%B5_%D8%A7%D9%84%D8%A7%D8%AD%D8%AA%D8%B1%D8%A7%D9%81%D9%8A_2026,0,423,0%,4.59
https://www.rukn-eltatawer.com/cleaning-company-in-dubai/#%D8%AA%D9%86%D8%B8%D9%8A%D9%81_%D9%88%D8%AA%D8%B9%D9%82%D9%8A%D9%85_%D8%A7%D9%84%D9%85%D8%B7%D8%A7%D8%A8%D8%AE_%D9%88%D8%A7%D9%84%D8%AD%D9%85%D8%A7%D9%85%D8%A7%D8%AA_%D9%81%D9%8A_%D8%AF%D8%A8%D9%8A_%D8%A8%D8%A7%D8%AD%D8%AA%D8%B1%D8%A7%D9%81%D9%8A%D8%A9_%D8%B7%D8%A8%D9%8A%D8%A9,0,423,0%,4.59
https://www.rukn-eltatawer.com/sewerage-plumbing-sharjah/#%D8%B4%D8%B1%D9%83%D8%A9_%D8%AA%D8%B3%D9%84%D9%8A%D9%83_%D8%A7%D9%84%D9%85%D8%AC%D8%A7%D8%B1%D9%8A_%D9%81%D9%8A_%D8%A7%D9%84%D8%B4%D8%A7%D8%B1%D9%82%D8%A9_2026_%D8%B4%D9%81%D8%B7_%D8%A8%D8%A7%D9%84%D9%88%D8%B9%D8%A9_%E2%80%A2_%D8%AA%D9%86%D8%B8%D9%8A%D9%81_%D8%B5%D8%B1%D9%81_%D8%B5%D8%AD%D9%8A_%E2%80%A2_%D8%B6%D8%BA%D8%B7_%D9%85%D8%A7%D8%A6%D9%8A_%E2%80%A2_%D9%85%D8%AA%D8%A7%D8%AD%D9%88%D9%86_247,0,420,0%,3.33
https://www.rukn-eltatawer.com/insect-control-in-abu-dhabi/#%D8%AE%D8%AF%D9%85%D8%A7%D8%AA_%D8%B4%D8%B1%D9%83%D8%A9_%D8%B1%D9%83%D9%86_%D8%A7%D9%84%D8%AA%D8%B7%D9%88%D8%B1_%D9%84%D9%85%D9%83%D8%A7%D9%81%D8%AD%D8%A9_%D8%A7%D9%84%D8%AD%D8%B4%D8%B1%D8%A7%D8%AA_%D9%81%D9%8A_%D8%A3%D8%A8%D9%88%D8%B8%D8%A8%D9%8A,0,417,0%,3.66
https://www.rukn-eltatawer.com/insect-control-in-abu-dhabi/#%D8%A7%D9%84%D8%A3%D8%AF%D9%88%D8%A7%D8%AA_%D8%A7%D9%84%D8%AA%D9%8A_%D8%AA%D8%B3%D8%AA%D8%AE%D8%AF%D9%85%D9%87%D8%A7_%D8%B4%D8%B1%D9%83%D9%87_%D9%85%D9%83%D8%A7%D9%81%D8%AD%D9%87_%D8%AD%D8%B4%D8%B1%D8%A7%D8%AA_%D9%81%D9%8A_%D8%A3%D8%A8%D9%88%D8%B8%D8%A8%D9%8A,0,392,0%,3.7
https://www.rukn-eltatawer.com/insect-control-in-abu-dhabi/#%D9%86%D8%B5%D8%A7%D8%A6%D8%AD_%D8%AA%D9%82%D8%AF%D9%85%D9%87%D8%A7_%D8%B4%D8%B1%D9%83%D8%A9_%D9%85%D9%83%D8%A7%D9%81%D8%AD%D8%A9_%D8%AD%D8%B4%D8%B1%D8%A7%D8%AA_%D9%81%D9%8A_%D8%A3%D8%A8%D9%88%D8%B8%D8%A8%D9%8A,0,388,0%,3.59
https://www.rukn-eltatawer.com/hourly-cleaning-maids-dubai/#%D8%A3%D9%81%D8%B6%D9%84_%D8%B4%D8%B1%D9%83%D8%A9_%D8%B4%D8%BA%D8%A7%D9%84%D8%A7%D8%AA_%D8%AA%D9%86%D8%B8%D9%8A%D9%81_%D8%A8%D8%A7%D9%84%D8%A5%D9%8A%D8%AC%D8%A7%D8%B1_%D8%A8%D8%A7%D9%84%D8%B3%D8%A7%D8%B9%D8%A9_%D9%81%D9%8A_%D8%AF%D8%A8%D9%8A_%D9%85%D8%B9_%D8%B6%D9%85%D8%A7%D9%86_%D9%88%D9%85%D9%88%D8%AB%D9%88%D9%82%D9%8A%D8%A9_%D9%83%D8%A7%D9%85%D9%84%D8%A9,0,380,0%,4.07
https://www.rukn-eltatawer.com/sewerage-plumbing-dubai/#%D8%B4%D8%B1%D9%83%D8%A9_%D8%AA%D8%B3%D9%84%D9%8A%D9%83_%D9%85%D8%AC%D8%A7%D8%B1%D9%8A_%D9%81%D9%8A_%D8%AF%D8%A8%D9%8A_2026_%E2%80%93_%D8%B4%D9%81%D8%B7_%D8%A8%D8%A7%D9%84%D9%88%D8%B9%D8%A9_%D9%88%D8%AA%D9%86%D8%B8%D9%8A%D9%81_%D8%B5%D8%B1%D9%81_%D8%B5%D8%AD%D9%8A_%D8%A8%D8%AF%D9%88%D9%86_%D8%AA%D9%83%D8%B3%D9%8A%D8%B1_%D8%B4%D9%81%D8%B7_%D9%85%D8%AC%D8%A7%D8%B1%D9%8A_%E2%80%A2_%D8%AA%D9%86%D8%B8%D9%8A%D9%81_%D9%85%D9%86%D8%A7%D9%87%D9%8A%D9%84_%E2%80%A2_%D8%B6%D8%BA%D8%B7_%D9%85%D8%A7%D8%A6%D9%8A_%E2%80%A2_%D9%85%D8%AA%D8%A7%D8%AD%D9%88%D9%86_247,0,380,0%,4.33
https://www.rukn-eltatawer.com/sewerage-plumbing-sharjah/#%D9%85%D9%85%D9%8A%D8%B2%D8%A7%D8%AA_%D8%B4%D8%B1%D9%83%D8%A9_%D8%AA%D8%B3%D9%84%D9%8A%D9%83_%D8%A7%D9%84%D9%85%D8%AC%D8%A7%D8%B1%D9%8A_%D9%81%D9%8A_%D8%A7%D9%84%D8%B4%D8%A7%D8%B1%D9%82%D8%A9,0,374,0%,3.26
https://www.rukn-eltatawer.com/hourly-cleaning-maids-abu-dhabi/#%D9%81%D9%88%D8%A7%D8%A6%D8%AF_%D8%A7%D8%B3%D8%AA%D8%AE%D8%AF%D8%A7%D9%85_%D8%AE%D8%AF%D9%85%D8%A7%D8%AA_%D8%B4%D8%B1%D9%83%D8%A9_%D8%AA%D9%86%D8%B8%D9%8A%D9%81_%D8%A8%D8%A7%D9%84%D8%B3%D8%A7%D8%B9%D8%A9,0,368,0%,4.37
https://www.rukn-eltatawer.com/sewerage-plumbing-dubai/#%D9%85%D9%85%D9%8A%D8%B2%D8%A7%D8%AA_%D8%B4%D8%B1%D9%83%D8%A9_%D8%AA%D8%B3%D9%84%D9%8A%D9%83_%D9%85%D8%AC%D8%A7%D8%B1%D9%8A_%D8%A8%D8%AF%D8%A8%D9%8A,0,367,0%,4.4
https://www.rukn-eltatawer.com/hourly-cleaning-maids-dubai/#%D9%84%D9%85%D8%A7%D8%B0%D8%A7_%D9%8A%D8%AC%D8%A8_%D8%A3%D9%86_%D8%AA%D8%AE%D8%AA%D8%A7%D8%B1_%D8%B9%D8%A7%D9%85%D9%84%D8%A7%D8%AA_%D8%AA%D9%86%D8%B8%D9%8A%D9%81_%D8%A8%D8%A7%D9%84%D8%B3%D8%A7%D8%B9%D8%A9_%D9%81%D9%8A_%D8%AF%D8%A8%D9%8A_%D8%B1%D9%83%D9%86_%D8%A7%D9%84%D8%AA%D8%B7%D9%88%D8%B1%D8%9F,0,354,0%,4.08
https://www.rukn-eltatawer.com/insect-control-in-abu-dhabi/#%D8%A3%D9%87%D9%85%D9%8A%D8%A9_%D8%AE%D8%AF%D9%85%D8%A7%D8%AA_%D9%85%D9%83%D8%A7%D9%81%D8%AD%D8%A9_%D8%A7%D9%84%D8%AD%D8%B4%D8%B1%D8%A7%D8%AA_%D9%81%D9%8A_%D8%A3%D8%A8%D9%88%D8%B8%D8%A8%D9%8A,0,348,0%,3.6
https://www.rukn-eltatawer.com/insect-control-in-abu-dhabi/#%D8%AE%D8%AF%D9%85%D8%A7%D8%AA_%D8%B4%D8%B1%D9%83%D8%A9_%D9%85%D9%83%D8%A7%D9%81%D8%AD%D8%A9_%D8%AD%D8%B4%D8%B1%D8%A7%D8%AA_%D9%81%D9%8A_%D8%A3%D8%A8%D9%88%D8%B8%D8%A8%D9%8A_%D8%A3%D9%86%D9%88%D8%A7%D8%B9_%D8%A7%D9%84%D8%AD%D8%B4%D8%B1%D8%A7%D8%AA_%D8%A7%D9%84%D8%AA%D9%8A_%D8%AA%D9%82%D9%88%D9%85_%D8%B4%D8%B1%D9%83%D8%AA%D9%86%D8%A7_%D8%A8%D8%A7%D9%84%D9%82%D8%B6%D8%A7%D8%A1_%D8%B9%D9%84%D9%8A%D9%87%D8%A7,0,337,0%,3.58
https://www.rukn-eltatawer.com/sewerage-plumbing-dubai/#%D8%AE%D8%AF%D9%85%D8%A7%D8%AA_%D9%84%D8%AA%D8%B3%D9%84%D9%8A%D9%83_%D8%A7%D9%84%D9%85%D8%AC%D8%A7%D8%B1%D9%8A_%D9%81%D9%8A_%D8%AF%D8%A8%D9%8A,0,337,0%,4.23
https://www.rukn-eltatawer.com/sewerage-plumbing-dubai/#%D8%AE%D8%B7%D9%88%D8%A7%D8%AA_%D8%AA%D8%B3%D9%84%D9%8A%D9%83_%D9%85%D8%AC%D8%A7%D8%B1%D9%8A_%D8%A8%D8%AF%D8%A8%D9%8A,0,336,0%,4.25
https://www.rukn-eltatawer.com/insect-control-in-abu-dhabi/#%D8%B4%D8%B1%D9%83%D9%87_%D9%85%D9%83%D8%A7%D9%81%D8%AD%D9%87_%D8%AD%D8%B4%D8%B1%D8%A7%D8%AA_%D9%81%D9%8A_%D8%A3%D8%A8%D9%88%D8%B8%D8%A8%D9%8A,0,334,0%,3.66
https://www.rukn-eltatawer.com/hourly-cleaning-maids-dubai/#%D9%85%D8%A7_%D8%A7%D9%84%D9%81%D8%B1%D9%82_%D8%A8%D9%8A%D9%86_%D8%B9%D8%A7%D9%85%D9%84%D8%A7%D8%AA_%D8%AA%D9%86%D8%B8%D9%8A%D9%81_%D8%A8%D8%A7%D9%84%D8%B3%D8%A7%D8%B9%D8%A9_%D9%81%D9%8A_%D8%AF%D8%A8%D9%8A_%D9%88%D8%A7%D9%84%D8%B4%D8%BA%D8%A7%D9%84%D8%A7%D8%AA_%D8%A7%D9%84%D8%AA%D9%82%D9%84%D9%8A%D8%AF%D9%8A%D8%A7%D8%AA%D8%9F,0,331,0%,4.1
https://www.rukn-eltatawer.com/sewerage-plumbing-dubai/#%F0%9F%9A%BF_%D8%AA%D8%B3%D9%84%D9%8A%D9%83_%D9%85%D8%AC%D8%A7%D8%B1%D9%8A_%D8%A7%D9%84%D8%AD%D9%85%D8%A7%D9%85%D8%A7%D8%AA_%D9%81%D9%8A_%D8%AF%D8%A8%D9%8A_%E2%80%94_%D8%AD%D9%84_%D8%B3%D8%B1%D9%8A%D8%B9_%D9%84%D9%85%D8%B4%D9%83%D9%84%D8%A9_%D8%AD%D8%B1%D8%AC%D8%A9,0,328,0%,4.27
https://www.rukn-eltatawer.com/sewerage-plumbing-dubai/#%F0%9F%8F%86_%D8%B4%D8%B1%D9%83%D8%A9_%D8%AA%D8%B3%D9%84%D9%8A%D9%83_%D8%A7%D9%84%D9%85%D8%AC%D8%A7%D8%B1%D9%8A_%D9%81%D9%8A_%D8%AF%D8%A8%D9%8A_%E2%80%94_%D8%A7%D9%84%D8%AE%D8%A8%D8%B1%D8%A9_%D8%A7%D9%84%D8%AD%D9%82%D9%8A%D9%82%D9%8A%D8%A9_%D8%A7%D9%84%D8%AA%D9%8A_%D8%AA%D8%AB%D9%82_%D8%A8%D9%87%D8%A7,0,326,0%,4.23
https://www.rukn-eltatawer.com/sewerage-plumbing-dubai/#%F0%9F%A4%96_%D8%AA%D9%82%D9%86%D9%8A%D8%A7%D8%AA_%D8%AA%D8%B3%D9%84%D9%8A%D9%83_%D8%A7%D9%84%D9%85%D8%AC%D8%A7%D8%B1%D9%8A_%D8%A7%D9%84%D9%85%D8%AA%D8%B7%D9%88%D8%B1%D8%A9_%D8%A7%D9%84%D8%AA%D9%8A_%D9%86%D8%B3%D8%AA%D8%AE%D8%AF%D9%85%D9%87%D8%A7_%D9%81%D9%8A_%D8%AF%D8%A8%D9%8A,0,323,0%,4.2
https://www.rukn-eltatawer.com/sewerage-plumbing-sharjah/#%D9%81%D9%86%D9%8A_%D8%AA%D8%B3%D9%84%D9%8A%D9%83_%D8%A7%D9%84%D9%85%D8%AC%D8%A7%D8%B1%D9%8A_%D9%81%D9%89_%D8%A7%D9%84%D8%B4%D8%A7%D8%B1%D9%82%D8%A9,0,321,0%,3.32
https://www.rukn-eltatawer.com/hourly-cleaning-maids-dubai/#%D8%A3%D8%B3%D8%B9%D8%A7%D8%B1_%D8%B9%D8%A7%D9%85%D9%84%D8%A7%D8%AA_%D8%AA%D9%86%D8%B8%D9%8A%D9%81_%D8%A8%D8%A7%D9%84%D8%B3%D8%A7%D8%B9%D8%A9_%D9%81%D9%8A_%D8%AF%D8%A8%D9%8A,0,319,0%,4.09
https://www.rukn-eltatawer.com/hourly-cleaning-maids-dubai/#%D9%84%D9%8A%D8%B4_%D8%A7%D9%84%D9%86%D8%A7%D8%B3_%D8%AA%D9%81%D8%B6%D9%91%D9%84_%D8%B9%D8%A7%D9%85%D9%84%D8%A7%D8%AA_%D8%AA%D9%86%D8%B8%D9%8A%D9%81_%D8%A8%D8%A7%D9%84%D8%B3%D8%A7%D8%B9%D8%A9_%D9%81%D9%8A_%D8%AF%D8%A8%D9%8A%D8%9F,0,314,0%,4.04
https://www.rukn-eltatawer.com/hourly-cleaning-maids-abu-dhabi/#%D8%A3%D8%B1%D9%82%D8%A7%D9%85_%D9%85%D9%83%D8%A7%D8%AA%D8%A8_%D8%AE%D8%AF%D9%85_%D8%B9%D8%A7%D9%85%D9%84%D8%A7%D8%AA_%D8%AA%D9%86%D8%B8%D9%8A%D9%81_%D8%A8%D8%A7%D9%84%D8%B3%D8%A7%D8%B9%D9%87_%D9%81%D9%8A_%D8%A7%D8%A8%D9%88%D8%B8%D8%A8%D9%8A,0,311,0%,3.94
https://www.rukn-eltatawer.com/pest-control-company-in-ajman/#%D8%B4%D8%B1%D9%83%D8%A9_%D9%85%D9%83%D8%A7%D9%81%D8%AD%D8%A9_%D8%AD%D8%B4%D8%B1%D8%A7%D8%AA_%D9%81%D9%8A_%D8%B9%D8%AC%D9%85%D8%A7%D9%86_%D8%A5%D8%A8%D8%A7%D8%AF%D8%A9_%D9%81%D9%88%D8%B1%D9%8A%D8%A9_%D8%A8%D8%B6%D9%85%D8%A7%D9%86_%D8%A8%D8%AF%D9%88%D9%86_%D9%85%D8%BA%D8%A7%D8%AF%D8%B1%D8%A9_%D8%A7%D9%84%D9%85%D9%86%D8%B2%D9%84,0,304,0%,2.91
https://www.rukn-eltatawer.com/pest-control-company-in-ajman/#%D8%AE%D8%AF%D9%85%D8%A7%D8%AA_%D8%B4%D8%B1%D9%83%D8%A9_%D9%85%D9%83%D8%A7%D9%81%D8%AD%D8%A9_%D8%AD%D8%B4%D8%B1%D8%A7%D8%AA_%D9%81%D9%8A_%D8%B9%D8%AC%D9%85%D8%A7%D9%86_%D8%A5%D8%A8%D8%A7%D8%AF%D8%A9_%D9%81%D9%88%D8%B1%D9%8A%D8%A9_%D9%84%D8%AC%D9%85%D9%8A%D8%B9_%D8%A3%D9%86%D9%88%D8%A7%D8%B9_%D8%A7%D9%84%D8%A2%D9%81%D8%A7%D8%AA,0,300,0%,2.88
https://www.rukn-eltatawer.com/al-ain-sofa-cleaning-company/#%D8%B4%D8%B1%D9%83%D8%A9_%D8%AA%D9%86%D8%B8%D9%8A%D9%81_%D9%83%D9%86%D8%A8_%D8%A8%D8%A7%D9%84%D8%A8%D8%AE%D8%A7%D8%B1_%D9%81%D9%8A_%D8%A7%D9%84%D8%B9%D9%8A%D9%86,0,293,0%,5.57
https://www.rukn-eltatawer.com/termite-control-dubai/,0,291,0%,9.22
https://www.rukn-eltatawer.com/al-ain-sofa-cleaning-company/#%D8%B4%D8%B1%D9%83%D8%A9_%D8%AA%D9%86%D8%B8%D9%8A%D9%81_%D9%81%D9%8A_%D8%A7%D9%84%D8%B9%D9%8A%D9%86,0,289,0%,5.62
https://www.rukn-eltatawer.com/al-ain-sofa-cleaning-company/#%D8%B4%D8%B1%D9%83%D8%A9_%D8%AA%D9%86%D8%B8%D9%8A%D9%81_%D9%83%D9%86%D8%A8_%D8%A7%D9%84%D8%B9%D9%8A%D9%86,0,289,0%,5.62
https://www.rukn-eltatawer.com/hourly-cleaning-maids-abu-dhabi/#%D8%AE%D8%AF%D9%85_%D8%A8%D8%A7%D9%84%D9%8A%D9%88%D9%85_%D8%B9%D8%A7%D9%85%D9%84%D8%A7%D8%AA_%D8%AA%D9%86%D8%B8%D9%8A%D9%81_%D8%A8%D8%A7%D9%84%D8%B3%D8%A7%D8%B9%D9%87_%D9%81%D9%8A_%D8%A3%D8%A8%D9%88%D8%B8%D8%A8%D9%8A,0,287,0%,4.48
https://www.rukn-eltatawer.com/hourly-cleaning-maids-sharjah/#%D8%AE%D8%AF%D9%85%D8%A7%D8%AA_%D8%B9%D8%A7%D9%85%D9%84%D8%A7%D8%AA_%D9%86%D8%B8%D8%A7%D9%81%D8%A9_%D8%A8%D8%A7%D9%84%D8%B3%D8%A7%D8%B9%D8%A9%E2%80%8B_%D9%81%D9%8A_%D8%A7%D9%84%D8%B4%D8%A7%D8%B1%D9%82%D8%A9,0,285,0%,3.28
https://www.rukn-eltatawer.com/insect-control-in-abu-dhabi/#%D8%A3%D9%81%D8%B6%D9%84_%D8%B4%D8%B1%D9%83%D8%A9_%D9%85%D9%83%D8%A7%D9%81%D8%AD%D8%A9_%D8%AD%D8%B4%D8%B1%D8%A7%D8%AA_%D9%81%D9%8A_%D8%A3%D8%A8%D9%88%D8%B8%D8%A8%D9%8A,0,279,0%,3.28
https://www.rukn-eltatawer.com/sewerage-plumbing-sharjah/#%D8%A7%D9%84%D8%B9%D8%B2%D9%84_%D8%A7%D9%84%D9%85%D8%A7%D8%A6%D9%8A_%D9%81%D9%8A_%D8%B4%D8%B1%D9%83%D8%A9_%D8%AA%D8%B3%D9%84%D9%8A%D9%83_%D8%A7%D9%84%D9%85%D8%AC%D8%A7%D8%B1%D9%8A_%D9%81%D9%89_%D8%A7%D9%84%D8%B4%D8%A7%D8%B1%D9%82%D8%A9,0,274,0%,3.17
https://www.rukn-eltatawer.com/ras-al-khaimah-villas-cleaning-company/#%D8%AE%D8%AF%D9%85%D8%A7%D8%AA_%D8%AA%D9%86%D8%B8%D9%8A%D9%81_%D9%81%D9%8A_%D8%B1%D8%A7%D8%B3_%D8%A7%D9%84%D8%AE%D9%8A%D9%85%D8%A9,0,273,0%,6.19
https://www.rukn-eltatawer.com/pest-control-company-in-ajman/#%D8%A7%D9%84%D9%85%D8%A8%D9%8A%D8%AF%D8%A7%D8%AA_%D8%A7%D9%84%D8%AA%D9%8A_%D8%AA%D8%B3%D8%AA%D8%AE%D8%AF%D9%85%D9%87%D8%A7_%D8%B4%D8%B1%D9%83%D8%A9_%D9%85%D9%83%D8%A7%D9%81%D8%AD%D8%A9_%D8%AD%D8%B4%D8%B1%D8%A7%D8%AA_%D9%81%D9%8A_%D8%B9%D8%AC%D9%85%D8%A7%D9%86_%D8%A5%D8%A8%D8%A7%D8%AF%D8%A9_%D8%A2%D9%85%D9%86%D8%A9_100,0,263,0%,2.9
https://www.rukn-eltatawer.com/pest-control-company-in-ajman/#%D9%84%D9%85%D8%A7%D8%B0%D8%A7_%D9%86%D9%8F%D8%B5%D9%86%D9%81_%D9%83%D8%A3%D9%81%D8%B6%D9%84_%D8%B4%D8%B1%D9%83%D8%A9_%D9%85%D9%83%D8%A7%D9%81%D8%AD%D8%A9_%D8%AD%D8%B4%D8%B1%D8%A7%D8%AA_%D9%81%D9%8A_%D8%B9%D8%AC%D9%85%D8%A7%D9%86_%D9%84%D8%B9%D8%A7%D9%85_2026%D8%9F,0,262,0%,2.88
https://www.rukn-eltatawer.com/pest-control-company-in-ajman/#%D9%85%D9%85%D9%8A%D8%B2%D8%A7%D8%AA_%D8%B4%D8%B1%D9%83%D8%A9_%D9%85%D9%83%D8%A7%D9%81%D8%AD%D8%A9_%D8%AD%D8%B4%D8%B1%D8%A7%D8%AA_%D9%81%D9%8A_%D8%B9%D8%AC%D9%85%D8%A7%D9%86_%D9%84%D9%85%D8%A7%D8%B0%D8%A7_%E2%80%9C%D8%B1%D9%83%D9%86_%D8%A7%D9%84%D8%AA%D8%B7%D9%88%D8%B1%E2%80%9D_%D9%87%D9%8A_%D8%A7%D9%84%D8%A3%D9%81%D8%B6%D9%84%D8%9F,0,262,0%,2.88
https://www.rukn-eltatawer.com/hourly-cleaning-maids-abu-dhabi/#%D8%AE%D8%A7%D8%AF%D9%85%D8%A7%D8%AA_%D9%88%D8%B9%D8%A7%D9%85%D9%84%D8%A7%D8%AA_%D8%AA%D9%86%D8%B8%D9%8A%D9%81_%D8%A8%D8%A7%D9%84%D8%B3%D8%A7%D8%B9%D9%87_%D9%81%D9%8A_%D8%A3%D8%A8%D9%88%D8%B8%D8%A8%D9%8A,0,262,0%,4.44
https://www.rukn-eltatawer.com/sewerage-plumbing-sharjah/#%D8%AE%D8%B7%D9%88%D8%A7%D8%AA_%D8%B9%D9%85%D9%84_%D8%B4%D8%B1%D9%83%D8%A9_%D8%AA%D8%B3%D9%84%D9%8A%D9%83_%D8%A7%D9%84%D9%85%D8%AC%D8%A7%D8%B1%D9%8A_%D9%81%D9%89_%D8%A7%D9%84%D8%B4%D8%A7%D8%B1%D9%82%D8%A9,0,260,0%,3.51
https://www.rukn-eltatawer.com/ras-al-khaimah-villas-cleaning-company/#%D8%B4%D8%B1%D9%83%D8%A9_%D8%AA%D9%86%D8%B8%D9%8A%D9%81_%D8%B4%D9%82%D9%82_%D8%A8%D8%B1%D8%A3%D8%B3_%D8%A7%D9%84%D8%AE%D9%8A%D9%85%D8%A9,0,257,0%,6.29
https://www.rukn-eltatawer.com/hourly-cleaning-maids-sharjah/#%D8%AE%D8%B7%D9%88%D8%A7%D8%AA_%D8%A7%D9%84%D8%AA%D9%8A_%D8%AA%D8%AA%D8%A8%D8%B9%D9%87%D8%A7_%D8%B9%D8%A7%D9%85%D9%84%D8%A7%D8%AA_%D9%86%D8%B8%D8%A7%D9%81%D8%A9_%D8%A8%D8%A7%D9%84%D8%B3%D8%A7%D8%B9%D8%A9%E2%80%8B_%D9%81%D9%8A_%D8%A7%D9%84%D8%B4%D8%A7%D8%B1%D9%82%D8%A9,0,256,0%,3.15
https://www.rukn-eltatawer.com/ras-al-khaimah-villas-cleaning-company/#%D8%A7%D9%81%D8%B6%D9%84_%D8%B4%D8%B1%D9%83%D8%A9_%D8%AA%D9%86%D8%B8%D9%8A%D9%81_%D9%81%D9%84%D9%84_%D9%81%D9%8A_%D8%B1%D8%A3%D8%B3_%D8%A7%D9%84%D8%AE%D9%8A%D9%85%D8%A9,0,256,0%,6.09
https://www.rukn-eltatawer.com/pest-control-company-in-ajman/#%D8%A7%D9%84%D8%A3%D8%AF%D9%88%D8%A7%D8%AA_%D8%A7%D9%84%D8%AA%D9%8A_%D8%AA%D8%B3%D8%AA%D8%AE%D8%AF%D9%85%D9%87%D8%A7_%D8%B4%D8%B1%D9%83%D8%A9_%D9%85%D9%83%D8%A7%D9%81%D8%AD%D8%A9_%D8%AD%D8%B4%D8%B1%D8%A7%D8%AA_%D9%81%D9%8A_%D8%B9%D8%AC%D9%85%D8%A7%D9%86_%D8%AA%D9%82%D9%86%D9%8A%D8%A9_%D8%AA%D8%A8%D9%8A%D8%AF_%D8%A7%D9%84%D8%AD%D8%B4%D8%B1%D8%A7%D8%AA_%D9%86%D9%87%D8%A7%D8%A6%D9%8A%D8%A7%D9%8B,0,252,0%,2.94
https://www.rukn-eltatawer.com/al-ain-sofa-cleaning-company/#%D8%A7%D9%81%D8%B6%D9%84_%D8%B4%D8%B1%D9%83%D8%A9_%D8%AA%D9%86%D8%B8%D9%8A%D9%81_%D9%83%D9%86%D8%A8_%D8%A8%D8%A7%D9%84%D8%B9%D9%8A%D9%86,0,251,0%,5.76
https://www.rukn-eltatawer.com/al-ain-sofa-cleaning-company/#%D8%AA%D9%86%D8%B8%D9%8A%D9%81_%D8%A7%D9%84%D9%83%D9%86%D8%A8_%D8%A7%D9%84%D8%AC%D9%84%D8%AF_%D8%A8%D8%A7%D9%84%D8%B9%D9%8A%D9%86,0,247,0%,5.81
https://www.rukn-eltatawer.com/al-ain-sofa-cleaning-company/#%D8%AA%D9%86%D8%B8%D9%8A%D9%81_%D8%A7%D9%84%D9%83%D9%86%D8%A8_%D8%A7%D9%84%D9%83%D8%AA%D8%A7%D9%86_%D8%A7%D9%84%D8%B9%D9%8A%D9%86,0,247,0%,5.81
https://www.rukn-eltatawer.com/dyeing-in-dubai/,0,246,0%,10.35
https://www.rukn-eltatawer.com/sewerage-plumbing-sharjah/#%D8%B4%D8%B1%D9%83%D8%A9_%D8%AA%D8%B3%D9%84%D9%8A%D9%83_%D8%A7%D9%84%D9%85%D8%AC%D8%A7%D8%B1%D9%8A_%D9%81%D9%8A_%D8%A7%D9%84%D8%B4%D8%A7%D8%B1%D9%82%D8%A9,0,240,0%,3.08
https://www.rukn-eltatawer.com/pest-control-company-in-al-ain/#%D8%B4%D8%B1%D9%83%D8%A9_%D9%85%D9%83%D8%A7%D9%81%D8%AD%D8%A9_%D8%AD%D8%B4%D8%B1%D8%A7%D8%AA_%D8%A7%D9%84%D8%B9%D9%8A%D9%86,0,238,0%,2.66
https://www.rukn-eltatawer.com/pest-control-company-in-ajman/#%D9%84%D9%85%D8%A7%D8%B0%D8%A7_%E2%80%9C%D8%B1%D9%83%D9%86_%D8%A7%D9%84%D8%AA%D8%B7%D9%88%D8%B1%E2%80%9D_%D9%87%D9%8A_%D8%A7%D8%AE%D8%AA%D9%8A%D8%A7%D8%B1%D9%83_%D8%A7%D9%84%D8%A3%D9%88%D9%84_%D9%83%D8%A3%D9%81%D8%B6%D9%84_%D8%B4%D8%B1%D9%83%D8%A9_%D9%85%D9%83%D8%A7%D9%81%D8%AD%D8%A9_%D8%AD%D8%B4%D8%B1%D8%A7%D8%AA_%D9%81%D9%8A_%D8%B9%D8%AC%D9%85%D8%A7%D9%86%D8%9F,0,234,0%,2.9
https://www.rukn-eltatawer.com/pest-control-company-in-al-ain/#%D8%B4%D8%B1%D9%83%D8%A9_%D9%85%D9%83%D8%A7%D9%81%D8%AD%D9%87_%D8%A7%D9%84%D8%AD%D8%B4%D8%B1%D8%A7%D8%AA_%D9%81%D9%8A_%D8%A7%D9%84%D8%B9%D9%8A%D9%86,0,233,0%,2.65
https://www.rukn-eltatawer.com/pest-control-company-in-al-ain/#%D8%AE%D8%AF%D9%85%D8%A7%D8%AA_%D9%85%D9%83%D8%A7%D9%81%D8%AD%D8%A9_%D8%AD%D8%B4%D8%B1%D8%A7%D8%AA_%D8%A7%D9%84%D8%B9%D9%8A%D9%86,0,232,0%,2.64
https://www.rukn-eltatawer.com/pest-control-company-in-al-ain/#%D9%85%D9%85%D9%8A%D8%B2%D8%A7%D8%AA_%D8%B4%D8%B1%D9%83%D8%A9_%D9%85%D9%83%D8%A7%D9%81%D8%AD%D8%A9_%D8%AD%D8%B4%D8%B1%D8%A7%D8%AA_%D9%81%D9%8A_%D8%A7%D9%84%D8%B9%D9%8A%D9%86,0,230,0%,2.63
https://www.rukn-eltatawer.com/hourly-cleaning-maids-dubai/#%D9%85%D8%A7%D8%B0%D8%A7_%D8%AA%D9%82%D9%88%D9%85_%D8%A8%D9%87_%D8%B9%D8%A7%D9%85%D9%84%D8%A7%D8%AA_%D8%A7%D9%84%D8%AA%D9%86%D8%B8%D9%8A%D9%81_%D8%A8%D8%A7%D9%84%D8%B3%D8%A7%D8%B9%D8%A9_%D9%81%D9%8A_%D8%AF%D8%A8%D9%8A%D8%9F,0,217,0%,4.01
https://www.rukn-eltatawer.com/clearing-transactions-in-abu-dhabi/#%D8%A7%D8%B3%D8%AA%D9%87%D8%AF%D8%A7%D9%81_%D8%A7%D9%84%D8%B9%D9%85%D9%84%D8%A7%D8%A1,0,216,0%,4.82
https://www.rukn-eltatawer.com/clearing-transactions-in-abu-dhabi/#%D8%AE%D8%AF%D9%85%D8%A7%D8%AA_%D8%A3%D9%81%D8%B6%D9%84_%D8%B4%D8%B1%D9%83%D8%A9_%D8%AA%D8%AE%D9%84%D9%8A%D8%B5_%D9%85%D8%B9%D8%A7%D9%85%D9%84%D8%A7%D8%AA_%D9%81%D9%8A_%D8%A3%D8%A8%D9%88%D8%B8%D8%A8%D9%8A_%D8%B1%D9%83%D9%86_%D8%A7%D9%84%D8%AA%D8%B7%D9%88%D8%B1,0,216,0%,4.82
https://www.rukn-eltatawer.com/clearing-transactions-in-abu-dhabi/#%D8%B3%D8%B1%D8%B9%D8%A9_%D9%88%D8%AF%D9%82%D8%A9_%D8%A7%D9%84%D8%AE%D8%AF%D9%85%D8%A7%D8%AA,0,216,0%,4.82
https://www.rukn-eltatawer.com/clearing-transactions-in-abu-dhabi/#%D9%85%D9%82%D8%AF%D9%85%D8%A9,0,216,0%,4.82
https://www.rukn-eltatawer.com/pest-control-company-in-al-ain/#%D8%AE%D8%AF%D9%85%D8%A7%D8%AA_%D8%B4%D8%B1%D9%83%D9%87_%D9%85%D9%83%D8%A7%D9%81%D8%AD%D9%87_%D8%AD%D8%B4%D8%B1%D8%A7%D8%AA_%D9%81%D9%8A_%D8%A7%D9%84%D8%B9%D9%8A%D9%86,0,214,0%,2.51
https://www.rukn-eltatawer.com/sewerage-plumbing-sharjah/#%D8%AE%D8%AF%D9%85%D8%A7%D8%AA_%D8%B4%D8%B1%D9%83%D8%A9_%D8%AA%D8%B3%D9%84%D9%8A%D9%83_%D8%A7%D9%84%D9%85%D8%AC%D8%A7%D8%B1%D9%8A_%D9%81%D9%89_%D8%A7%D9%84%D8%B4%D8%A7%D8%B1%D9%82%D8%A9,0,213,0%,3.38
https://www.rukn-eltatawer.com/pest-control-company-in-al-ain/#%D9%85%D9%83%D8%A7%D9%81%D8%AD%D8%A9_%D8%AD%D8%B4%D8%B1%D8%A7%D8%AA_%D8%A7%D9%84%D8%B9%D9%8A%D9%86,0,211,0%,2.61
https://www.rukn-eltatawer.com/abu-dhabi-tank-cleaning-company/,0,207,0%,5.82
https://www.rukn-eltatawer.com/water-heater-repair-dubai/,0,200,0%,8.82
https://www.rukn-eltatawer.com/a-water-leak-detection-company-in-abu-dhabi/#%F0%9F%8F%86_%D9%85%D9%85%D9%8A%D8%B2%D8%A7%D8%AA_%D8%B4%D8%B1%D9%83%D8%A9_%D8%B1%D9%83%D9%86_%D8%A7%D9%84%D8%AA%D8%B7%D9%88%D8%B1_%D8%A3%D9%81%D8%B6%D9%84_%D8%B4%D8%B1%D9%83%D8%A9_%D9%83%D8%B4%D9%81_%D8%AA%D8%B3%D8%B1%D8%A8%D8%A7%D8%AA_%D8%A7%D9%84%D9%85%D9%8A%D8%A7%D9%87_%D9%81%D9%8A_%D8%A3%D8%A8%D9%88%D8%B8%D8%A8%D9%8A,0,198,0%,3.47
https://www.rukn-eltatawer.com/insect-control-in-ras-al-khaimah/#%D8%AE%D8%AF%D9%85%D8%A7%D8%AA_%D8%B4%D8%B1%D9%83%D8%A9_%D9%85%D9%83%D8%A7%D9%81%D8%AD%D9%87_%D8%A7%D9%84%D8%AD%D8%B4%D8%B1%D8%A7%D8%AA_%D9%81%D9%8A_%D8%B1%D8%A3%D8%B3_%D8%A7%D9%84%D8%AE%D9%8A%D9%85%D8%A9,0,197,0%,3.16
https://www.rukn-eltatawer.com/insect-control-in-ras-al-khaimah/#%D9%85%D9%85%D9%8A%D8%B2%D8%A7%D8%AA_%D8%B4%D8%B1%D9%83%D9%87_%D9%85%D9%83%D8%A7%D9%81%D8%AD%D9%87_%D8%AD%D8%B4%D8%B1%D8%A7%D8%AA_%D9%81%D9%8A_%D8%B1%D8%A3%D8%B3_%D8%A7%D9%84%D8%AE%D9%8A%D9%85%D8%A9,0,197,0%,3.16
https://www.rukn-eltatawer.com/ras-al-khaimah-sewage-wiring-company/#%D8%AE%D8%B7%D9%88%D8%A7%D8%AA_%D8%B9%D9%85%D9%84_%D8%B4%D8%B1%D9%83%D8%A9_%D8%AA%D8%B3%D9%84%D9%8A%D9%83_%D8%A7%D9%84%D9%85%D8%AC%D8%A7%D8%B1%D9%8A_%D9%81%D9%8A_%D8%B1%D8%A3%D8%B3_%D8%A7%D9%84%D8%AE%D9%8A%D9%85%D8%A9,0,194,0%,2.98
https://www.rukn-eltatawer.com/ajman-sofa-cleaning-company/,0,193,0%,5.33
https://www.rukn-eltatawer.com/ras-al-khaimah-sewage-wiring-company/#%D9%85%D9%85%D9%8A%D8%B2%D8%A7%D8%AA_%D8%B4%D8%B1%D9%83%D8%A9_%D8%AA%D8%B3%D9%84%D9%8A%D9%83_%D8%A7%D9%84%D9%85%D8%AC%D8%A7%D8%B1%D9%8A_%D9%81%D9%89_%D8%B1%D8%A3%D8%B3_%D8%A7%D9%84%D8%AE%D9%8A%D9%85%D8%A9,0,192,0%,2.97
https://www.rukn-eltatawer.com/pest-control-company-in-al-ain/#%D8%A7%D9%84%D8%A3%D8%AF%D9%88%D8%A7%D8%AA_%D8%A7%D9%84%D8%AA%D9%8A_%D8%AA%D8%B3%D8%AA%D8%AE%D8%AF%D9%85%D9%87%D8%A7_%D8%B4%D8%B1%D9%83%D8%A9_%D9%85%D9%83%D8%A7%D9%81%D8%AD%D8%A9_%D8%A7%D9%84%D8%AD%D8%B4%D8%B1%D8%A7%D8%AA_%D9%81%D9%8A_%D8%A7%D9%84%D8%B9%D9%8A%D9%86,0,188,0%,2.69
https://www.rukn-eltatawer.com/air-conditioner-cleaning-company-in-al-ain/,0,186,0%,15.03
https://www.rukn-eltatawer.com/umm-al-quwain-roof-insulation-company/,0,183,0%,9.05
https://www.rukn-eltatawer.com/house-cleaning-company-in-ajman/#%D8%B4%D8%B1%D9%83%D8%A9_%D8%B1%D9%83%D9%86_%D8%A7%D9%84%D8%AA%D8%B7%D9%88%D8%B1_%D9%84%D9%80_%D8%AA%D9%86%D8%B8%D9%8A%D9%81_%D9%85%D9%86%D8%A7%D8%B2%D9%84_%D9%81%D9%8A_%D8%B9%D8%AC%D9%85%D8%A7%D9%86,0,182,0%,6.86
https://www.rukn-eltatawer.com/cleaning-company-in-abu-dhabi/,0,174,0%,18.33
https://www.rukn-eltatawer.com/house-cleaning-company-in-ajman/#%D8%A3%D9%81%D8%B6%D9%84_%D8%B4%D8%B1%D9%83%D8%A9_%D8%AA%D9%86%D8%B8%D9%8A%D9%81_%D9%81%D9%8A_%D8%B9%D8%AC%D9%85%D8%A7%D9%86,0,173,0%,6.83
https://www.rukn-eltatawer.com/house-cleaning-company-in-ajman/#%D8%B4%D8%B1%D9%83%D8%A9_%D8%AA%D9%86%D8%B8%D9%8A%D9%81_%D9%85%D9%86%D8%A7%D8%B2%D9%84_%D9%81%D9%8A_%D8%B9%D8%AC%D9%85%D8%A7%D9%86,0,167,0%,6.8
https://www.rukn-eltatawer.com/umm-al-quwain-villas-cleaning-company/,0,167,0%,8.96
https://www.rukn-eltatawer.com/insect-control-in-ras-al-khaimah/#%D8%A3%D9%81%D8%B6%D9%84_%D8%B4%D8%B1%D9%83%D8%A9_%D8%AA%D9%86%D8%B8%D9%8A%D9%81_%D9%88%D9%85%D9%83%D8%A7%D9%81%D8%AD%D8%A9_%D8%AD%D8%B4%D8%B1%D8%A7%D8%AA_%D9%81%D9%8A_%D8%B1%D8%A3%D8%B3_%D8%A7%D9%84%D8%AE%D9%8A%D9%85%D8%A9,0,166,0%,3.12
https://www.rukn-eltatawer.com/insect-control-in-ras-al-khaimah/#%D8%A7%D9%84%D8%A3%D8%AF%D9%88%D8%A7%D8%AA_%D8%A7%D9%84%D8%AA%D9%8A_%D8%AA%D8%B3%D8%AA%D8%AE%D8%AF%D9%85%D9%87%D8%A7_%D8%B4%D8%B1%D9%83%D8%A9_%D9%85%D9%83%D8%A7%D9%81%D8%AD%D8%A9_%D8%AD%D8%B4%D8%B1%D8%A7%D8%AA_%D9%81%D9%8A_%D8%B1%D8%A3%D8%B3_%D8%A7%D9%84%D8%AE%D9%8A%D9%85%D8%A9,0,166,0%,3.12
https://www.rukn-eltatawer.com/insect-control-in-ras-al-khaimah/#%D8%B9%D9%88%D8%A7%D9%85%D9%84_%D8%A5%D9%86%D8%AA%D8%B4%D8%A7%D8%B1_%D8%A7%D9%84%D8%AD%D8%B4%D8%B1%D8%A7%D8%AA_%D8%A8%D8%A7%D9%84%D9%85%D9%86%D8%B2%D9%84,0,166,0%,3.12
https://www.rukn-eltatawer.com/hourly-cleaning-maids-dubai/#%D8%B9%D8%A7%D9%85%D9%84%D8%A7%D8%AA_%D9%86%D8%B8%D8%A7%D9%81%D8%A9_%D8%A8%D8%A7%D9%84%D8%B3%D8%A7%D8%B9%D8%A9_%D9%81%D9%8A_%D8%AF%D8%A8%D9%8A_%E2%80%93_%D8%AA%D9%86%D8%B8%D9%8A%D9%81_%D8%B4%D8%A7%D9%85%D9%84_%D9%88%D8%AF%D9%82%D9%8A%D9%82,0,166,0%,3.69
https://www.rukn-eltatawer.com/termite-control-sharjah/#%D8%A7%D9%81%D8%B6%D9%84_%D8%B4%D8%B1%D9%83%D8%A9_%D9%85%D9%83%D8%A7%D9%81%D8%AD%D8%A9_%D8%A7%D9%84%D8%B1%D9%85%D8%A9_%D9%81%D9%8A_%D8%A7%D9%84%D8%B4%D8%A7%D8%B1%D9%82%D8%A9,0,162,0%,4.5
https://www.rukn-eltatawer.com/termite-control-sharjah/#%D8%B4%D8%B1%D9%83%D8%A9_%D9%85%D9%83%D8%A7%D9%81%D8%AD%D8%A9_%D8%A7%D9%84%D8%B1%D9%85%D8%A9_%D9%81%D9%8A_%D8%A7%D9%84%D8%B4%D8%A7%D8%B1%D9%82%D8%A9,0,161,0%,4.52
https://www.rukn-eltatawer.com/termite-control-dubai/#%D8%A7%D9%81%D8%B6%D9%84_%D8%B4%D8%B1%D9%83%D8%A9_%D9%85%D9%83%D8%A7%D9%81%D8%AD%D8%A9_%D8%A7%D9%84%D8%B1%D9%85%D8%A9_%D9%81%D9%8A_%D8%AF%D8%A8%D9%8A,0,157,0%,5.8
https://www.rukn-eltatawer.com/ras-al-khaimah-sewage-wiring-company/#%D8%AE%D8%AF%D9%85%D8%A7%D8%AA_%D8%B4%D8%B1%D9%83%D8%A9_%D8%AA%D8%B3%D9%84%D9%8A%D9%83_%D8%A7%D9%84%D9%85%D8%AC%D8%A7%D8%B1%D9%8A_%D9%81%D9%89_%D8%B1%D8%A3%D8%B3_%D8%A7%D9%84%D8%AE%D9%8A%D9%85%D8%A9,0,156,0%,3.08
https://www.rukn-eltatawer.com/abu-dhabi-villas-cleaning-company/,0,156,0%,13.94
https://www.rukn-eltatawer.com/termite-control-dubai/#%D8%B4%D8%B1%D9%83%D8%A9_%D9%85%D9%83%D8%A7%D9%81%D8%AD%D8%A9_%D8%A7%D9%84%D8%B1%D9%85%D8%A9_%D9%81%D9%8A_%D8%AF%D8%A8%D9%8A,0,155,0%,5.75
https://www.rukn-eltatawer.com/ras-al-khaimah-sewage-wiring-company/#%D8%AA%D8%B3%D9%84%D9%8A%D9%83_%D8%A7%D9%84%D9%85%D8%AC%D8%A7%D8%B1%D9%8A_%D9%84%D9%84%D8%AD%D9%85%D8%A7%D9%85%D8%A7%D8%AA,0,154,0%,3.05
https://www.rukn-eltatawer.com/ras-al-khaimah-sewage-wiring-company/#%D8%A3%D8%B3%D8%A8%D8%A7%D8%A8_%D8%A5%D9%86%D8%B3%D8%AF%D8%A7%D8%AF_%D8%A7%D9%84%D9%85%D8%AC%D8%A7%D8%B1%D9%8A_%D9%81%D9%8A_%D8%B1%D8%A3%D8%B3_%D8%A7%D9%84%D8%AE%D9%8A%D9%85%D8%A9,0,154,0%,3.06
https://www.rukn-eltatawer.com/ras-al-khaimah-sewage-wiring-company/#%D8%A7%D9%81%D8%B5%D9%84_%D8%B4%D8%B1%D9%83%D8%A9_%D8%AA%D8%B3%D9%84%D9%8A%D9%83_%D8%A7%D9%84%D9%85%D8%AC%D8%A7%D8%B1%D9%8A_%D9%81%D9%8A_%D8%B1%D8%A3%D8%B3_%D8%A7%D9%84%D8%AE%D9%8A%D9%85%D8%A9,0,154,0%,3.06
https://www.rukn-eltatawer.com/ras-al-khaimah-sewage-wiring-company/#%D9%85%D8%A7_%D9%87%D9%8A_%D8%A7%D8%AC%D9%87%D8%B2%D8%A9_%D8%AA%D8%B3%D9%84%D9%8A%D9%83_%D8%A7%D9%84%D9%85%D8%AC%D8%A7%D8%B1%D9%8A_%D9%81%D9%89_%D8%B1%D8%A3%D8%B3_%D8%A7%D9%84%D8%AE%D9%8A%D9%85%D8%A9,0,154,0%,3.06
https://www.rukn-eltatawer.com/termite-control-dubai/#%D8%A3%D9%87%D9%85%D9%8A%D8%A9_%D9%85%D9%83%D8%A7%D9%81%D8%AD%D8%A9_%D8%A7%D9%84%D8%B1%D9%85%D8%A9_%D9%81%D9%8A_%D8%AF%D8%A8%D9%8A,0,152,0%,5.75
https://www.rukn-eltatawer.com/sewer-wiring-abu-dhabi/#%D8%B7%D8%B1%D9%82_%D9%85%D8%B9%D8%A7%D9%84%D8%AC%D8%A9_%D8%B4%D8%B1%D9%83%D8%A9_%D8%AA%D8%B3%D9%84%D9%8A%D9%83_%D9%85%D8%AC%D8%A7%D8%B1%D9%89_%D9%81%D9%8A_%D8%A3%D8%A8%D9%88%D8%B8%D8%A8%D9%8A_%D9%84%D8%A7%D9%86%D8%B3%D8%AF%D8%A7%D8%AF_%D8%A7%D9%84%D9%85%D8%AC%D8%A7%D8%B1%D9%8A,0,147,0%,3.85
https://www.rukn-eltatawer.com/sewer-wiring-abu-dhabi/#%D8%A3%D9%81%D8%B6%D9%84_%D8%B4%D8%B1%D9%83%D8%A9_%D8%AA%D8%B3%D9%84%D9%8A%D9%83_%D9%85%D8%AC%D8%A7%D8%B1%D9%8A_%D9%81%D9%8A_%D8%A3%D8%A8%D9%88%D8%B8%D8%A8%D9%8A,0,147,0%,3.86
https://www.rukn-eltatawer.com/termite-control-sharjah/#%D8%B4%D8%B1%D9%83%D8%A9_%D8%B1%D8%B4_%D8%A7%D9%84%D8%B1%D9%85%D8%A9_%D9%81%D9%8A_%D8%A7%D9%84%D8%B4%D8%A7%D8%B1%D9%82%D8%A9,0,147,0%,4.24
https://www.rukn-eltatawer.com/a-water-leak-detection-company-in-abu-dhabi/#%D9%84%D9%85%D8%A7%D8%B0%D8%A7_%D8%AA%D8%AE%D8%AA%D8%A7%D8%B1_%D8%B4%D8%B1%D9%83%D8%A9_%D8%B1%D9%83%D9%86_%D8%A7%D9%84%D8%AA%D8%B7%D9%88%D8%B1_%D9%84%D9%83%D8%B4%D9%81_%D8%AA%D8%B3%D8%B1%D8%A8%D8%A7%D8%AA_%D8%A7%D9%84%D9%85%D9%8A%D8%A7%D9%87_%D9%81%D9%8A_%D8%A3%D8%A8%D9%88%D8%B8%D8%A8%D9%8A%D8%9F,0,146,0%,3.62
https://www.rukn-eltatawer.com/house-cleaning-company-in-fujairah/#%D8%A7%D9%84%D8%AE%D8%AF%D9%85%D8%A7%D8%AA_%D8%A7%D9%84%D8%AA%D9%8A_%D8%AA%D9%82%D8%AF%D9%85%D9%87%D8%A7_%D8%B4%D8%B1%D9%83%D8%A9_%D8%AA%D9%86%D8%B8%D9%8A%D9%81_%D9%85%D9%86%D8%A7%D8%B2%D9%84_%D9%81%D9%89_%D8%A7%D9%84%D9%81%D8%AC%D9%8A%D8%B1%D8%A9,0,145,0%,3.11
https://www.rukn-eltatawer.com/hourly-cleaning-maids-dubai/#%D8%A7%D9%84%D8%AE%D9%84%D8%A7%D8%B5%D8%A9_%E2%80%93_%D9%84%D9%8A%D8%B4_%D8%AA%D8%AE%D8%AA%D8%A7%D8%B1_%D8%B9%D8%A7%D9%85%D9%84%D8%A7%D8%AA_%D8%AA%D9%86%D8%B8%D9%8A%D9%81_%D8%A8%D8%A7%D9%84%D8%B3%D8%A7%D8%B9%D8%A9_%D9%81%D9%8A_%D8%AF%D8%A8%D9%8A_%D9%85%D9%86_%D8%B4%D8%B1%D9%83%D8%A9_%D9%85%D8%AD%D8%AA%D8%B1%D9%81%D8%A9%D8%9F,0,145,0%,4.15
https://www.rukn-eltatawer.com/a-water-leak-detection-company-in-abu-dhabi/#%F0%9F%8C%9F_%D9%81%D9%88%D8%A7%D8%A6%D8%AF_%D8%A7%D9%84%D9%83%D8%B4%D9%81_%D8%A7%D9%84%D9%85%D8%A8%D9%83%D8%B1_%D8%B9%D9%86_%D8%AA%D8%B3%D8%B1%D8%A8%D8%A7%D8%AA_%D8%A7%D9%84%D9%85%D9%8A%D8%A7%D9%87_%D9%81%D9%8A_%D8%A3%D8%A8%D9%88%D8%B8%D8%A8%D9%8A,0,144,0%,3.62
https://www.rukn-eltatawer.com/air-conditioner-cleaning-company-in-ras-al-khaimah/,0,144,0%,13.26
https://www.rukn-eltatawer.com/pest-control-company-in-fujairah/#%D8%AE%D8%AF%D9%85%D8%A7%D8%AA_%D8%B4%D8%B1%D9%83%D8%A9_%D8%AA%D9%86%D8%B8%D9%8A%D9%81_%D9%88%D9%85%D9%83%D8%A7%D9%81%D8%AD%D8%A9_%D8%AD%D8%B4%D8%B1%D8%A7%D8%AA_%D9%81%D9%8A_%D8%A7%D9%84%D9%81%D8%AC%D9%8A%D8%B1%D8%A9,0,142,0%,2.53
https://www.rukn-eltatawer.com/house-cleaning-company-in-fujairah/#%D8%B4%D8%B1%D9%83%D8%A9_%D8%AA%D9%86%D8%B8%D9%8A%D9%81_%D8%A8%D8%A7%D9%84%D8%A8%D8%AE%D8%A7%D8%B1_%D9%81%D9%8A_%D8%A7%D9%84%D9%81%D8%AC%D9%8A%D8%B1%D8%A9,0,142,0%,3.08
https://www.rukn-eltatawer.com/abu-dhabi-tank-cleaning-company/#%D8%AE%D8%AF%D9%85%D8%A7%D8%AA_%D8%B4%D8%B1%D9%83%D8%A9_%D8%AA%D9%86%D8%B8%D9%8A%D9%81_%D9%88%D8%AA%D8%B9%D9%82%D9%8A%D9%85_%D8%AE%D8%B2%D8%A7%D9%86%D8%A7%D8%AA_%D9%81%D9%8A_%D8%A7%D8%A8%D9%88%D8%B8%D8%A8%D9%8A,0,140,0%,4.59
https://www.rukn-eltatawer.com/abu-dhabi-tank-cleaning-company/#%D9%85%D9%85%D9%8A%D8%B2%D8%A7%D8%AA_%D8%B4%D8%B1%D9%83%D8%A9_%D8%AA%D9%86%D8%B8%D9%8A%D9%81_%D8%AE%D8%B2%D8%A7%D9%86%D8%A7%D8%AA_%D8%A3%D8%A8%D9%88%D8%B8%D8%A8%D9%8A,0,140,0%,4.59
https://www.rukn-eltatawer.com/general-maintenance-company-in-dubai/#%D8%A3%D9%81%D8%B6%D9%84_%D8%B4%D8%B1%D9%83%D8%A9_%D8%B5%D9%8A%D8%A7%D9%86%D8%A9_%D8%B9%D8%A7%D9%85%D8%A9_%D8%AF%D8%A8%D9%8A_%D8%AA%D9%83%D8%B3%D9%8A%D8%B1_%D9%88%D8%AA%D8%B1%D9%85%D9%8A%D9%85_%D8%A7%D9%84%D9%81%D9%84%D9%84_%D9%88%D8%A7%D9%84%D8%AD%D9%85%D8%A7%D9%85%D8%A7%D8%AA,0,139,0%,2.51
https://www.rukn-eltatawer.com/a-water-leak-detection-company-in-abu-dhabi/#%D8%AA%D9%82%D9%86%D9%8A%D8%A7%D8%AA_%D9%83%D8%B4%D9%81_%D8%AA%D8%B3%D8%B1%D8%A8%D8%A7%D8%AA_%D8%A7%D9%84%D9%85%D9%8A%D8%A7%D9%87,0,139,0%,3.61
https://www.rukn-eltatawer.com/abu-dhabi-pigeons-repellent-installation-company/,0,139,0%,11.7
https://www.rukn-eltatawer.com/general-maintenance-company-in-dubai/#%D8%AA%D9%83%D8%B3%D9%8A%D8%B1_%D9%88%D8%AA%D8%B1%D9%85%D9%8A%D9%85_%D8%AD%D9%85%D8%A7%D9%85%D8%A7%D8%AA_%D8%A7%D9%84%D9%81%D9%84%D9%84_%D9%81%D9%8A_%D8%B4%D8%B1%D9%83%D8%A9_%D8%B5%D9%8A%D8%A7%D9%86%D8%A9_%D8%B9%D8%A7%D9%85%D8%A9_%D8%AF%D8%A8%D9%8A,0,138,0%,2.49
https://www.rukn-eltatawer.com/termite-control-sharjah/#%D8%A3%D9%86%D9%88%D8%A7%D8%B9_%D9%85%D8%A8%D9%8A%D8%AF%D8%A7%D8%AA_%D9%85%D9%83%D8%A7%D9%81%D8%AD%D8%A9_%D8%A7%D9%84%D8%B1%D9%85%D8%A9_%D9%81%D9%8A_%D8%A7%D9%84%D8%B4%D8%A7%D8%B1%D9%82%D8%A9,0,138,0%,4.88
https://www.rukn-eltatawer.com/termite-control-sharjah/#%D8%AE%D8%B7%D9%88%D8%A7%D8%AA_%D8%B4%D8%B1%D9%83%D8%A9_%D9%85%D9%83%D8%A7%D9%81%D8%AD%D8%A9_%D8%A7%D9%84%D8%B1%D9%85%D8%A9_%D9%81%D9%8A_%D8%A7%D9%84%D8%B4%D8%A7%D8%B1%D9%82%D8%A9,0,137,0%,4.9
https://www.rukn-eltatawer.com/pest-control-company-in-fujairah/#%D8%A7%D9%84%D8%A3%D8%AF%D9%88%D8%A7%D8%AA_%D8%A7%D9%84%D8%AA%D9%8A_%D8%AA%D8%B3%D8%AA%D8%AE%D8%AF%D9%85%D9%87%D8%A7_%D8%B4%D8%B1%D9%83%D8%A9_%D9%85%D9%83%D8%A7%D9%81%D8%AD%D8%A9_%D8%A7%D9%84%D8%AD%D8%B4%D8%B1%D8%A7%D8%AA_%D9%81%D9%8A_%D8%A7%D9%84%D9%81%D8%AC%D9%8A%D8%B1%D8%A9,0,136,0%,2.54
https://www.rukn-eltatawer.com/termite-control-sharjah/#%D8%AE%D8%AF%D9%85%D8%A7%D8%AA_%D8%B4%D8%B1%D9%83%D8%A9_%D9%85%D9%83%D8%A7%D9%81%D8%AD%D8%A9_%D8%A7%D9%84%D8%B1%D9%85%D8%A9_%D9%81%D9%8A_%D8%A7%D9%84%D8%B4%D8%A7%D8%B1%D9%82%D8%A9,0,136,0%,4.9
https://www.rukn-eltatawer.com/termite-control-dubai/#%D8%B4%D8%B1%D9%83%D8%A9_%D9%85%D9%83%D8%A7%D9%81%D8%AD%D8%A9_%D8%A7%D9%84%D8%B1%D9%85%D8%A9_%D9%85%D8%B9_%D8%B6%D9%85%D8%A7%D9%86_%D9%81%D9%8A_%D8%AF%D8%A8%D9%8A,0,135,0%,5.77
https://www.rukn-eltatawer.com/termite-control-dubai/#%D8%AE%D8%AF%D9%85%D8%A7%D8%AA_%D8%B4%D8%B1%D9%83%D8%A9_%D9%85%D9%83%D8%A7%D9%81%D8%AD%D8%A9_%D8%A7%D9%84%D8%B1%D9%85%D8%A9_%D9%81%D9%8A_%D8%AF%D8%A8%D9%8A,0,134,0%,5.76
https://www.rukn-eltatawer.com/al-ain-villas-cleaning-company/#%D8%A3%D9%81%D8%B6%D9%84_%D8%B4%D8%B1%D9%83%D8%A9_%D8%AA%D9%86%D8%B8%D9%8A%D9%81_%D9%81%D9%84%D9%84_%D8%A8%D8%A7%D9%84%D8%B9%D9%8A%D9%86,0,133,0%,3.34
https://www.rukn-eltatawer.com/al-ain-villas-cleaning-company/#%D8%B4%D8%B1%D9%83%D8%A9_%D8%AA%D8%B9%D9%82%D9%8A%D9%85_%D9%81%D9%8A_%D8%A7%D9%84%D8%B9%D9%8A%D9%86,0,133,0%,3.34
https://www.rukn-eltatawer.com/al-ain-villas-cleaning-company/#%D8%B4%D8%B1%D9%83%D8%A9_%D9%86%D8%B8%D8%A7%D9%81%D8%A9_%D9%81%D9%84%D9%84_%D8%A8%D8%A7%D9%84%D8%B9%D9%8A%D9%86,0,133,0%,3.34
https://www.rukn-eltatawer.com/termite-control-sharjah/#%D9%85%D9%83%D8%A7%D9%81%D8%AD%D8%A9_%D8%A7%D9%84%D8%B1%D9%85%D8%A9_%D9%81%D9%8A_%D8%A7%D9%84%D8%AD%D8%AF%D8%A7%D8%A6%D9%82_%D9%81%D9%8A_%D8%A7%D9%84%D8%B4%D8%A7%D8%B1%D9%82%D8%A9,0,133,0%,4.9
https://www.rukn-eltatawer.com/termite-control-dubai/#%D8%B7%D8%B1%D9%82_%D8%B4%D8%B1%D9%83%D8%A9_%D9%85%D9%83%D8%A7%D9%81%D8%AD%D8%A9_%D8%A7%D9%84%D8%B1%D9%85%D8%A9_%D9%81%D9%8A_%D8%AF%D8%A8%D9%8A,0,133,0%,5.74
https://www.rukn-eltatawer.com/indoor-moving-fujairah/,0,133,0%,10.74
https://www.rukn-eltatawer.com/sewer-plumbing-ajman/#%D8%A3%D9%81%D8%B6%D9%84_%D8%B4%D8%B1%D9%83%D8%A9_%D8%AA%D8%B3%D9%84%D9%8A%D9%83_%D9%85%D8%AC%D8%A7%D8%B1%D9%8A_%D9%81%D9%8A_%D8%B9%D8%AC%D9%85%D8%A7%D9%86_%D8%B4%D9%81%D8%B7_%D9%88%D8%AA%D9%86%D8%B8%D9%8A%D9%81_%D8%A8%D8%B6%D9%85%D8%A7%D9%86_2026,0,132,0%,3.65
https://www.rukn-eltatawer.com/sewer-plumbing-ajman/#%D8%A7%D9%84%D8%B7%D8%B1%D9%82_%D8%A7%D9%84%D8%AD%D8%AF%D9%8A%D8%AB%D8%A9_%D8%A7%D9%84%D8%AA%D9%8A_%D8%AA%D8%B3%D8%AA%D8%AE%D8%AF%D9%85%D9%87%D8%A7_%D8%B4%D8%B1%D9%83%D8%A9_%D8%AA%D8%B3%D9%84%D9%8A%D9%83_%D9%85%D8%AC%D8%A7%D8%B1%D9%8A_%D9%81%D9%8A_%D8%B9%D8%AC%D9%85%D8%A7%D9%86,0,132,0%,3.65
https://www.rukn-eltatawer.com/pest-control-company-in-fujairah/#%D9%85%D9%85%D9%8A%D8%B2%D8%A7%D8%AA_%D8%B4%D8%B1%D9%83%D8%A9_%D9%85%D9%83%D8%A7%D9%81%D8%AD%D9%87_%D8%A7%D9%84%D8%AD%D8%B4%D8%B1%D8%A7%D8%AA_%D9%81%D9%8A_%D8%A7%D9%84%D9%81%D8%AC%D9%8A%D8%B1%D8%A9,0,131,0%,2.55
https://www.rukn-eltatawer.com/abu-dhabi-tank-cleaning-company/#%D8%A3%D9%86%D9%88%D8%A7%D8%B9_%D8%A7%D9%84%D8%AE%D8%B2%D8%A7%D9%86%D8%A7%D8%AA_%D9%81%D9%8A_%D8%A7%D8%A8%D9%88_%D8%B8%D8%A8%D9%8A,0,130,0%,4.75
https://www.rukn-eltatawer.com/sewer-wiring-abu-dhabi/#%D8%AE%D8%B7%D9%88%D8%A7%D8%AA_%D8%B9%D9%85%D9%84_%D8%B4%D8%B1%D9%83%D8%A9_%D8%AA%D8%B3%D9%84%D9%8A%D9%83_%D9%85%D8%AC%D8%A7%D8%B1%D9%8A_%D9%81%D9%8A_%D8%A3%D8%A8%D9%88%D8%B8%D8%A8%D9%8A,0,128,0%,3.97
https://www.rukn-eltatawer.com/sharjah-pigeons-repellent-installation-company/#%D8%A7%D9%81%D8%B6%D9%84_%D8%B4%D8%B1%D9%83%D8%A9_%D8%AA%D8%B1%D9%83%D9%8A%D8%A8_%D8%B7%D8%A7%D8%B1%D8%AF_%D8%AD%D9%85%D8%A7%D9%85_%D9%81%D9%8A_%D8%A7%D9%84%D8%B4%D8%A7%D8%B1%D9%82%D8%A9,0,128,0%,4.65
https://www.rukn-eltatawer.com/sharjah-pigeons-repellent-installation-company/#%D8%A7%D9%84%D8%AE%D8%AF%D9%85%D8%A7%D8%AA_%D8%A7%D9%84%D8%AA%D9%8A_%D8%AA%D9%82%D8%AF%D9%85%D9%87%D8%A7_%D8%A3%D9%81%D8%B6%D9%84_%D8%B4%D8%B1%D9%83%D8%A9_%D8%AA%D8%B1%D9%83%D9%8A%D8%A8_%D8%B7%D8%A7%D8%B1%D8%AF_%D8%A7%D9%84%D8%AD%D9%85%D8%A7%D9%85_%D9%81%D9%8A_%D8%A7%D9%84%D8%B4%D8%A7%D8%B1%D9%82%D8%A9,0,128,0%,4.67
https://www.rukn-eltatawer.com/ajman-sofa-cleaning-company/#%D8%B4%D8%B1%D9%83%D8%A9_%D8%AA%D9%86%D8%B8%D9%8A%D9%81_%D9%83%D9%86%D8%A8_%D8%A8%D8%B9%D8%AC%D9%85%D8%A7%D9%86,0,127,0%,3.7
https://www.rukn-eltatawer.com/a-water-leak-detection-company-in-abu-dhabi/#%F0%9F%A7%AA_%D8%A7%D9%84%D8%A3%D8%AC%D9%87%D8%B2%D8%A9_%D8%A7%D9%84%D9%85%D8%B3%D8%AA%D8%AE%D8%AF%D9%85%D8%A9_%D9%81%D9%8A_%D9%83%D8%B4%D9%81_%D8%AA%D8%B3%D8%B1%D8%A8%D8%A7%D8%AA_%D8%A7%D9%84%D9%85%D9%8A%D8%A7%D9%87_%D9%81%D9%8A_%D8%A3%D8%A8%D9%88%D8%B8%D8%A8%D9%8A,0,126,0%,3.54
https://www.rukn-eltatawer.com/sewer-wiring-abu-dhabi/#%D8%AE%D8%AF%D9%85%D8%A7%D8%AA_%D8%B4%D8%B1%D9%83%D8%A9_%D8%AA%D8%B3%D9%84%D9%8A%D9%83_%D9%85%D8%AC%D8%A7%D8%B1%D9%8A_%D9%81%D9%8A_%D8%A3%D8%A8%D9%88%D8%B8%D8%A8%D9%8A,0,126,0%,3.93
https://www.rukn-eltatawer.com/pest-control-company-in-fujairah/#%D8%A3%D9%81%D8%B6%D9%84_%D8%B4%D8%B1%D9%83%D8%A9_%D9%85%D9%83%D8%A7%D9%81%D8%AD%D8%A9_%D8%AD%D8%B4%D8%B1%D8%A7%D8%AA_%D9%81%D9%8A_%D8%A7%D9%84%D9%81%D8%AC%D9%8A%D8%B1%D8%A9,0,125,0%,2.56
https://www.rukn-eltatawer.com/pest-control-company-in-fujairah/#%D8%A3%D9%86%D9%88%D8%A7%D8%B9_%D8%A7%D9%84%D8%AD%D8%B4%D8%B1%D8%A7%D8%AA_%D8%A7%D9%84%D8%AA%D9%8A_%D8%AA%D9%82%D9%88%D9%85_%D8%B4%D8%B1%D9%83%D8%AA%D9%86%D8%A7_%D8%A8%D8%A7%D9%84%D9%82%D8%B6%D8%A7%D8%A1_%D8%B9%D9%84%D9%8A%D9%87%D8%A7,0,125,0%,2.56
https://www.rukn-eltatawer.com/pest-control-company-in-fujairah/#%D9%85%D8%A7_%D9%87%D9%89_%D8%A3%D8%B3%D8%A8%D8%A7%D8%A8_%D8%A5%D9%86%D8%AA%D8%B4%D8%A7%D8%B1_%D8%A7%D9%84%D8%AD%D8%B4%D8%B1%D8%A7%D8%AA,0,125,0%,2.56
https://www.rukn-eltatawer.com/sewerage-plumbing-sharjah/#%D8%AA%D8%B3%D9%84%D9%8A%D9%83_%D9%85%D8%AC%D8%A7%D8%B1%D9%8A_%D8%A7%D9%84%D8%AD%D9%85%D8%A7%D9%85%D8%A7%D8%AA,0,125,0%,3.47
https://www.rukn-eltatawer.com/ajman-sofa-cleaning-company/#%D8%A7%D9%81%D8%B6%D9%84_%D8%B4%D8%B1%D9%83%D8%A9_%D8%AA%D9%86%D8%B8%D9%8A%D9%81_%D9%83%D9%86%D8%A8_%D9%81%D9%8A_%D8%B9%D8%AC%D9%85%D8%A7%D9%86,0,122,0%,3.7
https://www.rukn-eltatawer.com/umm-al-quwain-villas-cleaning-company/#%D8%A7%D9%81%D8%B6%D9%84_%D8%B4%D8%B1%D9%83%D8%A9_%D8%AA%D9%86%D8%B8%D9%8A%D9%81_%D9%81%D9%84%D9%84_%D8%A7%D9%85_%D8%A7%D9%84%D9%82%D9%8A%D9%88%D9%8A%D9%86,0,122,0%,5.65
https://www.rukn-eltatawer.com/ras-al-khaimah-roof-insulation-company/#%D9%85%D9%85%D9%8A%D8%B2%D8%A7%D8%AA_%D8%B4%D8%B1%D9%83%D8%A9_%D8%B9%D8%B2%D9%84_%D8%A3%D8%B3%D8%B7%D8%AD_%D8%B1%D8%A3%D8%B3_%D8%A7%D9%84%D8%AE%D9%8A%D9%85%D8%A9,0,122,0%,5.69
https://www.rukn-eltatawer.com/umm-al-quwain-villas-cleaning-company/#%D8%A7%D9%84%D8%AE%D8%AF%D9%85%D8%A7%D8%AA_%D8%A7%D9%84%D8%AA%D9%8A_%D8%AA%D9%82%D8%AF%D9%85%D9%87%D8%A7_%D8%A3%D9%81%D8%B6%D9%84_%D8%B4%D8%B1%D9%83%D8%A9_%D8%AA%D9%86%D8%B8%D9%8A%D9%81_%D8%A7%D9%84%D9%81%D9%84%D9%84_%D9%81%D9%8A_%D8%A7%D9%84%D8%B4%D8%A7%D8%B1%D9%82%D8%A9,0,119,0%,5.71
https://www.rukn-eltatawer.com/roof-insulation-in-abu-dhabi/#%D8%B4%D8%B1%D9%83%D8%A9_%D8%B9%D8%B2%D9%84_%D8%A3%D8%B3%D8%B7%D8%AD_%D9%81%D9%8A_%D8%A3%D8%A8%D9%88%D8%B8%D8%A8%D9%8A_%D9%85%D9%86_%D8%A7%D9%84%D8%B1%D8%B7%D9%88%D8%A8%D8%A9,0,118,0%,2.85
https://www.rukn-eltatawer.com/house-cleaning-company-in-fujairah/#%D8%B4%D8%B1%D9%83%D8%A9_%D8%AA%D9%86%D8%B8%D9%8A%D9%81_%D9%85%D9%86%D8%A7%D8%B2%D9%84_%D9%81%D9%8A_%D8%A7%D9%84%D9%81%D8%AC%D9%8A%D8%B1%D8%A9,0,117,0%,2.81
https://www.rukn-eltatawer.com/sewer-wiring-abu-dhabi/#%D8%A7%D8%AC%D9%87%D8%B2%D8%A9_%D8%AA%D8%B3%D9%84%D9%8A%D9%83_%D8%A7%D9%84%D9%85%D8%AC%D8%A7%D8%B1%D9%8A_%D9%81%D9%8A_%D8%A3%D8%A8%D9%88%D8%B8%D8%A8%D9%8A,0,117,0%,4.05
https://www.rukn-eltatawer.com/general-maintenance-company-in-dubai/#%D8%AA%D8%B1%D9%85%D9%8A%D9%85_%D9%88%D8%AA%D8%AC%D8%AF%D9%8A%D8%AF_%D8%A7%D9%84%D9%81%D9%84%D9%84_%D9%81%D9%8A_%D8%AF%D8%A8%D9%8A,0,116,0%,2.52
https://www.rukn-eltatawer.com/general-maintenance-company-in-dubai/#%D8%AE%D8%AF%D9%85%D8%A7%D8%AA_%D8%AA%D9%83%D8%B3%D9%8A%D8%B1_%D9%88%D8%AA%D8%B1%D9%85%D9%8A%D9%85_%D9%81%D9%84%D9%84_%D9%88%D8%AD%D9%85%D8%A7%D9%85%D8%A7%D8%AA_%D8%AF%D8%A8%D9%8A,0,115,0%,2.5
https://www.rukn-eltatawer.com/house-cleaning-company-in-fujairah/#%D9%85%D9%85%D9%8A%D8%B2%D8%A7%D8%AA_%D8%B4%D8%B1%D9%83%D8%A9_%D8%B1%D9%83%D9%86_%D8%A7%D9%84%D8%AA%D8%B7%D9%88%D8%B1_%D9%81%D9%89_%D8%A7%D9%84%D9%81%D8%AC%D9%8A%D8%B1%D8%A9,0,114,0%,2.77
https://www.rukn-eltatawer.com/roof-insulation-in-abu-dhabi/#%D8%B4%D8%B1%D9%83%D8%A9_%D8%B9%D8%B2%D9%84_%D8%A3%D8%B3%D8%B7%D8%AD_%D9%81%D9%8A_%D8%A3%D8%A8%D9%88%D8%B8%D8%A8%D9%8A,0,114,0%,2.84
https://www.rukn-eltatawer.com/al-ain-villas-cleaning-company/#%D8%AA%D9%86%D8%B8%D9%8A%D9%81_%D9%83%D9%86%D8%A8,0,114,0%,3.29
https://www.rukn-eltatawer.com/water-leak-detection-umm-al-quwain/,0,112,0%,4.57
https://www.rukn-eltatawer.com/sharjah-gypsum-board-installation-company/#%D8%A3%D9%81%D8%B6%D9%84_%D8%B4%D8%B1%D9%83%D8%A9_%D8%AA%D8%B1%D9%83%D9%8A%D8%A8_%D8%AC%D8%A8%D8%B3_%D8%A8%D9%88%D8%B1%D8%AF_%D9%81%D9%8A_%D8%A7%D9%84%D8%B4%D8%A7%D8%B1%D9%82%D8%A9,0,111,0%,3.2
https://www.rukn-eltatawer.com/sharjah-gypsum-board-installation-company/#%D8%AE%D8%AF%D9%85%D8%A7%D8%AA_%D8%B4%D8%B1%D9%83%D8%A9_%D8%AA%D8%B1%D9%83%D9%8A%D8%A8_%D8%AC%D8%A8%D8%B3_%D8%A8%D9%88%D8%B1%D8%AF_%D9%81%D9%8A_%D8%A7%D9%84%D8%B4%D8%A7%D8%B1%D9%82%D8%A9,0,111,0%,3.2
https://www.rukn-eltatawer.com/dyeing-abu-dhabi/,0,111,0%,16.34
https://www.rukn-eltatawer.com/dyeing-ras-al-khaimah/,0,110,0%,8.35
https://www.rukn-eltatawer.com/dyeing-in-dubai/#%D8%B4%D8%B1%D9%83%D8%A7%D8%AA_%D8%B5%D8%A8%D8%BA_%D8%A8%D8%AF%D8%A8%D9%8A,0,109,0%,3.64
https://www.rukn-eltatawer.com/ras-al-khaimah-roof-insulation-company/#%D8%AE%D8%B7%D9%88%D8%A7%D8%AA_%D8%B4%D8%B1%D9%83%D8%A9_%D8%B9%D8%B2%D9%84_%D8%A7%D8%B3%D8%B7%D8%AD_%D8%A8%D8%B1%D8%A7%D8%B3_%D8%A7%D9%84%D8%AE%D9%8A%D9%85%D8%A9,0,109,0%,5.72
https://www.rukn-eltatawer.com/insulators-company-in-sharjah/#%D8%A7%D9%81%D8%B6%D9%84_%D8%B4%D8%B1%D9%83%D8%A9_%D8%B9%D8%B2%D9%84_%D8%A7%D8%B3%D8%B7%D8%AD_%D9%81%D9%8A_%D8%A7%D9%84%D8%B4%D8%A7%D8%B1%D9%82%D8%A9,0,108,0%,2.66
https://www.rukn-eltatawer.com/insect-control-in-dubai/#%D9%85%D9%83%D8%A7%D9%81%D8%AD%D8%A9_%D8%A7%D9%84%D9%86%D9%85%D9%84_%D8%A7%D9%84%D8%A7%D8%A8%D9%8A%D8%B6_%D9%81%D9%8A_%D8%AF%D8%A8%D9%8A,0,108,0%,3.81
https://www.rukn-eltatawer.com/hourly-cleaning-maids-dubai/#%D8%B4%D8%B1%D9%83%D8%A9_%D8%AA%D9%86%D8%B8%D9%8A%D9%81_%D8%A8%D8%A7%D9%84%D8%B3%D8%A7%D8%B9%D8%A9_%D8%AF%D8%A8%D9%8A_%E2%80%93_%D8%A7%D9%84%D8%AC%D9%88%D8%AF%D8%A9_%D9%88%D8%A7%D9%84%D8%B3%D8%B1%D8%B9%D8%A9,0,108,0%,4.19
https://www.rukn-eltatawer.com/general-maintenance-company-sharjah/#%D8%B4%D8%B1%D9%83%D8%A9_%D8%AA%D8%B1%D9%85%D9%8A%D9%85_%D9%81%D9%84%D9%84_%D8%A7%D9%84%D8%B4%D8%A7%D8%B1%D9%82%D8%A9,0,107,0%,9.11
https://www.rukn-eltatawer.com/general-maintenance-company-sharjah/#%D8%B4%D8%B1%D9%83%D8%A9_%D8%AA%D8%B1%D9%85%D9%8A%D9%85_%D9%88%D8%B5%D9%8A%D8%A7%D9%86%D8%A9_%D8%AD%D9%85%D8%A7%D9%85%D8%A7%D8%AA_%D8%A7%D9%84%D8%B4%D8%A7%D8%B1%D9%82%D8%A9,0,107,0%,9.11
https://www.rukn-eltatawer.com/surface-insulation-company-in-dubai/#8_%D8%B9%D9%84%D8%A7%D9%85%D8%A7%D8%AA_%D8%AA%D9%82%D9%88%D9%84_%D8%A5%D9%86_%D8%B3%D8%B7%D8%AD_%D9%85%D8%A8%D9%86%D8%A7%D9%83_%D9%81%D9%8A_%D8%AF%D8%A8%D9%8A_%D9%8A%D8%AD%D8%AA%D8%A7%D8%AC_%D8%B9%D8%B2%D9%84%D8%A7%D9%8B_%D9%81%D9%88%D8%B1%D9%8A%D8%A7%D9%8B_%E2%80%93_%D9%84%D8%A7_%D8%AA%D8%AA%D8%AC%D8%A7%D9%87%D9%84%D9%87%D8%A7,0,106,0%,3.01
https://www.rukn-eltatawer.com/sa/water-leak-detection-al-majmaah/,0,106,0%,17.75
https://www.rukn-eltatawer.com/abu-dhabi-landscaping-company/#%D8%B4%D8%B1%D9%83%D8%A7%D8%AA_%D8%AA%D9%86%D8%B3%D9%8A%D9%82_%D8%AD%D8%AF%D8%A7%D8%A6%D9%82_%D9%88%D9%85%D8%AA%D9%86%D8%B2%D9%87%D8%A7%D8%AA_%D8%A7%D8%A8%D9%88%D8%B8%D8%A8%D9%8A,0,105,0%,2.75
https://www.rukn-eltatawer.com/surface-insulation-company-in-dubai/#%D8%A7%D9%84%D8%AE%D8%B7%D9%88%D8%A7%D8%AA_%D8%A7%D9%84%D9%85%D8%AA%D8%A8%D8%B9%D8%A9_%D9%81%D9%8A_%D8%B9%D8%B2%D9%84_%D8%A7%D8%B3%D8%B7%D8%AD_%D9%81%D9%8A_%D8%AF%D8%A8%D9%8A,0,105,0%,2.97
https://www.rukn-eltatawer.com/surface-insulation-company-in-dubai/#7_%D8%A3%D8%AE%D8%B7%D8%A7%D8%A1_%D8%B4%D8%A7%D8%A6%D8%B9%D8%A9_%D9%8A%D9%82%D8%B9_%D9%81%D9%8A%D9%87%D8%A7_%D9%85%D9%86_%D9%8A%D8%A8%D8%AD%D8%AB_%D8%B9%D9%86_%D8%B4%D8%B1%D9%83%D8%A9_%D8%B9%D8%B2%D9%84_%D8%A3%D8%B3%D8%B7%D8%AD_%D9%81%D9%8A_%D8%AF%D8%A8%D9%8A_%E2%80%93_%D9%88%D9%83%D9%8A%D9%81_%D8%AA%D8%AA%D8%AC%D9%86%D8%A8%D9%87%D8%A7,0,105,0%,2.98
https://www.rukn-eltatawer.com/dubai-sofa-cleaning-company/,0,105,0%,12.67
https://www.rukn-eltatawer.com/surface-insulation-company-in-dubai/#%D8%A7%D9%84%D8%A3%D8%B3%D8%A8%D8%A7%D8%A8_%D8%A7%D9%84%D8%AC%D8%B0%D8%B1%D9%8A%D8%A9_%D9%84%D8%AA%D8%AF%D9%87%D9%88%D8%B1_%D8%B9%D8%B2%D9%84_%D8%A7%D9%84%D8%A3%D8%B3%D8%B7%D8%AD_%D9%81%D9%8A_%D8%AF%D8%A8%D9%8A_%E2%80%93_%D8%A7%D9%84%D8%AA%D8%B4%D8%AE%D9%8A%D8%B5_%D8%A7%D9%84%D8%A7%D8%AD%D8%AA%D8%B1%D8%A7%D9%81%D9%8A_%D8%A7%D9%84%D9%83%D8%A7%D9%85%D9%84,0,104,0%,2.94
https://www.rukn-eltatawer.com/surface-insulation-company-in-dubai/#%D9%85%D9%85%D9%8A%D8%B2%D8%A7%D8%AA_%D8%B4%D8%B1%D9%83%D8%A9_%D8%B9%D8%B2%D9%84_%D8%A7%D8%B3%D8%B7%D8%AD_%D9%81%D9%8A_%D8%AF%D8%A8%D9%8A,0,104,0%,2.94
https://www.rukn-eltatawer.com/dyeing-in-dubai/#%D8%B5%D8%A8%D8%A7%D8%BA_%D8%B1%D8%AE%D9%8A%D8%B5_%D8%A8%D8%AF%D8%A8%D9%8A,0,104,0%,3.65
https://www.rukn-eltatawer.com/dyeing-in-dubai/#%D8%B4%D8%B1%D9%83%D8%A9_%D8%B5%D8%A8%D8%BA_%D8%A8%D8%AF%D8%A8%D9%8A,0,103,0%,3.49
https://www.rukn-eltatawer.com/ras-al-khaimah-cleaning/,0,103,0%,24.12
https://www.rukn-eltatawer.com/a-water-leak-detection-company-in-abu-dhabi/#%D8%AE%D8%AF%D9%85%D8%A7%D8%AA_%D8%B4%D8%B1%D9%83%D8%A9_%D8%B1%D9%83%D9%86_%D8%A7%D9%84%D8%AA%D8%B7%D9%88%D8%B1_%D9%84%D9%83%D8%B4%D9%81_%D8%AA%D8%B3%D8%B1%D8%A8%D8%A7%D8%AA_%D8%A7%D9%84%D9%85%D9%8A%D8%A7%D9%87_%D9%81%D9%8A_%D8%A3%D8%A8%D9%88%D8%B8%D8%A8%D9%8A,0,102,0%,3.52
https://www.rukn-eltatawer.com/dyeing-in-sharjah/#%D8%B4%D8%B1%D9%83%D8%A9_%D8%B5%D8%A8%D8%BA_%D9%81%D9%8A_%D8%A7%D9%84%D8%B4%D8%A7%D8%B1%D9%82%D8%A9,0,102,0%,3.58
https://www.rukn-eltatawer.com/ajman-sofa-cleaning-company/#%D8%B4%D8%B1%D9%83%D8%A7%D8%AA_%D9%86%D8%B8%D8%A7%D9%81%D8%A9_%D9%83%D9%86%D8%A8_%D9%81%D9%89_%D8%B9%D8%AC%D9%85%D8%A7%D9%86,0,102,0%,3.81
https://www.rukn-eltatawer.com/ajman-sofa-cleaning-company/#%D8%B7%D8%B1%D9%82_%D8%A7%D9%84%D8%B4%D8%B1%D9%83%D8%A9_%D9%81%D9%8A_%D8%B9%D9%85%D9%84%D9%8A%D8%A9_%D8%AA%D9%86%D8%B8%D9%8A%D9%81_%D9%88%D8%BA%D8%B3%D9%8A%D9%84_%D8%A7%D9%84%D9%83%D9%86%D8%A8,0,102,0%,3.81
https://www.rukn-eltatawer.com/sewer-wiring-abu-dhabi/#%D8%AA%D8%B3%D9%84%D9%8A%D9%83_%D9%85%D8%AC%D8%A7%D8%B1%D9%8A_%D8%A7%D9%84%D9%85%D8%B7%D8%A8%D8%AE_%D9%81%D9%8A_%D8%A7%D8%A8%D9%88%D8%B8%D8%A8%D9%8A,0,102,0%,4.29
https://www.rukn-eltatawer.com/umm-al-quwain-villas-cleaning-company/#%D8%A7%D9%81%D8%B6%D9%84_%D8%B4%D8%B1%D9%83%D8%A7%D8%AA_%D8%AA%D9%86%D8%B8%D9%8A%D9%81_%D8%A7%D9%84%D9%81%D9%84%D9%84_%D9%81%D9%8A_%D8%A7%D9%85_%D8%A7%D9%84%D9%82%D9%8A%D9%88%D9%8A%D9%86,0,102,0%,5.82
https://www.rukn-eltatawer.com/insect-control-in-sharjah/#%D9%85%D9%83%D8%A7%D9%81%D8%AD%D8%A9_%D8%A7%D9%84%D9%81%D8%A6%D8%B1%D8%A7%D9%86_%D9%81%D9%8A_%D8%A7%D9%84%D8%B4%D8%A7%D8%B1%D9%82%D8%A9_%D8%A8%D8%A3%D8%AD%D8%AF%D8%AB_%D8%A7%D9%84%D8%A3%D8%AF%D9%88%D8%A7%D8%AA_%D9%81%D9%8A_%D8%A7%D9%84%D8%B4%D8%A7%D8%B1%D9%82%D8%A9,0,101,0%,5.53
https://www.rukn-eltatawer.com/dubai-carpet-cleaning-company/,0,101,0%,6.83
https://www.rukn-eltatawer.com/insect-control-in-umm-al-quwain/#%D8%AE%D8%AF%D9%85%D8%A7%D8%AA_%D8%B4%D8%B1%D9%83%D8%A9_%D9%85%D9%83%D8%A7%D9%81%D8%AD%D8%A9_%D8%A7%D9%84%D8%AD%D8%B4%D8%B1%D8%A7%D8%AA_%D9%81%D9%8A_%D8%A3%D9%85_%D8%A7%D9%84%D9%82%D9%8A%D9%88%D9%8A%D9%86,0,100,0%,1.93
https://www.rukn-eltatawer.com/insect-control-in-umm-al-quwain/#%D9%85%D9%85%D9%8A%D8%B2%D8%A7%D8%AA_%D8%B4%D8%B1%D9%83%D8%A9_%D9%85%D9%83%D8%A7%D9%81%D8%AD%D8%A9_%D8%AD%D8%B4%D8%B1%D8%A7%D8%AA_%D9%81%D9%8A_%D8%A3%D9%85_%D8%A7%D9%84%D9%82%D9%8A%D9%88%D9%8A%D9%86,0,100,0%,1.93
https://www.rukn-eltatawer.com/abu-dhabi-landscaping-company/#%D8%AA%D8%B5%D9%85%D9%8A%D9%85_%D9%88%D8%AA%D9%86%D9%81%D9%8A%D8%B0_%D8%AD%D8%AF%D8%A7%D8%A6%D9%82_%D9%81%D9%8A_%D8%A7%D8%A8%D9%88%D8%B8%D8%A8%D9%8A,0,100,0%,2.71
https://www.rukn-eltatawer.com/abu-dhabi-kitchen-cleaning-company/,0,100,0%,8.72
https://www.rukn-eltatawer.com/dyeing-in-sharjah/#%D8%A7%D9%81%D8%B6%D9%84_%D8%B4%D8%B1%D9%83%D8%A9_%D8%B5%D8%A8%D8%BA_%D9%81%D9%8A_%D8%A7%D9%84%D8%B4%D8%A7%D8%B1%D9%82%D8%A9,0,99,0%,3.55
https://www.rukn-eltatawer.com/dyeing-in-sharjah/#%D9%85%D9%85%D9%8A%D8%B2%D8%A7%D8%AA_%D8%B4%D8%B1%D9%83%D8%A9_%D8%B5%D8%A8%D8%BA_%D9%81%D9%8A_%D8%A7%D9%84%D8%B4%D8%A7%D8%B1%D9%82%D8%A9,0,99,0%,3.55
https://www.rukn-eltatawer.com/umm-al-quwain-villas-cleaning-company/#%D8%B4%D8%B1%D9%83%D8%A9_%D8%AA%D9%86%D8%B8%D9%8A%D9%81_%D9%81%D9%84%D9%84_%D9%81%D9%8A_%D8%A3%D9%85_%D8%A7%D9%84%D9%82%D9%8A%D9%88%D9%8A%D9%86,0,99,0%,5.91
https://www.rukn-eltatawer.com/sewerage-plumbing-sharjah/#%D8%A7%D8%AF%D8%A7%D8%A9_%D8%AA%D8%B3%D9%84%D9%8A%D9%83_%D8%A7%D9%84%D9%85%D8%AC%D8%A7%D8%B1%D9%8A_%D9%81%D9%8A_%D8%A7%D9%84%D8%B4%D8%A7%D8%B1%D9%82%D8%A9,0,98,0%,3.07
https://www.rukn-eltatawer.com/sewer-plumbing-ajman/#%D8%A7%D9%84%D8%A3%D8%B3%D8%A8%D8%A7%D8%A8_%D8%A7%D9%84%D8%AC%D8%B0%D8%B1%D9%8A%D8%A9_%D9%84%D8%A7%D9%86%D8%B3%D8%AF%D8%A7%D8%AF_%D8%A7%D9%84%D8%B5%D8%B1%D9%81_%D8%A7%D9%84%D8%B5%D8%AD%D9%8A_%D9%88%D8%A7%D9%84%D8%AA%D8%B4%D8%AE%D9%8A%D8%B5_%D8%A7%D9%84%D8%A7%D8%AD%D8%AA%D8%B1%D8%A7%D9%81%D9%8A_2026,0,98,0%,3.65
https://www.rukn-eltatawer.com/sewer-plumbing-ajman/#%D8%B9%D9%84%D8%A7%D8%AC_%D8%A7%D9%86%D8%B3%D8%AF%D8%A7%D8%AF_%D8%A7%D9%84%D9%85%D8%AC%D8%A7%D8%B1%D9%8A_%D9%81%D9%8A_%D8%A7%D9%84%D9%85%D8%B7%D8%A8%D8%AE_%D9%88%D8%A7%D9%84%D8%AD%D9%85%D8%A7%D9%85%D8%A7%D8%AA_%D8%A8%D8%B9%D8%AC%D9%85%D8%A7%D9%86_%D8%A8%D8%B4%D9%83%D9%84_%D8%AC%D8%B0%D8%B1%D9%8A,0,98,0%,3.65
https://www.rukn-eltatawer.com/sewer-plumbing-ajman/#%D9%85%D8%A7_%D9%87%D9%8A_%D9%85%D8%AE%D8%A7%D8%B7%D8%B1_%D9%88%D8%B9%D9%84%D8%A7%D9%85%D8%A7%D8%AA_%D8%A7%D9%86%D8%B3%D8%AF%D8%A7%D8%AF_%D8%A7%D9%84%D9%85%D8%AC%D8%A7%D8%B1%D9%8A_%D9%81%D9%8A_%D8%B9%D8%AC%D9%85%D8%A7%D9%86_%D8%A7%D9%84%D8%AA%D9%8A_%D9%84%D8%A7_%D9%8A%D8%AC%D8%A8_%D8%AA%D8%AC%D8%A7%D9%87%D9%84%D9%87%D8%A7%D8%9F,0,98,0%,3.65
https://www.rukn-eltatawer.com/sewer-plumbing-ajman/#%D9%85%D9%85%D9%8A%D8%B2%D8%A7%D8%AA_%D8%B4%D8%B1%D9%83%D8%A9_%D8%AA%D8%B3%D9%84%D9%8A%D9%83_%D8%A7%D9%84%D9%85%D8%AC%D8%A7%D8%B1%D9%8A_%D9%81%D9%8A_%D8%B9%D8%AC%D9%85%D8%A7%D9%86,0,98,0%,3.65
https://www.rukn-eltatawer.com/sewer-plumbing-ajman/#5_%D8%A3%D8%AE%D8%B7%D8%A7%D8%A1_%D8%AA%D8%AF%D9%85%D8%B1_%D8%A7%D9%84%D8%B3%D8%A8%D8%A7%D9%83%D8%A9_%D9%88%D9%86%D8%B5%D8%A7%D8%A6%D8%AD_%D9%85%D9%87%D9%85%D8%A9_%D9%8A%D8%AC%D8%A8_%D8%A7%D8%AA%D8%A8%D8%A7%D8%B9%D9%87%D8%A7_%D8%A8%D8%B9%D8%AF_%D8%AA%D8%B3%D9%84%D9%8A%D9%83_%D8%A7%D9%84%D9%85%D8%AC%D8%A7%D8%B1%D9%8A,0,98,0%,3.65
https://www.rukn-eltatawer.com/insulators-company-in-sharjah/#%D8%AE%D8%AF%D9%85%D8%A7%D8%AA_%D8%B4%D8%B1%D9%83%D8%A9_%D8%B9%D8%B2%D9%84_%D8%A7%D8%B3%D8%B7%D8%AD_%D9%81%D9%8A_%D8%A7%D9%84%D8%B4%D8%A7%D8%B1%D9%82%D8%A9,0,97,0%,2.77
https://www.rukn-eltatawer.com/insect-control-in-sharjah/#%D8%B4%D8%B1%D9%83%D8%A9_%D9%85%D8%A8%D9%8A%D8%AF%D8%A7%D8%AA_%D8%AD%D8%B4%D8%B1%D9%8A%D8%A9_%D9%81%D9%8A_%D8%A7%D9%84%D8%B4%D8%A7%D8%B1%D9%82%D8%A9,0,97,0%,4.88
https://www.rukn-eltatawer.com/fujairah-villas-cleaning-company/,0,97,0%,13.06
https://www.rukn-eltatawer.com/dyeing-in-dubai/#%D8%B4%D8%B1%D9%83%D8%A9_%D8%B5%D8%A8%D8%BA_%D9%88%D9%88%D8%B1%D9%82_%D8%AD%D8%A7%D8%A6%D8%B7_%D8%A8%D8%AF%D8%A8%D9%8A,0,96,0%,3.75
https://www.rukn-eltatawer.com/landscaping-company-in-dubai/#%D8%A3%D9%81%D8%B6%D9%84_%D8%B4%D8%B1%D9%83%D8%A9_%D8%AA%D9%86%D8%B3%D9%8A%D9%82_%D8%AD%D8%AF%D8%A7%D8%A6%D9%82_%D9%81%D9%8A_%D8%AF%D8%A8%D9%8A,0,94,0%,3.55
https://www.rukn-eltatawer.com/landscaping-company-in-dubai/#%D8%B4%D8%B1%D9%83%D8%A9_%D8%AA%D9%86%D8%B3%D9%8A%D9%82_%D8%AD%D8%AF%D8%A7%D8%A6%D9%82_%D9%81%D9%8A_%D8%AF%D8%A8%D9%8A,0,94,0%,3.55
https://www.rukn-eltatawer.com/insect-control-in-dubai/#%D8%A3%D9%86%D9%88%D8%A7%D8%B9_%D8%A7%D9%84%D8%AD%D8%B4%D8%B1%D8%A7%D8%AA_%D8%A7%D9%84%D8%AA%D9%8A_%D9%86%D8%AA%D8%B9%D8%A7%D9%85%D9%84_%D9%85%D8%B9%D9%87%D8%A7_%D9%81%D9%8A_%D8%AF%D8%A8%D9%8A,0,93,0%,4.18
https://www.rukn-eltatawer.com/abu-dhabi-air-conditioner-cleaning-company/#%D8%B1%D9%83%D9%86_%D8%A7%D9%84%D8%AA%D8%B7%D9%88%D8%B1_%D8%A3%D9%81%D8%B6%D9%84_%D8%B4%D8%B1%D9%83%D8%A9_%D8%AA%D9%86%D8%B8%D9%8A%D9%81_%D9%85%D9%83%D9%8A%D9%81%D8%A7%D8%AA_%D9%81%D9%8A_%D8%A3%D8%A8%D9%88%D8%B8%D8%A8%D9%8A,0,93,0%,5.41
https://www.rukn-eltatawer.com/dubai-marble-polishing-and-polishing-company/,0,93,0%,13.41
https://www.rukn-eltatawer.com/abu-dhabi-air-conditioner-cleaning-company/#%D9%85%D9%85%D9%8A%D8%B2%D8%A7%D8%AA_%D8%B4%D8%B1%D9%83%D8%A9_%D8%AA%D9%86%D8%B8%D9%8A%D9%81_%D9%85%D9%83%D9%8A%D9%81%D8%A7%D8%AA_%D9%81%D9%89_%D8%A3%D8%A8%D9%88%D8%B8%D8%A8%D9%8A,0,91,0%,5.44
https://www.rukn-eltatawer.com/abu-dhabi-landscaping-company/#%D8%A7%D9%81%D8%B6%D9%84_%D8%B4%D8%B1%D9%83%D8%A9_%D8%AA%D9%86%D8%B3%D9%8A%D9%82_%D8%AD%D8%AF%D8%A7%D8%A6%D9%82_%D9%81%D9%8A_%D8%A7%D8%A8%D9%88_%D8%B8%D8%A8%D9%8A,0,90,0%,2.88
https://www.rukn-eltatawer.com/dyeing-in-sharjah/#%D8%AA%D8%B4%D8%B7%D9%8A%D8%A8_%D8%B5%D8%A8%D8%BA_%D9%81%D9%8A_%D8%A7%D9%84%D8%B4%D8%A7%D8%B1%D9%82%D8%A9,0,88,0%,3.86
https://www.rukn-eltatawer.com/dyeing-in-sharjah/#%D8%B4%D8%B1%D9%83%D8%A7%D8%AA_%D8%A7%D9%84%D8%B5%D8%A8%D8%BA_%D9%88%D9%88%D8%B1%D9%82_%D8%A7%D9%84%D8%AD%D8%A7%D8%A6%D8%B7_%D9%81%D9%8A_%D8%A7%D9%84%D8%B4%D8%A7%D8%B1%D9%82%D8%A9,0,88,0%,3.86
https://www.rukn-eltatawer.com/abu-dhabi-landscaping-company/#%D8%B4%D8%B1%D9%83%D8%A9_%D8%AA%D9%86%D8%B3%D9%8A%D9%82_%D8%AD%D8%AF%D8%A7%D8%A6%D9%82_%D8%A3%D8%A8%D9%88%D8%B8%D8%A8%D9%8A,0,86,0%,2.85
https://www.rukn-eltatawer.com/ras-al-khaimah-roof-insulation-company/#%D8%B4%D8%B1%D9%83%D8%A7%D8%AA_%D8%B9%D8%B2%D9%84_%D8%A7%D9%84%D8%A7%D8%B3%D8%B7%D8%AD_%D9%88%D8%A7%D9%84%D8%AE%D8%B2%D8%A7%D9%86%D8%A7%D8%AA_%D8%B1%D8%A3%D8%B3_%D8%A7%D9%84%D8%AE%D9%8A%D9%85%D8%A9,0,86,0%,5.55
https://www.rukn-eltatawer.com/termite-control-dubai/#%D8%A7%D8%B1%D8%AE%D8%B5_%D8%B4%D8%B1%D9%83%D8%A9_%D9%85%D9%83%D8%A7%D9%81%D8%AD%D8%A9_%D8%A7%D9%84%D8%B1%D9%85%D8%A9_%D9%81%D9%8A_%D8%AF%D8%A8%D9%8A,0,86,0%,6.55
https://www.rukn-eltatawer.com/abu-dhabi-landscaping-company/#%D8%B4%D8%B1%D9%83%D8%A9_%D8%AA%D9%86%D8%B3%D9%8A%D9%82_%D8%AD%D8%AF%D8%A7%D8%A6%D9%82_%D8%A3%D8%A8%D9%88%D8%B8%D8%A8%D9%8A_%E2%80%93_%D9%82%D8%B7%D8%B9_%D8%A7%D9%84%D8%A7%D8%B4%D8%AC%D8%A7%D8%B1_%D9%81%D9%8A_%D8%A3%D8%A8%D9%88%D8%B8%D8%A8%D9%8A,0,85,0%,2.85
https://www.rukn-eltatawer.com/air-conditioner-cleaning-company-in-al-ain/#%D8%AE%D8%AF%D9%85%D8%A7%D8%AA_%D8%B4%D8%B1%D9%83%D8%A9_%D8%B1%D9%83%D9%86_%D8%A7%D9%84%D8%AA%D8%B7%D9%88%D8%B1_%D9%84%D8%AA%D9%86%D8%B8%D9%8A%D9%81_%D9%88%D8%B5%D9%8A%D8%A7%D9%86%D8%A9_%D9%85%D9%83%D9%8A%D9%81%D8%A7%D8%AA_%D8%A7%D9%84%D9%87%D9%88%D8%A7%D8%A1_%D9%81%D9%8A_%D8%A7%D9%84%D8%B9%D9%8A%D9%86,0,85,0%,7.8
https://www.rukn-eltatawer.com/sewerage-plumbing-company-in-al-ain/#%D8%A7%D9%81%D8%B6%D9%84_%D8%B4%D8%B1%D9%83%D8%A9_%D8%AA%D8%B3%D9%84%D9%8A%D9%83_%D9%85%D8%AC%D8%A7%D8%B1%D9%8A_%D9%81%D9%8A_%D8%A7%D9%84%D8%B9%D9%8A%D9%86_%D9%85%D8%B9%D8%AA%D9%85%D8%AF%D8%A9,0,84,0%,2.12
https://www.rukn-eltatawer.com/sewerage-plumbing-company-in-al-ain/#%D8%B4%D8%B1%D9%83%D8%A9_%D8%AA%D8%B3%D9%84%D9%8A%D9%83_%D9%85%D8%AC%D8%A7%D8%B1%D9%8A_%D9%81%D9%8A_%D8%A7%D9%84%D8%B9%D9%8A%D9%86,0,84,0%,2.12
https://www.rukn-eltatawer.com/dyeing-in-dubai/#%D8%AE%D8%AF%D9%85%D8%A7%D8%AA_%D8%B4%D8%B1%D9%83%D8%A9_%D8%B5%D8%A8%D8%BA_%D8%A8%D8%AF%D8%A8%D9%8A,0,84,0%,3.58
https://www.rukn-eltatawer.com/water-leak-detection-company-in-fujairah/,0,84,0%,12.94
https://www.rukn-eltatawer.com/sharjah-pigeons-repellent-installation-company/#%D8%B4%D8%B1%D9%83%D8%A7%D8%AA_%D9%85%D9%83%D8%A7%D9%81%D8%AD%D8%A9_%D8%A7%D9%84%D8%AD%D9%85%D8%A7%D9%85_%D8%AF%D8%A7%D8%AE%D9%84_%D8%A7%D9%84%D8%A7%D9%85%D8%A7%D8%B1%D8%A7%D8%AA,0,83,0%,4.55
https://www.rukn-eltatawer.com/pest-control-khor-fakkan/,0,83,0%,7.6
https://www.rukn-eltatawer.com/water-leak-detection-ras-al-khaimah/,0,83,0%,12.36
https://www.rukn-eltatawer.com/dubai-pigeons-repellent-installation/#%D8%A7%D9%81%D8%B6%D9%84_%D8%B4%D8%B1%D9%83%D8%A9_%D8%AA%D8%B1%D9%83%D9%8A%D8%A8_%D8%B7%D8%A7%D8%B1%D8%AF_%D8%AD%D9%85%D8%A7%D9%85_%D9%81%D9%8A_%D8%AF%D8%A8%D9%8A,0,82,0%,2.98
https://www.rukn-eltatawer.com/dubai-pigeons-repellent-installation/#%D8%AE%D8%AF%D9%85%D8%A7%D8%AA_%D8%B4%D8%B1%D9%83%D8%A9_%D9%85%D9%83%D8%A7%D9%81%D8%AD%D8%A9_%D8%AD%D9%85%D8%A7%D9%85_%D8%A8%D8%A7%D9%84%D8%A7%D9%85%D8%A7%D8%B1%D8%A7%D8%AA,0,82,0%,3
https://www.rukn-eltatawer.com/air-conditioner-cleaning-company-in-al-ain/#%D8%B4%D8%B1%D9%83%D8%A9_%D8%AA%D9%86%D8%B8%D9%8A%D9%81_%D9%85%D9%83%D9%8A%D9%81%D8%A7%D8%AA_%D9%81%D9%8A_%D8%A7%D9%84%D8%B9%D9%8A%D9%86,0,82,0%,7.82
https://www.rukn-eltatawer.com/dyeing-in-dubai/#%D8%B5%D8%A8%D8%BA%D8%A7%D8%AA_%D8%B1%D8%AE%D9%8A%D8%B5%D8%A9_%D9%81%D9%8A_%D8%AF%D8%A8%D9%8A,0,81,0%,3
https://www.rukn-eltatawer.com/dyeing-in-dubai/#%D8%AA%D9%82%D9%8A%D9%8A%D9%85_%D8%B3%D9%88%D9%82_%D8%B5%D8%A8%D8%BA_%D8%A7%D9%84%D8%AF%D9%87%D8%A7%D9%86%D8%A7%D8%AA_%D9%81%D9%8A_%D8%AF%D8%A8%D9%8A,0,81,0%,3.58
https://www.rukn-eltatawer.com/insect-control-in-umm-al-quwain/#%D8%A3%D8%B3%D8%A8%D8%A7%D8%A8_%D8%A5%D9%86%D8%AA%D8%B4%D8%A7%D8%B1_%D8%A7%D9%84%D8%AD%D8%B4%D8%B1%D8%A7%D8%AA,0,80,0%,1.93
https://www.rukn-eltatawer.com/insect-control-in-umm-al-quwain/#%D8%A3%D9%81%D8%B6%D9%84_%D8%B4%D8%B1%D9%83%D8%A9_%D9%85%D9%83%D8%A7%D9%81%D8%AD%D8%A9_%D8%AD%D8%B4%D8%B1%D8%A7%D8%AA_%D9%81%D9%8A_%D8%A3%D9%85_%D8%A7%D9%84%D9%82%D9%8A%D9%88%D9%8A%D9%86,0,80,0%,1.93
https://www.rukn-eltatawer.com/insect-control-in-umm-al-quwain/#%D8%A7%D9%84%D8%A3%D8%AF%D9%88%D8%A7%D8%AA_%D8%A7%D9%84%D8%AA%D9%8A_%D8%AA%D8%B3%D8%AA%D8%AE%D8%AF%D9%85%D9%87%D8%A7_%D8%B4%D8%B1%D9%83%D8%A9_%D9%85%D9%83%D8%A7%D9%81%D8%AD%D8%A9_%D8%AD%D8%B4%D8%B1%D8%A7%D8%AA_%D9%81%D9%8A_%D8%A3%D9%85_%D8%A7%D9%84%D9%82%D9%8A%D9%88%D9%8A%D9%86,0,80,0%,1.93
https://www.rukn-eltatawer.com/insect-control-in-umm-al-quwain/#%D8%A7%D9%84%D9%85%D8%A8%D9%8A%D8%AF%D8%A7%D8%AA_%D8%A7%D9%84%D8%AA%D9%8A_%D8%AA%D8%B3%D8%AA%D8%AE%D8%AF%D9%85%D9%87%D8%A7_%D8%B4%D8%B1%D9%83%D8%AA%D9%86%D8%A7_%D9%84%D8%A5%D8%A8%D8%A7%D8%AF%D8%A9_%D8%A7%D9%84%D8%AD%D8%B4%D8%B1%D8%A7%D8%AA,0,80,0%,1.93
https://www.rukn-eltatawer.com/leak-detection-company-in-dubai/#%D8%A3%D8%AC%D9%87%D8%B2%D8%A9_%D9%88%D8%AA%D9%82%D9%86%D9%8A%D8%A7%D8%AA_%D9%83%D8%B4%D9%81_%D8%AA%D8%B3%D8%B1%D8%A8%D8%A7%D8%AA_%D8%A7%D9%84%D9%85%D9%8A%D8%A7%D9%87_%D9%81%D9%8A_%D8%AF%D8%A8%D9%8A_2026_%E2%80%93_%D8%A8%D8%AF%D9%88%D9%86_%D8%AA%D9%83%D8%B3%D9%8A%D8%B1_%D9%88%D8%A8%D8%AF%D9%82%D8%A9_%D8%B3%D9%86%D8%AA%D9%8A%D9%85%D8%AA%D8%B1%D9%8A%D8%A9,0,80,0%,3.44
https://www.rukn-eltatawer.com/leak-detection-company-in-dubai/#%D8%A3%D8%B3%D8%A8%D8%A7%D8%A8_%D8%AA%D8%B3%D8%B1%D8%A8%D8%A7%D8%AA_%D8%A7%D9%84%D9%85%D9%8A%D8%A7%D9%87_%D9%81%D9%8A_%D9%85%D8%A8%D8%A7%D9%86%D9%8A_%D8%AF%D8%A8%D9%8A_2026_%E2%80%93_%D8%A7%D9%84%D8%AA%D8%B4%D8%AE%D9%8A%D8%B5_%D8%A7%D9%84%D8%AC%D8%B0%D8%B1%D9%8A_%D8%A7%D9%84%D9%83%D8%A7%D9%85%D9%84,0,80,0%,3.44
https://www.rukn-eltatawer.com/leak-detection-company-in-dubai/#%D8%AE%D8%AF%D9%85%D8%A7%D8%AA_%D8%B4%D8%B1%D9%83%D8%A9_%D9%83%D8%B4%D9%81_%D8%AA%D8%B3%D8%B1%D8%A8%D8%A7%D8%AA_%D8%A7%D9%84%D9%85%D9%8A%D8%A7%D9%87_%D9%81%D9%8A_%D8%AF%D8%A8%D9%8A_%D8%B1%D9%83%D9%86_%D8%A7%D9%84%D8%AA%D8%B7%D9%88%D8%B1_2026_%E2%80%93_%D8%A7%D9%84%D8%A3%D8%B3%D8%B9%D8%A7%D8%B1_%D9%88%D8%A7%D9%84%D8%AA%D9%81%D8%A7%D8%B5%D9%8A%D9%84_%D8%A7%D9%84%D9%83%D8%A7%D9%85%D9%84%D8%A9,0,80,0%,3.44
https://www.rukn-eltatawer.com/leak-detection-company-in-dubai/#%D9%83%D9%8A%D9%81_%D8%AA%D8%B9%D9%85%D9%84_%D8%B4%D8%B1%D9%83%D8%A9_%D8%B1%D9%83%D9%86_%D8%A7%D9%84%D8%AA%D8%B7%D9%88%D8%B1_%D9%84%D9%83%D8%B4%D9%81_%D8%AA%D8%B3%D8%B1%D8%A8%D8%A7%D8%AA_%D8%A7%D9%84%D9%85%D9%8A%D8%A7%D9%87_%D9%81%D9%8A_%D8%AF%D8%A8%D9%8A%D8%9F_%D8%A7%D9%84%D8%A8%D8%B1%D9%88%D8%AA%D9%88%D9%83%D9%88%D9%84_%D8%A7%D9%84%D9%83%D8%A7%D9%85%D9%84_%D8%AE%D8%B7%D9%88%D8%A9_%D8%A8%D8%AE%D8%B7%D9%88%D8%A9,0,80,0%,3.44
https://www.rukn-eltatawer.com/leak-detection-company-in-dubai/#8_%D8%B9%D9%84%D8%A7%D9%85%D8%A7%D8%AA_%D8%AA%D9%8F%D8%AE%D8%A8%D8%B1%D9%83_%D8%A3%D9%86_%D9%85%D9%86%D8%B2%D9%84%D9%83_%D9%81%D9%8A_%D8%AF%D8%A8%D9%8A_%D9%8A%D8%B9%D8%A7%D9%86%D9%8A_%D9%85%D9%86_%D8%AA%D8%B3%D8%B1%D8%A8_%D9%85%D8%A7%D8%A6%D9%8A_%D8%AE%D9%81%D9%8A_%E2%80%93_%D9%84%D8%A7_%D8%AA%D8%AA%D8%AC%D8%A7%D9%87%D9%84_%D8%A3%D9%8A%D8%A7%D9%8B_%D9%85%D9%86%D9%87%D8%A7,0,80,0%,3.44
https://www.rukn-eltatawer.com/category/water-leak-detection/,0,80,0%,23.27
https://www.rukn-eltatawer.com/sharjah-gypsum-board-installation-company/#%D8%B4%D8%B1%D9%83%D8%A7%D8%AA_%D8%AC%D8%A8%D8%B3_%D8%A8%D9%88%D8%B1%D8%AF_%D9%81%D9%8A_%D8%A7%D9%84%D8%A7%D9%85%D8%A7%D8%B1%D8%A7%D8%AA,0,79,0%,3.34
https://www.rukn-eltatawer.com/sharjah-pigeons-repellent-installation-company/#%D9%84%D9%85%D8%A7%D8%B0%D8%A7_%D9%86%D8%AD%D9%86_%D8%A3%D9%81%D8%B6%D9%84_%D8%B4%D8%B1%D9%83%D8%A9_%D8%AA%D8%B1%D9%83%D9%8A%D8%A8_%D8%B7%D8%A7%D8%B1%D8%AF_%D8%AD%D9%85%D8%A7%D9%85_%D9%81%D9%8A_%D8%A7%D9%84%D8%B4%D8%A7%D8%B1%D9%82%D8%A9,0,79,0%,4.44
https://www.rukn-eltatawer.com/swimming-pools-company-in-al-ain/,0,79,0%,6.78
https://www.rukn-eltatawer.com/sharjah-tank-cleaning-company/#%D8%A7%D9%81%D8%B6%D9%84_%D8%B4%D8%B1%D9%83%D8%A9_%D8%AA%D9%86%D8%B8%D9%8A%D9%81_%D8%AE%D8%B2%D8%A7%D9%86%D8%A7%D8%AA_%D9%81%D9%8A_%D8%A7%D9%84%D8%B4%D8%A7%D8%B1%D9%82%D8%A9,0,76,0%,3.01
https://www.rukn-eltatawer.com/sharjah-tank-cleaning-company/#%D8%B7%D8%B1%D9%82_%D8%AA%D9%86%D8%B8%D9%8A%D9%81_%D8%A7%D9%84%D8%AE%D8%B2%D8%A7%D9%86,0,76,0%,3.01
https://www.rukn-eltatawer.com/sewerage-plumbing-sharjah/#%D9%81%D8%AA%D8%AD_%D8%A8%D8%A7%D9%84%D9%88%D8%B9%D8%A7%D8%AA_%D8%A7%D9%84%D9%85%D8%AC%D8%A7%D8%B1%D9%8A_%D9%81%D9%8A_%D8%A7%D9%84%D8%B4%D8%A7%D8%B1%D9%82%D8%A9,0,75,0%,3.09
https://www.rukn-eltatawer.com/air-conditioner-cleaning-in-sharjah/#%D9%85%D9%85%D9%8A%D8%B2%D8%A7%D8%AA_%D8%B4%D8%B1%D9%83%D8%A9_%D8%AA%D9%86%D8%B8%D9%8A%D9%81_%D9%85%D9%83%D9%8A%D9%81%D8%A7%D8%AA_%D9%81%D9%89_%D8%A7%D9%84%D8%B4%D8%A7%D8%B1%D9%82%D8%A9,0,74,0%,4.51
https://www.rukn-eltatawer.com/dyeing-in-ajman/,0,74,0%,12.91
https://www.rukn-eltatawer.com/ras-al-khaimah-sofa-cleaning-company/#%D8%A7%D9%81%D8%B6%D9%84_%D8%B4%D8%B1%D9%83%D8%A9_%D8%AA%D9%86%D8%B8%D9%8A%D9%81_%D9%83%D9%86%D8%A8_%D9%81%D9%8A_%D8%B1%D8%A7%D8%B3_%D8%A7%D9%84%D8%AE%D9%8A%D9%85%D8%A9,0,73,0%,2.48
https://www.rukn-eltatawer.com/ras-al-khaimah-sofa-cleaning-company/#%D8%AE%D8%AF%D9%85%D8%A7%D8%AA_%D8%AA%D9%86%D8%B8%D9%8A%D9%81_%D9%81%D9%8A_%D8%B1%D8%A7%D8%B3_%D8%A7%D9%84%D8%AE%D9%8A%D9%85%D8%A9,0,73,0%,2.48
https://www.rukn-eltatawer.com/water-leak-detection-company-in-ajman/#%D8%A3%D9%81%D8%B6%D9%84_%D8%B4%D8%B1%D9%83%D8%A9_%D9%83%D8%B4%D9%81_%D8%AA%D8%B3%D8%B1%D8%A8%D8%A7%D8%AA_%D8%A7%D9%84%D9%85%D9%8A%D8%A7%D9%87_%D9%81%D9%8A_%D8%B9%D8%AC%D9%85%D8%A7%D9%86,0,73,0%,3.16
https://www.rukn-eltatawer.com/air-conditioner-cleaning-in-sharjah/#%D8%A7%D9%84%D8%AA%D9%88%D8%A7%D8%B5%D9%84_%D9%85%D8%B9_%D8%B4%D8%B1%D9%83%D8%A9_%D8%AA%D9%86%D8%B8%D9%8A%D9%81_%D9%85%D9%83%D9%8A%D9%81%D8%A7%D8%AA_%D9%81%D9%8A_%D8%A7%D9%84%D8%B4%D8%A7%D8%B1%D9%82%D8%A9,0,73,0%,4.47
https://www.rukn-eltatawer.com/ras-al-khaimah-roof-insulation-company/#%D8%A7%D9%81%D8%B6%D9%84_%D8%B4%D8%B1%D9%83%D8%A9_%D8%B9%D8%B2%D9%84_%D8%A3%D8%B3%D8%B7%D8%AD_%D9%81%D9%8A_%D8%B1%D8%A3%D8%B3_%D8%A7%D9%84%D8%AE%D9%8A%D9%85%D8%A9,0,73,0%,5.58
https://www.rukn-eltatawer.com/ras-al-khaimah-roof-insulation-company/#%D8%AE%D8%AF%D9%85%D8%A7%D8%AA_%D8%B9%D8%B2%D9%84_%D8%A3%D8%B3%D8%B7%D8%AD_%D8%A8%D8%B1%D8%A7%D8%B3_%D8%A7%D9%84%D8%AE%D9%8A%D9%85%D8%A9,0,73,0%,5.58
https://www.rukn-eltatawer.com/ras-al-khaimah-roof-insulation-company/#%D8%B4%D8%B1%D9%83%D8%A9_%D8%B9%D8%B2%D9%84_%D8%A3%D8%B3%D8%B7%D8%AD_%D9%81%D9%88%D9%85_%D8%B1%D8%A3%D8%B3_%D8%A7%D9%84%D8%AE%D9%8A%D9%85%D8%A9,0,73,0%,5.58
https://www.rukn-eltatawer.com/ras-al-khaimah-roof-insulation-company/#%D8%B4%D8%B1%D9%83%D8%A9_%D8%B9%D8%B2%D9%84_%D9%85%D8%A7%D8%A6%D9%8A_%D9%88%D8%AD%D8%B1%D8%A7%D8%B1%D9%8A_%D9%84%D9%84%D8%A7%D8%B3%D8%B7%D8%AD_%D8%B1%D8%A3%D8%B3_%D8%A7%D9%84%D8%AE%D9%8A%D9%85%D8%A9,0,73,0%,5.58
https://www.rukn-eltatawer.com/lizard-control-ajman/,0,72,0%,3.4
https://www.rukn-eltatawer.com/moisture-treatment-company-in-abu-dhabi/,0,72,0%,17.22
https://www.rukn-eltatawer.com/ajman-roof-insulation-company/#%D8%AE%D8%B7%D9%88%D8%A7%D8%AA_%D8%B9%D9%85%D9%84_%D8%B4%D8%B1%D9%83%D8%A9_%D8%B9%D8%B2%D9%84_%D8%A7%D8%B3%D8%B7%D8%AD_%D9%81%D9%8A_%D8%B9%D8%AC%D9%85%D8%A7%D9%86,0,70,0%,3.36
https://www.rukn-eltatawer.com/sharjah-carpet-cleaning-company/#%D8%B4%D8%B1%D9%83%D8%A9_%D8%BA%D8%B3%D9%8A%D9%84_%D8%A7%D9%84%D8%B3%D8%AC%D8%A7%D8%AF_%D9%81%D9%8A_%D8%A7%D9%84%D9%85%D9%86%D8%B2%D9%84,0,70,0%,4.59
https://www.rukn-eltatawer.com/sharjah-carpet-cleaning-company/#%D8%BA%D8%B3%D9%8A%D9%84_%D8%B3%D8%AC%D8%A7%D8%AF_%D9%81%D9%8A_%D8%A7%D9%84%D8%B4%D8%A7%D8%B1%D9%82%D8%A9,0,70,0%,4.59
https://www.rukn-eltatawer.com/sewer-wiring-company-in-fujairah/,0,70,0%,5.91
https://www.rukn-eltatawer.com/insect-control-in-sharjah/#%D8%AC%D9%87%D8%A7%D8%B2_%D9%85%D9%83%D8%A7%D9%81%D8%AD%D8%A9_%D8%A7%D9%84%D9%86%D8%A7%D9%85%D9%88%D8%B3_%D9%81%D9%8A_%D8%A7%D9%84%D8%B4%D8%A7%D8%B1%D9%82%D8%A9,0,70,0%,6.54
https://www.rukn-eltatawer.com/sewerage-plumbing-company-in-al-ain/#%D8%AE%D8%AF%D9%85%D8%A7%D8%AA_%D8%B4%D8%B1%D9%83%D8%A9_%D8%AA%D8%B3%D9%84%D9%8A%D9%83_%D9%85%D8%AC%D8%A7%D8%B1%D9%8A_%D9%81%D9%8A_%D8%A7%D9%84%D8%B9%D9%8A%D9%86,0,69,0%,2.07
https://www.rukn-eltatawer.com/sewerage-plumbing-company-in-al-ain/#%D8%AE%D8%B7%D9%88%D8%A7%D8%AA_%D8%B4%D8%B1%D9%83%D8%A9_%D8%AA%D8%B3%D9%84%D9%8A%D9%83_%D9%85%D8%AC%D8%A7%D8%B1%D9%8A_%D9%81%D9%8A_%D8%A7%D9%84%D8%B9%D9%8A%D9%86,0,69,0%,2.07
https://www.rukn-eltatawer.com/sewerage-plumbing-company-in-al-ain/#%D8%B2%D9%86%D8%A8%D8%B1%D9%83_%D8%AA%D8%B3%D9%84%D9%8A%D9%83_%D8%A7%D9%84%D9%85%D8%AC%D8%A7%D8%B1%D9%8A_%D9%81%D9%8A_%D8%A7%D9%84%D8%B9%D9%8A%D9%86,0,69,0%,2.07
https://www.rukn-eltatawer.com/dubai-tank-cleaning-company/#%D8%A7%D9%81%D8%B6%D9%84_%D8%B4%D8%B1%D9%83%D8%A9_%D8%AA%D9%86%D8%B8%D9%8A%D9%81_%D8%AE%D8%B2%D8%A7%D9%86%D8%A7%D8%AA_%D8%AF%D8%A8%D9%8A,0,69,0%,2.25
https://www.rukn-eltatawer.com/sharjah-tank-cleaning-company/#%D8%B4%D8%B1%D9%83%D8%A9_%D8%AA%D9%86%D8%B8%D9%8A%D9%81_%D9%88%D8%BA%D8%B3%D9%8A%D9%84_%D8%AE%D8%B2%D8%A7%D9%86%D8%A7%D8%AA_%D8%A7%D9%84%D8%B4%D8%A7%D8%B1%D9%82%D8%A9,0,69,0%,2.94
https://www.rukn-eltatawer.com/water-leak-detection-company-in-ajman/#%D9%86%D8%B5%D8%A7%D8%A6%D8%AD_%D8%B4%D8%B1%D9%83%D8%A9_%D9%83%D8%B4%D9%81_%D8%AA%D8%B3%D8%B1%D8%A8%D8%A7%D8%AA_%D8%A7%D9%84%D9%85%D9%8A%D8%A7%D9%87_%D9%81%D9%8A_%D8%B9%D8%AC%D9%85%D8%A7%D9%86,0,69,0%,3.23
https://www.rukn-eltatawer.com/a-water-leak-detection-company-in-sharjah/#rukn-h-1,0,69,0%,5.06
https://www.rukn-eltatawer.com/abu-dhabi-air-conditioner-cleaning-company/#%D8%A7%D9%84%D8%AA%D9%88%D8%A7%D8%B5%D9%84_%D9%85%D8%B9_%D8%B4%D8%B1%D9%83%D8%A9_%D8%AA%D9%86%D8%B8%D9%8A%D9%81_%D9%85%D9%83%D9%8A%D9%81%D8%A7%D8%AA_%D9%81%D9%8A_%D8%A3%D8%A8%D9%88%D8%B8%D8%A8%D9%8A,0,69,0%,5.33
https://www.rukn-eltatawer.com/abu-dhabi-air-conditioner-cleaning-company/#%D8%AE%D8%AF%D9%85%D8%A7%D8%AA_%D8%B4%D8%B1%D9%83%D8%A9_%D8%AA%D9%86%D8%B8%D9%8A%D9%81_%D9%85%D9%83%D9%8A%D9%81%D8%A7%D8%AA_%D9%81%D9%8A_%D8%A3%D8%A8%D9%88%D8%B8%D8%A8%D9%8A,0,69,0%,5.33
https://www.rukn-eltatawer.com/dubai-carpet-cleaning-company/#%D8%A3%D9%81%D8%B6%D9%84_%D8%B4%D8%B1%D9%83%D8%A9_%D8%AA%D9%86%D8%B8%D9%8A%D9%81_%D8%B3%D8%AC%D8%A7%D8%AF_%D8%AF%D8%A8%D9%8A,0,69,0%,5.59
https://www.rukn-eltatawer.com/dubai-carpet-cleaning-company/#%D9%85%D9%85%D9%8A%D8%B2%D8%A7%D8%AA_%D8%B4%D8%B1%D9%83%D8%A9_%D8%AA%D9%86%D8%B8%D9%8A%D9%81_%D8%B3%D8%AC%D8%A7%D8%AF_%D9%81%D9%8A_%D8%AF%D8%A8%D9%8A,0,69,0%,5.59
https://www.rukn-eltatawer.com/dubai-pigeons-repellent-installation/#%D8%AA%D8%B1%D9%83%D9%8A%D8%A8_%D8%B7%D8%A7%D8%B1%D8%AF_%D8%AD%D9%85%D8%A7%D9%85_%D9%88_%D8%B7%D9%8A%D9%88%D8%B1_%D9%81%D9%8A_%D8%A7%D9%84%D8%A7%D9%85%D8%A7%D8%B1%D8%A7%D8%AA,0,68,0%,3.28
https://www.rukn-eltatawer.com/dubai-pigeons-repellent-installation/#%D8%B4%D8%B1%D9%83%D8%A7%D8%AA_%D9%85%D9%83%D8%A7%D9%81%D8%AD%D8%A9_%D8%A7%D9%84%D8%AD%D9%85%D8%A7%D9%85_%D8%AF%D8%A7%D8%AE%D9%84_%D8%A7%D9%84%D8%A7%D9%85%D8%A7%D8%B1%D8%A7%D8%AA,0,68,0%,3.31
https://www.rukn-eltatawer.com/cleaning-company-in-dubai/#%D8%A7%D8%AE%D8%AA%D8%B1_%D8%A8%D8%A7%D9%82%D8%AA%D9%83_%D9%88%D8%A7%D8%AD%D8%AC%D8%B2_%D8%A7%D9%84%D8%A2%D9%86,0,68,0%,4.19
https://www.rukn-eltatawer.com/sharjah-carpet-cleaning-company/#%D8%B4%D8%B1%D9%83%D8%A9_%D8%AA%D9%86%D8%B8%D9%8A%D9%81_%D9%83%D9%86%D8%A8,0,68,0%,4.49
https://www.rukn-eltatawer.com/abu-dhabi-air-conditioner-cleaning-company/#%D8%B9%D9%85%D9%84%D9%8A%D8%A9_%D8%AA%D9%86%D8%B8%D9%8A%D9%81_%D8%A7%D9%84%D9%85%D9%83%D9%8A%D9%81%D8%A7%D8%AA_%D9%85%D9%86_%D9%82%D8%A8%D9%84_%D8%B4%D8%B1%D9%83%D8%A9_%D8%AA%D9%86%D8%B8%D9%8A%D9%81_%D9%85%D9%83%D9%8A%D9%81%D8%A7%D8%AA_%D9%81%D9%8A_%D8%A3%D8%A8%D9%88%D8%B8%D8%A8%D9%8A,0,68,0%,5.32
https://www.rukn-eltatawer.com/air-conditioner-cleaning-company-in-al-ain/#%D8%A7%D9%84%D8%AA%D9%88%D8%A7%D8%B5%D9%84_%D9%85%D8%B9_%D8%B4%D8%B1%D9%83%D8%A9_%D8%AA%D9%86%D8%B8%D9%8A%D9%81_%D9%85%D9%83%D9%8A%D9%81%D8%A7%D8%AA_%D9%81%D9%8A_%D8%A7%D9%84%D8%B9%D9%8A%D9%86,0,68,0%,7.74
https://www.rukn-eltatawer.com/air-conditioner-cleaning-company-in-al-ain/#%D9%85%D9%85%D9%8A%D8%B2%D8%A7%D8%AA_%D8%B4%D8%B1%D9%83%D8%A9_%D8%AA%D9%86%D8%B8%D9%8A%D9%81_%D9%85%D9%83%D9%8A%D9%81%D8%A7%D8%AA_%D9%81%D9%8A_%D8%A7%D9%84%D8%B9%D9%8A%D9%86,0,68,0%,7.74
https://www.rukn-eltatawer.com/al-ain-boards-cleaning-company/#%D8%A3%D9%81%D8%B6%D9%84_%D8%B4%D8%B1%D9%83%D8%A9_%D8%AA%D9%86%D8%B8%D9%8A%D9%81_%D9%85%D8%AC%D8%A7%D9%84%D8%B3_%D8%A7%D9%84%D8%B9%D9%8A%D9%86,0,67,0%,1.96
https://www.rukn-eltatawer.com/al-ain-boards-cleaning-company/#%D8%AE%D8%AF%D9%85%D8%A7%D8%AA_%D8%B4%D8%B1%D9%83%D8%A9_%D8%AA%D9%86%D8%B8%D9%8A%D9%81_%D9%85%D8%AC%D8%A7%D9%84%D8%B3_%D8%A7%D9%84%D8%B9%D9%8A%D9%86,0,67,0%,1.96
https://www.rukn-eltatawer.com/sewerage-plumbing-company-in-al-ain/#%D8%AC%D9%87%D8%A7%D8%B2_%D8%AA%D8%B3%D9%84%D9%8A%D9%83_%D9%85%D8%AC%D8%A7%D8%B1%D9%8A_%D9%81%D9%8A_%D8%A7%D9%84%D8%B9%D9%8A%D9%86,0,67,0%,2.01
https://www.rukn-eltatawer.com/insulators-company-in-sharjah/#%D8%A7%D9%84%D8%AE%D8%B7%D9%88%D8%A7%D8%AA_%D8%A7%D9%84%D9%85%D8%AA%D8%A8%D8%B9%D8%A9_%D9%81%D9%8A_%D8%B9%D8%B2%D9%84_%D8%A7%D8%B3%D8%B7%D8%AD_%D9%81%D9%8A_%D8%A7%D9%84%D8%B4%D8%A7%D8%B1%D9%82%D8%A9,0,67,0%,2.72
https://www.rukn-eltatawer.com/air-conditioner-cleaning-in-sharjah/#%D8%A3%D9%87%D9%85%D9%8A%D8%A9_%D8%AA%D9%86%D8%B8%D9%8A%D9%81_%D8%A7%D9%84%D9%85%D9%83%D9%8A%D9%81%D8%A7%D8%AA_%D9%81%D9%8A_%D8%A7%D9%84%D8%B4%D8%A7%D8%B1%D9%82%D8%A9_%D8%A8%D8%A7%D9%86%D8%AA%D8%B8%D8%A7%D9%85,0,67,0%,4.55
https://www.rukn-eltatawer.com/insect-control-in-abu-dhabi/#%D8%A7%D9%84%D9%85%D8%A8%D9%8A%D8%AF%D8%A7%D8%AA_%D8%A7%D9%84%D8%AA%D9%8A_%D8%AA%D8%B3%D8%AA%D8%AE%D8%AF%D9%85%D9%87%D8%A7_%D8%B4%D8%B1%D9%83%D8%AA%D9%86%D8%A7_%D9%84%D8%A5%D8%A8%D8%A7%D8%AF%D8%A9_%D8%A7%D9%84%D8%AD%D8%B4%D8%B1%D8%A7%D8%AA,0,67,0%,4.76
https://www.rukn-eltatawer.com/gypsum-board-installation-ajman-2/,0,67,0%,11.87
https://www.rukn-eltatawer.com/insulators-company-in-sharjah/#%D9%85%D9%85%D9%8A%D8%B2%D8%A7%D8%AA_%D8%B4%D8%B1%D9%83%D8%A9_%D8%B9%D8%B2%D9%84_%D8%A7%D8%B3%D8%B7%D8%AD_%D9%81%D9%8A_%D8%A7%D9%84%D8%B4%D8%A7%D8%B1%D9%82%D8%A9,0,66,0%,2.71
https://www.rukn-eltatawer.com/sewerage-plumbing-sharjah/#%D9%85%D8%B9%D8%AF%D8%A7%D8%AA_%D8%B5%D9%8A%D8%A7%D9%86%D8%A9_%D8%AA%D8%B3%D9%84%D9%8A%D9%83_%D8%A7%D9%84%D9%85%D8%AC%D8%A7%D8%B1%D9%8A_%D9%81%D9%89_%D8%A7%D9%84%D8%B4%D8%A7%D8%B1%D9%82%D8%A9,0,66,0%,4.02
https://www.rukn-eltatawer.com/air-conditioner-cleaning-in-sharjah/#%D8%B9%D9%84%D8%A7%D9%85%D8%A7%D8%AA_%D8%A7%D9%84%D8%A7%D8%AD%D8%AA%D9%8A%D8%A7%D8%AC_%D9%84%D8%AA%D9%86%D8%B8%D9%8A%D9%81_%D8%A7%D9%84%D9%85%D9%83%D9%8A%D9%81%D8%A7%D8%AA_%D9%81%D9%8A_%D8%A7%D9%84%D8%B4%D8%A7%D8%B1%D9%82%D8%A9,0,66,0%,4.58
https://www.rukn-eltatawer.com/pest-control-khor-fakkan/#%D8%A3%D9%81%D8%B6%D9%84_%D8%B4%D8%B1%D9%83%D8%A9_%D9%85%D9%83%D8%A7%D9%81%D8%AD%D8%A9_%D8%AD%D8%B4%D8%B1%D8%A7%D8%AA_%D9%81%D9%8A_%D8%AE%D9%88%D8%B1%D9%81%D9%83%D8%A7%D9%86_%D8%A5%D8%A8%D8%A7%D8%AF%D8%A9_%D9%86%D9%87%D8%A7%D8%A6%D9%8A%D8%A9_%D8%A8%D8%B6%D9%85%D8%A7%D9%86_2026,0,65,0%,5.03
https://www.rukn-eltatawer.com/pest-control-khor-fakkan/#%D8%AE%D8%AF%D9%85%D8%A7%D8%AA%D9%86%D8%A7_%D9%88%D8%A3%D8%B3%D8%B9%D8%A7%D8%B1_%D8%B4%D8%B1%D9%83%D8%A9_%D9%85%D9%83%D8%A7%D9%81%D8%AD%D8%A9_%D8%AD%D8%B4%D8%B1%D8%A7%D8%AA_%D9%81%D9%8A_%D8%AE%D9%88%D8%B1%D9%81%D9%83%D8%A7%D9%86_%D9%84%D8%B9%D8%A7%D9%85_2026,0,65,0%,5.03
https://www.rukn-eltatawer.com/abu-dhabi-kitchen-cleaning-company/#%D8%A7%D9%81%D8%B6%D9%84_%D8%B4%D8%B1%D9%83%D8%A9_%D8%AA%D9%86%D8%B8%D9%8A%D9%81_%D9%85%D8%B7%D8%A7%D8%A8%D8%AE_%D9%81%D9%8A_%D8%A3%D8%A8%D9%88%D8%B8%D8%A8%D9%8A,0,64,0%,4.12
https://www.rukn-eltatawer.com/abu-dhabi-kitchen-cleaning-company/#%D8%AE%D8%AF%D9%85%D8%A7%D8%AA_%D8%B4%D8%B1%D9%83%D8%A9_%D8%AA%D9%86%D8%B8%D9%8A%D9%81_%D8%A7%D9%84%D9%85%D8%B7%D8%A7%D8%A8%D8%AE_%D9%88%D8%A5%D8%B2%D8%A7%D9%84%D8%A9_%D8%A7%D9%84%D8%AF%D9%87%D9%88%D9%86_%D8%A8%D8%A7%D8%A8%D9%88_%D8%B8%D8%A8%D9%8A,0,64,0%,4.14
https://www.rukn-eltatawer.com/shrkh-tnzyf-mkyfat-fy-dby/#%F0%9F%8F%86_%D8%B4%D8%B1%D9%83%D8%A9_%D8%AA%D9%86%D8%B8%D9%8A%D9%81_%D9%85%D9%83%D9%8A%D9%81%D8%A7%D8%AA_%D9%81%D9%8A_%D8%AF%D8%A8%D9%8A_%E2%80%93_%D8%AE%D8%AF%D9%85%D8%A9_24_%D8%B3%D8%A7%D8%B9%D8%A9_%D9%88%D8%B6%D9%85%D8%A7%D9%86_%D8%B4%D8%A7%D9%85%D9%84_%D8%B1%D9%83%D9%86_%D8%A7%D9%84%D8%AA%D8%B7%D9%88%D8%B1,0,64,0%,7.69
https://www.rukn-eltatawer.com/dubai-tank-cleaning-company/#%D8%B4%D8%B1%D9%83%D8%A9_%D8%AA%D9%86%D8%B8%D9%8A%D9%81_%D8%AE%D8%B2%D8%A7%D9%86%D8%A7%D8%AA_%D8%AF%D8%A8%D9%8A,0,63,0%,2.19
https://www.rukn-eltatawer.com/insulators-company-in-sharjah/#%D8%A3%D8%AF%D9%88%D8%A7%D8%AA_%D8%B4%D8%B1%D9%83%D8%A9_%D8%B9%D8%B2%D9%84_%D8%A3%D8%B3%D8%B7%D8%AD_%D9%81%D9%8A_%D8%A7%D9%84%D8%B4%D8%A7%D8%B1%D9%82%D8%A9,0,63,0%,2.67
https://www.rukn-eltatawer.com/al-ain-landscaping-company/#%D8%AA%D8%B2%D9%8A%D9%86_%D8%AD%D8%AF%D8%A7%D8%A6%D9%82_%D9%81%D9%8A_%D8%A7%D9%84%D8%B9%D9%8A%D9%86,0,63,0%,2.78
https://www.rukn-eltatawer.com/sharjah-tank-cleaning-company/#%D8%B4%D8%B1%D9%83%D8%A9_%D8%AA%D9%86%D8%B8%D9%8A%D9%81_%D8%AE%D8%B2%D8%A7%D9%86%D8%A7%D8%AA_%D8%A7%D9%84%D9%85%D9%8A%D8%A7%D9%87_%D8%A8%D8%A7%D9%84%D8%B4%D8%A7%D8%B1%D9%82%D8%A9,0,63,0%,3.1
https://www.rukn-eltatawer.com/sa/water-leak-detection-unaizah/,0,63,0%,35.63
https://www.rukn-eltatawer.com/ceramic-installation-company-in-dubai/#%D8%AE%D8%A8%D8%B1%D8%A9_%D9%88%D9%83%D9%81%D8%A7%D8%A1%D8%A9_%D8%A7%D9%84%D9%81%D9%86%D9%8A_%D8%A7%D9%84%D9%85%D8%A8%D9%84%D8%B7_%D8%B4%D8%B1%D9%83%D8%A9_%D8%AA%D8%B1%D9%83%D9%8A%D8%A8_%D8%B3%D9%8A%D8%B1%D8%A7%D9%85%D9%8A%D9%83_%D9%81%D9%8A_%D8%AF%D8%A8%D9%8A,0,62,0%,3.52
https://www.rukn-eltatawer.com/ceramic-installation-company-in-dubai/#%D8%B4%D8%B1%D9%83%D8%A9_%D8%AA%D8%B1%D9%83%D9%8A%D8%A8_%D8%B3%D9%8A%D8%B1%D8%A7%D9%85%D9%8A%D9%83_%D9%81%D9%8A_%D8%AF%D8%A8%D9%8A,0,62,0%,3.52
https://www.rukn-eltatawer.com/sewer-wiring-abu-dhabi/#%D8%A7%D8%B1%D8%AE%D8%B5_%D8%B4%D8%B1%D9%83%D8%A9_%D8%AA%D8%B3%D9%84%D9%8A%D9%83_%D9%85%D8%AC%D8%A7%D8%B1%D9%8A_%D9%81%D9%8A_%D8%A3%D8%A8%D9%88%D8%B8%D8%A8%D9%8A,0,62,0%,5.05
https://www.rukn-eltatawer.com/pest-control-khor-fakkan/#%D8%AE%D8%B7%D9%88%D8%A7%D8%AA_%D9%85%D9%83%D8%A7%D9%81%D8%AD%D8%A9_%D8%A7%D9%84%D8%AD%D8%B4%D8%B1%D8%A7%D8%AA_%D9%81%D9%8A_%D8%AE%D9%88%D8%B1%D9%81%D9%83%D8%A7%D9%86_%D8%A8%D8%A7%D8%B3%D8%AA%D8%AE%D8%AF%D8%A7%D9%85_%D8%AA%D9%82%D9%86%D9%8A%D8%A7%D8%AA_2026_%D8%A7%D9%84%D9%85%D8%AA%D9%82%D8%AF%D9%85%D8%A9,0,62,0%,5.08
https://www.rukn-eltatawer.com/pest-control-khor-fakkan/#%D9%84%D9%85%D8%A7%D8%B0%D8%A7_%D8%AA%D8%B9%D8%AA%D8%A8%D8%B1_%E2%80%9C%D8%B1%D9%83%D9%86_%D8%A7%D9%84%D8%AA%D8%B7%D9%88%D8%B1%E2%80%9D_%D8%A7%D9%84%D8%AE%D9%8A%D8%A7%D8%B1_%D8%A7%D9%84%D9%85%D9%81%D8%B6%D9%84_%D9%84%D9%85%D9%83%D8%A7%D9%81%D8%AD%D8%A9_%D8%A7%D9%84%D8%AD%D8%B4%D8%B1%D8%A7%D8%AA_%D9%81%D9%8A_%D8%AE%D9%88%D8%B1%D9%81%D9%83%D8%A7%D9%86%D8%9F,0,62,0%,5.08
https://www.rukn-eltatawer.com/pest-control-khor-fakkan/#%D9%85%D8%A7_%D9%87%D9%8A_%D8%B9%D9%84%D8%A7%D9%85%D8%A7%D8%AA_%D8%A7%D9%86%D8%AA%D8%B4%D8%A7%D8%B1_%D8%A7%D9%84%D8%AD%D8%B4%D8%B1%D8%A7%D8%AA_%D9%81%D9%8A_%D8%AE%D9%88%D8%B1%D9%81%D9%83%D8%A7%D9%86_%D8%A7%D9%84%D8%AA%D9%8A_%D8%AA%D9%86%D8%B0%D8%B1_%D8%A8%D8%AE%D8%B7%D8%B1_%D8%AD%D9%82%D9%8A%D9%82%D9%8A%D8%9F,0,62,0%,5.08
https://www.rukn-eltatawer.com/pest-control-khor-fakkan/#5_%D8%A3%D8%AE%D8%B7%D8%A7%D8%A1_%D8%B4%D8%A7%D8%A6%D8%B9%D8%A9_%D8%AA%D8%B6%D8%A7%D8%B9%D9%81_%D8%A3%D8%B6%D8%B1%D8%A7%D8%B1_%D8%A7%D9%84%D8%AD%D8%B4%D8%B1%D8%A7%D8%AA_%D9%81%D9%8A_%D8%AE%D9%88%D8%B1%D9%81%D9%83%D8%A7%D9%86_%D9%88%D9%83%D9%8A%D9%81%D9%8A%D8%A9_%D8%AA%D8%AC%D9%86%D8%A8%D9%87%D8%A7,0,62,0%,5.08
https://www.rukn-eltatawer.com/swimming-pools-company-in-sharjah/#%D9%85%D9%85%D9%8A%D8%B2%D8%A7%D8%AA_%D8%B4%D8%B1%D9%83%D8%A9_%D8%A5%D9%86%D8%B4%D8%A7%D8%A1_%D9%88%D8%B5%D9%8A%D8%A7%D9%86%D8%A9_%D9%85%D8%B3%D8%A7%D8%A8%D8%AD_%D8%A7%D9%84%D8%B4%D8%A7%D8%B1%D9%82%D8%A9,0,62,0%,6.21
https://www.rukn-eltatawer.com/al-ain-marble-polishing-and-polishing/,0,62,0%,9.56
https://www.rukn-eltatawer.com/ceramic-installation-company-in-dubai/#%D8%A3%D9%87%D9%85%D9%8A%D8%A9_%D8%A7%D8%AE%D8%AA%D9%8A%D8%A7%D8%B1_%D9%81%D9%86%D9%8A_%D9%85%D8%A8%D9%84%D8%B7_%D9%85%D8%AD%D8%AA%D8%B1%D9%81_%D8%B4%D8%B1%D9%83%D8%A9_%D8%AA%D8%B1%D9%83%D9%8A%D8%A8_%D8%B3%D9%8A%D8%B1%D8%A7%D9%85%D9%8A%D9%83_%D9%81%D9%8A_%D8%AF%D8%A8%D9%8A,0,61,0%,3.52
https://www.rukn-eltatawer.com/ceramic-installation-company-in-dubai/#%D8%AE%D8%AF%D9%85%D8%A7%D8%AA_%D8%B4%D8%B1%D9%83%D8%A9_%D8%AA%D8%B1%D9%83%D9%8A%D8%A8_%D8%B3%D9%8A%D8%B1%D8%A7%D9%85%D9%8A%D9%83_%D9%81%D9%8A_%D8%AF%D8%A8%D9%8A,0,61,0%,3.52
https://www.rukn-eltatawer.com/ceramic-installation-company-in-dubai/#%D8%AF%D8%B1%D8%A7%D8%B3%D8%A7%D8%AA_%D8%AD%D8%A7%D9%84%D8%A9_%D9%88%D8%AA%D8%AC%D8%A7%D8%B1%D8%A8_%D8%B9%D9%85%D9%84%D8%A7%D8%A1_%D8%B4%D8%B1%D9%83%D8%A9_%D8%AA%D8%B1%D9%83%D9%8A%D8%A8_%D8%B3%D9%8A%D8%B1%D8%A7%D9%85%D9%8A%D9%83_%D9%81%D9%8A_%D8%AF%D8%A8%D9%8A,0,61,0%,3.52
https://www.rukn-eltatawer.com/ceramic-installation-company-in-dubai/#%D9%85%D8%A7_%D9%87%D9%8A_%D8%A7%D9%84%D8%AE%D8%AF%D9%85%D8%A7%D8%AA_%D8%A7%D9%84%D8%AA%D9%8A_%D8%AA%D9%82%D8%AF%D9%85%D9%87%D8%A7_%D8%A3%D9%81%D8%B6%D9%84_%D8%B4%D8%B1%D9%83%D8%A9_%D8%AA%D8%B1%D9%83%D9%8A%D8%A8_%D8%B3%D9%8A%D8%B1%D8%A7%D9%85%D9%8A%D9%83_%D9%81%D9%8A_%D8%AF%D8%A8%D9%8A%D8%9F,0,61,0%,3.52
https://www.rukn-eltatawer.com/shrkh-tnzyf-mkyfat-fy-dby/#%D9%83%D9%8A%D9%81_%D8%AA%D8%B9%D9%85%D9%84_%D8%B4%D8%B1%D9%83%D8%A9_%D8%AA%D9%86%D8%B8%D9%8A%D9%81_%D9%85%D9%83%D9%8A%D9%81%D8%A7%D8%AA_%D9%81%D9%8A_%D8%AF%D8%A8%D9%8A%D8%9F_%E2%80%93_%D8%A8%D8%B1%D9%88%D8%AA%D9%88%D9%83%D9%88%D9%84_%D8%B1%D9%83%D9%86_%D8%A7%D9%84%D8%AA%D8%B7%D9%88%D8%B1_%D9%85%D9%86_9_%D8%AE%D8%B7%D9%88%D8%A7%D8%AA,0,61,0%,7.77
https://www.rukn-eltatawer.com/al-ain-landscaping-company/#%D8%B4%D8%B1%D9%83%D8%A7%D8%AA_%D8%AA%D9%86%D8%B3%D9%8A%D9%82_%D8%AD%D8%AF%D8%A7%D8%A6%D9%82_%D9%81%D9%8A_%D8%A7%D9%84%D8%B9%D9%8A%D9%86,0,60,0%,2.85
https://www.rukn-eltatawer.com/abu-dhabi-air-conditioner-cleaning-company/#%D8%A3%D8%B3%D8%B9%D8%A7%D8%B1_%D8%B4%D8%B1%D9%83%D8%A9_%D8%AA%D9%86%D8%B8%D9%8A%D9%81_%D9%85%D9%83%D9%8A%D9%81%D8%A7%D8%AA_%D9%81%D9%8A_%D8%A3%D8%A8%D9%88%D8%B8%D8%A8%D9%8A,0,60,0%,5.2
https://www.rukn-eltatawer.com/swimming-pools-company-in-sharjah/#%D8%A3%D8%B1%D8%AE%D8%B5_%D8%B4%D8%B1%D9%83%D8%A9_%D8%AA%D9%86%D8%B8%D9%8A%D9%81_%D9%85%D8%B3%D8%A7%D8%A8%D8%AD_%D9%81%D9%8A_%D8%A7%D9%84%D8%B4%D8%A7%D8%B1%D9%82%D8%A9,0,60,0%,6.37
https://www.rukn-eltatawer.com/al-ain-landscaping-company/#%D8%AA%D9%86%D8%B3%D9%8A%D9%82_%D8%AD%D8%AF%D8%A7%D8%A6%D9%82_%D8%A7%D9%84%D9%81%D9%84%D9%84_%D8%A7%D9%84%D8%B9%D9%8A%D9%86,0,59,0%,2.88
https://www.rukn-eltatawer.com/swimming-pools-company-in-sharjah/#%D8%B4%D8%B1%D9%83%D8%A9_%D8%A5%D9%86%D8%B4%D8%A7%D8%A1_%D9%88%D8%B5%D9%8A%D8%A7%D9%86%D8%A9_%D9%85%D8%B3%D8%A7%D8%A8%D8%AD_%D8%A7%D9%84%D8%B4%D8%A7%D8%B1%D9%82%D8%A9,0,59,0%,6.22
https://www.rukn-eltatawer.com/air-conditioner-cleaning-company-in-al-ain/#%D9%86%D8%B5%D8%A7%D8%A6%D8%AD_%D8%B4%D8%B1%D9%83%D8%A9_%D8%AA%D9%86%D8%B8%D9%8A%D9%81_%D9%85%D9%83%D9%8A%D9%81%D8%A7%D8%AA_%D9%81%D9%89_%D8%A7%D9%84%D8%B9%D9%8A%D9%86,0,59,0%,7.56
https://www.rukn-eltatawer.com/sa/water-leak-detection-umluj/,0,59,0%,10.34
https://www.rukn-eltatawer.com/sa/water-leak-detection-makkah-neighborhoods/,0,58,0%,6.47
https://www.rukn-eltatawer.com/wood-alternative-installation-company-in-dubai/,0,58,0%,6.69
https://www.rukn-eltatawer.com/sewer-wiring-company-in-fujairah/#%D8%AE%D8%B7%D9%88%D8%A7%D8%AA_%D8%B9%D9%85%D9%84_%D8%B4%D8%B1%D9%83%D8%A9_%D8%AA%D8%B3%D9%84%D9%8A%D9%83_%D9%85%D8%AC%D8%A7%D8%B1%D9%8A_%D9%81%D9%8A_%D8%A7%D9%84%D9%81%D8%AC%D9%8A%D8%B1%D8%A9,0,57,0%,2.47
https://www.rukn-eltatawer.com/sewer-wiring-company-in-fujairah/#%D9%85%D9%85%D9%8A%D8%B2%D8%A7%D8%AA_%D8%B4%D8%B1%D9%83%D8%A9_%D8%AA%D8%B3%D9%84%D9%8A%D9%83_%D9%85%D8%AC%D8%A7%D8%B1%D9%8A_%D9%81%D9%8A_%D8%A7%D9%84%D9%81%D8%AC%D9%8A%D8%B1%D8%A9,0,57,0%,2.47
https://www.rukn-eltatawer.com/dyeing-in-al-ain/#%D8%A3%D8%B1%D8%AE%D8%B5_%D8%B4%D8%B1%D9%83%D8%A7%D8%AA_%D8%B5%D8%A8%D8%BA_%D9%81%D9%8A_%D8%A7%D9%84%D8%B9%D9%8A%D9%86,0,57,0%,4.3
https://www.rukn-eltatawer.com/dyeing-in-al-ain/#%D8%A7%D9%81%D8%B6%D9%84_%D8%B5%D8%A8%D8%A7%D8%BA_%D9%81%D9%8A_%D8%A7%D9%84%D8%B9%D9%8A%D9%86,0,57,0%,4.3
https://www.rukn-eltatawer.com/dyeing-in-al-ain/#%D8%B1%D9%82%D9%85_%D8%B4%D8%B1%D9%83%D8%A7%D8%AA_%D8%B5%D8%A8%D8%BA_%D9%81%D9%8A_%D8%A7%D9%84%D8%B9%D9%8A%D9%86,0,57,0%,4.3
https://www.rukn-eltatawer.com/swimming-pools-company-in-sharjah/#%D8%AE%D8%B7%D9%88%D8%A7%D8%AA_%D8%B4%D8%B1%D9%83%D8%A9_%D8%AA%D9%86%D8%B8%D9%8A%D9%81_%D9%85%D8%B3%D8%A7%D8%A8%D8%AD_%D9%81%D9%8A_%D8%A7%D9%84%D8%B4%D8%A7%D8%B1%D9%82%D8%A9,0,57,0%,6.39
https://www.rukn-eltatawer.com/al-ain-boards-cleaning-company/#%D8%B4%D8%B1%D9%83%D8%A7%D8%AA_%D8%AA%D9%86%D8%B8%D9%8A%D9%81_%D9%85%D9%88%D9%83%D9%8A%D8%AA_%D8%A8%D8%A7%D9%84%D8%B9%D9%8A%D9%86,0,56,0%,1.91
https://www.rukn-eltatawer.com/al-ain-boards-cleaning-company/#%D8%B4%D8%B1%D9%83%D8%A9_%D8%AA%D9%86%D8%B8%D9%8A%D9%81_%D8%A7%D9%84%D9%83%D9%86%D8%A8_%D8%A8%D8%A7%D9%84%D8%A8%D8%AE%D8%A7%D8%B1_%D8%A7%D9%84%D8%B9%D9%8A%D9%86,0,56,0%,1.91
https://www.rukn-eltatawer.com/al-ain-boards-cleaning-company/#%D8%B4%D8%B1%D9%83%D8%A9_%D9%86%D8%B8%D8%A7%D9%81%D8%A9_%D9%85%D8%AC%D8%A7%D9%84%D8%B3_%D8%A7%D9%84%D9%85%D9%86%D8%A7%D8%B2%D9%84_%D8%A8%D8%A7%D9%84%D8%B9%D9%8A%D9%86,0,56,0%,1.91
https://www.rukn-eltatawer.com/al-ain-boards-cleaning-company/#%D8%B7%D8%B1%D9%82_%D8%A7%D9%84%D8%B9%D9%85%D9%84_%D8%A7%D9%84%D8%AA%D9%8A_%D8%AA%D8%AA%D8%A8%D8%B9%D9%87%D8%A7_%D8%B4%D8%B1%D9%83%D8%A9_%D8%B1%D9%83%D9%86_%D8%A7%D9%84%D8%AA%D8%B7%D9%88%D8%B1,0,56,0%,1.91
https://www.rukn-eltatawer.com/sewerage-plumbing-company-in-al-ain/#%D8%A7%D8%B3%D9%8A%D8%A7%D8%AE_%D8%AA%D8%B3%D9%84%D9%8A%D9%83_%D8%A7%D9%84%D9%85%D8%AC%D8%A7%D8%B1%D9%8A_%D9%81%D9%8A_%D8%A7%D9%84%D8%B9%D9%8A%D9%86,0,56,0%,2
https://www.rukn-eltatawer.com/water-leak-detection-company-in-ajman/#%D8%A3%D8%AC%D9%87%D8%B2%D9%87_%D9%83%D8%B4%D9%81_%D8%AA%D8%B3%D8%B1%D9%8A%D8%A8%D8%A7%D8%AA_%D8%A7%D9%84%D9%85%D9%8A%D8%A7%D9%87_%D8%A8%D8%B9%D8%AC%D9%85%D8%A7%D9%86,0,56,0%,3.34
https://www.rukn-eltatawer.com/dyeing-in-al-ain/#%D8%B4%D8%B1%D9%83%D8%A7%D8%AA_%D8%B5%D8%A8%D8%BA_%D9%81%D9%8A_%D8%A7%D9%84%D8%B9%D9%8A%D9%86,0,56,0%,4.27
https://www.rukn-eltatawer.com/dyeing-in-al-ain/#%D8%B4%D8%B1%D9%83%D8%A9_%D8%B5%D8%A8%D8%BA_%D9%81%D9%8A_%D8%A8%D8%A7%D9%84%D8%B9%D9%8A%D9%86,0,56,0%,4.27
https://www.rukn-eltatawer.com/umm-al-quwain-sewage-wiring/#%D8%AE%D8%AF%D9%85%D8%A7%D8%AA_%D8%B4%D8%B1%D9%83%D8%A9_%D8%AA%D8%B3%D9%84%D9%8A%D9%83_%D8%A7%D9%84%D9%85%D8%AC%D8%A7%D8%B1%D9%8A_%D9%81%D9%8A_%D8%A3%D9%85_%D8%A7%D9%84%D9%82%D9%8A%D9%88%D9%8A%D9%86,0,55,0%,2.82
https://www.rukn-eltatawer.com/umm-al-quwain-sewage-wiring/#%D9%85%D9%85%D9%8A%D8%B2%D8%A7%D8%AA_%D8%B4%D8%B1%D9%83%D8%A9_%D8%AA%D8%B3%D9%84%D9%8A%D9%83_%D8%A7%D9%84%D9%85%D8%AC%D8%A7%D8%B1%D9%8A_%D9%81%D9%8A_%D8%A3%D9%85_%D8%A7%D9%84%D9%82%D9%8A%D9%88%D9%8A%D9%86,0,55,0%,2.82
https://www.rukn-eltatawer.com/dubai-villas-cleaning-company/#%D8%A7%D9%81%D8%B6%D9%84_%D8%B4%D8%B1%D9%83%D8%A9_%D8%AA%D9%86%D8%B8%D9%8A%D9%81_%D9%81%D9%84%D9%84_%D8%AF%D8%A8%D9%8A,0,55,0%,3.18
https://www.rukn-eltatawer.com/dubai-villas-cleaning-company/#%D8%AE%D8%AF%D9%85%D8%A7%D8%AA_%D8%B4%D8%B1%D9%83%D8%A9_%D8%AA%D9%86%D8%B8%D9%8A%D9%81_%D9%81%D9%84%D9%84_%D8%A8%D8%AF%D8%A8%D9%8A,0,55,0%,3.18
https://www.rukn-eltatawer.com/insect-control-in-abu-dhabi/#%D8%A3%D8%B3%D8%A8%D8%A7%D8%A8_%D8%A5%D9%86%D8%AA%D8%B4%D8%A7%D8%B1_%D8%A7%D9%84%D8%AD%D8%B4%D8%B1%D8%A7%D8%AA,0,55,0%,3.78
https://www.rukn-eltatawer.com/roof-insulation-company-al-ain/#%D9%85%D8%A7_%D9%87%D9%8A_%D9%85%D9%88%D8%A7%D8%AF_%D8%B4%D8%B1%D9%83%D8%A9_%D8%B9%D8%B2%D9%84_%D8%A3%D8%B3%D8%B7%D8%AD_%D8%A7%D9%84%D8%B9%D9%8A%D9%86%D8%9F,0,55,0%,4.4
https://www.rukn-eltatawer.com/roof-insulation-company-al-ain/#%D9%85%D9%85%D9%8A%D8%B2%D8%A7%D8%AA_%D8%B4%D8%B1%D9%83%D8%A9_%D8%B9%D8%B2%D9%84_%D8%A3%D8%B3%D8%B7%D8%AD_%D8%A7%D9%84%D8%B9%D9%8A%D9%86,0,55,0%,4.4
https://www.rukn-eltatawer.com/sa/sa/en/water-leak-detection-al-majmaah/,0,55,0%,9.8
https://www.rukn-eltatawer.com/cold-and-freezing-room-maintenance-in-dubai/,0,55,0%,9.98
https://www.rukn-eltatawer.com/sharjah-tank-cleaning-company/#%D8%B4%D8%B1%D9%83%D8%A7%D8%AA_%D9%86%D8%B8%D8%A7%D9%81%D8%A9_%D8%AE%D8%B2%D8%A7%D9%86%D8%A7%D8%AA_%D8%A7%D9%84%D8%B4%D8%A7%D8%B1%D9%82%D8%A9,0,54,0%,3.02
https://www.rukn-eltatawer.com/sharjah-tank-cleaning-company/#%D8%B4%D8%B1%D9%83%D8%A9_%D8%AA%D9%86%D8%B8%D9%8A%D9%81_%D8%AA%D9%86%D9%83%D8%A7%D8%AA_%D8%A7%D9%84%D9%85%D9%8A%D8%A7%D9%87_%D8%A8%D8%A7%D9%84%D8%B4%D8%A7%D8%B1%D9%82%D8%A9,0,54,0%,3.02
https://www.rukn-eltatawer.com/roof-insulation-in-abu-dhabi/#%D8%A7%D9%81%D8%B6%D9%84_%D8%A7%D9%86%D9%88%D8%A7%D8%B9_%D8%A7%D9%84%D8%B9%D8%B2%D9%84_%D8%A7%D9%84%D8%AD%D8%B1%D8%A7%D8%B1%D9%8A_%D8%B4%D8%B1%D9%83%D8%A9_%D8%B9%D8%B2%D9%84_%D8%A3%D8%B3%D8%B7%D8%AD_%D9%81%D9%8A_%D8%A3%D8%A8%D9%88%D8%B8%D8%A8%D9%8A_%D8%B1%D9%83%D9%86_%D8%A7%D9%84%D8%AA%D8%B7%D9%88%D8%B1,0,54,0%,3.06
https://www.rukn-eltatawer.com/dubai-villas-cleaning-company/#%D9%86%D8%B8%D8%A7%D9%81%D8%A9_%D8%AD%D8%AF%D8%A7%D8%A6%D9%82_%D8%A7%D9%84%D9%81%D9%84%D9%84_%D8%A8%D8%AF%D8%A8%D9%8A,0,54,0%,3.2
https://www.rukn-eltatawer.com/air-conditioner-cleaning-in-sharjah/#%D8%AE%D8%AF%D9%85%D8%A7%D8%AA_%D8%B4%D8%B1%D9%83%D8%A9_%D8%AA%D9%86%D8%B8%D9%8A%D9%81_%D9%85%D9%83%D9%8A%D9%81%D8%A7%D8%AA_%D9%81%D9%8A_%D8%A7%D9%84%D8%B4%D8%A7%D8%B1%D9%82%D8%A9,0,54,0%,3.85
https://www.rukn-eltatawer.com/roof-insulation-company-al-ain/#%D8%B9%D8%B2%D9%84_%D8%A3%D8%B3%D8%B7%D8%AD_%D8%B4%D9%8A%D9%86%D9%83%D9%88_%D8%A8%D8%A7%D9%84%D8%B9%D9%8A%D9%86,0,54,0%,4.44
https://www.rukn-eltatawer.com/sharjah-soundproofing-installation-company/#%D8%AE%D8%AF%D9%85%D8%A7%D8%AA_%D8%B4%D8%B1%D9%83%D8%A9_%D8%B9%D8%B2%D9%84_%D8%B5%D9%88%D8%AA_%D9%81%D9%8A_%D8%A7%D9%84%D8%B4%D8%A7%D8%B1%D9%82%D8%A9,0,54,0%,4.5
https://www.rukn-eltatawer.com/sharjah-soundproofing-installation-company/#%D8%B4%D8%B1%D9%83%D8%A7%D8%AA_%D8%B9%D8%B2%D9%84_%D8%A7%D9%84%D8%B5%D9%88%D8%AA_%D9%81%D9%8A_%D8%A7%D9%84%D8%A5%D9%85%D8%A7%D8%B1%D8%A7%D8%AA,0,54,0%,4.5
https://www.rukn-eltatawer.com/fujairah-sofa-cleaning-company/,0,54,0%,7.98
https://www.rukn-eltatawer.com/abu-dhabi-majlis-cleaning-company/,0,54,0%,12.54
https://www.rukn-eltatawer.com/al-ain-landscaping-company/#%D8%A7%D8%B1%D8%AE%D8%B5_%D8%A7%D8%B3%D8%B9%D8%A7%D8%B1_%D8%AA%D9%86%D8%B3%D9%8A%D9%82_%D8%A7%D9%84%D8%AD%D8%AF%D8%A7%D8%A6%D9%82_%D9%81%D9%8A_%D8%A7%D9%84%D8%B9%D9%8A%D9%86,0,53,0%,2.89
https://www.rukn-eltatawer.com/al-ain-landscaping-company/#%D8%B9%D8%B4%D8%A8_%D8%B5%D9%86%D8%A7%D8%B9%D9%8A_%D9%81%D9%8A_%D8%A7%D9%84%D8%B9%D9%8A%D9%86,0,53,0%,2.89
https://www.rukn-eltatawer.com/a-water-leak-detection-company-in-abu-dhabi/#%D8%A7%D9%84%D8%AA%D8%B3%D8%B1%D8%A8_%D8%A7%D9%84%D9%85%D8%A7%D8%A6%D9%8A,0,53,0%,3.06
https://www.rukn-eltatawer.com/roof-insulation-in-abu-dhabi/#%D9%81%D9%88%D8%A7%D8%A6%D8%AF_%D8%B9%D8%B2%D9%84_%D8%A7%D8%B3%D8%B7%D8%AD_%D8%A7%D9%84%D9%85%D9%86%D8%A7%D8%B2%D9%84_%D9%81%D9%8A_%D8%B4%D8%B1%D9%83%D8%A9_%D8%B9%D8%B2%D9%84_%D8%A3%D8%B3%D8%B7%D8%AD_%D9%81%D9%8A_%D8%A3%D8%A8%D9%88%D8%B8%D8%A8%D9%8A,0,53,0%,3.34
https://www.rukn-eltatawer.com/insect-control-in-dubai/#%D8%B4%D8%B1%D9%83%D8%A9_%D9%85%D8%A8%D9%8A%D8%AF%D8%A7%D8%AA_%D8%AD%D8%B4%D8%B1%D9%8A%D8%A9_%D9%81%D9%8A_%D8%AF%D8%A8%D9%8A,0,53,0%,3.79
https://www.rukn-eltatawer.com/ceramic-installation-company-in-dubai/#%D8%A3%D9%87%D9%85%D9%8A%D8%A9_%D8%A7%D8%AE%D8%AA%D9%8A%D8%A7%D8%B1_%D8%B4%D8%B1%D9%83%D8%A9_%D8%AA%D8%B1%D9%83%D9%8A%D8%A8_%D8%B3%D9%8A%D8%B1%D8%A7%D9%85%D9%8A%D9%83_%D9%81%D9%8A_%D8%AF%D8%A8%D9%8A_%D8%A7%D9%84%D9%85%D9%86%D8%A7%D8%B3%D8%A8%D8%A9,0,52,0%,2.79
https://www.rukn-eltatawer.com/air-conditioner-cleaning-in-sharjah/#%D8%B4%D8%B1%D9%83%D8%A9_%D8%AA%D9%86%D8%B8%D9%8A%D9%81_%D9%85%D9%83%D9%8A%D9%81%D8%A7%D8%AA_%D9%81%D9%8A_%D8%A7%D9%84%D8%B4%D8%A7%D8%B1%D9%82%D8%A9,0,52,0%,3.62
https://www.rukn-eltatawer.com/sharjah-villas-cleaning-company/,0,52,0%,43.44
https://www.rukn-eltatawer.com/water-leak-detection-company-in-ajman/#%D8%AE%D8%AF%D9%85%D8%A7%D8%AA_%D8%B4%D8%B1%D9%83%D8%A9_%D9%83%D8%B4%D9%81_%D8%AA%D8%B3%D8%B1%D8%A8%D8%A7%D8%AA_%D8%A7%D9%84%D9%85%D9%8A%D8%A7%D9%87_%D9%81%D9%8A_%D8%B9%D8%AC%D9%85%D8%A7%D9%86,0,51,0%,3.43
https://www.rukn-eltatawer.com/umm-al-quwain-roof-insulation-company/#%D8%B4%D8%B1%D9%83%D8%A9_%D8%B9%D8%B2%D9%84_%D8%AE%D8%B2%D8%A7%D9%86%D8%A7%D8%AA_%D9%81%D9%8A_%D8%A3%D9%85_%D8%A7%D9%84%D9%82%D9%8A%D9%88%D9%8A%D9%86,0,51,0%,5.08
https://www.rukn-eltatawer.com/umm-al-quwain-roof-insulation-company/#%D9%85%D9%85%D9%8A%D8%B2%D8%A7%D8%AA_%D8%B4%D8%B1%D9%83%D8%A9_%D8%B9%D8%B2%D9%84_%D8%A7%D8%B3%D8%B7%D8%AD_%D8%A8%D8%A3%D9%85_%D8%A7%D9%84%D9%82%D9%8A%D9%88%D9%8A%D9%86,0,51,0%,5.08
https://www.rukn-eltatawer.com/shrkh-tnzyf-mkyfat-fy-dby/#%D8%A3%D8%B3%D8%B9%D8%A7%D8%B1_%D8%B4%D8%B1%D9%83%D8%A9_%D8%AA%D9%86%D8%B8%D9%8A%D9%81_%D9%85%D9%83%D9%8A%D9%81%D8%A7%D8%AA_%D9%81%D9%8A_%D8%AF%D8%A8%D9%8A_2026_%E2%80%93_%D8%B4%D9%81%D8%A7%D9%81%D8%A9_%D9%88%D8%A8%D8%AF%D9%88%D9%86_%D9%85%D9%81%D8%A7%D8%AC%D8%A2%D8%AA,0,51,0%,7.82
https://www.rukn-eltatawer.com/sharjah-glass-facade-cleaning-company/,0,51,0%,8.49
https://www.rukn-eltatawer.com/sewer-wiring-abu-dhabi/#%D9%85%D8%B9%D8%AF%D8%A7%D8%AA_%D8%AA%D8%B3%D9%84%D9%8A%D9%83_%D8%A7%D9%84%D9%85%D8%AC%D8%A7%D8%B1%D9%8A%E2%80%8B_%D9%81%D9%8A_%D8%A7%D8%A8%D9%88%D8%B8%D8%A8%D9%8A,0,50,0%,2.96
https://www.rukn-eltatawer.com/pest-control-khor-fakkan/#%D9%85%D9%83%D8%A7%D9%81%D8%AD%D8%A9_%D8%A8%D9%82_%D8%A7%D9%84%D9%81%D8%B1%D8%A7%D8%B4_%D9%88%D8%A7%D9%84%D9%82%D9%88%D8%A7%D8%B1%D8%B6_%D9%81%D9%8A_%D8%AE%D9%88%D8%B1%D9%81%D9%83%D8%A7%D9%86_%D8%A8%D8%B7%D8%B1%D9%82_%D8%A2%D9%85%D9%86%D8%A9_%D9%88%D9%85%D8%B6%D9%85%D9%88%D9%86%D8%A9,0,50,0%,4.92
https://www.rukn-eltatawer.com/tank-insulation-abu-dhabi/,0,50,0%,11.7
https://www.rukn-eltatawer.com/parquet-installation-company-in-ajman/#%D8%A3%D9%86%D9%88%D8%A7%D8%B9_%D8%A7%D9%84%D8%A8%D8%A7%D8%B1%D9%83%D9%8A%D9%87_%D8%A7%D9%84%D8%AA%D9%89_%D8%AA%D9%88%D9%81%D8%B1%D9%87%D8%A7_%D8%B4%D8%B1%D9%83%D8%A9_%D8%AA%D8%B1%D9%83%D9%8A%D8%A8_%D8%A8%D8%A7%D8%B1%D9%83%D9%8A%D9%87_%D9%81%D9%8A_%D8%B9%D8%AC%D9%85%D8%A7%D9%86,0,49,0%,1.76
https://www.rukn-eltatawer.com/parquet-installation-company-in-ajman/#%D9%85%D9%85%D9%8A%D8%B2%D8%A7%D8%AA_%D8%B4%D8%B1%D9%83%D8%A9_%D8%AA%D8%B1%D9%83%D9%8A%D8%A8_%D8%A8%D8%A7%D8%B1%D9%83%D9%8A%D9%87_%D9%81%D9%8A_%D8%B9%D8%AC%D9%85%D8%A7%D9%86,0,49,0%,1.76
https://www.rukn-eltatawer.com/dubai-tank-cleaning-company/#%D8%A7%D9%84%D8%AE%D8%AF%D9%85%D8%A7%D8%AA_%D8%A7%D9%84%D8%AA%D9%8A_%D8%AA%D9%82%D8%AF%D9%85%D9%87%D8%A7_%D8%B4%D8%B1%D9%83%D8%A7%D8%AA_%D8%BA%D8%B3%D9%8A%D9%84_%D8%A7%D9%84%D8%AE%D8%B2%D8%A7%D9%86%D8%A7%D8%AA_%D8%A8%D8%AF%D8%A8%D9%89,0,49,0%,2.06
https://www.rukn-eltatawer.com/dubai-tank-cleaning-company/#%D8%B4%D8%B1%D9%83%D8%A9_%D8%AA%D9%86%D8%B8%D9%8A%D9%81_%D8%AE%D8%B2%D8%A7%D9%86%D8%A7%D8%AA_%D8%A7%D9%84%D9%85%D9%8A%D8%A7%D9%87_%D9%81%D9%89_%D8%AF%D8%A8%D9%89,0,49,0%,2.16
https://www.rukn-eltatawer.com/water-leak-detection-umm-al-quwain/#%D8%A3%D9%81%D8%B6%D9%84_%D8%B4%D8%B1%D9%83%D8%A9_%D9%83%D8%B4%D9%81_%D8%AA%D8%B3%D8%B1%D8%A8%D8%A7%D8%AA_%D8%A7%D9%84%D9%85%D9%8A%D8%A7%D9%87_%D9%81%D9%8A_%D8%A3%D9%85_%D8%A7%D9%84%D9%82%D9%8A%D9%88%D9%8A%D9%86_%D9%81%D8%AD%D8%B5_%D8%A8%D8%AF%D9%88%D9%86_%D8%AA%D9%83%D8%B3%D9%8A%D8%B1_2026,0,49,0%,2.35
https://www.rukn-eltatawer.com/water-leak-detection-umm-al-quwain/#%D8%AE%D8%AF%D9%85%D8%A7%D8%AA_%D9%88%D8%A3%D8%B3%D8%B9%D8%A7%D8%B1_%D8%A3%D9%81%D8%B6%D9%84_%D8%B4%D8%B1%D9%83%D8%A9_%D9%83%D8%B4%D9%81_%D8%AA%D8%B3%D8%B1%D8%A8%D8%A7%D8%AA_%D8%A7%D9%84%D9%85%D9%8A%D8%A7%D9%87_%D9%81%D9%8A_%D8%A3%D9%85_%D8%A7%D9%84%D9%82%D9%8A%D9%88%D9%8A%D9%86_2026,0,49,0%,2.35
https://www.rukn-eltatawer.com/a-water-leak-detection-company-in-sharjah/#rukn-h-18,0,49,0%,4.78
https://www.rukn-eltatawer.com/a-water-leak-detection-company-in-sharjah/#rukn-h-25,0,49,0%,4.78
https://www.rukn-eltatawer.com/a-water-leak-detection-company-in-sharjah/#rukn-h-26,0,49,0%,4.78
https://www.rukn-eltatawer.com/a-water-leak-detection-company-in-sharjah/#rukn-h-27,0,49,0%,4.78
https://www.rukn-eltatawer.com/a-water-leak-detection-company-in-sharjah/#rukn-h-28,0,49,0%,4.78
https://www.rukn-eltatawer.com/a-water-leak-detection-company-in-sharjah/#rukn-h-7,0,49,0%,4.78
https://www.rukn-eltatawer.com/abu-dhabi-air-conditioner-cleaning-company/#%D8%A3%D9%81%D8%B6%D9%84_%D8%B4%D8%B1%D9%83%D8%A9_%D8%AA%D9%86%D8%B8%D9%8A%D9%81_%D9%85%D9%83%D9%8A%D9%81%D8%A7%D8%AA_%D9%81%D9%8A_%D8%A3%D8%A8%D9%88%D8%B8%D8%A8%D9%8A,0,49,0%,4.88
https://www.rukn-eltatawer.com/fujairah-villas-cleaning-company/#%D8%A3%D9%81%D8%B6%D9%84_%D8%B4%D8%B1%D9%83%D8%A9_%D8%AA%D9%86%D8%B8%D9%8A%D9%81_%D9%81%D9%84%D9%84_%D9%81%D9%8A_%D8%A7%D9%84%D9%81%D8%AC%D9%8A%D8%B1%D8%A9,0,49,0%,5.14
https://www.rukn-eltatawer.com/a-sterilization-company-in-abu-dhabi/,0,49,0%,6.41
https://www.rukn-eltatawer.com/shrkh-tnzyf-mkyfat-fy-dby/#%D9%85%D8%A7_%D9%87%D9%8A_%D8%B4%D8%B1%D9%83%D8%A9_%D8%AA%D9%86%D8%B8%D9%8A%D9%81_%D9%85%D9%83%D9%8A%D9%81%D8%A7%D8%AA_%D9%81%D9%8A_%D8%AF%D8%A8%D9%8A%D8%9F,0,49,0%,7.9
https://www.rukn-eltatawer.com/shrkh-tnzyf-mkyfat-fy-dby/#8_%D8%B9%D9%84%D8%A7%D9%85%D8%A7%D8%AA_%D8%AA%D8%AE%D8%A8%D8%B1%D9%83_%D8%A3%D9%86_%D9%85%D9%83%D9%8A%D9%81%D9%83_%D9%8A%D8%AD%D8%AA%D8%A7%D8%AC_%D8%B4%D8%B1%D9%83%D8%A9_%D8%AA%D9%86%D8%B8%D9%8A%D9%81_%D9%85%D9%83%D9%8A%D9%81%D8%A7%D8%AA_%D9%81%D9%8A_%D8%AF%D8%A8%D9%8A_%D9%81%D9%88%D8%B1%D8%A7%D9%8B,0,49,0%,7.9
https://www.rukn-eltatawer.com/a-water-leak-detection-company-in-abu-dhabi/#%F0%9F%A7%B0_%D8%A3%D9%87%D9%85_%D8%AE%D8%AF%D9%85%D8%A7%D8%AA_%D8%B4%D8%B1%D9%83%D8%A9_%D9%83%D8%B4%D9%81_%D8%AA%D8%B3%D8%B1%D8%A8%D8%A7%D8%AA_%D8%A7%D9%84%D9%85%D9%8A%D8%A7%D9%87_%D9%81%D9%8A_%D8%A3%D8%A8%D9%88%D8%B8%D8%A8%D9%8A,0,48,0%,3.21
https://www.rukn-eltatawer.com/water-leak-detection-company-in-ajman/#%D9%81%D9%86%D9%8A_%D9%83%D8%B4%D9%81_%D8%AA%D8%B3%D8%B1%D8%A8%D8%A7%D8%AA_%D8%A7%D9%84%D9%85%D9%8A%D8%A7%D9%87_%D9%81%D9%8A_%D8%B9%D8%AC%D9%85%D8%A7%D9%86,0,48,0%,3.48
https://www.rukn-eltatawer.com/fujairah-villas-cleaning-company/#%D8%B4%D8%B1%D9%83%D8%A7%D8%AA_%D8%AA%D9%86%D8%B8%D9%8A%D9%81_%D9%81%D9%84%D9%84_%D8%A8%D8%A7%D9%84%D9%81%D8%AC%D9%8A%D8%B1%D8%A9,0,48,0%,5.21
https://www.rukn-eltatawer.com/fujairah-villas-cleaning-company/#%D8%B4%D8%B1%D9%83%D8%A9_%D8%AA%D9%86%D8%B8%D9%8A%D9%81_%D9%81%D9%8A_%D8%AF%D8%A8%D8%A7_%D8%A7%D9%84%D9%81%D8%AC%D9%8A%D8%B1%D8%A9,0,48,0%,5.23
https://www.rukn-eltatawer.com/abu-dhabi-sofa-cleaning-company/#%D8%AE%D8%AF%D9%85%D8%A7%D8%AA_%D8%B4%D8%B1%D9%83%D8%A9_%D8%AA%D9%86%D8%B8%D9%8A%D9%81_%D9%83%D9%86%D8%A8_%D8%A3%D8%A8%D9%88%D8%B8%D8%A8%D9%8A,0,48,0%,9
https://www.rukn-eltatawer.com/parquet-installation-company-in-dubai/#%D8%A3%D9%81%D8%B6%D9%84_%D8%B4%D8%B1%D9%83%D8%A9_%D8%AA%D8%B1%D9%83%D9%8A%D8%A8_%D8%A8%D8%A7%D8%B1%D9%83%D9%8A%D9%87_%D9%81%D9%8A_%D8%AF%D8%A8%D9%8A,0,47,0%,2.45
https://www.rukn-eltatawer.com/parquet-installation-company-in-dubai/#%D8%A3%D9%86%D9%88%D8%A7%D8%B9_%D8%A7%D9%84%D8%A8%D8%A7%D8%B1%D9%83%D9%8A%D9%87_%D8%A7%D9%84%D8%AA%D9%89_%D8%AA%D9%88%D9%81%D8%B1%D9%87%D8%A7_%D8%B4%D8%B1%D9%83%D8%A9_%D8%AA%D8%B1%D9%83%D9%8A%D8%A8_%D8%A8%D8%A7%D8%B1%D9%83%D9%8A%D9%87_%D9%81%D9%8A_%D8%AF%D8%A8%D9%8A,0,47,0%,2.45
https://www.rukn-eltatawer.com/sewer-wiring-company-in-fujairah/#%D8%A3%D8%B3%D8%A8%D8%A7%D8%A8_%D8%A7%D9%86%D8%B3%D8%AF%D8%A7%D8%AF_%D8%A7%D9%84%D9%85%D8%AC%D8%A7%D8%B1%D9%8A_%D9%81%D9%8A_%D8%A7%D9%84%D9%81%D8%AC%D9%8A%D8%B1%D8%A9,0,47,0%,2.64
https://www.rukn-eltatawer.com/sewer-wiring-company-in-fujairah/#%D8%A3%D9%81%D8%B6%D9%84_%D8%B4%D8%B1%D9%83%D8%A9_%D8%AA%D8%B3%D9%84%D9%8A%D9%83_%D9%85%D8%AC%D8%A7%D8%B1%D9%8A_%D9%81%D9%8A_%D8%A7%D9%84%D9%81%D8%AC%D9%8A%D8%B1%D8%A9,0,47,0%,2.64
https://www.rukn-eltatawer.com/sewer-wiring-company-in-fujairah/#%D8%AE%D8%AF%D9%85%D8%A7%D8%AA_%D8%AA%D8%B3%D9%84%D9%8A%D9%83_%D9%85%D8%AC%D8%A7%D8%B1%D9%8A_%D9%81%D9%8A_%D8%A7%D9%84%D9%81%D8%AC%D9%8A%D8%B1%D8%A9,0,47,0%,2.64
https://www.rukn-eltatawer.com/sewer-wiring-company-in-fujairah/#%D8%B7%D8%B1%D9%82_%D9%85%D8%B9%D8%A7%D9%84%D8%AC%D8%A9_%D8%B4%D8%B1%D9%83%D8%A9_%D8%AA%D8%B3%D9%84%D9%8A%D9%83_%D8%A7%D9%84%D9%85%D8%AC%D8%A7%D8%B1%D9%8A_%D9%81%D9%89_%D8%A7%D9%84%D9%81%D8%AC%D9%8A%D8%B1%D8%A9,0,47,0%,2.64
https://www.rukn-eltatawer.com/sewer-wiring-company-in-fujairah/#%D9%85%D8%A7_%D9%87%D9%8A_%D9%85%D8%B4%D8%A7%D9%83%D9%84_%D8%A7%D9%86%D8%B3%D8%AF%D8%A7%D8%AF_%D8%A7%D9%84%D9%85%D8%AC%D8%A7%D8%B1%D9%8A_%D8%9F,0,47,0%,2.64
https://www.rukn-eltatawer.com/roof-insulation-in-abu-dhabi/#%D8%B4%D8%B1%D9%83%D8%A7%D8%AA_%D8%B9%D8%B2%D9%84_%D8%A3%D8%B3%D8%B7%D8%AD_%D9%81%D9%8A_%D8%A3%D8%A8%D9%88%D8%B8%D8%A8%D9%8A,0,47,0%,2.77
https://www.rukn-eltatawer.com/roof-insulation-in-abu-dhabi/#%D8%B4%D8%B1%D9%83%D8%A9_%D8%B9%D8%B2%D9%84_%D8%A3%D8%B3%D8%B7%D8%AD_%D9%81%D9%8A_%D8%A3%D8%A8%D9%88%D8%B8%D8%A8%D9%8A_%D9%85%D8%A8%D9%84%D8%B7%D8%A9,0,47,0%,3.06
https://www.rukn-eltatawer.com/water-leak-detection-company-in-qatar/#%D8%A3%D9%87%D9%85%D9%8A%D8%A9_%D9%83%D8%B4%D9%81_%D8%AA%D8%B3%D8%B1%D8%A8%D8%A7%D8%AA_%D8%A7%D9%84%D9%85%D9%8A%D8%A7%D9%87_%D8%AD%D9%85%D8%A7%D9%8A%D8%A9_%D9%84%D9%85%D9%86%D8%B2%D9%84%D9%83_%D9%88%D8%A7%D8%B3%D8%AA%D8%AB%D9%85%D8%A7%D8%B1%D9%83,0,47,0%,4.64
https://www.rukn-eltatawer.com/water-leak-detection-company-in-qatar/#%D8%AA%D9%82%D9%86%D9%8A%D8%A7%D8%AA_%D8%B4%D8%B1%D9%83%D8%A9_%D9%83%D8%B4%D9%81_%D8%AA%D8%B3%D8%B1%D8%A8%D8%A7%D8%AA_%D8%A7%D9%84%D9%85%D9%8A%D8%A7%D9%87_%D9%81%D9%8A_%D9%82%D8%B7%D8%B1,0,47,0%,4.64
https://www.rukn-eltatawer.com/parquet-installation-in-abu-dhabi/#%D8%A3%D9%86%D9%88%D8%A7%D8%B9_%D8%A7%D9%84%D8%A8%D8%A7%D8%B1%D9%83%D9%8A%D9%87_%D8%A7%D9%84%D8%AA%D9%89_%D8%AA%D9%88%D9%81%D8%B1%D9%87%D8%A7_%D8%B4%D8%B1%D9%83%D8%A9_%D8%AA%D8%B1%D9%83%D9%8A%D8%A8_%D8%A8%D8%A7%D8%B1%D9%83%D9%8A%D9%87_%D9%81%D9%8A_%D8%A3%D8%A8%D9%88%D8%B8%D8%A8%D9%8A,0,47,0%,5.49
https://www.rukn-eltatawer.com/dubai-tank-cleaning-company/#%D8%A7%D9%84%D8%A3%D8%AF%D9%88%D8%A7%D8%AA_%D8%A7%D9%84%D8%AA%D9%8A_%D8%AA%D8%B3%D8%AA%D8%AE%D8%AF%D9%85%D9%87%D8%A7_%D8%A7%D9%84%D8%B4%D8%B1%D9%83%D8%A9_%D9%81%D9%8A_%D8%AA%D9%86%D8%B8%D9%8A%D9%81_%D8%A7%D9%84%D8%AE%D8%B2%D8%A7%D9%86%D8%A7%D8%AA,0,46,0%,2.07
https://www.rukn-eltatawer.com/dubai-tank-cleaning-company/#%D8%B4%D8%B1%D9%83%D8%A9_%D8%AA%D9%86%D8%B8%D9%8A%D9%81_%D9%88_%D8%BA%D8%B3%D9%8A%D9%84_%D8%AE%D8%B2%D8%A7%D9%86%D8%A7%D8%AA_%D9%81%D9%8A_%D8%A7%D9%84%D8%A5%D9%85%D8%A7%D8%B1%D8%A7%D8%AA,0,46,0%,2.07
https://www.rukn-eltatawer.com/parquet-installation-company-in-sharjah/#%D8%A3%D9%81%D8%B6%D9%84_%D8%B4%D8%B1%D9%83%D8%A9_%D8%AA%D8%B1%D9%83%D9%8A%D8%A8_%D8%A8%D8%A7%D8%B1%D9%83%D9%8A%D9%87_%D9%81%D9%8A_%D8%A7%D9%84%D8%B4%D8%A7%D8%B1%D9%82%D8%A9,0,46,0%,2.3
https://www.rukn-eltatawer.com/parquet-installation-company-in-sharjah/#%D8%A3%D9%86%D9%88%D8%A7%D8%B9_%D8%A7%D9%84%D8%A8%D8%A7%D8%B1%D9%83%D9%8A%D9%87_%D8%A7%D9%84%D8%AA%D9%89_%D8%AA%D9%88%D9%81%D8%B1%D9%87%D8%A7_%D8%B4%D8%B1%D9%83%D8%A9_%D8%AA%D8%B1%D9%83%D9%8A%D8%A8_%D8%A8%D8%A7%D8%B1%D9%83%D9%8A%D9%87_%D9%81%D9%8A_%D8%A7%D9%84%D8%B4%D8%A7%D8%B1%D9%82%D8%A9,0,46,0%,2.3
https://www.rukn-eltatawer.com/a-water-leak-detection-company-in-abu-dhabi/#%F0%9F%8C%8A_%D8%A3%D9%87%D9%85%D9%8A%D8%A9_%D8%A7%D9%84%D9%83%D8%B4%D9%81_%D8%B9%D9%86_%D8%AA%D8%B3%D8%B1%D8%A8%D8%A7%D8%AA_%D8%A7%D9%84%D9%85%D9%8A%D8%A7%D9%87,0,46,0%,3.98
https://www.rukn-eltatawer.com/termite-control-dubai/#%D8%B4%D8%B1%D9%83%D8%A9_%D9%85%D9%83%D8%A7%D9%81%D8%AD%D8%A9_%D8%A7%D9%84%D9%86%D9%85%D9%84_%D8%A7%D9%84%D8%A7%D8%A8%D9%8A%D8%B6_%D9%81%D9%8A_%D8%AF%D8%A8%D9%8A,0,46,0%,4.65
https://www.rukn-eltatawer.com/dubai-sofa-cleaning-company/#%D8%B4%D8%B1%D9%83%D8%A9_%D8%AA%D9%86%D8%B8%D9%8A%D9%81_%D9%85%D8%AC%D8%A7%D9%84%D8%B3_%D8%AF%D8%A8%D9%8A,0,46,0%,5.17
https://www.rukn-eltatawer.com/dubai-sofa-cleaning-company/#_%D8%B4%D8%B1%D9%83%D8%A9_%D8%AA%D9%86%D8%B8%D9%8A%D9%81_%D9%83%D9%86%D8%A8_%D8%A8%D8%A7%D9%84%D8%A8%D8%AE%D8%A7%D8%B1_%D8%A8%D8%AF%D8%A8%D9%89,0,46,0%,5.17
https://www.rukn-eltatawer.com/palm-tree-planting-abu-dhabi/,0,46,0%,7.09
https://www.rukn-eltatawer.com/dubai-carpet-cleaning-company/#%D8%AE%D8%AF%D9%85%D8%A7%D8%AA_%D8%B4%D8%B1%D9%83%D8%A9_%D8%B1%D9%83%D9%86_%D8%A7%D9%84%D8%AA%D8%B7%D9%88%D8%B1,0,45,0%,4.51
https://www.rukn-eltatawer.com/dubai-carpet-cleaning-company/#%D8%B4%D8%B1%D9%83%D8%A9_%D8%BA%D8%B3%D9%8A%D9%84_%D8%B3%D8%AC%D8%A7%D8%AF_%D8%A8%D8%AF%D8%A8%D9%8A,0,45,0%,4.51
https://www.rukn-eltatawer.com/dubai-sofa-cleaning-company/#%D8%A7%D9%81%D8%B6%D9%84_%D8%B4%D8%B1%D9%83%D8%A9_%D8%AA%D9%86%D8%B8%D9%8A%D9%81_%D9%83%D9%86%D8%A8_%D8%A8%D8%A7%D9%84%D8%A8%D8%AE%D8%A7%D8%B1_%D8%A8%D8%AF%D8%A8%D9%89,0,45,0%,5.2
https://www.rukn-eltatawer.com/abu-dhabi-glass-facade-cleaning-company/,0,45,0%,10.33
https://www.rukn-eltatawer.com/cctv-installation-company-in-dubai/,0,45,0%,13
https://www.rukn-eltatawer.com/roof-insulation-in-abu-dhabi/#%D8%A3%D9%81%D8%B6%D9%84_%D8%B4%D8%B1%D9%83%D8%A9_%D8%B9%D8%B2%D9%84_%D8%A3%D8%B3%D8%B7%D8%AD_%D9%81%D9%8A_%D8%A3%D8%A8%D9%88%D8%B8%D8%A8%D9%8A,0,44,0%,2.91
https://www.rukn-eltatawer.com/insect-control-in-dubai/#%D9%85%D9%83%D8%A7%D9%81%D8%AD%D8%A9_%D8%A7%D9%84%D9%88%D8%B2%D8%BA_%D9%81%D9%8A_%D8%AF%D8%A8%D9%8A,0,44,0%,4.86
https://www.rukn-eltatawer.com/air-conditioner-cleaning-company-in-al-ain/#%D8%AE%D8%AF%D9%85%D8%A7%D8%AA_%D8%AA%D9%86%D8%B8%D9%8A%D9%81_%D9%85%D9%83%D9%8A%D9%81%D8%A7%D8%AA_%D8%A7%D9%84%D9%87%D9%88%D8%A7%D8%A1,0,44,0%,7.57
https://www.rukn-eltatawer.com/water-leak-detection-company-in-ajman/#%D8%B4%D8%B1%D9%83%D8%A9_%D9%83%D8%B4%D9%81_%D8%AA%D8%B3%D8%B1%D9%8A%D8%A8%D8%A7%D8%AA_%D8%A7%D9%84%D9%85%D8%A7%D9%87_%D8%A8%D8%B9%D8%AC%D9%85%D8%A7%D9%86,0,43,0%,3.47
https://www.rukn-eltatawer.com/water-leak-detection-company-in-ajman/#%D9%83%D8%B4%D9%81_%D8%AA%D8%B3%D8%B1%D8%A8%D8%A7%D8%AA_%D8%A7%D9%84%D9%85%D9%8A%D8%A7%D9%87_%D9%81%D9%8A_%D8%B9%D8%AC%D9%85%D8%A7%D9%86_%D8%A8%D8%AF%D9%88%D9%86_%D8%AA%D9%83%D8%B3%D9%8A%D8%B1,0,43,0%,3.53
https://www.rukn-eltatawer.com/building-maintenance-abu-dhabi/,0,43,0%,6.91
https://www.rukn-eltatawer.com/abu-dhabi-sofa-cleaning-company/#%D8%A3%D9%81%D8%B6%D9%84_%D8%B4%D8%B1%D9%83%D8%A9_%D9%85%D8%B6%D9%85%D9%88%D9%86%D8%A9_%D9%84%D8%AA%D9%86%D8%B8%D9%8A%D9%81_%D8%A7%D9%84%D9%83%D9%86%D8%A8_%D9%81%D9%8A_%D8%A3%D8%A8%D9%88_%D8%B8%D8%A8%D9%8A,0,43,0%,8.98
https://www.rukn-eltatawer.com/abu-dhabi-kitchen-cleaning-company/#%D8%AA%D9%86%D8%B8%D9%8A%D9%81_%D9%85%D8%B7%D8%A7%D8%A8%D8%AE_%D9%88%D8%A5%D8%B2%D8%A7%D9%84%D8%A9_%D8%AF%D9%87%D9%88%D9%86_%D8%A8%D8%A7%D9%84%D8%A8%D8%AE%D8%A7%D8%B1_%D9%81%D9%8A_%D8%A7%D8%A8%D9%88_%D8%B8%D8%A8%D9%8A,0,42,0%,5.26
https://www.rukn-eltatawer.com/abu-dhabi-kitchen-cleaning-company/#%D8%AE%D8%B7%D9%88%D8%A7%D8%AA_%D8%AA%D9%86%D8%B8%D9%8A%D9%81_%D8%A7%D9%84%D9%85%D8%B7%D8%A7%D8%A8%D8%AE_%D9%88%D8%A5%D8%B2%D8%A7%D9%84%D8%A9_%D8%A7%D9%84%D8%AF%D9%87%D9%88%D9%86_%D8%A7%D8%A8%D9%88_%D8%B8%D8%A8%D9%8A,0,42,0%,5.29
https://www.rukn-eltatawer.com/air-conditioner-cleaning-company-in-al-ain/#%D8%AE%D8%AF%D9%85%D8%A7%D8%AA_%D8%B4%D8%B1%D9%83%D8%A9_%D8%A7%D8%B5%D9%84%D8%A7%D8%AD_%D9%85%D9%83%D9%8A%D9%81%D8%A7%D8%AA_%D9%81%D9%8A_%D8%A7%D9%84%D8%B9%D9%8A%D9%86,0,42,0%,7.88
https://www.rukn-eltatawer.com/dubai-villas-cleaning-company/#%D8%B4%D8%B1%D9%83%D8%A9_%D8%AA%D9%86%D8%B8%D9%8A%D9%81_%D8%A7%D9%84%D9%81%D9%84%D9%84_%D8%AF%D8%A8%D9%8A_%D8%B9%D9%85%D8%A7%D9%84%D8%A9_%D9%81%D9%84%D8%A8%D9%8A%D9%86%D9%8A%D8%A9,0,41,0%,3.1
https://www.rukn-eltatawer.com/air-conditioner-cleaning-company-in-al-ain/#%D8%A3%D8%B3%D8%B9%D8%A7%D8%B1_%D8%AA%D9%86%D8%B8%D9%8A%D9%81_%D8%A7%D9%84%D9%85%D9%83%D9%8A%D9%81%D8%A7%D8%AA_%D9%81%D9%8A_%D8%A7%D9%84%D8%B9%D9%8A%D9%86,0,41,0%,7.9
https://www.rukn-eltatawer.com/installation-of-gypsum-board-fujairah/#%D8%A3%D9%81%D8%B6%D9%84_%D8%B4%D8%B1%D9%83%D8%A9_%D8%AA%D8%B1%D9%83%D9%8A%D8%A8_%D8%AC%D8%A8%D8%B3_%D8%A8%D9%88%D8%B1%D8%AF_%D9%81%D9%8A_%D8%A7%D9%84%D9%81%D8%AC%D9%8A%D8%B1%D8%A9,0,40,0%,2.27
https://www.rukn-eltatawer.com/installation-of-gypsum-board-fujairah/#%D8%AF%D9%8A%D9%83%D9%88%D8%B1%D8%A7%D8%AA_%D8%AC%D8%A8%D8%B3_%D8%A8%D9%88%D8%B1%D8%AF_%D9%81%D9%8A_%D8%A7%D9%84%D9%81%D8%AC%D9%8A%D8%B1%D8%A9,0,40,0%,2.27
https://www.rukn-eltatawer.com/insulators-company-in-sharjah/#%D8%B9%D8%B2%D9%84_%D8%A7%D8%B3%D8%B7%D8%AD_%D9%81%D9%88%D9%85_%D8%A8%D8%A7%D9%84%D8%B4%D8%A7%D8%B1%D9%82%D8%A9,0,40,0%,2.85
https://www.rukn-eltatawer.com/fujairah-sofa-cleaning-company/#%D8%A3%D9%81%D8%B6%D9%84_%D8%B4%D8%B1%D9%83%D8%A9_%D8%AA%D9%86%D8%B8%D9%8A%D9%81_%D9%83%D9%86%D8%A8_%D8%A8%D8%A7%D9%84%D9%81%D8%AC%D9%8A%D8%B1%D8%A9,0,40,0%,4.05
https://www.rukn-eltatawer.com/fujairah-sofa-cleaning-company/#%D8%AA%D9%86%D8%B8%D9%8A%D9%81_%D8%A7%D9%84%D9%83%D9%86%D8%A8_%D8%A8%D8%A7%D9%84%D8%A8%D8%AE%D8%A7%D8%B1,0,40,0%,4.05
https://www.rukn-eltatawer.com/fujairah-sofa-cleaning-company/#%D8%B4%D8%B1%D9%83%D8%A9_%D8%AA%D9%86%D8%B8%D9%8A%D9%81_%D9%83%D9%86%D8%A8_%D9%81%D9%8A_%D8%A7%D9%84%D9%81%D8%AC%D9%8A%D8%B1%D8%A9,0,40,0%,4.05
https://www.rukn-eltatawer.com/water-leak-detection-company-in-qatar/#%D8%AE%D8%AF%D9%85%D8%A7%D8%AA_%D8%B4%D8%B1%D9%83%D8%A9_%D8%B1%D9%83%D9%86_%D8%A7%D9%84%D8%AA%D8%B7%D9%88%D8%B1_%D9%81%D9%8A_%D9%82%D8%B7%D8%B1,0,40,0%,4.7
https://www.rukn-eltatawer.com/ras-al-khaimah-cleaning/#%D8%B4%D8%B1%D9%83%D8%A9_%D8%AA%D9%86%D8%B8%D9%8A%D9%81_%D9%85%D9%86%D8%A7%D8%B2%D9%84_%D9%81%D9%8A_%D8%B1%D8%A3%D8%B3_%D8%A7%D9%84%D8%AE%D9%8A%D9%85%D8%A9_%D8%AF%D9%84%D9%8A%D9%84%D9%83_%D8%A7%D9%84%D8%B4%D8%A7%D9%85%D9%84_%D9%84%D9%86%D8%B8%D8%A7%D9%81%D8%A9_%D9%85%D8%AB%D8%A7%D9%84%D9%8A%D8%A9_%D9%85%D8%B9_%E2%80%9C%D8%B1%D9%83%D9%86_%D8%A7%D9%84%D8%AA%D8%B7%D9%88%D8%B1%E2%80%9D_%F0%9F%8F%A0%E2%9C%A8,0,40,0%,9.97
https://www.rukn-eltatawer.com/ras-al-khaimah-cleaning/#%D9%84%D9%85%D8%A7%D8%B0%D8%A7_%D8%AA%D8%B9%D8%AA%D8%A8%D8%B1_%E2%80%9C%D8%B1%D9%83%D9%86_%D8%A7%D9%84%D8%AA%D8%B7%D9%88%D8%B1%E2%80%9D_%D8%A3%D9%81%D8%B6%D9%84_%D8%B4%D8%B1%D9%83%D8%A9_%D8%AA%D9%86%D8%B8%D9%8A%D9%81_%D9%85%D9%86%D8%A7%D8%B2%D9%84_%D9%81%D9%8A_%D8%B1%D8%A3%D8%B3_%D8%A7%D9%84%D8%AE%D9%8A%D9%85%D8%A9_%D9%85%D9%86_%D8%A7%D9%84%D9%86%D8%A7%D8%AD%D9%8A%D8%A9_%D8%A7%D9%84%D8%AA%D9%82%D9%86%D9%8A%D8%A9%D8%9F_%F0%9F%9B%A0%EF%B8%8F,0,40,0%,9.97
https://www.rukn-eltatawer.com/dyeing-umm-al-quwain/,0,40,0%,16.38
https://www.rukn-eltatawer.com/insulators-company-in-sharjah/#%D8%B9%D8%B2%D9%84_%D8%AE%D8%B2%D8%A7%D9%86%D8%A7%D8%AA_%D8%A7%D9%84%D9%85%D9%8A%D8%A7%D9%87_%D9%81%D9%8A_%D8%A7%D9%84%D8%B4%D8%A7%D8%B1%D9%82%D8%A9,0,39,0%,2.41
https://www.rukn-eltatawer.com/parquet-installation-in-abu-dhabi/#%D8%A3%D9%81%D8%B6%D9%84_%D8%B4%D8%B1%D9%83%D8%A9_%D8%AA%D8%B1%D9%83%D9%8A%D8%A8_%D8%A8%D8%A7%D8%B1%D9%83%D9%8A%D9%87_%D9%81%D9%8A_%D8%A3%D8%A8%D9%88%D8%B8%D8%A8%D9%8A,0,39,0%,6.03
https://www.rukn-eltatawer.com/air-conditioner-cleaning-company-in-ajman/#%D8%A3%D9%81%D8%B6%D9%84_%D8%B4%D8%B1%D9%83%D8%A9_%D8%AA%D9%86%D8%B8%D9%8A%D9%81_%D9%85%D9%83%D9%8A%D9%81%D8%A7%D8%AA_%D9%81%D9%8A_%D8%B9%D8%AC%D9%85%D8%A7%D9%86,0,39,0%,6.79
https://www.rukn-eltatawer.com/air-conditioner-cleaning-company-in-ajman/#%D8%AE%D8%AF%D9%85%D8%A7%D8%AA_%D8%B4%D8%B1%D9%83%D8%A9_%D8%AA%D9%86%D8%B8%D9%8A%D9%81_%D9%85%D9%83%D9%8A%D9%81%D8%A7%D8%AA_%D9%81%D9%89_%D8%B9%D8%AC%D9%85%D8%A7%D9%86,0,39,0%,6.79
https://www.rukn-eltatawer.com/abu-dhabi-sofa-cleaning-company/#%D8%A7%D9%84%D8%A3%D8%AF%D9%88%D8%A7%D8%AA_%D8%A7%D9%84%D9%85%D8%B3%D8%AA%D8%AE%D8%AF%D9%85%D8%A9_%D9%81%D9%8A_%D8%AA%D9%86%D8%B8%D9%8A%D9%81_%D9%83%D9%86%D8%A8_%D8%A3%D8%A8%D9%88%D8%B8%D8%A8%D9%8A,0,39,0%,9.18
https://www.rukn-eltatawer.com/umm-al-quwain-sewage-wiring/#%D8%A7%D9%81%D8%B6%D9%84_%D8%B4%D8%B1%D9%83%D8%A9_%D8%AA%D8%B3%D9%84%D9%8A%D9%83_%D8%A7%D9%84%D9%85%D8%AC%D8%A7%D8%B1%D9%8A_%D9%81%D9%8A_%D8%A3%D9%85_%D8%A7%D9%84%D9%82%D9%8A%D9%88%D9%8A%D9%86,0,38,0%,3.21
https://www.rukn-eltatawer.com/landscaping-company-in-dubai/#%D9%85%D8%A7_%D8%A7%D9%84%D8%AC%D9%87%D8%A7%D8%AA_%D8%A7%D9%84%D8%AA%D9%8A_%D8%AA%D9%88%D9%81%D8%B1_%D8%A7%D9%84%D8%B4%D8%B1%D9%83%D8%A9_%D9%84%D9%87%D8%A7_%D8%AE%D8%AF%D9%85%D8%A7%D8%AA%D9%87%D8%A7,0,38,0%,3.45
https://www.rukn-eltatawer.com/ajman-roof-insulation-company/#%D9%85%D8%A7_%D9%87%D9%88_%D8%B9%D8%A7%D8%B2%D9%84_%D8%A3%D8%B3%D8%B7%D8%AD_%D9%85%D8%B7%D8%A7%D8%B7%D9%8A_%D8%9F,0,38,0%,3.55
https://www.rukn-eltatawer.com/parquet-installation-in-abu-dhabi/#%D9%85%D9%85%D9%8A%D8%B2%D8%A7%D8%AA_%D8%B4%D8%B1%D9%83%D8%A9_%D8%B1%D9%83%D9%86_%D8%A7%D9%84%D8%AA%D8%B7%D9%88%D8%B1_%D9%81%D9%8A_%D8%AA%D8%B1%D9%83%D9%8A%D8%A8_%D8%A7%D9%84%D8%A8%D8%A7%D8%B1%D9%83%D9%8A%D9%87_%D9%81%D9%8A_%D8%A3%D8%A8%D9%88%D8%B8%D8%A8%D9%8A,0,38,0%,4.92
https://www.rukn-eltatawer.com/general-maintenance-company-abu-dhabi/#%D8%B4%D8%B1%D9%83%D8%A9_%D8%AA%D9%83%D8%B3%D9%8A%D8%B1_%D9%88%D8%AA%D8%B1%D9%85%D9%8A%D9%85_%D9%81%D9%84%D9%84_%D8%B4%D8%B1%D9%83%D8%A9_%D8%B5%D9%8A%D8%A7%D9%86%D8%A9_%D8%B9%D8%A7%D9%85%D8%A9_%D8%A3%D8%A8%D9%88%D8%B8%D8%A8%D9%8A,0,38,0%,6.92
https://www.rukn-eltatawer.com/general-maintenance-company-abu-dhabi/#%D8%B4%D8%B1%D9%83%D8%A9_%D8%B5%D9%8A%D8%A7%D9%86%D8%A9_%D8%B9%D8%A7%D9%85%D8%A9_%D8%A3%D8%A8%D9%88%D8%B8%D8%A8%D9%8A,0,38,0%,6.92
https://www.rukn-eltatawer.com/shrkh-tnzyf-mkyfat-fy-dby/#%D9%85%D9%82%D8%A7%D8%B1%D9%86%D8%A9_%D8%B4%D8%B1%D9%83%D8%A9_%D8%AA%D9%86%D8%B8%D9%8A%D9%81_%D9%85%D9%83%D9%8A%D9%81%D8%A7%D8%AA_%D9%81%D9%8A_%D8%AF%D8%A8%D9%8A_%D8%B1%D9%83%D9%86_%D8%A7%D9%84%D8%AA%D8%B7%D9%88%D8%B1_%D9%85%D9%82%D8%A7%D8%A8%D9%84_%D8%A7%D9%84%D8%B4%D8%B1%D9%83%D8%A7%D8%AA_%D8%A7%D9%84%D8%A3%D8%AE%D8%B1%D9%89,0,38,0%,7.71
https://www.rukn-eltatawer.com/dubai-pool-cleaning/,0,38,0%,10
https://www.rukn-eltatawer.com/ras-al-khaimah-cleaning/#%D8%A3%D8%B3%D8%B9%D8%A7%D8%B1_%D8%B4%D8%B1%D9%83%D8%A9_%D8%AA%D9%86%D8%B8%D9%8A%D9%81_%D9%85%D9%86%D8%A7%D8%B2%D9%84_%D9%81%D9%8A_%D8%B1%D8%A3%D8%B3_%D8%A7%D9%84%D8%AE%D9%8A%D9%85%D8%A9_%F0%9F%92%B0,0,38,0%,10.21
https://www.rukn-eltatawer.com/ras-al-khaimah-cleaning/#%D8%A7%D9%84%D8%AA%D8%AD%D8%AF%D9%8A_%D8%A7%D9%84%D8%A3%D9%83%D8%A8%D8%B1_%D8%AA%D9%86%D8%B8%D9%8A%D9%81_%D8%A7%D9%84%D9%85%D9%86%D8%A7%D8%B2%D9%84_%D8%A8%D8%B9%D8%AF_%D8%A7%D9%84%D8%A8%D9%86%D8%A7%D8%A1_%D9%88%D8%A7%D9%84%D8%AA%D8%B4%D8%B7%D9%8A%D8%A8_Post-Construction_Cleaning_%F0%9F%8F%97%EF%B8%8F,0,38,0%,10.21
https://www.rukn-eltatawer.com/ras-al-khaimah-cleaning/#%D9%85%D8%A7_%D9%87%D9%8A_%D8%AE%D8%AF%D9%85%D8%A9_%D8%AA%D9%86%D8%B8%D9%8A%D9%81_%D8%A7%D9%84%D9%85%D9%86%D8%A7%D8%B2%D9%84_%D8%A7%D9%84%D8%B4%D8%A7%D9%85%D9%84%D8%A9%D8%9F_%D9%88%D9%84%D9%85%D8%A7%D8%B0%D8%A7_%D8%AA%D8%AD%D8%AA%D8%A7%D8%AC%D9%87%D8%A7_%D8%A7%D9%84%D8%A2%D9%86%D8%9F_%F0%9F%A7%BC,0,38,0%,10.21
https://www.rukn-eltatawer.com/pigeons-repellent-installation-company-in-al-ain/#%D8%AE%D8%AF%D9%85%D8%A7%D8%AA_%D8%B4%D8%B1%D9%83%D8%A9_%D8%AA%D8%B1%D9%83%D9%8A%D8%A8_%D8%B7%D8%A7%D8%B1%D8%AF_%D8%AD%D9%85%D8%A7%D9%85_%D9%81%D9%8A_%D8%A7%D9%84%D8%B9%D9%8A%D9%86,0,37,0%,3.81
https://www.rukn-eltatawer.com/pigeons-repellent-installation-company-in-al-ain/#%D8%B4%D8%B1%D9%83%D8%A9_%D8%AA%D8%B1%D9%83%D9%8A%D8%A8_%D8%B7%D8%A7%D8%B1%D8%AF_%D8%AD%D9%85%D8%A7%D9%85_%D9%81%D9%8A_%D8%A7%D9%84%D8%B9%D9%8A%D9%86,0,37,0%,3.81
https://www.rukn-eltatawer.com/sharjah-soundproofing-installation-company/#%D8%A3%D9%81%D8%B6%D9%84_%D8%B4%D8%B1%D9%83%D8%A9_%D8%AA%D8%B1%D9%83%D9%8A%D8%A8_%D8%B9%D8%A7%D8%B2%D9%84_%D8%B5%D9%88%D8%AA_%D9%81%D9%8A_%D8%A7%D9%84%D8%B4%D8%A7%D8%B1%D9%82%D8%A9,0,37,0%,4.97
https://www.rukn-eltatawer.com/sharjah-soundproofing-installation-company/#%D8%B7%D8%B1%D9%82_%D8%AA%D8%B1%D9%83%D9%8A%D8%A8_%D8%B9%D8%A7%D8%B2%D9%84_%D8%A7%D9%84%D8%B5%D9%88%D8%AA_%D8%A7%D9%84%D8%B4%D8%A7%D8%B1%D9%82%D8%A9,0,37,0%,4.97
https://www.rukn-eltatawer.com/dyeing-ras-al-khaimah/#%D8%B4%D8%B1%D9%83%D8%A7%D8%AA_%D8%A7%D9%84%D8%B5%D8%A8%D8%BA_%D9%81%D9%8A_%D8%B1%D8%A7%D8%B3_%D8%A7%D9%84%D8%AE%D9%8A%D9%85%D8%A9,0,37,0%,7.68
https://www.rukn-eltatawer.com/dyeing-ras-al-khaimah/#%D8%B4%D8%B1%D9%83%D8%A7%D8%AA_%D8%B5%D8%A8%D8%BA_%D9%81%D9%8A_%D8%B1%D8%A7%D8%B3_%D8%A7%D9%84%D8%AE%D9%8A%D9%85%D8%A9,0,37,0%,7.68
https://www.rukn-eltatawer.com/dyeing-ras-al-khaimah/#%D8%B5%D8%A8%D8%A7%D8%BA_%D9%81%D9%8A_%D8%B1%D8%A7%D8%B3_%D8%A7%D9%84%D8%AE%D9%8A%D9%85%D8%A9,0,37,0%,7.68
https://www.rukn-eltatawer.com/al-ain-gypsum-board-installation-company/,0,37,0%,9.95
https://www.rukn-eltatawer.com/dubai-glass-facade-cleaning-company/,0,36,0%,4.33
https://www.rukn-eltatawer.com/dyeing-abu-dhabi/#%D8%B4%D8%B1%D9%83%D8%A7%D8%AA_%D8%AF%D9%87%D8%A7%D9%86%D8%A7%D8%AA_%D9%81%D9%8A_%D8%A3%D8%A8%D9%88%D8%B8%D8%A8%D9%8A,0,36,0%,6.14
https://www.rukn-eltatawer.com/dyeing-abu-dhabi/#%D8%B4%D8%B1%D9%83%D8%A7%D8%AA_%D8%B5%D8%A8%D8%BA_%D9%81%D9%8A_%D8%A7%D8%A8%D9%88%D8%B8%D8%A8%D9%8A,0,36,0%,6.14
https://www.rukn-eltatawer.com/dyeing-abu-dhabi/#%D9%85%D8%B2%D8%A7%D9%8A%D8%A7_%D8%B4%D8%B1%D9%83%D8%A9_%D8%B5%D8%A8%D8%BA_%D9%81%D9%8A_%D8%A3%D8%A8%D9%88%D8%B8%D8%A8%D9%8A,0,36,0%,6.14
https://www.rukn-eltatawer.com/abu-dhabi-carpet-cleaning-company/,0,36,0%,15.06
https://www.rukn-eltatawer.com/parquet-installation-company-in-ras-al-khaimah/#%D8%A3%D9%81%D8%B6%D9%84_%D8%B4%D8%B1%D9%83%D8%A9_%D8%AA%D8%B1%D9%83%D9%8A%D8%A8_%D8%A8%D8%A7%D8%B1%D9%83%D9%8A%D9%87_%D9%81%D9%89_%D8%B1%D8%A3%D8%B3_%D8%A7%D9%84%D8%AE%D9%8A%D9%85%D8%A9,0,35,0%,2.31
https://www.rukn-eltatawer.com/parquet-installation-company-in-ras-al-khaimah/#%D9%85%D9%85%D9%8A%D8%B2%D8%A7%D8%AA_%D8%B4%D8%B1%D9%83%D8%A9_%D8%AA%D8%B1%D9%83%D9%8A%D8%A8_%D8%A7%D9%84%D8%A8%D8%A7%D8%B1%D9%83%D9%8A%D9%87,0,35,0%,2.31
https://www.rukn-eltatawer.com/dyeing-abu-dhabi/#%D8%A3%D8%B3%D8%B9%D8%A7%D8%B1_%D8%B4%D8%B1%D9%83%D8%A9_%D8%B1%D9%83%D9%86_%D8%A7%D9%84%D8%AA%D8%B7%D9%88%D8%B1,0,35,0%,6.11
https://www.rukn-eltatawer.com/dyeing-abu-dhabi/#%D8%B5%D8%A8%D8%A7%D8%BA_%D9%81%D9%8A_%D8%A3%D8%A8%D9%88%D8%B8%D8%A8%D9%8A,0,35,0%,6.11
https://www.rukn-eltatawer.com/general-maintenance-company-abu-dhabi/#%D8%AE%D8%AF%D9%85%D8%A7%D8%AA_%D8%AA%D9%83%D8%B3%D9%8A%D8%B1_%D9%88%D8%AA%D8%B1%D9%85%D9%8A%D9%85_%D9%81%D9%84%D9%84_%D9%88%D8%AD%D9%85%D8%A7%D9%85%D8%A7%D8%AA_%D8%A3%D8%A8%D9%88%D8%B8%D8%A8%D9%8A,0,35,0%,6.89
https://www.rukn-eltatawer.com/general-maintenance-company-abu-dhabi/#%D8%B4%D8%B1%D9%83%D8%A9_%D8%AA%D8%B1%D9%85%D9%8A%D9%85_%D9%88%D8%B5%D9%8A%D8%A7%D9%86%D8%A9_%D8%AD%D9%85%D8%A7%D9%85%D8%A7%D8%AA_%D9%88%D9%81%D9%84%D9%84_%D8%A8%D8%A7%D8%A8%D9%88_%D8%B8%D8%A8%D9%8A,0,35,0%,6.89
https://www.rukn-eltatawer.com/furniture-carpenter-umm-al-quwain/,0,35,0%,6.91
https://www.rukn-eltatawer.com/fujairah-sofa-cleaning-company/#%D8%AE%D8%B7%D9%88%D8%A7%D8%AA_%D8%AA%D9%86%D8%B8%D9%8A%D9%81_%D9%83%D9%86%D8%A8_%D8%A7%D9%84%D9%81%D8%AC%D9%8A%D8%B1%D8%A9,0,34,0%,3.82
https://www.rukn-eltatawer.com/fujairah-sofa-cleaning-company/#%D8%B4%D8%B1%D9%83%D8%A7%D8%AA_%D8%AA%D9%86%D8%B8%D9%8A%D9%81_%D9%83%D9%86%D8%A8_%D8%A7%D9%84%D9%81%D8%AC%D9%8A%D8%B1%D8%A9,0,34,0%,3.82
https://www.rukn-eltatawer.com/installation-of-gypsum-board-umm-al-quwain/,0,34,0%,5.06
https://www.rukn-eltatawer.com/abu-dhabi-sofa-cleaning-company/#%D8%A3%D9%86%D9%88%D8%A7%D8%B9_%D8%A7%D9%84%D9%83%D9%86%D8%A8_%D9%88%D8%B7%D8%B1%D9%82_%D8%AA%D9%86%D8%B8%D9%8A%D9%81%D9%87%D8%A7,0,34,0%,9.18
https://www.rukn-eltatawer.com/abu-dhabi-sofa-cleaning-company/#%D8%B4%D8%B1%D9%83%D8%A9_%D8%AA%D8%B9%D9%82%D9%8A%D9%85_%D9%83%D9%86%D8%A8_%D8%A3%D8%A8%D9%88_%D8%B8%D8%A8%D9%8A,0,34,0%,9.18
https://www.rukn-eltatawer.com/installation-of-gypsum-board-umm-al-quwain/#%D8%A7%D9%81%D8%B6%D9%84_%D8%AA%D8%B1%D9%83%D9%8A%D8%A8_%D8%AC%D8%A8%D8%B3_%D8%A8%D9%88%D8%B1%D8%AF_%D9%81%D9%8A_%D8%A7%D9%85_%D8%A7%D9%84%D9%82%D9%8A%D9%88%D9%8A%D9%86,0,33,0%,4.82
https://www.rukn-eltatawer.com/installation-of-gypsum-board-umm-al-quwain/#%D8%AA%D8%B1%D9%83%D9%8A%D8%A8_%D8%AC%D8%A8%D8%B3_%D8%A8%D9%88%D8%B1%D8%AF_%D9%81%D9%8A_%D8%A7%D9%85_%D8%A7%D9%84%D9%82%D9%8A%D9%88%D9%8A%D9%86,0,33,0%,4.82
https://www.rukn-eltatawer.com/a-water-leak-detection-company-in-sharjah/#rukn-h-3,0,33,0%,6.03
https://www.rukn-eltatawer.com/hourly-cleaning-maids-dubai/#%D8%A3%D8%B9%D9%85%D8%A7%D9%84_%D8%AA%D9%82%D9%88%D9%85_%D8%A8%D9%87%D8%A7_%D8%B9%D8%A7%D9%85%D9%84%D8%A7%D8%AA_%D8%AA%D9%86%D8%B8%D9%8A%D9%81_%D8%A8%D8%A7%D9%84%D8%B3%D8%A7%D8%B9%D8%A9_%D9%81%D9%8A_%D8%AF%D8%A8%D9%8A,0,33,0%,6.3
https://www.rukn-eltatawer.com/ras-al-khaimah-carpet-cleaning-company/#%D8%A7%D9%81%D8%B6%D9%84_%D8%B4%D8%B1%D9%83%D8%A9_%D8%AA%D9%86%D8%B8%D9%8A%D9%81_%D8%B3%D8%AC%D8%A7%D8%AF_%D8%B1%D8%A3%D8%B3_%D8%A7%D9%84%D8%AE%D9%8A%D9%85%D8%A9,0,32,0%,2.97
https://www.rukn-eltatawer.com/ras-al-khaimah-carpet-cleaning-company/#%D8%AE%D8%AF%D9%85%D8%A7%D8%AA_%D8%B4%D8%B1%D9%83%D8%A9_%D8%AA%D9%86%D8%B8%D9%8A%D9%81_%D8%B3%D8%AC%D8%A7%D8%AF_%D8%B1%D8%A3%D8%B3_%D8%A7%D9%84%D8%AE%D9%8A%D9%85%D8%A9,0,32,0%,2.97
https://www.rukn-eltatawer.com/vinyl-flooring-abu-dhabi/,0,32,0%,10.12
https://www.rukn-eltatawer.com/pest-control-company-in-al-ain/#%D8%B1%D8%B4_%D8%AD%D8%B4%D8%B1%D8%A7%D8%AA_%D8%A7%D9%84%D8%B9%D9%8A%D9%86,0,31,0%,2.45
https://www.rukn-eltatawer.com/insect-control-in-dubai/#%D8%AA%D9%86%D8%B8%D9%8A%D9%81_%D8%A7%D9%84%D8%A8%D9%8A%D8%AA_%D9%85%D9%86_%D8%A7%D9%84%D8%AD%D8%B4%D8%B1%D8%A7%D8%AA_%D9%81%D9%8A_%D8%AF%D8%A8%D9%8A,0,31,0%,4.87
https://www.rukn-eltatawer.com/air-conditioner-cleaning-company-in-ajman/#%D8%A3%D9%86%D9%88%D8%A7%D8%B9_%D8%A7%D9%84%D9%85%D9%83%D9%8A%D9%81%D8%A7%D8%AA_%D8%A7%D9%84%D8%AA%D9%8A_%D8%AA%D9%82%D9%88%D9%85_%D8%B4%D8%B1%D9%83%D8%AA%D9%86%D8%A7_%D8%A8%D8%AA%D9%86%D8%B8%D9%8A%D9%81%D9%87%D8%A7,0,31,0%,6.45
https://www.rukn-eltatawer.com/air-conditioner-cleaning-company-in-ajman/#%D8%AE%D8%B7%D9%88%D8%A7%D8%AA_%D8%B9%D9%85%D9%84_%D8%B4%D8%B1%D9%83%D8%A9_%D8%B1%D9%83%D9%86_%D8%A7%D9%84%D8%AA%D8%B7%D9%88%D8%B1,0,31,0%,6.45
https://www.rukn-eltatawer.com/air-conditioner-cleaning-company-in-ajman/#%D8%B4%D8%B1%D9%83%D8%A9_%D8%AA%D8%B5%D9%84%D9%8A%D8%AD_%D9%85%D9%83%D9%8A%D9%81%D8%A7%D8%AA_%D8%B9%D8%AC%D9%85%D8%A7%D9%86,0,31,0%,6.45
https://www.rukn-eltatawer.com/glass-installation-company-in-dubai/,0,31,0%,10.74
https://www.rukn-eltatawer.com/ajman-roof-insulation-company/#%D9%85%D9%85%D9%8A%D8%B2%D8%A7%D8%AA_%D8%B4%D8%B1%D9%83%D8%A9_%D8%B9%D8%B2%D9%84_%D8%A3%D8%B3%D8%B7%D8%AD_%D9%81%D9%8A_%D8%B9%D8%AC%D9%85%D8%A7%D9%86,0,30,0%,3.2
https://www.rukn-eltatawer.com/air-conditioner-cleaning-company-in-umm-al-quwain/#%D8%A3%D9%81%D8%B6%D9%84_%D8%B4%D8%B1%D9%83%D8%A9_%D8%AA%D9%86%D8%B8%D9%8A%D9%81_%D9%85%D9%83%D9%8A%D9%81%D8%A7%D8%AA_%D9%81%D9%8A_%D8%A7%D9%85_%D8%A7%D9%84%D9%82%D9%8A%D9%88%D9%8A%D9%86,0,30,0%,4.2
https://www.rukn-eltatawer.com/air-conditioner-cleaning-company-in-umm-al-quwain/#%D8%A7%D9%84%D8%AA%D9%88%D8%A7%D8%B5%D9%84_%D9%85%D8%B9_%D8%B4%D8%B1%D9%83%D8%AA%D9%86%D8%A7,0,30,0%,4.2
https://www.rukn-eltatawer.com/air-conditioner-cleaning-company-in-umm-al-quwain/#%D8%B4%D8%B1%D9%83%D8%A9_%D8%AA%D9%86%D8%B8%D9%8A%D9%81_%D9%85%D9%83%D9%8A%D9%81%D8%A7%D8%AA_%D9%81%D9%8A_%D8%A7%D9%85_%D8%A7%D9%84%D9%82%D9%8A%D9%88%D9%8A%D9%86,0,30,0%,4.2
https://www.rukn-eltatawer.com/parquet-installation-in-abu-dhabi/#%D8%A7%D9%84%D8%AA%D8%B9%D8%B1%D9%8A%D9%81_%D8%A8%D8%B4%D8%B1%D9%83%D8%A9_%D8%B1%D9%83%D9%86_%D8%A7%D9%84%D8%AA%D8%B7%D9%88%D8%B1,0,30,0%,5.47
https://www.rukn-eltatawer.com/parquet-installation-in-abu-dhabi/#%D8%AE%D8%B7%D9%88%D8%A7%D8%AA_%D8%AA%D8%B1%D9%83%D9%8A%D8%A8_%D8%A7%D9%84%D8%A8%D8%A7%D8%B1%D9%83%D9%8A%D9%87_%D9%81%D9%8A_%D8%A3%D8%A8%D9%88%D8%B8%D8%A8%D9%8A,0,30,0%,5.47
https://www.rukn-eltatawer.com/parquet-installation-in-abu-dhabi/#%D8%B7%D8%B1%D9%82_%D8%AA%D8%B1%D9%83%D9%8A%D8%A8_%D8%A3%D8%B1%D8%B6%D9%8A%D8%A7%D8%AA_%D8%A7%D9%84%D8%A8%D8%A7%D8%B1%D9%83%D9%8A%D9%87,0,30,0%,5.47
https://www.rukn-eltatawer.com/a-water-leak-detection-company-in-sharjah/#rukn-h-11,0,30,0%,6.07
https://www.rukn-eltatawer.com/ajman-carpet-cleaning-company/#%D8%A7%D9%81%D8%B6%D9%84_%D8%B4%D8%B1%D9%83%D8%A9_%D8%AA%D9%86%D8%B8%D9%8A%D9%81_%D8%B3%D8%AC%D8%A7%D8%AF_%D8%A8%D8%B9%D8%AC%D9%85%D8%A7%D9%86,0,30,0%,6.27
https://www.rukn-eltatawer.com/ajman-carpet-cleaning-company/#%D8%AE%D8%AF%D9%85%D8%A7%D8%AA_%D8%B4%D8%B1%D9%83%D8%A9_%D8%AA%D9%86%D8%B8%D9%8A%D9%81_%D8%A7%D9%84%D8%B3%D8%AC%D8%A7%D8%AF_%D9%81%D9%8A_%D8%B9%D8%AC%D9%85%D8%A7%D9%86,0,30,0%,6.27
https://www.rukn-eltatawer.com/cooker-repair-abu-dhabi/,0,30,0%,7.6
https://www.rukn-eltatawer.com/pest-control-company-in-ajman/#%D8%A3%D9%86%D9%88%D8%A7%D8%B9_%D8%A7%D9%84%D8%AD%D8%B4%D8%B1%D8%A7%D8%AA_%D8%A7%D9%84%D8%AA%D9%8A_%D8%AA%D9%82%D9%88%D9%85_%D8%B4%D8%B1%D9%83%D8%AA%D9%86%D8%A7_%D8%A8%D8%A7%D9%84%D9%82%D8%B6%D8%A7%D8%A1_%D8%B9%D9%84%D9%8A%D9%87%D8%A7_%D9%81%D9%8A_%D8%B9%D8%AC%D9%85%D8%A7%D9%86,0,29,0%,2.86
https://www.rukn-eltatawer.com/ajman-roof-insulation-company/#%D8%AE%D8%AF%D9%85%D8%A7%D8%AA_%D8%B4%D8%B1%D9%83%D8%A9_%D8%B9%D8%B2%D9%84_%D8%A3%D8%B3%D8%B7%D8%AD_%D8%B9%D8%AC%D9%85%D8%A7%D9%86,0,29,0%,3.14
https://www.rukn-eltatawer.com/umm-al-quwain-roof-insulation-company/#%D8%B9%D8%B2%D9%84_%D8%B5%D9%88%D8%AA%D9%8A,0,29,0%,4.93
https://www.rukn-eltatawer.com/sewerage-plumbing-sharjah/#%D8%B4%D9%81%D8%B7_%D8%A7%D9%84%D8%A8%D9%8A%D8%A7%D8%B1%D8%A7%D8%AA_%D9%88%D8%BA%D8%B1%D9%81_%D8%A7%D9%84%D8%AA%D9%81%D8%AA%D9%8A%D8%B4_%D9%81%D9%8A_%D8%A7%D9%84%D8%B4%D8%A7%D8%B1%D9%82%D8%A9,0,29,0%,5.52
https://www.rukn-eltatawer.com/shrkh-tnzyf-mkyfat-fy-dby/#%D8%A7%D9%84%D8%AE%D8%AF%D9%85%D8%A7%D8%AA_%D8%A7%D9%84%D9%83%D8%A7%D9%85%D9%84%D8%A9_%D8%A7%D9%84%D8%AA%D9%8A_%D8%AA%D9%82%D8%AF%D9%85%D9%87%D8%A7_%D8%B4%D8%B1%D9%83%D8%A9_%D8%AA%D9%86%D8%B8%D9%8A%D9%81_%D9%85%D9%83%D9%8A%D9%81%D8%A7%D8%AA_%D9%81%D9%8A_%D8%AF%D8%A8%D9%8A,0,29,0%,7.45
https://www.rukn-eltatawer.com/insulators-company-in-sharjah/#%D9%85%D8%A7_%D8%A3%D9%86%D9%88%D8%A7%D8%B9_%D8%B9%D9%88%D8%A7%D8%B2%D9%84_%D8%A7%D8%B3%D8%B7%D8%AD_%D9%81%D9%8A_%D8%A7%D9%84%D8%B4%D8%A7%D8%B1%D9%82%D8%A9_%D8%A7%D9%84%D8%AA%D9%8A_%D9%86%D9%88%D9%81%D8%B1%D9%87%D8%A7%D8%9F,0,28,0%,2.75
https://www.rukn-eltatawer.com/ajman-roof-insulation-company/#%D8%B9%D8%B2%D9%84_%D8%A7%D8%B3%D8%B7%D8%AD_%D8%A7%D9%84%D9%85%D8%A8%D8%A7%D9%86%D9%8A_%D9%81%D9%8A_%D8%B9%D8%AC%D9%85%D8%A7%D9%86,0,28,0%,3.14
https://www.rukn-eltatawer.com/water-leak-detection-company-in-al-ain/#8_%D8%B9%D9%84%D8%A7%D9%85%D8%A7%D8%AA_%D8%AA%D9%83%D8%B4%D9%81_%D8%A3%D9%86_%D9%85%D9%86%D8%B2%D9%84%D9%83_%D9%81%D9%8A_%D8%A7%D9%84%D8%B9%D9%8A%D9%86_%D9%8A%D8%B9%D8%A7%D9%86%D9%8A_%D9%85%D9%86_%D8%AA%D8%B3%D8%B1%D8%A8_%D9%85%D9%8A%D8%A7%D9%87_%D8%AE%D9%81%D9%8A_%D9%88%D9%8A%D8%AD%D8%AA%D8%A7%D8%AC_%D8%A5%D9%84%D9%89_%D8%B4%D8%B1%D9%83%D8%A9_%D9%83%D8%B4%D9%81_%D8%AA%D8%B3%D8%B1%D8%A8%D8%A7%D8%AA_%D8%A7%D9%84%D9%85%D9%8A%D8%A7%D9%87_%D9%81%D9%8A_%D8%A7%D9%84%D8%B9%D9%8A%D9%86%E2%80%93_%D8%AA%D8%B5%D8%B1%D9%81_%D9%82%D8%A8%D9%84_%D9%81%D9%88%D8%A7%D8%AA_%D8%A7%D9%84%D8%A3%D9%88%D8%A7%D9%86,0,28,0%,3.18
https://www.rukn-eltatawer.com/artificial-grass-abu-dhabi/,0,28,0%,12.18
https://www.rukn-eltatawer.com/insulators-company-in-sharjah/#%D8%B9%D8%B2%D9%84_%D8%A7%D9%84%D8%A7%D8%B3%D8%B7%D8%AD_%D8%A8%D8%A7%D9%84%D8%A7%D9%8A%D8%A8%D9%88%D9%83%D8%B3%D9%8A_%D9%81%D9%8A_%D8%A7%D9%84%D8%B4%D8%A7%D8%B1%D9%82%D8%A9,0,27,0%,2.59
https://www.rukn-eltatawer.com/pest-control-company-in-al-ain/#%D8%A3%D9%81%D8%B6%D9%84_%D8%B4%D8%B1%D9%83%D8%A9_%D9%85%D9%83%D8%A7%D9%81%D8%AD%D8%A9_%D8%AD%D8%B4%D8%B1%D8%A7%D8%AA_%D9%81%D9%8A_%D8%A7%D9%84%D8%B9%D9%8A%D9%86,0,27,0%,4.07
https://www.rukn-eltatawer.com/sharjah-sofa-cleaning-company/#%D8%A7%D9%81%D8%B6%D9%84_%D8%B4%D8%B1%D9%83%D8%A7%D8%AA_%D8%AA%D9%86%D8%B8%D9%8A%D9%81_%D8%A7%D9%84%D9%83%D9%86%D8%A8_%D9%81%D9%8A_%D8%A7%D9%84%D8%B4%D8%A7%D8%B1%D9%82%D8%A9,0,27,0%,4.41
https://www.rukn-eltatawer.com/sharjah-sofa-cleaning-company/#%D8%B4%D8%B1%D9%83%D8%A9_%D8%AA%D9%86%D8%B8%D9%8A%D9%81_%D9%81%D9%8A_%D8%A7%D9%84%D8%B4%D8%A7%D8%B1%D9%82%D8%A9,0,27,0%,4.41
https://www.rukn-eltatawer.com/mobile-car-wash-in-abu-dhabi/#%D8%A7%D9%84%D9%85%D8%B2%D8%A7%D9%8A%D8%A7_%D9%88%D8%A7%D9%84%D9%81%D9%88%D8%A7%D8%A6%D8%AF,0,27,0%,7.89
https://www.rukn-eltatawer.com/mobile-car-wash-in-abu-dhabi/#%D8%AE%D8%AF%D9%85%D8%A7%D8%AA_%D8%BA%D8%B3%D9%8A%D9%84_%D8%A7%D9%84%D8%B3%D9%8A%D8%A7%D8%B1%D8%A7%D8%AA,0,27,0%,7.89
https://www.rukn-eltatawer.com/mobile-car-wash-in-abu-dhabi/#%D9%83%D9%8A%D9%81%D9%8A%D8%A9_%D8%A7%D8%AE%D8%AA%D9%8A%D8%A7%D8%B1_%D8%B4%D8%B1%D9%83%D8%A9_%D8%BA%D8%B3%D9%8A%D9%84_%D8%B3%D9%8A%D8%A7%D8%B1%D8%A7%D8%AA_%D9%85%D8%AA%D9%86%D9%82%D9%84%D8%A9_%D9%81%D9%8A_%D8%A3%D8%A8%D9%88%D8%B8%D8%A8%D9%8A,0,27,0%,7.89
https://www.rukn-eltatawer.com/mobile-car-wash-in-abu-dhabi/#%D9%85%D9%82%D8%AF%D9%85%D8%A9,0,27,0%,7.89
https://www.rukn-eltatawer.com/parquet-installation-company-in-dubai/#%D8%B7%D8%B1%D9%82_%D8%AA%D8%B1%D9%83%D9%8A%D8%A8_%D8%A3%D8%B1%D8%B6%D9%8A%D8%A7%D8%AA_%D8%A7%D9%84%D8%A8%D8%A7%D8%B1%D9%83%D9%8A%D9%87,0,26,0%,2.42
https://www.rukn-eltatawer.com/parquet-installation-company-in-dubai/#%D9%85%D9%85%D9%8A%D8%B2%D8%A7%D8%AA_%D8%B4%D8%B1%D9%83%D8%A9_%D8%AA%D8%B1%D9%83%D9%8A%D8%A8_%D8%A7%D9%84%D8%A8%D8%A7%D8%B1%D9%83%D9%8A%D9%87,0,26,0%,2.42
https://www.rukn-eltatawer.com/sewer-wiring-abu-dhabi/#%D8%B9%D8%A7%D9%85%D9%84_%D8%AA%D8%B3%D9%84%D9%8A%D9%83_%D9%85%D8%AC%D8%A7%D8%B1%D9%8A_%D9%81%D9%8A_%D8%A7%D8%A8%D9%88%D8%B8%D8%A8%D9%8A,0,26,0%,2.73
https://www.rukn-eltatawer.com/water-leak-detection-company-in-al-ain/#%D8%A3%D8%B3%D8%A8%D8%A7%D8%A8_%D8%AA%D8%B3%D8%B1%D8%A8%D8%A7%D8%AA_%D8%A7%D9%84%D9%85%D9%8A%D8%A7%D9%87_%D9%81%D9%8A_%D8%A7%D9%84%D8%B9%D9%8A%D9%86_%E2%80%93_%D8%B4%D8%B1%D9%83%D8%A9_%D9%83%D8%B4%D9%81_%D8%AA%D8%B3%D8%B1%D8%A8%D8%A7%D8%AA_%D8%A7%D9%84%D9%85%D9%8A%D8%A7%D9%87_%D9%81%D9%8A_%D8%A7%D9%84%D8%B9%D9%8A%D9%86_%D8%B1%D9%83%D9%86_%D8%A7%D9%84%D8%AA%D8%B7%D9%88%D8%B1_%D8%A7%D9%84%D8%AA%D8%B4%D8%AE%D9%8A%D8%B5_%D8%A7%D9%84%D8%AC%D8%B0%D8%B1%D9%8A_%D8%A7%D9%84%D8%B0%D9%8A_%D9%84%D8%A7_%D9%8A%D9%8F%D8%AE%D8%A8%D8%B1%D9%83_%D8%A8%D9%87_%D8%A3%D8%AD%D8%AF,0,26,0%,2.73
https://www.rukn-eltatawer.com/ajman-roof-insulation-company/#%D8%B9%D8%B2%D9%84_%D8%A3%D8%B3%D8%B7%D8%AD_%D8%AD%D8%B1%D8%A7%D8%B1%D9%8A_%D9%81%D9%8A_%D8%B9%D8%AC%D9%85%D8%A7%D9%86,0,26,0%,3.31
https://www.rukn-eltatawer.com/al-ain-carpet-cleaning-company/#%D8%A7%D9%81%D8%B6%D9%84_%D8%B4%D8%B1%D9%83%D8%A9_%D8%AA%D9%86%D8%B8%D9%8A%D9%81_%D8%B3%D8%AC%D8%A7%D8%AF_%D8%A8%D8%A7%D9%84%D8%B9%D9%8A%D9%86,0,26,0%,3.31
https://www.rukn-eltatawer.com/al-ain-carpet-cleaning-company/#%D8%B4%D8%B1%D9%83%D8%A9_%D8%AA%D9%86%D8%B8%D9%8A%D9%81_%D9%85%D9%88%D9%83%D9%8A%D8%AA_%D9%81%D9%8A_%D8%A7%D9%84%D8%B9%D9%8A%D9%86,0,26,0%,3.31
https://www.rukn-eltatawer.com/pigeons-repellent-installation-company-in-al-ain/#%D8%A7%D9%81%D8%B6%D9%84_%D8%B4%D8%B1%D9%83%D8%A9_%D8%AA%D8%B1%D9%83%D9%8A%D8%A8_%D8%B7%D8%A7%D8%B1%D8%AF_%D8%AD%D9%85%D8%A7%D9%85_%D9%81%D9%8A_%D8%A7%D9%84%D8%B9%D9%8A%D9%86,0,26,0%,4
https://www.rukn-eltatawer.com/pigeons-repellent-installation-company-in-al-ain/#%D8%B4%D8%B1%D9%83%D8%A9_%D8%B4%D8%B1%D9%83%D8%A9_%D8%AA%D8%B1%D9%83%D9%8A%D8%A8_%D8%B7%D8%A7%D8%B1%D8%AF_%D8%AD%D9%85%D8%A7%D9%85_%D9%81%D9%8A_%D8%A7%D9%84%D8%B9%D9%8A%D9%86,0,26,0%,4
https://www.rukn-eltatawer.com/pigeons-repellent-installation-company-in-al-ain/#%D9%84%D9%85%D8%A7%D8%B0%D8%A7_%D8%B4%D8%B1%D9%83%D8%AA%D9%86%D8%A7_%D8%A3%D9%81%D8%B6%D9%84_%D8%B4%D8%B1%D9%83%D8%A9_%D8%AA%D8%B1%D9%83%D9%8A%D8%A8_%D8%B7%D8%A7%D8%B1%D8%AF_%D8%A7%D9%84%D8%AD%D9%85%D8%A7%D9%85_%D9%81%D9%8A_%D8%A7%D9%84%D8%B9%D9%8A%D9%86,0,26,0%,4
https://www.rukn-eltatawer.com/sharjah-sofa-cleaning-company/#%D8%A7%D9%84%D8%AE%D8%AF%D9%85%D8%A7%D8%AA_%D8%A7%D9%84%D8%AA%D9%8A_%D8%AA%D9%82%D8%AF%D9%85%D9%87%D8%A7_%D8%B4%D8%B1%D9%83%D8%A9_%D9%86%D8%B8%D8%A7%D9%81%D8%A9_%D9%83%D9%86%D8%A8_%D8%A8%D8%A7%D9%84%D8%B4%D8%A7%D8%B1%D9%82%D8%A9,0,26,0%,4.46
https://www.rukn-eltatawer.com/sharjah-sofa-cleaning-company/#%D8%B4%D8%B1%D9%83%D8%A9_%D8%AA%D9%86%D8%B8%D9%8A%D9%81_%D9%83%D9%86%D8%A8_%D9%88%D8%B3%D8%AC%D8%A7%D8%AF_%D8%A8%D8%A7%D9%84%D8%B4%D8%A7%D8%B1%D9%82%D8%A9,0,26,0%,4.46
https://www.rukn-eltatawer.com/shrkh-tnzyf-mkyfat-fy-dby/#7_%D8%A3%D8%AE%D8%B7%D8%A7%D8%A1_%D8%B4%D8%A7%D8%A6%D8%B9%D8%A9_%D9%8A%D9%82%D8%B9_%D9%81%D9%8A%D9%87%D8%A7_%D8%B3%D9%83%D8%A7%D9%86_%D8%AF%D8%A8%D9%8A_%D8%B9%D9%86%D8%AF_%D8%AA%D9%86%D8%B8%D9%8A%D9%81_%D8%A7%D9%84%D9%85%D9%83%D9%8A%D9%81%D8%A7%D8%AA_%E2%80%93_%D9%88%D9%83%D9%8A%D9%81_%D8%AA%D8%AA%D8%AC%D9%86%D8%A8%D9%87%D8%A7,0,26,0%,8.42
https://www.rukn-eltatawer.com/category/sewer-drainage/,0,26,0%,22.35
https://www.rukn-eltatawer.com/city/umm-al-quwain/,0,26,0%,34.23
https://www.rukn-eltatawer.com/parquet-installation-company-in-sharjah/#%D8%B7%D8%B1%D9%82_%D8%AA%D8%B1%D9%83%D9%8A%D8%A8_%D8%A3%D8%B1%D8%B6%D9%8A%D8%A7%D8%AA_%D8%A7%D9%84%D8%A8%D8%A7%D8%B1%D9%83%D9%8A%D9%87,0,25,0%,2.4
https://www.rukn-eltatawer.com/parquet-installation-company-in-sharjah/#%D9%85%D9%85%D9%8A%D8%B2%D8%A7%D8%AA_%D8%B4%D8%B1%D9%83%D8%A9_%D8%AA%D8%B1%D9%83%D9%8A%D8%A8_%D8%A7%D9%84%D8%A8%D8%A7%D8%B1%D9%83%D9%8A%D9%87,0,25,0%,2.4
https://www.rukn-eltatawer.com/ajman-roof-insulation-company/#_%D8%B9%D8%B2%D9%84_%D8%A3%D8%B3%D8%B7%D8%AD_%D9%88%D8%AE%D8%B2%D8%A7%D9%86%D8%A7%D8%AA_%D9%81%D9%8A_%D8%B9%D8%AC%D9%85%D8%A7%D9%86,0,25,0%,3.24
https://www.rukn-eltatawer.com/ajman-apartments-cleaning-company/,0,25,0%,6.2
https://www.rukn-eltatawer.com/qa/home-plumber-in-qatar/,0,25,0%,10.96
https://www.rukn-eltatawer.com/water-leak-detection-company-in-ras-al-khaimah/,0,25,0%,12.2
https://www.rukn-eltatawer.com/oven-repair-fujairah/,0,25,0%,14.08
https://www.rukn-eltatawer.com/steam-car-wash-abu-dhabi/,0,25,0%,16.2
https://www.rukn-eltatawer.com/water-leak-detection-ras-al-khaimah/#%D8%A3%D8%AC%D9%87%D8%B2%D8%A9_%D9%83%D8%B4%D9%81_%D8%AA%D8%B3%D8%B1%D8%A8%D8%A7%D8%AA_%D8%A7%D9%84%D9%85%D9%8A%D8%A7%D9%87_%D8%A7%D9%84%D9%85%D8%B3%D8%AA%D8%AE%D8%AF%D9%85%D8%A9_%D9%81%D9%8A_%D8%B1%D8%A3%D8%B3_%D8%A7%D9%84%D8%AE%D9%8A%D9%85%D8%A9_%E2%80%93_%D9%85%D9%86%D8%B8%D9%88%D9%85%D8%A9_%D9%85%D8%B5%D9%85%D9%91%D9%85%D8%A9_%D9%84%D9%84%D8%A8%D9%8A%D8%A6%D8%A7%D8%AA_%D8%A7%D9%84%D9%85%D8%AA%D8%B9%D8%AF%D8%AF%D8%A9,0,24,0%,2.54
https://www.rukn-eltatawer.com/water-leak-detection-ras-al-khaimah/#%D8%B4%D8%B1%D9%83%D8%A9_%D9%83%D8%B4%D9%81_%D8%AA%D8%B3%D8%B1%D8%A8%D8%A7%D8%AA_%D8%A7%D9%84%D9%85%D9%8A%D8%A7%D9%87_%D9%81%D9%8A_%D8%B1%D8%A3%D8%B3_%D8%A7%D9%84%D8%AE%D9%8A%D9%85%D8%A9_2026_%E2%80%93_%D8%AA%D9%82%D9%86%D9%8A%D8%A7%D8%AA_%D9%85%D8%AA%D8%AE%D8%B5%D8%B5%D8%A9_%D9%84%D9%84%D8%A8%D9%8A%D8%A6%D8%A9_%D8%A7%D9%84%D8%AC%D8%A8%D9%84%D9%8A%D8%A9_%D9%88%D8%A7%D9%84%D8%B3%D8%A7%D8%AD%D9%84%D9%8A%D8%A9,0,24,0%,2.54
https://www.rukn-eltatawer.com/ras-al-khaimah-carpet-cleaning-company/#%D8%A7%D9%81%D8%B6%D9%84_%D9%85%D8%BA%D8%A7%D8%B3%D9%84_%D8%B3%D8%AC%D8%A7%D8%AF_%D9%81%D9%8A_%D8%B1%D8%A7%D8%B3_%D8%A7%D9%84%D8%AE%D9%8A%D9%85%D8%A9,0,24,0%,3.33
https://www.rukn-eltatawer.com/ras-al-khaimah-carpet-cleaning-company/#%D8%A7%D9%84%D8%A3%D8%AF%D9%88%D8%A7%D8%AA_%D8%A7%D9%84%D9%85%D8%B3%D8%AA%D8%AE%D8%AF%D9%85%D8%A9_%D9%81%D9%8A_%D8%AA%D9%86%D8%B8%D9%8A%D9%81_%D8%B3%D8%AC%D8%A7%D8%AF_%D8%B1%D8%A3%D8%B3_%D8%A7%D9%84%D8%AE%D9%8A%D9%85%D8%A9,0,24,0%,3.33
https://www.rukn-eltatawer.com/ras-al-khaimah-carpet-cleaning-company/#%D8%B4%D8%B1%D9%83%D8%A9_%D9%84%D9%86%D8%B8%D8%A7%D9%81%D8%A9_%D9%88_%D8%BA%D8%B3%D9%8A%D9%84_%D8%A7%D9%84%D8%B3%D8%AC%D8%A7%D8%AF_%D8%A8%D8%B1%D8%A7%D8%B3_%D8%A7%D9%84%D8%AE%D9%8A%D9%85%D8%A9,0,24,0%,3.33
https://www.rukn-eltatawer.com/elevator-maintenance-dubai/,0,24,0%,7.04
https://www.rukn-eltatawer.com/cctv-maintenance-dubai/,0,24,0%,9.79
https://www.rukn-eltatawer.com/humidity-treatment-abu-dhabi/,0,24,0%,10.96
https://www.rukn-eltatawer.com/parquet-installation-in-umm-al-quwain/,0,23,0%,3.35
https://www.rukn-eltatawer.com/roof-insulation-company-al-ain/#%D8%A3%D9%81%D8%B6%D9%84_%D8%B4%D8%B1%D9%83%D8%A9_%D8%B9%D8%B2%D9%84_%D8%A7%D8%B3%D8%B7%D8%AD_%D9%81%D9%8A_%D8%A7%D9%84%D8%B9%D9%8A%D9%86,0,23,0%,3.57
https://www.rukn-eltatawer.com/abu-dhabi-pigeons-repellent-installation-company/#%D8%AE%D8%AF%D9%85%D8%A7%D8%AA_%D8%B4%D8%B1%D9%83%D8%A9_%D8%AA%D8%B1%D9%83%D9%8A%D8%A8_%D8%B7%D8%A7%D8%B1%D8%AF_%D8%AD%D9%85%D8%A7%D9%85_%D9%81%D9%8A_%D8%A3%D8%A8%D9%88%D8%B8%D8%A8%D9%8A,0,23,0%,4.7
https://www.rukn-eltatawer.com/ajman-villas-cleaning-company/#%D8%A3%D9%81%D8%B6%D9%84_%D8%B4%D8%B1%D9%83%D8%A9_%D8%AA%D9%86%D8%B8%D9%8A%D9%81_%D9%81%D9%84%D9%84_%D8%A8%D8%B9%D8%AC%D9%85%D8%A7%D9%86,0,23,0%,5.48
https://www.rukn-eltatawer.com/a-water-leak-detection-company-in-sharjah/#rukn-h-9,0,23,0%,5.74
https://www.rukn-eltatawer.com/ras-al-khaimah-cleaning/#%D9%86%D8%A8%D8%B0%D8%A9_%D8%B9%D9%86_%D8%B4%D8%B1%D9%83%D8%A9_%D8%AA%D9%86%D8%B8%D9%8A%D9%81_%D9%81%D9%8A_%D8%B1%D8%A3%D8%B3_%D8%A7%D9%84%D8%AE%D9%8A%D9%85%D8%A9,0,23,0%,10.17
https://www.rukn-eltatawer.com/dyeing-fujairah/,0,23,0%,12.52
https://www.rukn-eltatawer.com/sa/water-leak-detection-al-zulfi/,0,23,0%,15.78
https://www.rukn-eltatawer.com/water-leak-detection-in-umm-al-quwain/,0,23,0%,33.48
https://www.rukn-eltatawer.com/dubai-glass-facade-cleaning-company/#%D8%A3%D9%81%D8%B6%D9%84_%D8%B4%D8%B1%D9%83%D8%A9_%D8%AA%D9%86%D8%B8%D9%8A%D9%81_%D9%88%D8%A7%D8%AC%D9%87%D8%A7%D8%AA_%D8%B2%D8%AC%D8%A7%D8%AC_%D8%AF%D8%A8%D9%8A,0,22,0%,2.45
https://www.rukn-eltatawer.com/dubai-glass-facade-cleaning-company/#%D8%B4%D8%B1%D9%83%D8%A7%D8%AA_%D8%AA%D9%86%D8%B8%D9%8A%D9%81_%D9%88%D8%A7%D8%AC%D9%87%D8%A7%D8%AA_%D8%B2%D8%AC%D8%A7%D8%AC_%D8%AF%D8%A8%D9%8A,0,22,0%,2.45
https://www.rukn-eltatawer.com/roof-insulation-company-al-ain/#%D8%B9%D8%B2%D9%84_%D8%A7%D8%B3%D8%B7%D8%AD_%D8%A7%D9%84%D9%85%D8%A8%D8%A7%D9%86%D9%8A_%D9%81%D9%8A_%D8%A7%D9%84%D8%B9%D9%8A%D9%86,0,22,0%,3.36
https://www.rukn-eltatawer.com/dubai-sofa-cleaning-company/#%D8%B4%D8%B1%D9%83%D8%A9_%D8%AA%D9%86%D8%B8%D9%8A%D9%81_%D8%B3%D8%AA%D8%A7%D8%A6%D8%B1_%D8%A8%D8%A7%D9%84%D8%A8%D8%AE%D8%A7%D8%B1_%D9%81%D9%8A_%D8%AF%D8%A8%D9%8A,0,22,0%,4.73
https://www.rukn-eltatawer.com/dubai-sofa-cleaning-company/#%D8%B4%D8%B1%D9%83%D8%A9_%D8%AA%D9%86%D8%B8%D9%8A%D9%81_%D9%81%D9%8A_%D8%AF%D8%A8%D9%8A,0,22,0%,4.73
https://www.rukn-eltatawer.com/umm-al-quwain-roof-insulation-company/#%D8%A7%D9%81%D8%B6%D9%84_%D8%B4%D8%B1%D9%83%D8%A9_%D8%B9%D8%B2%D9%84_%D8%A3%D8%B3%D8%B7%D8%AD_%D8%A3%D9%85_%D8%A7%D9%84%D9%82%D9%8A%D9%88%D9%8A%D9%86,0,22,0%,5.27
https://www.rukn-eltatawer.com/umm-al-quwain-roof-insulation-company/#%D8%B4%D8%B1%D9%83%D8%A7%D8%AA_%D8%B9%D8%B2%D9%84_%D8%A3%D8%B3%D8%B7%D8%AD_%D9%81%D9%8A_%D8%A3%D9%85_%D8%A7%D9%84%D9%82%D9%8A%D9%88%D9%8A%D9%86,0,22,0%,5.27
https://www.rukn-eltatawer.com/umm-al-quwain-roof-insulation-company/#%D8%B4%D8%B1%D9%83%D8%A9_%D8%B9%D8%B2%D9%84_%D8%A3%D8%B3%D8%B7%D8%AD_%D8%A7%D9%84%D9%85%D8%A8%D8%A7%D9%86%D9%8A_%D9%81%D9%8A_%D8%A7%D9%85_%D8%A7%D9%84%D9%82%D9%8A%D9%88%D9%8A%D9%86,0,22,0%,5.27
https://www.rukn-eltatawer.com/umm-al-quwain-roof-insulation-company/#%D8%B9%D8%B2%D9%84_%D8%AD%D8%B1%D8%A7%D8%B1%D9%8A_%D9%81%D9%8A_%D8%A7%D9%85_%D8%A7%D9%84%D9%82%D9%8A%D9%88%D9%8A%D9%86,0,22,0%,5.27
https://www.rukn-eltatawer.com/building-maintenance-abu-dhabi/#%D8%AE%D8%AF%D9%85%D8%A7%D8%AA_%D8%B4%D8%B1%D9%83%D8%A9_%D8%B5%D9%8A%D8%A7%D9%86%D8%A9_%D9%85%D8%A8%D8%A7%D9%86%D9%8A_%D9%81%D9%8A_%D8%A3%D8%A8%D9%88_%D8%B8%D8%A8%D9%8A,0,22,0%,6.09
https://www.rukn-eltatawer.com/building-maintenance-abu-dhabi/#%D9%85%D9%82%D8%AF%D9%85%D8%A9,0,22,0%,6.09
https://www.rukn-eltatawer.com/umm-al-quwain-carpet-cleaning-company/,0,22,0%,7.59
https://www.rukn-eltatawer.com/a-contracting-company-in-abu-dhabi/#%D8%B4%D8%B1%D9%83%D8%A7%D8%AA_%D8%A5%D9%86%D8%B4%D8%A7%D8%A1%D8%A7%D8%AA_%D9%81%D9%8A_%D8%A3%D8%A8%D9%88%D8%B8%D8%A8%D9%8A,0,22,0%,8.68
https://www.rukn-eltatawer.com/a-contracting-company-in-abu-dhabi/#%D8%B4%D8%B1%D9%83%D8%A7%D8%AA_%D8%B5%D9%8A%D8%A7%D9%86%D8%A9_%D8%A7%D9%84%D9%85%D8%A8%D8%A7%D9%86%D9%8A_%D9%81%D9%8A_%D8%A3%D8%A8%D9%88%D8%B8%D8%A8%D9%8A,0,22,0%,8.68
https://www.rukn-eltatawer.com/ras-al-khaimah-cleaning/#%D8%A3%D8%B3%D8%B1%D8%A7%D8%B1_%D8%AC%D9%84%D9%8A_%D9%88%D8%AA%D9%84%D9%85%D9%8A%D8%B9_%D8%A7%D9%84%D8%B1%D8%AE%D8%A7%D9%85_%D9%81%D9%8A_%D8%B1%D8%A3%D8%B3_%D8%A7%D9%84%D8%AE%D9%8A%D9%85%D8%A9_%E2%9C%A8,0,22,0%,10.32
https://www.rukn-eltatawer.com/general-maintenance-umm-al-quwain/,0,22,0%,10.41
https://www.rukn-eltatawer.com/sharjah-pool-cleaning/,0,22,0%,11
https://www.rukn-eltatawer.com/al-ain-gypsum-board-installation-company/#%D8%A3%D9%86%D9%88%D8%A7%D8%B9_%D8%A7%D9%84%D8%AC%D8%A8%D8%B3_%D8%A8%D9%88%D8%B1%D8%AF_%D9%81%D9%8A_%D8%B4%D8%B1%D9%83%D8%A9_%D8%AA%D8%B1%D9%83%D9%8A%D8%A8_%D8%AC%D8%A8%D8%B3_%D8%A8%D9%88%D8%B1%D8%AF_%D8%A7%D9%84%D8%B9%D9%8A%D9%86,0,21,0%,3.05
https://www.rukn-eltatawer.com/al-ain-gypsum-board-installation-company/#%D8%AE%D8%AF%D9%85%D8%A7%D8%AA_%D8%B4%D8%B1%D9%83%D8%A9_%D8%AA%D8%B1%D9%83%D9%8A%D8%A8_%D8%AC%D8%A8%D8%B3_%D8%A8%D9%88%D8%B1%D8%AF_%D8%A7%D9%84%D8%B9%D9%8A%D9%86,0,21,0%,3.05
https://www.rukn-eltatawer.com/roof-insulation-company-al-ain/#%D8%AE%D8%AF%D9%85%D8%A7%D8%AA_%D8%B4%D8%B1%D9%83%D8%A9_%D8%B9%D8%B2%D9%84_%D8%A3%D8%B3%D8%B7%D8%AD_%D8%A7%D9%84%D8%B9%D9%8A%D9%86,0,21,0%,3.62
https://www.rukn-eltatawer.com/abu-dhabi-pigeons-repellent-installation-company/#%D9%85%D9%85%D9%8A%D8%B2%D8%A7%D8%AA_%D8%B4%D8%B1%D9%83%D8%A9_%D9%85%D9%83%D8%A7%D9%81%D8%AD%D8%A9_%D8%A7%D9%84%D8%AD%D9%85%D8%A7%D9%85_%D9%88%D8%A7%D9%84%D8%B7%D9%8A%D9%88%D8%B1_%D8%A7%D8%A8%D9%88%D8%B8%D8%A8%D9%8A,0,21,0%,4.95
https://www.rukn-eltatawer.com/umm-al-quwain-roof-insulation-company/#%D8%AE%D8%AF%D9%85%D8%A7%D8%AA_%D8%B4%D8%B1%D9%83%D8%A9_%D8%B9%D9%88%D8%A7%D8%B2%D9%84_%D8%A7%D8%B3%D8%B7%D8%AD_%D8%A8%D8%A7%D9%85_%D8%A7%D9%84%D9%82%D9%8A%D9%88%D9%8A%D9%86,0,21,0%,5.29
https://www.rukn-eltatawer.com/swimming-pool-company-in-abu-dhabi/#%D8%A3%D9%81%D8%B6%D9%84_%D8%B4%D8%B1%D9%83%D8%A9_%D8%A5%D9%86%D8%B4%D8%A7%D8%A1_%D9%85%D8%B3%D8%A7%D8%A8%D8%AD_%D9%81%D9%8A_%D8%A3%D8%A8%D9%88%D8%B8%D8%A8%D9%8A-2,0,21,0%,5.48
https://www.rukn-eltatawer.com/swimming-pool-company-in-abu-dhabi/#%D8%AE%D8%AF%D9%85%D8%A7%D8%AA_%D8%B4%D8%B1%D9%83%D8%A9_%D8%B5%D9%8A%D8%A7%D9%86%D8%A9_%D9%85%D8%B3%D8%A7%D8%A8%D8%AD_%D9%81%D9%8A_%D8%A3%D8%A8%D9%88%D8%B8%D8%A8%D9%8A,0,21,0%,5.48
https://www.rukn-eltatawer.com/swimming-pool-company-in-abu-dhabi/#%D8%AE%D8%B7%D9%88%D8%A7%D8%AA_%D8%B5%D9%8A%D8%A7%D9%86%D8%A9_%D8%A7%D9%84%D9%85%D8%B3%D8%A7%D8%A8%D8%AD_%D9%81%D9%8A_%D8%B4%D8%B1%D9%83%D8%A9_%D8%A5%D9%86%D8%B4%D8%A7%D8%A1_%D9%88%D8%B5%D9%8A%D8%A7%D9%86%D8%A9_%D9%85%D8%B3%D8%A7%D8%A8%D8%AD_%D8%A3%D8%A8%D9%88%D8%B8%D8%A8%D9%8A,0,21,0%,5.48
https://www.rukn-eltatawer.com/swimming-pool-company-in-abu-dhabi/#%D9%85%D9%85%D9%8A%D8%B2%D8%A7%D8%AA_%D8%B4%D8%B1%D9%83%D8%A9_%D8%B5%D9%8A%D8%A7%D9%86%D8%A9_%D9%85%D8%B3%D8%A7%D8%A8%D8%AD_%D9%81%D9%8A_%D8%A3%D8%A8%D9%88%D8%B8%D8%A8%D9%8A,0,21,0%,5.48
https://www.rukn-eltatawer.com/swimming-pool-company-in-abu-dhabi/#%D9%85%D9%85%D9%8A%D8%B2%D8%A7%D8%AA_%D8%B4%D8%B1%D9%83%D9%87_%D8%B5%D9%8A%D8%A7%D9%86%D8%A9_%D9%85%D8%B3%D8%A7%D8%A8%D8%AD_%D9%81%D9%8A_%D8%A3%D8%A8%D9%88%D8%B8%D8%A8%D9%8A,0,21,0%,5.48
https://www.rukn-eltatawer.com/ajman-villas-cleaning-company/#%D8%B4%D8%B1%D9%83%D8%A9_%D8%AA%D9%86%D8%B8%D9%8A%D9%81_%D8%AD%D8%AF%D8%A7%D8%A6%D9%82_%D9%81%D9%84%D9%84_%D8%B9%D8%AC%D9%85%D8%A7%D9%86,0,21,0%,5.52
https://www.rukn-eltatawer.com/dyeing-in-dubai/#%D8%A7%D8%B3%D8%AA%D8%B1%D8%A7%D8%AA%D9%8A%D8%AC%D9%8A%D8%A7%D8%AA_%D8%A7%D9%84%D8%AA%D9%85%D9%8A%D8%B2_%D9%84%D8%B4%D8%B1%D9%83%D8%A9_%D8%B1%D9%83%D9%86_%D8%A7%D9%84%D8%AA%D8%B7%D9%88%D8%B1,0,21,0%,5.62
https://www.rukn-eltatawer.com/cooker-repair-dubai/,0,21,0%,5.67
https://www.rukn-eltatawer.com/swimming-pool-cleaning-company-in-fujairah-2/,0,21,0%,5.67
https://www.rukn-eltatawer.com/septic-tank-emptying-abu-dhabi/,0,21,0%,5.81
https://www.rukn-eltatawer.com/cleaning-swimming-pools-in-umm-al-quwain/,0,21,0%,8.24
https://www.rukn-eltatawer.com/sterilization-in-dubai/,0,21,0%,10
https://www.rukn-eltatawer.com/tank-insulation-fujairah/,0,21,0%,12.24
https://www.rukn-eltatawer.com/marble-polishing-abu-dhabi/,0,21,0%,39.38
https://www.rukn-eltatawer.com/dubai-kitchen-cleaning-company/#%D8%A7%D9%81%D8%B6%D9%84_%D8%B4%D8%B1%D9%83%D8%A7%D8%AA_%D8%AA%D9%86%D8%B8%D9%8A%D9%81_%D8%A7%D9%84%D9%85%D8%B7%D8%A7%D8%A8%D8%AE_%D9%88%D8%A5%D8%B2%D8%A7%D9%84%D8%A9_%D8%A7%D9%84%D8%AF%D9%87%D9%88%D9%86_%D8%A8%D8%AF%D8%A8%D9%8A,0,20,0%,2
https://www.rukn-eltatawer.com/dubai-kitchen-cleaning-company/#%D8%B4%D8%B1%D9%83%D8%A9_%D8%AA%D9%86%D8%B8%D9%8A%D9%81_%D9%85%D8%B7%D8%A7%D8%A8%D8%AE_%D9%88%D8%A5%D8%B2%D8%A7%D9%84%D8%A9_%D8%A7%D9%84%D8%AF%D9%87%D9%88%D9%86_%D9%81%D9%8A_%D8%AF%D8%A8%D9%8A,0,20,0%,2
https://www.rukn-eltatawer.com/parquet-installation-company-in-al-ain/#%D8%A3%D9%86%D9%88%D8%A7%D8%B9_%D8%A7%D9%84%D8%A8%D8%A7%D8%B1%D9%83%D9%8A%D9%87_%D8%A7%D9%84%D8%AA%D9%89_%D8%AA%D9%88%D9%81%D8%B1%D9%87%D8%A7_%D8%B4%D8%B1%D9%83%D8%A9_%D8%AA%D8%B1%D9%83%D9%8A%D8%A8_%D8%A8%D8%A7%D8%B1%D9%83%D9%8A%D9%87_%D9%81%D9%8A_%D8%A7%D9%84%D8%B9%D9%8A%D9%86,0,20,0%,2.55
https://www.rukn-eltatawer.com/abu-dhabi-swimming-pool-cleaning-company/#%D8%A3%D8%AF%D9%88%D8%A7%D8%AA_%D8%B4%D8%B1%D9%83%D8%A9_%D8%AA%D9%86%D8%B8%D9%8A%D9%81_%D9%85%D8%B3%D8%A7%D8%A8%D8%AD_%D8%A3%D8%A8%D9%88%D8%B8%D8%A8%D9%8A,0,20,0%,2.65
https://www.rukn-eltatawer.com/abu-dhabi-swimming-pool-cleaning-company/#%D8%A7%D9%84%D8%AE%D8%B7%D9%88%D8%A7%D8%AA_%D8%A7%D9%84%D8%AA%D9%8A_%D9%86%D8%AA%D8%AA%D8%A8%D8%A7%D8%B9%D9%87%D8%A7_%D9%81%D9%8A_%D8%B4%D8%B1%D9%83%D8%A9_%D8%AA%D9%86%D8%B8%D9%8A%D9%81_%D9%85%D8%B3%D8%A7%D8%A8%D8%AD_%D8%A3%D8%A8%D9%88%D8%B8%D8%A8%D9%8A,0,20,0%,2.65
https://www.rukn-eltatawer.com/parquet-installation-company-in-ras-al-khaimah/#%D8%A3%D9%86%D9%88%D8%A7%D8%B9_%D8%A7%D9%84%D8%A8%D8%A7%D8%B1%D9%83%D9%8A%D9%87_%D8%A7%D9%84%D8%AA%D9%89_%D8%AA%D9%88%D9%81%D8%B1%D9%87%D8%A7_%D8%B4%D8%B1%D9%83%D8%A9_%D8%B1%D9%83%D9%86_%D8%A7%D9%84%D8%AA%D8%B7%D9%88%D8%B1,0,20,0%,2.65
https://www.rukn-eltatawer.com/parquet-installation-company-in-ras-al-khaimah/#%D8%B7%D8%B1%D9%82_%D8%AA%D8%B1%D9%83%D9%8A%D8%A8_%D8%A3%D8%B1%D8%B6%D9%8A%D8%A7%D8%AA_%D8%A7%D9%84%D8%A8%D8%A7%D8%B1%D9%83%D9%8A%D9%87,0,20,0%,2.65
https://www.rukn-eltatawer.com/water-pump-installation-abu-dhabi/,0,20,0%,2.9
https://www.rukn-eltatawer.com/air-conditioner-cleaning-company-in-umm-al-quwain/#%D8%AE%D8%B7%D9%88%D8%A7%D8%AA_%D8%AA%D9%86%D8%B8%D9%8A%D9%81_%D8%A7%D9%84%D9%85%D9%83%D9%8A%D9%81%D8%A7%D8%AA_%D9%81%D9%8A_%D8%A7%D9%85_%D8%A7%D9%84%D9%82%D9%8A%D9%88%D9%8A%D9%86,0,20,0%,5
https://www.rukn-eltatawer.com/air-conditioner-cleaning-company-in-umm-al-quwain/#%D9%85%D9%85%D9%8A%D8%B2%D8%A7%D8%AA_%D8%B4%D8%B1%D9%83%D8%A9_%D8%AA%D9%86%D8%B8%D9%8A%D9%81_%D8%A7%D9%84%D9%85%D9%83%D9%8A%D9%81%D8%A7%D8%AA,0,20,0%,5
https://www.rukn-eltatawer.com/elevator-maintenance-abu-dhabi/,0,20,0%,5.45
https://www.rukn-eltatawer.com/ajman-villas-cleaning-company/#%D8%B4%D8%B1%D9%83%D9%87_%D8%AA%D9%86%D8%B8%D9%8A%D9%81_%D9%85%D8%B3%D8%A7%D8%A8%D8%AD_%D9%81%D9%84%D9%84_%D9%81%D9%8A_%D8%B9%D8%AC%D9%85%D8%A7%D9%86,0,20,0%,5.55
https://www.rukn-eltatawer.com/a-water-leak-detection-company-in-sharjah/#rukn-h-0,0,20,0%,5.75
https://www.rukn-eltatawer.com/a-water-leak-detection-company-in-sharjah/#rukn-h-10,0,20,0%,5.75
https://www.rukn-eltatawer.com/a-water-leak-detection-company-in-sharjah/#rukn-h-2,0,20,0%,5.75
https://www.rukn-eltatawer.com/automatic-door-maintenance-ajman/,0,20,0%,6.55
https://www.rukn-eltatawer.com/fujairah-council-cleaning-company/,0,20,0%,13.95
https://www.rukn-eltatawer.com/dubai-kitchen-cleaning-company/#%D8%A7%D9%84%D8%AE%D8%AF%D9%85%D8%A7%D8%AA_%D8%A7%D9%84%D8%AA%D9%8A_%D8%AA%D9%82%D8%AF%D9%85%D9%87%D8%A7_%D8%B4%D8%B1%D9%83%D8%A9_%D8%AA%D9%86%D8%B8%D9%8A%D9%81_%D9%85%D8%B7%D8%A7%D8%A8%D8%AE_%D9%88%D8%A5%D8%B2%D8%A7%D9%84%D8%A9_%D8%AF%D9%87%D9%88%D9%86_%D8%AF%D8%A8%D9%8A,0,19,0%,2
https://www.rukn-eltatawer.com/dubai-kitchen-cleaning-company/#%D8%B4%D8%B1%D9%83%D8%A9_%D8%AA%D9%86%D8%B8%D9%8A%D9%81_%D9%85%D8%B7%D8%A7%D8%A8%D8%AE_%D8%AF%D8%A8%D9%8A,0,19,0%,2
https://www.rukn-eltatawer.com/dubai-kitchen-cleaning-company/#%D9%84%D9%85%D8%A7%D8%B0%D8%A7_%D9%8A%D8%AE%D8%AA%D8%A7%D8%B1_%D8%A7%D9%84%D8%B9%D9%85%D9%84%D8%A7%D8%A1_%D8%B4%D8%B1%D9%83%D8%A9_%D8%BA%D8%B3%D9%8A%D9%84_%D9%85%D8%B7%D8%A7%D8%A8%D8%AE_%D9%88%D8%A5%D8%B2%D8%A7%D9%84%D8%A9_%D8%AF%D9%87%D9%88%D9%86_%D9%81%D9%8A_%D8%AF%D8%A8%D9%8A%D8%9F,0,19,0%,2
https://www.rukn-eltatawer.com/water-leak-detection-umm-al-quwain/#%D8%B9%D9%84%D8%A7%D9%85%D8%A7%D8%AA_%D9%88%D9%85%D8%AE%D8%A7%D8%B7%D8%B1_%D8%AA%D8%B3%D8%B1%D8%A8%D8%A7%D8%AA_%D8%A7%D9%84%D9%85%D9%8A%D8%A7%D9%87_%D9%81%D9%8A_%D8%A3%D9%85_%D8%A7%D9%84%D9%82%D9%8A%D9%88%D9%8A%D9%86_%D8%A7%D9%84%D8%AA%D9%8A_%D9%84%D8%A7_%D9%8A%D8%AC%D8%A8_%D8%AA%D8%AC%D8%A7%D9%87%D9%84%D9%87%D8%A7,0,19,0%,2.37
https://www.rukn-eltatawer.com/water-leak-detection-umm-al-quwain/#%D9%83%D8%B4%D9%81_%D8%AA%D8%B3%D8%B1%D8%A8%D8%A7%D8%AA_%D8%A7%D9%84%D8%AD%D9%85%D8%A7%D9%85_%D9%88%D8%A7%D9%84%D8%A3%D8%B3%D8%B7%D8%AD_%D9%81%D9%8A_%D8%A3%D9%85_%D8%A7%D9%84%D9%82%D9%8A%D9%88%D9%8A%D9%86_%D8%A8%D8%A7%D8%AD%D8%AA%D8%B1%D8%A7%D9%81%D9%8A%D8%A9_%D8%AA%D8%A7%D9%85%D8%A9,0,19,0%,2.37
https://www.rukn-eltatawer.com/water-leak-detection-umm-al-quwain/#%D9%83%D8%B4%D9%81_%D8%AA%D8%B3%D8%B1%D8%A8%D8%A7%D8%AA_%D8%A7%D9%84%D9%85%D9%8A%D8%A7%D9%87_%D8%A8%D8%AF%D9%88%D9%86_%D8%AA%D9%83%D8%B3%D9%8A%D8%B1_%D9%81%D9%8A_%D8%A3%D9%85_%D8%A7%D9%84%D9%82%D9%8A%D9%88%D9%8A%D9%86_%D8%AA%D9%82%D9%86%D9%8A%D8%A7%D8%AA_%D8%B0%D9%83%D9%8A%D8%A9,0,19,0%,2.37
https://www.rukn-eltatawer.com/water-leak-detection-umm-al-quwain/#%D9%84%D9%85%D8%A7%D8%B0%D8%A7_%D8%AA%D8%B9%D8%AA%D8%A8%D8%B1_%E2%80%9C%D8%B1%D9%83%D9%86_%D8%A7%D9%84%D8%AA%D8%B7%D9%88%D8%B1%E2%80%9D_%D8%A7%D9%84%D8%B4%D8%B1%D9%83%D8%A9_%D8%A7%D9%84%D9%85%D8%B9%D8%AA%D9%85%D8%AF%D8%A9_%D8%A7%D9%84%D8%A3%D9%88%D9%84%D9%89_%D9%81%D9%8A_%D8%A3%D9%85_%D8%A7%D9%84%D9%82%D9%8A%D9%88%D9%8A%D9%86%D8%9F,0,19,0%,2.37
https://www.rukn-eltatawer.com/parquet-installation-company-in-al-ain/#%D8%A3%D9%81%D8%B6%D9%84_%D8%B4%D8%B1%D9%83%D8%A9_%D8%AA%D8%B1%D9%83%D9%8A%D8%A8_%D8%A8%D8%A7%D8%B1%D9%83%D9%8A%D9%87_%D9%81%D9%8A_%D8%A7%D9%84%D8%B9%D9%8A%D9%86,0,19,0%,2.58
https://www.rukn-eltatawer.com/parquet-installation-company-in-ajman/#%D8%A3%D9%81%D8%B6%D9%84_%D8%B4%D8%B1%D9%83%D8%A9_%D8%AA%D8%B1%D9%83%D9%8A%D8%A8_%D8%A8%D8%A7%D8%B1%D9%83%D9%8A%D9%87_%D9%81%D9%8A_%D8%B9%D8%AC%D9%85%D8%A7%D9%86,0,19,0%,2.84
https://www.rukn-eltatawer.com/parquet-installation-company-in-ajman/#%D8%B7%D8%B1%D9%82_%D8%AA%D8%B1%D9%83%D9%8A%D8%A8_%D8%A3%D8%B1%D8%B6%D9%8A%D8%A7%D8%AA_%D8%A7%D9%84%D8%A8%D8%A7%D8%B1%D9%83%D9%8A%D9%87,0,19,0%,2.84
https://www.rukn-eltatawer.com/water-leak-detection-company-in-al-ain/#%D9%83%D9%8A%D9%81_%D8%AA%D9%83%D8%B4%D9%81_%D8%B4%D8%B1%D9%83%D8%A9_%D9%83%D8%B4%D9%81_%D8%AA%D8%B3%D8%B1%D8%A8%D8%A7%D8%AA_%D8%A7%D9%84%D9%85%D9%8A%D8%A7%D9%87_%D9%81%D9%8A_%D8%A7%D9%84%D8%B9%D9%8A%D9%86_%D8%B1%D9%83%D9%86_%D8%A7%D9%84%D8%AA%D8%B7%D9%88%D8%B1_%D8%B9%D9%86_%D8%AA%D8%B3%D8%B1%D8%A8%D8%A7%D8%AA_%D8%A7%D9%84%D9%85%D9%8A%D8%A7%D9%87_%D9%81%D9%8A_%D8%A7%D9%84%D8%B9%D9%8A%D9%86_2026%D8%9F_%D8%A7%D9%84%D8%A8%D8%B1%D9%88%D8%AA%D9%88%D9%83%D9%88%D9%84_%D8%A7%D9%84%D9%83%D8%A7%D9%85%D9%84,0,19,0%,4
https://www.rukn-eltatawer.com/general-maintenance-company-al-ain/#%D8%A7%D9%81%D8%B6%D9%84_%D8%B4%D8%B1%D9%83%D8%A9_%D8%B5%D9%8A%D8%A7%D9%86%D8%A9_%D8%B9%D8%A7%D9%85%D8%A9_%D8%A7%D9%84%D8%B9%D9%8A%D9%86_%D8%AA%D9%83%D8%B3%D9%8A%D8%B1_%D9%88%D8%AA%D8%B1%D9%85%D9%8A%D9%85_%D9%81%D9%84%D9%84_%D9%88%D8%AD%D9%85%D8%A7%D9%85%D8%A7%D8%AA,0,19,0%,5.68
https://www.rukn-eltatawer.com/air-conditioner-cleaning-company-in-ras-al-khaimah/#%D8%A3%D9%81%D8%B6%D9%84_%D8%B4%D8%B1%D9%83%D8%A9_%D8%AA%D9%86%D8%B8%D9%8A%D9%81_%D9%85%D9%83%D9%8A%D9%81%D8%A7%D8%AA_%D9%81%D9%8A_%D8%B1%D8%A3%D8%B3_%D8%A7%D9%84%D8%AE%D9%8A%D9%85%D8%A9,0,19,0%,7.95
https://www.rukn-eltatawer.com/air-conditioner-cleaning-company-in-ras-al-khaimah/#%D8%B4%D8%B1%D9%83%D8%A9_%D8%AA%D9%86%D8%B8%D9%8A%D9%81_%D9%85%D9%83%D9%8A%D9%81%D8%A7%D8%AA_%D9%81%D9%8A_%D8%B1%D8%A3%D8%B3_%D8%A7%D9%84%D8%AE%D9%8A%D9%85%D8%A9,0,19,0%,7.95
https://www.rukn-eltatawer.com/air-conditioner-cleaning-company-in-ras-al-khaimah/#%D9%85%D9%85%D9%8A%D8%B2%D8%A7%D8%AA_%D8%B4%D8%B1%D9%83%D8%AA%D9%86%D8%A7,0,19,0%,7.95
https://www.rukn-eltatawer.com/kitchen-hood-installation-dubai/,0,19,0%,8.58
https://www.rukn-eltatawer.com/a-contracting-company-in-abu-dhabi/#%D8%A3%D8%B3%D8%B9%D8%A7%D8%B1_%D8%A7%D9%84%D8%B4%D8%B1%D9%83%D8%A9,0,19,0%,8.68
https://www.rukn-eltatawer.com/abu-dhabi-swimming-pool-cleaning-company/#%D8%AA%D9%86%D8%B8%D9%8A%D9%81_%D8%A7%D9%84%D9%85%D8%B3%D8%A7%D8%A8%D8%AD_%D8%A7%D9%84%D9%85%D8%B7%D8%A7%D8%B7%D9%8A%D8%A9_%D8%A3%D8%A8%D9%88%D8%B8%D8%A8%D9%8A,0,18,0%,2.56
https://www.rukn-eltatawer.com/abu-dhabi-swimming-pool-cleaning-company/#%D8%AE%D8%AF%D9%85%D8%A7%D8%AA_%D8%B4%D8%B1%D9%83%D8%A9_%D8%AA%D9%86%D8%B8%D9%8A%D9%81_%D9%85%D8%B3%D8%A7%D8%A8%D8%AD_%D8%A3%D8%A8%D9%88%D8%B8%D8%A8%D9%8A,0,18,0%,2.56
https://www.rukn-eltatawer.com/abu-dhabi-swimming-pool-cleaning-company/#%D9%81%D9%86%D9%8A_%D8%B4%D8%B1%D9%83%D8%A9_%D8%AA%D9%86%D8%B8%D9%8A%D9%81_%D9%85%D8%B3%D8%A7%D8%A8%D8%AD_%D8%A3%D8%A8%D9%88%D8%B8%D8%A8%D9%8A,0,18,0%,2.56
https://www.rukn-eltatawer.com/abu-dhabi-swimming-pool-cleaning-company/#%D9%85%D9%85%D9%8A%D8%B2%D8%A7%D8%AA_%D8%B4%D8%B1%D9%83%D8%A9_%D8%AA%D9%86%D8%B8%D9%8A%D9%81_%D9%85%D8%B3%D8%A7%D8%A8%D8%AD_%D8%A3%D8%A8%D9%88%D8%B8%D8%A8%D9%8A,0,18,0%,2.56
https://www.rukn-eltatawer.com/pest-control-company-in-al-ain/#%D8%A7%D9%84%D9%82%D8%B6%D8%A7%D8%A1_%D8%B9%D9%84%D9%89_%D8%A7%D9%84%D8%AD%D8%B4%D8%B1%D8%A7%D8%AA_%D8%A7%D9%84%D8%B9%D9%8A%D9%86,0,18,0%,2.94
https://www.rukn-eltatawer.com/abu-dhabi-pigeons-repellent-installation-company/#%D8%A7%D9%81%D8%B6%D9%84_%D8%B4%D8%B1%D9%83%D8%A9_%D8%AA%D8%B1%D9%83%D9%8A%D8%A8_%D8%B7%D8%A7%D8%B1%D8%AF_%D8%AD%D9%85%D8%A7%D9%85_%D9%81%D9%8A_%D8%A3%D8%A8%D9%88%D8%B8%D8%A8%D9%8A,0,18,0%,4.44
https://www.rukn-eltatawer.com/stone-installation-al-ain/,0,18,0%,4.94
https://www.rukn-eltatawer.com/general-maintenance-company-al-ain/#%D9%81%D9%86%D9%8A_%D8%B3%D8%A8%D8%A7%D9%83_%D9%81%D9%8A_%D8%A7%D9%84%D8%B9%D9%8A%D9%86,0,18,0%,5.61
https://www.rukn-eltatawer.com/general-maintenance-company-al-ain/#%D9%85%D8%B1%D8%A7%D8%AD%D9%84_%D8%AA%D8%B1%D9%85%D9%8A%D9%85_%D9%88%D8%AA%D8%AC%D8%AF%D9%8A%D8%AF_%D8%A7%D9%84%D8%AD%D9%85%D8%A7%D9%85%D8%A7%D8%AA_%D9%88%D8%A7%D9%84%D9%81%D9%84%D9%84_%D8%A8%D8%A7%D9%84%D8%B9%D9%8A%D9%86,0,18,0%,5.61
https://www.rukn-eltatawer.com/building-maintenance-abu-dhabi/#%D8%A3%D8%B3%D8%A7%D9%84%D9%8A%D8%A8_%D8%A7%D9%84%D8%B5%D9%8A%D8%A7%D9%86%D8%A9_%D8%A7%D9%84%D9%85%D8%AA%D9%82%D8%AF%D9%85%D8%A9,0,18,0%,6
https://www.rukn-eltatawer.com/ajman-carpet-cleaning-company/#%D8%A7%D9%84%D8%A3%D8%AF%D9%88%D8%A7%D8%AA_%D8%A7%D9%84%D9%85%D8%B3%D8%AA%D8%AE%D8%AF%D9%85%D8%A9_%D9%81%D9%8A_%D9%86%D8%B8%D8%A7%D9%81%D8%A9_%D8%A7%D9%84%D8%B3%D8%AC%D8%A7%D8%AF,0,18,0%,6.72
https://www.rukn-eltatawer.com/abu-dhabi-carpet-cleaning-company/#%D8%A7%D9%84%D8%AE%D8%B7%D9%88%D8%A7%D8%AA_%D8%A7%D9%84%D8%AA%D9%8A_%D8%AA%D9%82%D9%88%D9%85_%D8%A8%D9%87%D8%A7_%D8%B4%D8%B1%D9%83%D8%A9_%D8%AA%D9%86%D8%B8%D9%8A%D9%81_%D8%B3%D8%AC%D8%A7%D8%AF_%D8%A3%D8%A8%D9%88%D8%B8%D8%A8%D9%8A,0,18,0%,8.28
https://www.rukn-eltatawer.com/sa/water-leak-detection-bisha/,0,18,0%,10.83
https://www.rukn-eltatawer.com/gas-leak-detection-umm-al-quwain/,0,18,0%,33.39
https://www.rukn-eltatawer.com/soundproofing-ajman/,0,18,0%,33.89
https://www.rukn-eltatawer.com/installation-of-gypsum-board-fujairah/#%D8%A3%D8%A8%D8%B1%D8%B2_%D8%A7%D8%B3%D8%AA%D8%AE%D8%AF%D8%A7%D9%85%D8%A7%D8%AA_%D8%A3%D9%84%D9%88%D8%A7%D8%AD_%D8%AC%D8%A8%D8%B3_%D8%A8%D9%88%D8%B1%D8%AF_%D9%81%D9%8A_%D8%A7%D9%84%D9%81%D8%AC%D9%8A%D8%B1%D8%A9,0,17,0%,2.35
https://www.rukn-eltatawer.com/installation-of-gypsum-board-fujairah/#%D9%83%D9%8A%D9%81%D9%8A%D8%A9_%D8%AA%D8%B1%D9%83%D9%8A%D8%A8_%D8%A3%D9%84%D9%88%D8%A7%D8%AD_%D8%AC%D8%A8%D8%B3_%D8%A8%D9%88%D8%B1%D8%AF_%D8%A8%D8%A7%D8%AD%D8%AA%D8%B1%D8%A7%D9%81%D9%8A%D8%A9,0,17,0%,2.35
https://www.rukn-eltatawer.com/water-leak-detection-umm-al-quwain/#%D9%83%D8%B4%D9%81_%D8%AA%D8%B3%D8%B1%D8%A8%D8%A7%D8%AA_%D8%A7%D9%84%D8%AE%D8%B2%D8%A7%D9%86%D8%A7%D8%AA_%D8%A8%D9%88%D8%A7%D8%B3%D8%B7%D8%A9_%D9%85%D9%87%D9%86%D8%AF%D8%B3_%D9%85%D8%AA%D8%AE%D8%B5%D8%B5_%D9%81%D9%8A_%D8%A3%D9%85_%D8%A7%D9%84%D9%82%D9%8A%D9%88%D9%8A%D9%86,0,17,0%,2.41
https://www.rukn-eltatawer.com/water-leak-detection-company-in-al-ain/#%D8%AE%D8%AF%D9%85%D8%A7%D8%AA_%D8%B4%D8%B1%D9%83%D8%A9_%D9%83%D8%B4%D9%81_%D8%AA%D8%B3%D8%B1%D8%A8%D8%A7%D8%AA_%D8%A7%D9%84%D9%85%D9%8A%D8%A7%D9%87_%D9%81%D9%8A_%D8%A7%D9%84%D8%B9%D9%8A%D9%86_%D8%B1%D9%83%D9%86_%D8%A7%D9%84%D8%AA%D8%B7%D9%88%D8%B1_2026_%E2%80%93_%D8%AA%D8%BA%D8%B7%D9%8A%D8%A9_%D8%B4%D8%A7%D9%85%D9%84%D8%A9_%D9%84%D9%83%D9%84_%D8%AD%D8%A7%D9%84%D8%A9,0,17,0%,3.41
https://www.rukn-eltatawer.com/water-leak-detection-company-in-al-ain/#6_%D8%A3%D8%AE%D8%B7%D8%A7%D8%A1_%D9%81%D8%A7%D8%AF%D8%AD%D8%A9_%D9%8A%D9%82%D8%B9_%D9%81%D9%8A%D9%87%D8%A7_%D9%85%D9%86_%D9%8A%D8%A8%D8%AD%D8%AB_%D8%B9%D9%86_%D8%B4%D8%B1%D9%83%D8%A9_%D9%83%D8%B4%D9%81_%D8%AA%D8%B3%D8%B1%D8%A8%D8%A7%D8%AA_%D8%A7%D9%84%D9%85%D9%8A%D8%A7%D9%87_%D9%81%D9%8A_%D8%A7%D9%84%D8%B9%D9%8A%D9%86_%E2%80%93_%D8%AA%D8%AC%D9%86%D9%91%D8%A8%D9%87%D8%A7_%D8%A7%D9%84%D8%A2%D9%86,0,17,0%,3.41
https://www.rukn-eltatawer.com/insect-control-in-dubai/#%D9%85%D9%83%D8%A7%D9%81%D8%AD%D8%A9_%D8%A7%D9%84%D9%81%D8%A6%D8%B1%D8%A7%D9%86_%D9%81%D9%8A_%D8%AF%D8%A8%D9%8A,0,17,0%,4.82
https://www.rukn-eltatawer.com/general-maintenance-company-al-ain/#%D8%A7%D9%84%D8%A3%D8%AC%D9%87%D8%B2%D8%A9_%D8%A7%D9%84%D9%85%D8%B3%D8%AA%D8%AE%D8%AF%D9%85%D8%A9_%D9%81%D9%8A_%D9%83%D8%B4%D9%81_%D8%AA%D8%B3%D8%B1%D8%A8%D8%A7%D8%AA_%D8%A7%D9%84%D9%85%D9%8A%D8%A7%D9%87_%D8%A8%D8%A7%D9%84%D8%B9%D9%8A%D9%86,0,17,0%,5.53
https://www.rukn-eltatawer.com/air-conditioner-cleaning-company-in-ras-al-khaimah/#%D8%A7%D9%84%D8%AA%D9%88%D8%A7%D8%B5%D9%84_%D9%85%D8%B9_%D8%B4%D8%B1%D9%83%D8%A9_%D8%B1%D9%83%D9%86_%D8%A7%D9%84%D8%AA%D8%B7%D9%88%D8%B1,0,17,0%,8
https://www.rukn-eltatawer.com/air-conditioner-cleaning-company-in-al-ain/#%D9%81%D9%86%D9%8A_%D8%AA%D9%83%D9%8A%D9%8A%D9%81,0,17,0%,8.06
https://www.rukn-eltatawer.com/abu-dhabi-carpet-cleaning-company/#%D8%A7%D9%84%D8%A3%D8%AF%D9%88%D8%A7%D8%AA_%D8%A7%D9%84%D8%AA%D9%8A_%D8%AA%D8%B3%D8%AA%D8%AE%D8%AF%D9%85%D9%87%D8%A7_%D8%B4%D8%B1%D9%83%D8%A9_%D8%AA%D9%86%D8%B8%D9%8A%D9%81_%D8%B3%D8%AC%D8%A7%D8%AF_%D8%A3%D8%A8%D9%88%D8%B8%D8%A8%D9%8A,0,17,0%,8.18
https://www.rukn-eltatawer.com/a-contracting-company-in-abu-dhabi/#%D8%A3%D9%87%D9%85_%D8%A3%D8%B9%D9%85%D8%A7%D9%84_%D8%A3%D9%81%D8%B6%D9%84_%D8%B4%D8%B1%D9%83%D8%A9_%D9%85%D9%82%D8%A7%D9%88%D9%84%D8%A7%D8%AA_%D9%81%D9%8A_%D8%A3%D8%A8%D9%88%D8%B8%D8%A8%D9%8A,0,17,0%,8.47
https://www.rukn-eltatawer.com/a-contracting-company-in-abu-dhabi/#%D9%85%D9%85%D9%8A%D8%B2%D8%A7%D8%AA_%D8%B4%D8%B1%D9%83%D8%A9_%D9%85%D9%82%D8%A7%D9%88%D9%84%D8%A7%D8%AA_%D9%81%D9%8A_%D8%A7%D8%A8%D9%88%D8%B8%D8%A8%D9%8A,0,17,0%,8.47
https://www.rukn-eltatawer.com/al-ain-apartment-cleaning-company/,0,17,0%,71.94
https://www.rukn-eltatawer.com/umm-al-quwain-sofa-cleaning-company/#%D8%A7%D9%81%D8%B6%D9%84_%D8%B4%D8%B1%D9%83%D8%A9_%D8%AA%D9%86%D8%B8%D9%8A%D9%81_%D9%83%D9%86%D8%A8_%D9%81%D9%8A_%D8%A7%D9%85_%D8%A7%D9%84%D9%82%D9%8A%D9%88%D9%8A%D9%86,0,16,0%,2.88
https://www.rukn-eltatawer.com/umm-al-quwain-sofa-cleaning-company/#%D8%AE%D8%AF%D9%85%D8%A7%D8%AA_%D8%B4%D8%B1%D9%83%D8%A9_%D8%BA%D8%B3%D9%8A%D9%84_%D8%A7%D9%84%D9%83%D9%86%D8%A8_%D8%A3%D9%85_%D8%A7%D9%84%D9%82%D9%8A%D9%88%D9%8A%D9%86,0,16,0%,2.88
https://www.rukn-eltatawer.com/umm-al-quwain-sofa-cleaning-company/#%D8%B4%D8%B1%D9%83%D8%A9_%D8%AA%D9%86%D8%B8%D9%8A%D9%81_%D9%81%D9%8A_%D8%A7%D9%85_%D8%A7%D9%84%D9%82%D9%8A%D9%88%D9%8A%D9%86,0,16,0%,2.88
https://www.rukn-eltatawer.com/umm-al-quwain-sofa-cleaning-company/#%D9%86%D8%B8%D8%A7%D9%81%D8%A9_%D8%A7%D9%84%D9%83%D9%86%D8%A8_%D8%A7%D9%84%D9%85%D8%B5%D9%86%D9%88%D8%B9_%D9%85%D9%86_%D8%A7%D9%84%D9%83%D8%AA%D8%A7%D9%86,0,16,0%,2.88
https://www.rukn-eltatawer.com/abu-dhabi-soundproofing-installation-company/#%D8%A3%D8%A8%D9%88%D8%A7%D8%A8_%D8%B9%D8%A7%D8%B2%D9%84%D8%A9_%D9%84%D9%84%D8%B5%D9%88%D8%AA_%D9%81%D9%8A_%D8%A7%D9%84%D8%A5%D9%85%D8%A7%D8%B1%D8%A7%D8%AA,0,16,0%,5.44
https://www.rukn-eltatawer.com/abu-dhabi-soundproofing-installation-company/#%D8%A3%D9%81%D8%B6%D9%84_%D8%B4%D8%B1%D9%83%D8%A9_%D8%AA%D8%B1%D9%83%D9%8A%D8%A8_%D8%B9%D8%A7%D8%B2%D9%84_%D8%A7%D9%84%D8%B5%D9%88%D8%AA_%D8%A3%D8%A8%D9%88%D8%B8%D8%A8%D9%8A,0,16,0%,5.44
https://www.rukn-eltatawer.com/abu-dhabi-soundproofing-installation-company/#%D8%A3%D9%81%D8%B6%D9%84_%D8%B7%D8%B1%D9%82_%D8%AA%D8%B1%D9%83%D9%8A%D8%A8_%D8%B9%D8%A7%D8%B2%D9%84_%D8%B5%D9%88%D8%AA_%D9%84%D9%84%D8%BA%D8%B1%D9%81_%D8%A8%D8%A7%D8%A8%D9%88_%D8%B8%D8%A8%D9%8A,0,16,0%,5.44
https://www.rukn-eltatawer.com/abu-dhabi-soundproofing-installation-company/#%D8%B4%D8%B1%D9%83%D8%A7%D8%AA_%D8%B9%D8%B2%D9%84_%D8%A7%D9%84%D8%B5%D9%88%D8%AA_%D9%81%D9%8A_%D8%A7%D9%84%D8%A5%D9%85%D8%A7%D8%B1%D8%A7%D8%AA,0,16,0%,5.44
https://www.rukn-eltatawer.com/abu-dhabi-soundproofing-installation-company/#_%D8%B4%D8%B1%D9%83%D8%A9_%D8%B9%D8%B2%D9%84_%D8%B5%D9%88%D8%AA_%D9%84%D9%84%D8%AC%D8%AF%D8%B1%D8%A7%D9%86_%D9%81%D9%8A_%D8%A7%D8%A8%D9%88_%D8%B8%D8%A8%D9%8A,0,16,0%,5.44
https://www.rukn-eltatawer.com/a-contracting-company-in-abu-dhabi/#%D8%AE%D8%B7%D8%A9_%D8%A7%D9%84%D8%AA%D9%88%D8%B3%D8%B9_%D9%88%D8%A7%D9%84%D9%86%D9%85%D9%88,0,16,0%,8.44
https://www.rukn-eltatawer.com/a-contracting-company-in-abu-dhabi/#%D9%85%D9%82%D8%A7%D9%88%D9%84%D8%A7%D8%AA_%D8%B9%D8%A7%D9%85%D8%A9_%D9%81%D9%8A_%D8%A3%D8%A8%D9%88%D8%B8%D8%A8%D9%8A,0,16,0%,8.44
https://www.rukn-eltatawer.com/home-electrician-abu-dhabi/,0,16,0%,12.94
https://www.rukn-eltatawer.com/palace-cleaning-umm-al-quwain/,0,16,0%,16.94
https://www.rukn-eltatawer.com/sa/,0,16,0%,63.56
https://www.rukn-eltatawer.com/abu-dhabi-swimming-pool-cleaning-company/#%D8%A3%D9%81%D8%B6%D9%84_%D8%B4%D8%B1%D9%83%D8%A9_%D8%AA%D9%86%D8%B8%D9%8A%D9%81_%D9%85%D8%B3%D8%A7%D8%A8%D8%AD_%D8%A3%D8%A8%D9%88%D8%B8%D8%A8%D9%8A,0,15,0%,2
https://www.rukn-eltatawer.com/insulators-company-in-sharjah/#%D8%B9%D8%B2%D9%84_%D8%A7%D8%B3%D8%B7%D8%AD_%D8%A7%D9%84%D9%85%D9%86%D8%A7%D8%B2%D9%84_%D8%A8%D8%A7%D9%84%D8%B4%D8%A7%D8%B1%D9%82%D8%A9,0,15,0%,3.33
https://www.rukn-eltatawer.com/dyeing-umm-al-quwain/#%D8%A3%D9%86%D9%88%D8%A7%D8%B9_%D8%A7%D9%84%D8%A3%D8%B5%D8%A8%D8%A7%D8%BA_%D9%81%D9%8A_%D8%B4%D8%B1%D9%83%D8%A9_%D8%B5%D8%A8%D8%BA_%D9%81%D9%8A_%D8%A3%D9%85_%D8%A7%D9%84%D9%82%D9%8A%D9%88%D9%8A%D9%86,0,15,0%,3.47
https://www.rukn-eltatawer.com/dyeing-umm-al-quwain/#%D8%B4%D8%B1%D9%83%D8%A9_%D8%B5%D8%A8%D8%BA_%D9%88%D8%AF%D9%87%D8%A7%D9%86%D8%A7%D8%AA_%D9%81%D9%8A_%D8%A3%D9%85_%D8%A7%D9%84%D9%82%D9%8A%D9%88%D9%8A%D9%86,0,15,0%,3.47
https://www.rukn-eltatawer.com/al-ain-carpet-cleaning-company/#%D8%B4%D8%B1%D9%83%D8%A9_%D8%AA%D8%B9%D9%82%D9%8A%D9%85_%D9%81%D9%8A_%D8%A7%D9%84%D8%B9%D9%8A%D9%86,0,15,0%,4.33
https://www.rukn-eltatawer.com/al-ain-carpet-cleaning-company/#%D8%B4%D8%B1%D9%83%D8%A9_%D8%AA%D9%86%D8%B8%D9%8A%D9%81_%D9%83%D9%86%D8%A8_%D9%81%D9%8A_%D8%A7%D9%84%D8%B9%D9%8A%D9%86,0,15,0%,4.33
https://www.rukn-eltatawer.com/al-ain-carpet-cleaning-company/#%D8%BA%D8%B3%D9%8A%D9%84_%D8%A7%D9%84%D8%B3%D8%AC%D8%A7%D8%AF_%D8%A8%D8%A7%D9%84%D8%A8%D8%AE%D8%A7%D8%B1_%D8%A7%D9%84%D8%B9%D9%8A%D9%86,0,15,0%,4.33
https://www.rukn-eltatawer.com/modern-irrigation-dubai/,0,15,0%,6.07
https://www.rukn-eltatawer.com/air-conditioner-cleaning-in-sharjah/#%D9%86%D8%B5%D8%A7%D8%A6%D8%AD_%D8%B4%D8%B1%D9%83%D8%A9_%D8%B5%D9%8A%D8%A7%D9%86%D8%A9_%D9%85%D9%83%D9%8A%D9%81%D8%A7%D8%AA_%D9%81%D9%89_%D8%A7%D9%84%D8%B4%D8%A7%D8%B1%D9%82%D8%A9,0,15,0%,7.27
https://www.rukn-eltatawer.com/building-maintenance-abu-dhabi/#%D9%83%D9%8A%D9%81%D9%8A%D8%A9_%D8%A7%D8%AE%D8%AA%D9%8A%D8%A7%D8%B1_%D8%A3%D9%81%D8%B6%D9%84_%D8%B4%D8%B1%D9%83%D8%A9_%D8%B5%D9%8A%D8%A7%D9%86%D8%A9,0,15,0%,8.07
https://www.rukn-eltatawer.com/dyeing-in-ajman/#%D8%A7%D8%B1%D8%AE%D8%B5_%D8%B4%D8%B1%D9%83%D8%A9_%D8%B5%D8%A8%D8%BA_%D9%81%D9%8A_%D8%B9%D8%AC%D9%85%D8%A7%D9%86,0,15,0%,9.07
https://www.rukn-eltatawer.com/dyeing-in-ajman/#%D8%A7%D9%81%D8%B6%D9%84_%D8%B4%D8%B1%D9%83%D8%A9_%D8%B5%D8%A8%D8%BA_%D9%81%D9%8A_%D8%B9%D8%AC%D9%85%D8%A7%D9%86,0,15,0%,9.07
https://www.rukn-eltatawer.com/dyeing-in-ajman/#%D8%B4%D8%B1%D9%83%D8%A9_%D8%AF%D9%87%D8%A7%D9%86_%D9%88%D8%B5%D8%A8%D8%A7%D8%BA%D8%A9_%D9%81%D9%8A_%D8%B9%D8%AC%D9%85%D8%A7%D9%86,0,15,0%,9.07
https://www.rukn-eltatawer.com/shrkh-trkyb-mtabkh-fy-dby/,0,15,0%,9.6
https://www.rukn-eltatawer.com/electrical-maintenance-al-ain/,0,15,0%,12.07
https://www.rukn-eltatawer.com/dubai-majlis-cleaning-company/,0,15,0%,28.67
https://www.rukn-eltatawer.com/ras-al-khaimah-boards-cleaning-company/,0,15,0%,55
https://www.rukn-eltatawer.com/sewer-wiring-abu-dhabi/#%D8%AA%D8%B3%D9%84%D9%8A%D9%83_%D9%85%D8%AC%D8%A7%D8%B1%D9%8A_%D8%A7%D9%84%D8%AD%D9%85%D8%A7%D9%85%D8%A7%D8%AA_%D9%81%D9%8A_%D8%A3%D8%A8%D9%88%D8%B8%D8%A8%D9%8A,0,14,0%,2.43
https://www.rukn-eltatawer.com/roof-insulation-company-al-ain/#%D8%B9%D8%B2%D9%84_%D8%A3%D8%B3%D8%B7%D8%AD_%D8%A8%D8%A7%D9%84%D8%A8%D9%8A%D8%AA%D9%88%D9%85%D9%8A%D9%86_%D8%A8%D8%A7%D9%84%D8%B9%D9%8A%D9%86,0,14,0%,3.64
https://www.rukn-eltatawer.com/sewer-wiring-abu-dhabi/#%D8%B9%D9%84%D8%A7%D8%AC_%D8%A7%D9%86%D8%B3%D8%AF%D8%A7%D8%AF_%D9%85%D8%AC%D8%A7%D8%B1%D9%8A_%D8%A7%D9%84%D9%85%D8%B7%D8%A8%D8%AE_%D9%81%D9%8A_%D8%A3%D8%A8%D9%88%D8%B8%D8%A8%D9%8A,0,14,0%,3.86
https://www.rukn-eltatawer.com/abu-dhabi-air-conditioner-cleaning-company/#%D8%A3%D9%87%D9%85%D9%8A%D8%A9_%D8%AA%D9%86%D8%B8%D9%8A%D9%81_%D8%A7%D9%84%D9%85%D9%83%D9%8A%D9%81%D8%A7%D8%AA_%D8%A8%D8%A7%D9%86%D8%AA%D8%B8%D8%A7%D9%85_%D9%81%D9%8A_%D8%A3%D8%A8%D9%88%D8%B8%D8%A8%D9%8A,0,14,0%,5.43
https://www.rukn-eltatawer.com/swimming-pool-company-in-abu-dhabi/#%D8%AA%D9%82%D8%AF%D9%8A%D9%85_%D8%A7%D9%84%D8%B4%D8%B1%D9%83%D8%A9,0,14,0%,5.57
https://www.rukn-eltatawer.com/termite-control-sharjah/#%D8%B7%D8%B1%D9%82_%D9%85%D9%83%D8%A7%D9%81%D8%AD%D8%A9_%D8%A7%D9%84%D8%B1%D9%85%D8%A9_%D9%81%D9%8A_%D8%A7%D9%84%D8%B4%D8%A7%D8%B1%D9%82%D8%A9,0,14,0%,7.57
https://www.rukn-eltatawer.com/qa/shrkh-trkyb-antrlwk-fy-qtr/,0,14,0%,7.86
https://www.rukn-eltatawer.com/shrkh-anzmh-alslamh-wmkafhh-alhryq-fy-dby/,0,14,0%,8.64
https://www.rukn-eltatawer.com/ras-al-khaimah-cleaning/#%D8%AE%D8%AF%D9%85%D8%A7%D8%AA%D9%86%D8%A7_%D8%A7%D9%84%D8%AA%D9%81%D8%B5%D9%8A%D9%84%D9%8A%D8%A9_%D8%AD%D9%84%D9%88%D9%84_%D9%84%D9%83%D9%84_%D8%B2%D8%A7%D9%88%D9%8A%D8%A9_%D9%81%D9%8A_%D9%85%D9%86%D8%B2%D9%84%D9%83_%F0%9F%9B%8B%EF%B8%8F%F0%9F%9A%BF,0,14,0%,10.21
https://www.rukn-eltatawer.com/ras-al-khaimah-cleaning/#%D8%A7%D9%84%D8%AA%D8%BA%D8%B7%D9%8A%D8%A9_%D8%A7%D9%84%D8%AC%D8%BA%D8%B1%D8%A7%D9%81%D9%8A%D8%A9_%D9%86%D8%B5%D9%84%D9%83_%D9%81%D9%8A_%D9%83%D9%84_%D8%B4%D8%A8%D8%B1_%D9%81%D9%8A_%D8%B1%D8%A3%D8%B3_%D8%A7%D9%84%D8%AE%D9%8A%D9%85%D8%A9_%F0%9F%93%8D,0,14,0%,10.64
https://www.rukn-eltatawer.com/furniture-moving-packaging-al-ain/,0,14,0%,12.36
https://www.rukn-eltatawer.com/soundproofing-abu-dhabi/,0,14,0%,34.57
https://www.rukn-eltatawer.com/roof-insulation-in-abu-dhabi/#%D8%B9%D8%B2%D9%84_%D8%A7%D9%84%D8%A3%D8%B3%D8%B7%D8%AD_%D8%A8%D8%A7%D9%84%D8%A8%D9%8A%D8%AA%D9%88%D9%85%D9%8A%D9%86_%D9%81%D9%8A_%D8%A3%D8%A8%D9%88%D8%B8%D8%A8%D9%8A,0,13,0%,2.46
https://www.rukn-eltatawer.com/fujairah-roof-insulation-company/#%D8%AE%D8%AF%D9%85%D8%A7%D8%AA_%D8%B4%D8%B1%D9%83%D8%A9_%D8%B9%D8%B2%D9%84_%D8%A7%D9%84%D8%A7%D8%B3%D8%B7%D8%AD_%D8%A8%D8%A7%D9%84%D9%81%D8%AC%D9%8A%D8%B1%D8%A9,0,13,0%,2.85
https://www.rukn-eltatawer.com/fujairah-roof-insulation-company/#%D9%85%D9%85%D9%8A%D8%B2%D8%A7%D8%AA_%D8%B4%D8%B1%D9%83%D8%A9_%D8%B9%D8%B2%D9%84_%D8%A3%D8%B3%D8%B7%D8%AD_%D8%A7%D9%84%D9%81%D8%AC%D9%8A%D8%B1%D8%A9,0,13,0%,2.85
https://www.rukn-eltatawer.com/water-leak-detection-ras-al-khaimah/#%D8%A3%D8%B3%D8%B9%D8%A7%D8%B1_%D8%B4%D8%B1%D9%83%D8%A9_%D9%83%D8%B4%D9%81_%D8%AA%D8%B3%D8%B1%D8%A8%D8%A7%D8%AA_%D8%A7%D9%84%D9%85%D9%8A%D8%A7%D9%87_%D9%81%D9%8A_%D8%B1%D8%A7%D8%B3_%D8%A7%D9%84%D8%AE%D9%8A%D9%85%D8%A9,0,13,0%,3
https://www.rukn-eltatawer.com/water-leak-detection-ras-al-khaimah/#%D8%A3%D9%81%D8%B6%D9%84_%D8%B4%D8%B1%D9%83%D8%A9_%D9%83%D8%B4%D9%81_%D8%AA%D8%B3%D8%B1%D8%A8%D8%A7%D8%AA_%D8%A7%D9%84%D9%85%D9%8A%D8%A7%D9%87_%D9%81%D9%8A_%D8%B1%D8%A7%D8%B3_%D8%A7%D9%84%D8%AE%D9%8A%D9%85%D8%A9,0,13,0%,3
https://www.rukn-eltatawer.com/parquet-installation-company-in-al-ain/#%D9%85%D9%85%D9%8A%D8%B2%D8%A7%D8%AA_%D8%B4%D8%B1%D9%83%D8%A9_%D8%AA%D8%B1%D9%83%D9%8A%D8%A8_%D8%A7%D9%84%D8%A8%D8%A7%D8%B1%D9%83%D9%8A%D9%87,0,13,0%,3.38
https://www.rukn-eltatawer.com/roof-insulation-in-abu-dhabi/#%D8%B7%D8%B1%D9%8A%D9%82%D8%A9_%D8%A7%D9%84%D8%B9%D8%B2%D9%84_%D8%A7%D9%84%D9%85%D8%A7%D8%A6%D9%8A_%D9%84%D9%84%D8%A7%D8%B3%D8%B7%D8%AD_%D9%81%D9%8A_%D8%A3%D8%A8%D9%88%D8%B8%D8%A8%D9%8A,0,13,0%,3.54
https://www.rukn-eltatawer.com/home-sterilization-company-in-ras-al-khaimah/,0,13,0%,3.92
https://www.rukn-eltatawer.com/sharjah-marble-polishing-and-polishing-company/#%D8%A7%D9%81%D8%B6%D9%84_%D8%B4%D8%B1%D9%83%D8%A7%D8%AA_%D8%AC%D9%84%D9%8A_%D9%88%D8%AA%D9%84%D9%85%D9%8A%D8%B9_%D8%B1%D8%AE%D8%A7%D9%85_%D8%A8%D8%A7%D9%84%D8%B4%D8%A7%D8%B1%D9%82%D8%A9,0,13,0%,4.62
https://www.rukn-eltatawer.com/sharjah-marble-polishing-and-polishing-company/#%D8%AC%D9%84%D9%89_%D8%B1%D8%AE%D8%A7%D9%85_%D9%85%D8%AF%D8%A7%D8%AE%D9%84_%D8%A7%D9%84%D8%B9%D9%85%D8%A7%D8%B1%D8%A7%D8%AA_%D9%88%D8%A7%D9%84%D9%85%D8%A8%D8%A7%D9%86%D9%8A_%D8%A8%D8%A7%D8%A8%D9%88_%D8%B8%D8%A8%D9%8A,0,13,0%,4.62
https://www.rukn-eltatawer.com/sharjah-marble-polishing-and-polishing-company/#%D8%AE%D8%AF%D9%85%D8%A7%D8%AA_%D8%B4%D8%B1%D9%83%D8%A9_%D8%AC%D9%84%D9%8A_%D9%88%D8%AA%D9%84%D9%85%D9%8A%D8%B9_%D8%A7%D9%84%D8%B1%D8%AE%D8%A7%D9%85_%D8%A7%D9%84%D8%B4%D8%A7%D8%B1%D9%82%D8%A9,0,13,0%,4.62
https://www.rukn-eltatawer.com/sharjah-marble-polishing-and-polishing-company/#%D9%85%D8%B4%D8%A7%D9%83%D9%84_%D8%AA%D8%AF%D9%81%D8%B9_%D8%A7%D9%84%D9%89_%D8%B6%D8%B1%D9%88%D8%B1%D8%A9_%D8%AA%D9%86%D8%B8%D9%8A%D9%81_%D9%88%D8%AC%D9%84%D9%8A_%D8%B1%D8%AE%D8%A7%D9%85,0,13,0%,4.62
https://www.rukn-eltatawer.com/dubai-pool-cleaning/#%D8%AE%D8%AF%D9%85%D8%A7%D8%AA_%D8%B4%D8%B1%D9%83%D8%A9_%D8%AA%D9%86%D8%B8%D9%8A%D9%81_%D9%85%D8%B3%D8%A7%D8%A8%D8%AD_%D9%81%D9%8A_%D8%AF%D8%A8%D9%8A,0,13,0%,4.92
https://www.rukn-eltatawer.com/dubai-pool-cleaning/#%D8%B4%D8%B1%D9%83%D8%A9_%D8%AA%D9%86%D8%B8%D9%8A%D9%81_%D9%85%D8%B3%D8%A7%D8%A8%D8%AD_%D9%81%D9%8A_%D8%AF%D8%A8%D9%8A,0,13,0%,4.92
https://www.rukn-eltatawer.com/a-water-leak-detection-company-in-sharjah/#rukn-h-19,0,13,0%,6.46
https://www.rukn-eltatawer.com/water-filter-installation-abu-dhabi/,0,13,0%,7.08
https://www.rukn-eltatawer.com/air-conditioner-cleaning-in-sharjah/#%D9%81%D8%AD%D8%B5_%D9%88%D8%B5%D9%8A%D8%A7%D9%86%D8%A9_%D8%A7%D9%84%D9%85%D9%83%D9%8A%D9%81%D8%A7%D8%AA,0,13,0%,7.38
https://www.rukn-eltatawer.com/damage-caused-by-water-leaks/,0,13,0%,7.38
https://www.rukn-eltatawer.com/sewerage-plumbing-dubai/#%F0%9F%9A%9B_%D8%B4%D9%81%D8%B7_%D9%85%D8%AC%D8%A7%D8%B1%D9%8A_%D9%88%D9%86%D8%B8%D8%A7%D9%81%D8%A9_%D8%A7%D9%84%D8%A8%D9%8A%D8%A7%D8%B1%D8%A7%D8%AA_%D9%81%D9%8A_%D8%AF%D8%A8%D9%8A,0,13,0%,7.38
https://www.rukn-eltatawer.com/sterilization-in-sharjah/,0,13,0%,17.46
https://www.rukn-eltatawer.com/split-ac-maintenance-abu-dhabi/,0,13,0%,31.31
https://www.rukn-eltatawer.com/pigeon-net-installation-sharjah/,0,13,0%,34.77
https://www.rukn-eltatawer.com/pest-control-company-in-ajman/#%D8%B7%D8%B1%D9%82_%D8%B4%D8%B1%D9%83%D8%A9_%D8%B1%D9%83%D9%86_%D8%A7%D9%84%D8%AA%D8%B7%D9%88%D8%B1_%D9%81%D9%8A_%D8%A7%D9%84%D8%AA%D8%AE%D9%84%D8%B5_%D9%85%D9%86_%D8%A7%D9%84%D8%AD%D8%B4%D8%B1%D8%A7%D8%AA_%D9%86%D9%87%D8%A7%D8%A6%D9%8A%D8%A7%D9%8B,0,12,0%,2
https://www.rukn-eltatawer.com/category/cleaning/,0,12,0%,2.25
https://www.rukn-eltatawer.com/dubai-glass-facade-cleaning-company/#%D8%AA%D9%86%D8%B8%D9%8A%D9%81_%D9%88%D8%A7%D8%AC%D9%87%D8%A7%D8%AA_%D8%B9%D9%85%D8%A7%D8%A6%D8%B1_%D8%A8%D8%AF%D8%A8%D9%8A,0,12,0%,2.92
https://www.rukn-eltatawer.com/parquet-installation-company-in-al-ain/#%D8%B7%D8%B1%D9%82_%D8%AA%D8%B1%D9%83%D9%8A%D8%A8_%D8%A3%D8%B1%D8%B6%D9%8A%D8%A7%D8%AA_%D8%A7%D9%84%D8%A8%D8%A7%D8%B1%D9%83%D9%8A%D9%87,0,12,0%,3.5
https://www.rukn-eltatawer.com/solar-systems-installation-ras-al-khaimah/,0,12,0%,3.58
https://www.rukn-eltatawer.com/solar-systems-installation-sharjah/,0,12,0%,4.17
https://www.rukn-eltatawer.com/pest-control-khor-fakkan/#%D8%AE%D8%B7%D9%88%D8%B1%D8%A9_%D8%A7%D9%84%D9%86%D9%85%D9%84_%D8%A7%D9%84%D8%A3%D8%A8%D9%8A%D8%B6_%D8%A7%D9%84%D8%B1%D9%85%D8%A9_%D9%81%D9%8A_%D9%81%D9%84%D9%84_%D8%AE%D9%88%D8%B1%D9%81%D9%83%D8%A7%D9%86_%D9%88%D9%83%D9%8A%D9%81%D9%8A%D8%A9_%D8%A7%D9%84%D9%82%D8%B6%D8%A7%D8%A1_%D8%B9%D9%84%D9%8A%D9%87,0,12,0%,5.75
https://www.rukn-eltatawer.com/water-pump-installation-sharjah/,0,12,0%,5.75
https://www.rukn-eltatawer.com/solar-systems-installation-abu-dhabi/,0,12,0%,7.25
https://www.rukn-eltatawer.com/sa/en/water-leak-detection-zahran-al-janoub/,0,12,0%,12.58
https://www.rukn-eltatawer.com/water-leak-detection-ras-al-khaimah/#%D8%A3%D8%B3%D8%B9%D8%A7%D8%B1_%D8%B4%D8%B1%D9%83%D8%A9_%D9%83%D8%B4%D9%81_%D8%AA%D8%B3%D8%B1%D8%A8%D8%A7%D8%AA_%D8%A7%D9%84%D9%85%D9%8A%D8%A7%D9%87_%D9%81%D9%8A_%D8%B1%D8%A3%D8%B3_%D8%A7%D9%84%D8%AE%D9%8A%D9%85%D8%A9_2026,0,11,0%,2.45
https://www.rukn-eltatawer.com/water-leak-detection-ras-al-khaimah/#%D8%AE%D8%B7%D9%88%D8%A7%D8%AA_%D9%83%D8%B4%D9%81_%D8%AA%D8%B3%D8%B1%D8%A8%D8%A7%D8%AA_%D8%A7%D9%84%D9%85%D9%8A%D8%A7%D9%87_%D9%81%D9%8A_%D8%B1%D8%A3%D8%B3_%D8%A7%D9%84%D8%AE%D9%8A%D9%85%D8%A9_%E2%80%93_%D8%A7%D9%84%D8%A8%D8%B1%D9%88%D8%AA%D9%88%D9%83%D9%88%D9%84_%D8%A7%D9%84%D9%85%D8%AA%D9%83%D9%8A%D9%91%D9%81_%D9%85%D8%B9_%D8%A7%D9%84%D8%A8%D9%8A%D8%A6%D8%A9_%D8%A7%D9%84%D9%85%D8%AA%D8%B9%D8%AF%D8%AF%D8%A9,0,11,0%,2.45
https://www.rukn-eltatawer.com/water-leak-detection-ras-al-khaimah/#%D8%B1%D8%A3%D8%B3_%D8%A7%D9%84%D8%AE%D9%8A%D9%85%D8%A9_%E2%80%93_%D8%A8%D9%8A%D8%A6%D8%A9_%D9%85%D9%86%D8%A7%D8%AE%D9%8A%D8%A9_%D9%81%D8%B1%D9%8A%D8%AF%D8%A9_%D8%AA%D8%AC%D8%B9%D9%84_%D9%83%D8%B4%D9%81_%D8%A7%D9%84%D8%AA%D8%B3%D8%B1%D8%A8%D8%A7%D8%AA_%D8%AA%D8%AE%D8%B5%D8%B5%D8%A7%D9%8B_%D8%A8%D8%AD%D8%AF_%D8%B0%D8%A7%D8%AA%D9%87,0,11,0%,2.45
https://www.rukn-eltatawer.com/water-leak-detection-ras-al-khaimah/#%D9%83%D9%8A%D9%81_%D8%AA%D8%AE%D8%AA%D8%A7%D8%B1_%D8%A3%D9%81%D8%B6%D9%84_%D8%B4%D8%B1%D9%83%D8%A9_%D9%83%D8%B4%D9%81_%D8%AA%D8%B3%D8%B1%D8%A8%D8%A7%D8%AA_%D9%81%D9%8A_%D8%B1%D8%A3%D8%B3_%D8%A7%D9%84%D8%AE%D9%8A%D9%85%D8%A9%D8%9F,0,11,0%,2.45
https://www.rukn-eltatawer.com/water-leak-detection-ras-al-khaimah/#10_%D8%B9%D9%84%D8%A7%D9%85%D8%A7%D8%AA_%D8%AA%D8%AD%D8%B0%D9%8A%D8%B1%D9%8A%D8%A9_%D8%AA%D8%AE%D8%B5_%D8%AA%D8%B3%D8%B1%D8%A8%D8%A7%D8%AA_%D8%A7%D9%84%D9%85%D9%8A%D8%A7%D9%87_%D9%81%D9%8A_%D8%A8%D9%8A%D8%A6%D8%A9_%D8%B1%D8%A3%D8%B3_%D8%A7%D9%84%D8%AE%D9%8A%D9%85%D8%A9_%D8%A7%D9%84%D8%AC%D8%A8%D9%84%D9%8A%D8%A9_%D9%88%D8%A7%D9%84%D8%B3%D8%A7%D8%AD%D9%84%D9%8A%D8%A9,0,11,0%,2.45
https://www.rukn-eltatawer.com/roof-insulation-in-abu-dhabi/#%D8%B9%D8%B2%D9%84_%D8%A7%D9%84%D8%A3%D8%B3%D8%B7%D8%AD_%D8%A8%D9%85%D8%A7%D8%AF%D8%A9_%D8%A7%D9%84%D8%A8%D9%88%D9%84%D9%8A_%D9%8A%D9%88%D8%B1%D9%8A%D8%AB%D9%8A%D9%86_%D9%81%D9%8A_%D8%A3%D8%A8%D9%88%D8%B8%D8%A8%D9%8A,0,11,0%,2.55
https://www.rukn-eltatawer.com/vacuum-cleaner-repair-abu-dhabi/#%D8%A3%D8%B3%D8%B9%D8%A7%D8%B1_%D8%A7%D9%84%D8%AE%D8%AF%D9%85%D8%A7%D8%AA,0,11,0%,2.82
https://www.rukn-eltatawer.com/vacuum-cleaner-repair-abu-dhabi/#%D8%AE%D8%AF%D9%85%D8%A7%D8%AA_%D8%A7%D9%84%D8%B5%D9%8A%D8%A7%D9%86%D8%A9_%D8%A7%D9%84%D9%85%D9%82%D8%AF%D9%85%D8%A9,0,11,0%,2.82
https://www.rukn-eltatawer.com/vacuum-cleaner-repair-abu-dhabi/#%D8%B9%D9%85%D9%84%D9%8A%D8%A9_%D8%A7%D9%84%D8%B5%D9%8A%D8%A7%D9%86%D8%A9,0,11,0%,2.82
https://www.rukn-eltatawer.com/vacuum-cleaner-repair-abu-dhabi/#%D9%81%D9%88%D8%A7%D8%A6%D8%AF_%D8%A7%D9%84%D8%AD%D9%81%D8%A7%D8%B8_%D8%B9%D9%84%D9%89_%D9%85%D9%83%D8%A7%D9%86%D8%B3_%D8%A7%D9%84%D9%83%D9%87%D8%B1%D8%A8%D8%A7%D8%A6%D9%8A%D8%A9,0,11,0%,2.82
https://www.rukn-eltatawer.com/vacuum-cleaner-repair-abu-dhabi/#%D9%85%D9%82%D8%AF%D9%85%D8%A9,0,11,0%,2.82
https://www.rukn-eltatawer.com/electrical-maintenance-dubai/,0,11,0%,7.18
https://www.rukn-eltatawer.com/air-conditioner-cleaning-company-in-al-ain/#%D9%81%D9%88%D8%A7%D8%A6%D8%AF_%D8%AA%D9%86%D8%B8%D9%8A%D9%81_%D9%88%D8%B5%D9%8A%D8%A7%D9%86%D8%A9_%D9%85%D9%83%D9%8A%D9%81%D8%A7%D8%AA_%D8%A7%D9%84%D9%87%D9%88%D8%A7%D8%A1,0,11,0%,7.27
https://www.rukn-eltatawer.com/category/isolated/,0,11,0%,9.27
https://www.rukn-eltatawer.com/deep-cleaning-abu-dhabi/,0,11,0%,9.36
https://www.rukn-eltatawer.com/solar-water-heaters-dubai/,0,11,0%,9.73
https://www.rukn-eltatawer.com/water-bill-high-problem-solution-company-in-dubai/,0,11,0%,13.36
https://www.rukn-eltatawer.com/sa/water-leak-detection-duba/,0,11,0%,21.91
https://www.rukn-eltatawer.com/automatic-irrigation-ajman/,0,10,0%,2.4
https://www.rukn-eltatawer.com/al-ain-gypsum-board-installation-company/#%D8%A3%D9%81%D8%B6%D9%84_%D8%AA%D8%B1%D9%83%D9%8A%D8%A8_%D8%AC%D8%A8%D8%B3_%D8%A8%D9%88%D8%B1%D8%AF_%D9%81%D9%8A_%D8%A7%D9%84%D8%B9%D9%8A%D9%86,0,10,0%,3.2
https://www.rukn-eltatawer.com/dyeing-umm-al-quwain/#%D8%A7%D9%81%D8%B6%D9%84_%D8%B4%D8%B1%D9%83%D8%A9_%D8%B5%D8%A8%D8%BA_%D9%81%D9%8A_%D8%A3%D9%85_%D8%A7%D9%84%D9%82%D9%8A%D9%88%D9%8A%D9%86,0,10,0%,4.2
https://www.rukn-eltatawer.com/dyeing-umm-al-quwain/#%D9%85%D9%85%D9%8A%D8%B2%D8%A7%D8%AA_%D8%B4%D8%B1%D9%83%D8%A9_%D8%B5%D8%A8%D8%BA_%D9%81%D9%8A_%D8%A3%D9%85_%D8%A7%D9%84%D9%82%D9%8A%D9%88%D9%8A%D9%86,0,10,0%,4.2
https://www.rukn-eltatawer.com/swimming-pool-company-in-abu-dhabi/#%D8%AE%D8%AF%D9%85%D8%A7%D8%AA_%D8%A7%D9%84%D8%A5%D9%86%D8%B4%D8%A7%D8%A1,0,10,0%,5
https://www.rukn-eltatawer.com/dubai-pool-cleaning/#%D8%A3%D8%B3%D8%A8%D8%A7%D8%A8_%D8%AA%D9%84%D9%88%D8%AB_%D8%AD%D9%85%D8%A7%D9%85%D8%A7%D8%AA_%D8%A7%D9%84%D8%B3%D8%A8%D8%A7%D8%AD%D8%A9,0,10,0%,5.1
https://www.rukn-eltatawer.com/dubai-pool-cleaning/#%D8%A7%D9%84%D9%85%D8%B9%D8%AF%D8%A7%D8%AA_%D8%A7%D9%84%D8%AA%D9%8A_%D8%AA%D8%B3%D8%AA%D8%AE%D8%AF%D9%85%D9%87%D8%A7_%D9%81%D9%8A_%D8%B4%D8%B1%D9%83%D8%A9_%D8%AA%D9%86%D8%B8%D9%8A%D9%81_%D9%85%D8%B3%D8%A7%D8%A8%D8%AD_%D9%81%D9%8A_%D8%AF%D8%A8%D9%8A,0,10,0%,5.1
https://www.rukn-eltatawer.com/dubai-pool-cleaning/#%D8%AE%D8%B7%D9%88%D8%A7%D8%AA_%D8%B4%D8%B1%D9%83%D8%A9_%D8%AA%D9%86%D8%B8%D9%8A%D9%81_%D9%85%D8%B3%D8%A7%D8%A8%D8%AD_%D9%81%D9%8A_%D8%AF%D8%A8%D9%8A,0,10,0%,5.1
https://www.rukn-eltatawer.com/dubai-pool-cleaning/#%D9%81%D9%88%D8%A7%D8%A6%D8%AF_%D8%AA%D9%86%D8%B8%D9%8A%D9%81_%D8%AD%D9%85%D8%A7%D9%85%D8%A7%D8%AA_%D8%A7%D9%84%D8%B3%D8%A8%D8%A7%D8%AD%D8%A9_%D8%A8%D8%B4%D9%83%D9%84_%D9%85%D9%86%D8%AA%D8%B8%D9%85,0,10,0%,5.1
https://www.rukn-eltatawer.com/dubai-pool-cleaning/#%D9%85%D9%85%D9%8A%D8%B2%D8%A7%D8%AA_%D8%B4%D8%B1%D9%83%D8%A9_%D8%AA%D9%86%D8%B8%D9%8A%D9%81_%D8%A7%D9%84%D9%85%D8%B3%D8%A7%D8%A8%D8%AD_%D9%81%D9%8A_%D8%AF%D8%A8%D9%8A,0,10,0%,5.1
https://www.rukn-eltatawer.com/paints-company-in-dubai/#%D8%AE%D8%AF%D9%85%D8%A7%D8%AA_%D8%B4%D8%B1%D9%83%D8%A9_%D8%B1%D9%83%D9%86_%D8%A7%D9%84%D8%AA%D8%B7%D9%88%D8%B1_%D9%81%D9%8A_%D8%AF%D8%A8%D9%8A,0,10,0%,7
https://www.rukn-eltatawer.com/paints-company-in-dubai/#%D8%AF%D9%87%D8%A7%D9%86%D8%A7%D8%AA_%D8%AC%D8%AF%D8%B1%D8%A7%D9%86_%D8%AF%D8%A8%D9%8A,0,10,0%,7
https://www.rukn-eltatawer.com/paints-company-in-dubai/#%D8%B4%D8%B1%D9%83%D8%A9_%D8%AF%D9%87%D8%A7%D9%86%D8%A7%D8%AA_%D8%AF%D8%A8%D9%8A,0,10,0%,7
https://www.rukn-eltatawer.com/paints-company-in-dubai/#%D9%85%D9%82%D8%A7%D9%88%D9%84_%D8%AF%D9%87%D8%A7%D9%86%D8%A7%D8%AA_%D8%AF%D8%A8%D9%8A,0,10,0%,7
https://www.rukn-eltatawer.com/paints-company-in-dubai/#%D9%85%D9%85%D9%8A%D8%B2%D8%A7%D8%AA_%D8%B4%D8%B1%D9%83%D8%A9_%D8%AF%D9%87%D8%A7%D9%86%D8%A7%D8%AA_%D9%81%D9%8A_%D8%AF%D8%A8%D9%8A,0,10,0%,7
https://www.rukn-eltatawer.com/dyeing-in-ajman/#%D8%B4%D8%B1%D9%83%D8%A7%D8%AA_%D8%AF%D9%87%D8%A7%D9%86_%D9%81%D9%8A_%D8%B9%D8%AC%D9%85%D8%A7%D9%86,0,10,0%,9.3
https://www.rukn-eltatawer.com/dyeing-in-ajman/#%D8%B4%D8%B1%D9%83%D8%A9_%D8%B5%D8%A8%D8%A7%D8%BA_%D9%81%D9%8A_%D8%B9%D8%AC%D9%85%D8%A7%D9%86_%D8%B1%D8%AE%D9%8A%D8%B5%D8%A9,0,10,0%,9.3
https://www.rukn-eltatawer.com/dyeing-in-ajman/#%D8%B5%D8%A8%D8%A7%D8%BA_%D8%B1%D8%AE%D9%8A%D8%B5_%D9%81%D9%8A_%D8%B9%D8%AC%D9%85%D8%A7%D9%86,0,10,0%,9.3
https://www.rukn-eltatawer.com/furniture-carpenter-ras-al-khaimah/,0,10,0%,9.3
https://www.rukn-eltatawer.com/garage-cleaning-fujairah/,0,10,0%,9.8
https://www.rukn-eltatawer.com/thermal-insulation-ras-al-khaimah/,0,10,0%,51.2
https://www.rukn-eltatawer.com/general-maintenance-umm-al-quwain/#%D9%83%D9%8A%D9%81_%D8%AA%D8%AE%D8%AA%D8%A7%D8%B1_%D8%A3%D9%84%D9%88%D8%A7%D9%86_%D8%A7%D9%84%D8%A3%D8%B5%D8%A8%D8%A7%D8%BA_%D8%A7%D9%84%D8%AA%D9%8A_%D8%AA%D8%AA%D9%86%D8%A7%D8%B3%D8%A8_%D9%85%D8%B9_%D8%AC%D9%88_%D9%88%D9%85%D8%B3%D8%A7%D8%AD%D8%A9_%D8%A8%D9%8A%D8%AA%D9%83_%D8%A8%D8%A3%D9%85_%D8%A7%D9%84%D9%82%D9%8A%D9%88%D9%8A%D9%86%D8%9F,0,9,0%,1.89
https://www.rukn-eltatawer.com/general-maintenance-umm-al-quwain/#%D9%83%D9%8A%D9%81_%D8%AA%D8%B3%D8%A7%D9%87%D9%85_%D8%B5%D9%8A%D8%A7%D9%86%D8%A9_%D8%A7%D9%84%D9%85%D9%83%D9%8A%D9%81%D8%A7%D8%AA_%D9%81%D9%8A_%D8%AE%D9%81%D8%B6_%D9%81%D8%A7%D8%AA%D9%88%D8%B1%D8%A9_%D8%A7%D9%84%D9%83%D9%87%D8%B1%D8%A8%D8%A7%D8%A1_%D8%A8%D8%A3%D9%85_%D8%A7%D9%84%D9%82%D9%8A%D9%88%D9%8A%D9%86%D8%9F,0,9,0%,1.89
https://www.rukn-eltatawer.com/ajman-roof-insulation-company/#%D8%B9%D8%B2%D9%84_%D8%A7%D8%B3%D8%B7%D8%AD_%D9%81%D9%88%D9%85_%D9%81%D9%8A_%D8%B9%D8%AC%D9%85%D8%A7%D9%86,0,9,0%,3
https://www.rukn-eltatawer.com/water-leak-detection-company-in-ajman/#%D8%B4%D8%B1%D9%83%D8%A7%D8%AA_%D9%83%D8%B4%D9%81_%D8%AA%D8%B3%D8%B1%D9%8A%D8%A8%D8%A7%D8%AA_%D9%81%D9%8A_%D8%B9%D8%AC%D9%85%D8%A7%D9%86,0,9,0%,3
https://www.rukn-eltatawer.com/sharjah-glass-facade-cleaning-company/#%D8%A7%D9%81%D8%B6%D9%84_%D8%B4%D8%B1%D9%83%D8%A7%D8%AA_%D8%AA%D9%86%D8%B8%D9%8A%D9%81_%D9%88%D8%A7%D8%AC%D9%87%D8%A7%D8%AA_%D8%B2%D8%AC%D8%A7%D8%AC_%D8%A7%D9%84%D8%B4%D8%A7%D8%B1%D9%82%D8%A9,0,9,0%,3.89
https://www.rukn-eltatawer.com/dyeing-in-dubai/#%D8%A3%D9%86%D9%88%D8%A7%D8%B9_%D8%A7%D9%84%D8%A3%D8%B5%D8%A8%D8%A7%D8%BA_%D8%A7%D9%84%D8%AA%D9%8A_%D8%AA%D8%B3%D8%AA%D8%AE%D8%AF%D9%85%D9%87%D8%A7_%D8%B4%D8%B1%D9%83%D8%A9_%D8%B1%D9%83%D9%86_%D8%A7%D9%84%D8%AA%D8%B7%D9%88%D8%B1,0,9,0%,4.11
https://www.rukn-eltatawer.com/abu-dhabi-majlis-cleaning-company/#%D8%AE%D8%AF%D9%85%D8%A7%D8%AA_%D8%B4%D8%B1%D9%83%D8%A9_%D8%AA%D9%86%D8%B8%D9%8A%D9%81_%D9%85%D8%AC%D8%A7%D9%84%D8%B3_%D9%81%D9%8A_%D8%A7%D8%A8%D9%88%D8%B8%D8%A8%D9%8A,0,9,0%,4.56
https://www.rukn-eltatawer.com/installation-of-gypsum-board-umm-al-quwain/#%D8%A3%D9%86%D9%88%D8%A7%D8%B9_%D8%AF%D9%8A%D9%83%D9%88%D8%B1%D8%A7%D8%AA_%D8%A7%D9%84%D9%84%D9%88%D8%A7%D8%AD_%D8%A7%D9%84%D8%AC%D8%A8%D8%B3,0,9,0%,4.78
https://www.rukn-eltatawer.com/installation-of-gypsum-board-umm-al-quwain/#%D8%A7%D8%B1%D8%AE%D8%B5_%D8%AA%D8%B1%D9%83%D9%8A%D8%A8_%D8%AC%D8%A8%D8%B3_%D8%A8%D9%88%D8%B1%D8%AF_%D9%81%D9%8A_%D8%A7%D9%85_%D8%A7%D9%84%D9%82%D9%8A%D9%88%D9%8A%D9%86,0,9,0%,4.78
https://www.rukn-eltatawer.com/installation-of-gypsum-board-umm-al-quwain/#%D9%85%D8%B9%D9%84%D9%85_%D8%AA%D8%B1%D9%83%D9%8A%D8%A8_%D8%AC%D8%A8%D8%B3_%D8%A8%D9%88%D8%B1%D8%AF_%D9%81%D9%8A_%D8%A7%D9%85_%D8%A7%D9%84%D9%82%D9%8A%D9%88%D9%8A%D9%86,0,9,0%,4.78
https://www.rukn-eltatawer.com/installation-of-gypsum-board-umm-al-quwain/#%D9%85%D9%85%D9%8A%D8%B2%D8%A7%D8%AA_%D8%AA%D8%B1%D9%83%D9%8A%D8%A8_%D8%A7%D9%84%D9%88%D8%A7%D8%AD_%D8%A7%D9%84%D8%AC%D8%A8%D8%B3,0,9,0%,4.78
https://www.rukn-eltatawer.com/water-pump-installation-al-ain/,0,9,0%,6
https://www.rukn-eltatawer.com/a-sterilization-company-in-abu-dhabi/#%D8%AE%D8%AF%D9%85%D8%A7%D8%AA_%D8%B4%D8%B1%D9%83%D8%A9_%D8%AA%D8%B9%D9%82%D9%8A%D9%85_%D9%81%D9%8A_%D8%A3%D8%A8%D9%88%D8%B8%D8%A8%D9%8A,0,9,0%,6.22
https://www.rukn-eltatawer.com/a-sterilization-company-in-abu-dhabi/#%D8%B4%D8%B1%D9%83%D8%A9_%D8%AA%D8%B9%D9%82%D9%8A%D9%85_%D9%81%D9%8A_%D8%A3%D8%A8%D9%88%D8%B8%D8%A8%D9%8A,0,9,0%,6.22
https://www.rukn-eltatawer.com/a-sterilization-company-in-abu-dhabi/#%D9%85%D9%85%D9%8A%D8%B2%D8%A7%D8%AA_%D8%B4%D8%B1%D9%83%D8%A9_%D8%AA%D8%B9%D9%82%D9%8A%D9%85_%D9%81%D9%8A_%D8%A3%D8%A8%D9%88%D8%B8%D8%A8%D9%8A,0,9,0%,6.22
https://www.rukn-eltatawer.com/sharjah-pool-cleaning/#%D8%AE%D8%AF%D9%85%D8%A7%D8%AA_%D8%B4%D8%B1%D9%83%D8%A9_%D8%AA%D9%86%D8%B8%D9%8A%D9%81_%D9%85%D8%B3%D8%A7%D8%A8%D8%AD_%D8%A7%D9%84%D8%B4%D8%A7%D8%B1%D9%82%D8%A9,0,9,0%,6.33
https://www.rukn-eltatawer.com/sharjah-pool-cleaning/#%D8%AE%D8%B7%D9%88%D8%A7%D8%AA_%D8%B9%D9%85%D9%84_%D8%B4%D8%B1%D9%83%D8%A9_%D8%AA%D9%86%D8%B8%D9%8A%D9%81_%D9%85%D8%B3%D8%A7%D8%A8%D8%AD_%D8%A7%D9%84%D8%B4%D8%A7%D8%B1%D9%82%D8%A9,0,9,0%,6.33
https://www.rukn-eltatawer.com/hourly-cleaning-maids-abu-dhabi/#%D9%86%D8%B5%D8%A7%D8%A6%D8%AD_%D9%84%D9%84%D8%AD%D9%81%D8%A7%D8%B8_%D8%B9%D9%84%D9%89_%D9%86%D8%B8%D8%A7%D9%81%D8%A9_%D8%A7%D9%84%D9%85%D9%86%D8%B2%D9%84_%D8%A8%D8%B9%D8%AF_%D8%AE%D8%AF%D9%85%D8%A7%D8%AA_%D8%A7%D9%84%D8%B4%D8%B1%D9%83%D8%A9,0,9,0%,6.56
https://www.rukn-eltatawer.com/paints-company-in-dubai/#%D9%81%D9%88%D8%A7%D8%A6%D8%AF_%D8%B4%D8%B1%D9%83%D8%A9_%D8%B1%D9%83%D9%86_%D8%A7%D9%84%D8%AA%D8%B7%D9%88%D8%B1_%D9%81%D9%8A_%D8%AF%D8%A8%D9%8A,0,9,0%,6.56
https://www.rukn-eltatawer.com/sa/kshf-tsrbat-almyah-fy-brydh/,0,9,0%,7.11
https://www.rukn-eltatawer.com/ceramic-installation-company-in-dubai/#%D8%AA%D8%B1%D9%83%D9%8A%D8%A8_%D8%A7%D9%84%D8%A3%D8%B1%D8%B6%D9%8A%D8%A7%D8%AA_%D8%A8%D9%84%D8%A7%D8%B7_%D8%B3%D9%8A%D8%B1%D8%A7%D9%85%D9%8A%D9%83,0,9,0%,7.78
https://www.rukn-eltatawer.com/a-restoration-company-in-abu-dhabi/,0,9,0%,8.33
https://www.rukn-eltatawer.com/kerbstone-installation-abu-dhabi/,0,9,0%,8.33
https://www.rukn-eltatawer.com/washing-machine-repair-fujairah/,0,9,0%,9.11
https://www.rukn-eltatawer.com/abu-dhabi-carpet-cleaning-company/#%D8%A3%D8%B1%D9%82%D8%A7%D9%85_%D9%85%D8%BA%D8%A7%D8%B3%D9%84_%D8%B3%D8%AC%D8%A7%D8%AF_%D8%A8%D8%A7%D8%A8%D9%88%D8%B8%D8%A8%D9%8A,0,9,0%,9.33
https://www.rukn-eltatawer.com/sa/en/water-leak-detection-al-namas/,0,9,0%,11.11
https://www.rukn-eltatawer.com/artificial-grass-installation-fujairah/,0,9,0%,14.89
https://www.rukn-eltatawer.com/glass-aluminium-installation-ras-al-khaimah/,0,9,0%,20.33
https://www.rukn-eltatawer.com/oven-repair-dubai/,0,9,0%,32.11
https://www.rukn-eltatawer.com/parquet-installation-company-in-fujairah/#%D8%A3%D9%86%D9%88%D8%A7%D8%B9_%D8%A7%D9%84%D8%A8%D8%A7%D8%B1%D9%83%D9%8A%D9%87_%D8%A7%D9%84%D8%AA%D9%89_%D8%AA%D9%88%D9%81%D8%B1%D9%87%D8%A7_%D8%B4%D8%B1%D9%83%D8%A9_%D8%AA%D8%B1%D9%83%D9%8A%D8%A8_%D8%A8%D8%A7%D8%B1%D9%83%D9%8A%D9%87_%D9%81%D9%8A_%D8%A7%D9%84%D9%81%D8%AC%D9%8A%D8%B1%D8%A9,0,8,0%,1.5
https://www.rukn-eltatawer.com/parquet-installation-company-in-fujairah/#%D9%85%D9%85%D9%8A%D8%B2%D8%A7%D8%AA_%D8%B4%D8%B1%D9%83%D8%A9_%D8%AA%D8%B1%D9%83%D9%8A%D8%A8_%D8%A7%D9%84%D8%A8%D8%A7%D8%B1%D9%83%D9%8A%D9%87_%D9%81%D9%8A_%D8%A7%D9%84%D9%81%D8%AC%D9%8A%D8%B1%D8%A9,0,8,0%,1.5
https://www.rukn-eltatawer.com/home-sterilization-company-in-ras-al-khaimah/#%D8%AE%D8%AF%D9%85%D8%A7%D8%AA_%D8%B4%D8%B1%D9%83%D8%A9_%D8%B1%D9%83%D9%86_%D8%A7%D9%84%D8%AA%D8%B7%D9%88%D8%B1,0,8,0%,2.38
https://www.rukn-eltatawer.com/home-sterilization-company-in-ras-al-khaimah/#%D8%B4%D8%B1%D9%83%D8%A9_%D8%AA%D8%B9%D9%82%D9%8A%D9%85_%D9%81%D9%89_%D8%B1%D8%A3%D8%B3_%D8%A7%D9%84%D8%AE%D9%8A%D9%85%D8%A9,0,8,0%,2.38
https://www.rukn-eltatawer.com/home-sterilization-company-in-ras-al-khaimah/#%D9%85%D9%85%D9%8A%D8%B2%D8%A7%D8%AA_%D8%B4%D8%B1%D9%83%D8%A9_%D8%AA%D8%B9%D9%82%D9%8A%D9%85_%D9%81%D9%89_%D8%B1%D8%A3%D8%B3_%D8%A7%D9%84%D8%AE%D9%8A%D9%85%D8%A9,0,8,0%,2.38
https://www.rukn-eltatawer.com/pest-control-company-in-al-ain/#%D8%A7%D8%A8%D8%A7%D8%AF%D8%A9_%D8%AD%D8%B4%D8%B1%D8%A7%D8%AA_%D8%A7%D9%84%D8%B9%D9%8A%D9%86,0,8,0%,2.88
https://www.rukn-eltatawer.com/water-leak-detection-company-in-ajman/#%D9%83%D8%B4%D9%81_%D8%AA%D8%B3%D8%B1%D9%8A%D8%A8%D8%A7%D8%AA_%D8%A7%D9%84%D9%85%D9%8A%D8%A7%D9%87_%D9%84%D9%84%D8%AE%D8%B2%D8%A7%D9%86%D8%A7%D8%AA_%D9%81%D9%8A_%D8%B9%D8%AC%D9%85%D8%A7%D9%86,0,8,0%,3.25
https://www.rukn-eltatawer.com/fujairah-roof-insulation-company/#%D8%A7%D9%81%D8%B6%D9%84_%D8%B4%D8%B1%D9%83%D8%A9_%D8%B9%D8%B2%D9%84_%D8%A7%D8%B3%D8%B7%D8%AD_%D8%A7%D9%84%D9%81%D8%AC%D9%8A%D8%B1%D8%A9,0,8,0%,3.38
https://www.rukn-eltatawer.com/fujairah-roof-insulation-company/#%D8%AE%D8%B7%D9%88%D8%A7%D8%AA_%D8%B9%D8%B2%D9%84_%D8%A7%D8%B3%D8%B7%D8%AD_%D9%81%D9%8A_%D8%A7%D9%84%D9%81%D8%AC%D9%8A%D8%B1%D8%A9,0,8,0%,3.38
https://www.rukn-eltatawer.com/fujairah-roof-insulation-company/#%D8%B4%D8%B1%D9%83%D8%A7%D8%AA_%D8%A7%D9%84%D8%B9%D8%B2%D9%84_%D8%A7%D9%84%D8%AD%D8%B1%D8%A7%D8%B1%D9%8A_%D9%81%D9%8A_%D8%A7%D9%84%D9%81%D8%AC%D9%8A%D8%B1%D8%A9,0,8,0%,3.38
https://www.rukn-eltatawer.com/fujairah-roof-insulation-company/#%D8%B9%D8%B2%D9%84_%D8%A7%D8%B3%D8%B7%D8%AD_%D8%A8%D8%A7%D9%84%D9%81%D9%88%D9%85_%D8%A8%D8%A7%D9%84%D9%81%D8%AC%D9%8A%D8%B1%D8%A9,0,8,0%,3.38
https://www.rukn-eltatawer.com/roof-insulation-company-al-ain/#%D8%A7%D8%B1%D9%82%D8%A7%D9%85_%D8%B4%D8%B1%D9%83%D8%A9_%D8%B9%D8%B2%D9%84_%D8%A3%D8%B3%D8%B7%D8%AD_%D8%A7%D9%84%D8%B9%D9%8A%D9%86,0,8,0%,3.62