id,date,words,h2,imgs,featured_media,city,title,slug,link,excerpt
3525,2026-07-17T05:29:37,198,3,1,3537,sharjah,صيانة عامة في الشارقة – خدمات منزلية وصيانة شاملة,maintenance-sharjah,https://max-art-ae.com/maintenance-sharjah/,صيانة عامة في الشارقة – خدمات منزلية وصيانة شاملة بأسعار تنافسية 📅 آخر تحديث: يوليو 2026 | ✅ مراجعة: فريق الجودة – ماكس آرت 🔧 صيانة عامة في الشارقة – خدمات منزلية وصيانة شاملة بجودة عالية هل تبحث عن شركة صيانة عامة في الشارقة تقدم خدمات منز
3526,2026-07-17T05:29:27,307,4,1,3538,dubai,صيانة عامة في دبي – خدمات منزلية وصيانة شاملة,maintenance-dubai,https://max-art-ae.com/maintenance-dubai/,صيانة عامة في دبي – خدمات منزلية وصيانة شاملة بأسعار تنافسية | ماكس آرت صيانة عامة في دبي – خدمات منزلية وصيانة شاملة بأسعار تنافسية 📅 آخر تحديث: يوليو 2026 | ✅ مراجعة: فريق الجودة – ماكس آرت 🔧 صيانة عامة في دبي – خدمات منزلية وصيانة شاملة 
3527,2026-07-17T05:29:18,115,2,1,3540,sharjah,تركيب مظلات في الشارقة – مظلات وسواتر,umbrellas-sharjah,https://max-art-ae.com/umbrellas-sharjah/,تركيب مظلات في الشارقة – أفضل مظلات وسواتر بأسعار مميزة | ماكس آرت تركيب مظلات في الشارقة – أفضل مظلات وسواتر بأسعار مميزة 📅 آخر تحديث: يوليو 2026 | ✅ مراجعة: فريق الجودة – ماكس آرت ☂️ تركيب مظلات في الشارقة – حلول الظل المثالية هل تبحث عن 
3524,2026-07-17T05:29:09,291,4,1,3541,dubai,تركيب مظلات في دبي – مظلات وسواتر,umbrellas-dubai,https://max-art-ae.com/umbrellas-dubai/,تركيب مظلات في دبي – أفضل مظلات وسواتر بأسعار تنافسية | ماكس آرت تركيب مظلات في دبي – أفضل مظلات وسواتر بأسعار تنافسية 📅 آخر تحديث: يوليو 2026 | ✅ مراجعة: فريق الجودة – ماكس آرت ☂️ تركيب مظلات في دبي – حلول الظل المثالية لمنزلك وشركتك هل تب
3521,2026-07-17T05:21:52,288,4,1,3539,sharjah,حداد في الشارقة – أعمال حدادة وتصنيع معادن,blacksmith-sharjah,https://max-art-ae.com/blacksmith-sharjah/,أفضل حداد في الشارقة – أعمال حدادة وتصنيع معادن بجودة عالية | ماكس آرت أفضل حداد في الشارقة – أعمال حدادة وتصنيع معادن بجودة عالية 📅 آخر تحديث: يوليو 2026 | ✅ مراجعة: فريق الجودة – ماكس آرت 🔨 حداد في الشارقة – خدمات حدادة متكاملة بأسعار تنا
3519,2026-07-17T05:19:34,526,6,1,3536,dubai,حداد في دبي – أعمال حدادة وتصنيع معادن,blacksmith-dubai,https://max-art-ae.com/blacksmith-dubai/,أفضل حداد في دبي – أعمال حدادة وتصنيع معادن بأسعار تنافسية | ماكس آرت أفضل حداد في دبي – أعمال حدادة وتصنيع معادن بأسعار تنافسية 📅 آخر تحديث: يوليو 2026 | ✅ مراجعة: فريق الجودة – ماكس آرت 🔨 حداد في دبي – أعمال حدادة وتصنيع معادن بجودة عالية
3280,2026-06-24T05:49:42,7,0,0,0,unknown,أهمية الصيانة الدورية,%d8%a3%d9%87%d9%85%d9%8a%d8%a9-%d8%a7%d9%84%d8%b5%d9%8a%d8%a7%d9%86%d8%a9-%d8%a7%d9%84%d8%af%d9%88%d8%b1%d9%8a%d8%a9,https://max-art-ae.com/%d8%a3%d9%87%d9%85%d9%8a%d8%a9-%d8%a7%d9%84%d8%b5%d9%8a%d8%a7%d9%86%d8%a9-%d8%a7%d9%84%d8%af%d9%88%d8%b1%d9%8a%d8%a9/,كيف توفر الصيانة الوقائية تكاليف الإصلاح لاحقاً.
3279,2026-06-24T05:49:41,9,0,0,0,unknown,متى تحتاج لفحص التسربات؟,%d9%85%d8%aa%d9%89-%d8%aa%d8%ad%d8%aa%d8%a7%d8%ac-%d9%84%d9%81%d8%ad%d8%b5-%d8%a7%d9%84%d8%aa%d8%b3%d8%b1%d8%a8%d8%a7%d8%aa%d8%9f,https://max-art-ae.com/%d9%85%d8%aa%d9%89-%d8%aa%d8%ad%d8%aa%d8%a7%d8%ac-%d9%84%d9%81%d8%ad%d8%b5-%d8%a7%d9%84%d8%aa%d8%b3%d8%b1%d8%a8%d8%a7%d8%aa%d8%9f/,علامات مبكرة تدل على وجود تسربات يجب عدم تجاهلها.
3278,2026-06-24T05:49:40,8,0,0,0,unknown,نصائح للعناية بالمنزل,%d9%86%d8%b5%d8%a7%d8%a6%d8%ad-%d9%84%d9%84%d8%b9%d9%86%d8%a7%d9%8a%d8%a9-%d8%a8%d8%a7%d9%84%d9%85%d9%86%d8%b2%d9%84,https://max-art-ae.com/%d9%86%d8%b5%d8%a7%d8%a6%d8%ad-%d9%84%d9%84%d8%b9%d9%86%d8%a7%d9%8a%d8%a9-%d8%a8%d8%a7%d9%84%d9%85%d9%86%d8%b2%d9%84/,مقالات مفيدة حول صيانة المنزل والوقاية من الأعطال.
3267,2026-06-24T05:49:38,5,0,0,0,unknown,سباكة وصيانة عامة,%d8%b3%d8%a8%d8%a7%d9%83%d8%a9-%d9%88%d8%b5%d9%8a%d8%a7%d9%86%d8%a9-%d8%b9%d8%a7%d9%85%d8%a9,https://max-art-ae.com/%d8%b3%d8%a8%d8%a7%d9%83%d8%a9-%d9%88%d8%b5%d9%8a%d8%a7%d9%86%d8%a9-%d8%b9%d8%a7%d9%85%d8%a9/,سباكة وكهرباء وصيانة منزلية شاملة.
3266,2026-06-24T05:49:37,6,0,0,0,unknown,مكافحة الحشرات,%d9%85%d9%83%d8%a7%d9%81%d8%ad%d8%a9-%d8%a7%d9%84%d8%ad%d8%b4%d8%b1%d8%a7%d8%aa,https://max-art-ae.com/%d9%85%d9%83%d8%a7%d9%81%d8%ad%d8%a9-%d8%a7%d9%84%d8%ad%d8%b4%d8%b1%d8%a7%d8%aa/,مكافحة آمنة مع ضمان عدم العودة.
3265,2026-06-24T05:49:36,5,0,0,0,unknown,تنظيف وتعقيم,%d8%aa%d9%86%d8%b8%d9%8a%d9%81-%d9%88%d8%aa%d8%b9%d9%82%d9%8a%d9%85,https://max-art-ae.com/%d8%aa%d9%86%d8%b8%d9%8a%d9%81-%d9%88%d8%aa%d8%b9%d9%82%d9%8a%d9%85/,تنظيف وتعقيم احترافي للمنازل والمكاتب.
3264,2026-06-24T05:49:35,4,0,0,0,unknown,صيانة التكييف,%d8%b5%d9%8a%d8%a7%d9%86%d8%a9-%d8%a7%d9%84%d8%aa%d9%83%d9%8a%d9%8a%d9%81,https://max-art-ae.com/%d8%b5%d9%8a%d8%a7%d9%86%d8%a9-%d8%a7%d9%84%d8%aa%d9%83%d9%8a%d9%8a%d9%81/,صيانة شاملة للتكييف والتبريد.
3263,2026-06-24T05:49:34,6,0,0,0,unknown,عزل الأسطح,%d8%b9%d8%b2%d9%84-%d8%a7%d9%84%d8%a3%d8%b3%d8%b7%d8%ad,https://max-art-ae.com/%d8%b9%d8%b2%d9%84-%d8%a7%d9%84%d8%a3%d8%b3%d8%b7%d8%ad/,عزل حراري ومائي للأسطح بضمان مكتوب.
3262,2026-06-24T05:49:33,7,0,0,0,unknown,كشف تسربات المياه,%d9%83%d8%b4%d9%81-%d8%aa%d8%b3%d8%b1%d8%a8%d8%a7%d8%aa-%d8%a7%d9%84%d9%85%d9%8a%d8%a7%d9%87,https://max-art-ae.com/%d9%83%d8%b4%d9%81-%d8%aa%d8%b3%d8%b1%d8%a8%d8%a7%d8%aa-%d8%a7%d9%84%d9%85%d9%8a%d8%a7%d9%87/,كشف دقيق للتسربات بدون تكسير بأحدث الأجهزة.
2626,2026-05-29T12:44:37,519,8,0,2585,ajman,شركة تركيب بديل الخشب في عجمان,sharikat-tarkib-badil-khashab-fi-ajman,https://max-art-ae.com/sharikat-tarkib-badil-khashab-fi-ajman/,شركة تركيب بديل الخشب في عجمان ماكس آرت — WPC وبديل الخشب للديكور والأرضيات. اتصل 0500000000.
2625,2026-05-29T12:44:36,515,8,0,2526,ajman,شركة صيانة عامة في عجمان,sharikat-siana-aama-fi-ajman,https://max-art-ae.com/sharikat-siana-aama-fi-ajman/,شركة صيانة عامة في عجمان ماكس آرت — كل أعمال الصيانة تحت سقف واحد. اتصل 0500000000.
2624,2026-05-29T12:44:35,488,8,0,3219,ajman,شركة ديكورات في عجمان,sharikat-diikur-fi-ajman,https://max-art-ae.com/sharikat-diikur-fi-ajman/,شركة ديكورات في عجمان ماكس آرت — تصميم وتنفيذ ديكور داخلي احترافي. اتصل 0500000000.
2623,2026-05-29T12:44:34,508,8,0,2585,ajman,شركة تركيب جبس بورد في عجمان,sharikat-tarkib-jibs-fi-ajman,https://max-art-ae.com/sharikat-tarkib-jibs-fi-ajman/,شركة تركيب جبس بورد في عجمان ماكس آرت — أسقف وجدران جبس بكل التصاميم. اتصل 0500000000.
2622,2026-05-29T12:44:33,512,8,0,2585,ajman,شركة تركيب باركيه في عجمان,sharikat-tarkib-parke-fi-ajman,https://max-art-ae.com/sharikat-tarkib-parke-fi-ajman/,شركة تركيب باركيه في عجمان ماكس آرت — باركيه خشبي وهندسي وـLVP. تركيب احترافي. اتصل 0500000000.
2621,2026-05-29T12:44:31,490,8,0,3219,ajman,شركة صبغ في عجمان,sharikat-sabgh-fi-ajman,https://max-art-ae.com/sharikat-sabgh-fi-ajman/,شركة صبغ في عجمان ماكس آرت — صبغ جدران وخشب واجهات. فريق متخصص. اتصل 0500000000.
2620,2026-05-29T12:44:30,523,8,0,3219,ajman,شركة تصميم نوافير وشلالات في عجمان,sharikat-tasmim-nawafer-fi-ajman,https://max-art-ae.com/sharikat-tasmim-nawafer-fi-ajman/,شركة تصميم نوافير وشلالات في عجمان ماكس آرت — نوافير وشلالات مائية داخلية وخارجية. اتصل 0500000000.
2619,2026-05-29T12:44:29,497,8,0,2585,ajman,شركة تركيب سيراميك في عجمان,sharikat-tarkib-siramayk-fi-ajman,https://max-art-ae.com/sharikat-tarkib-siramayk-fi-ajman/,شركة تركيب سيراميك في عجمان ماكس آرت — تركيب وتغيير سيراميك لكل المساحات. اتصل 0500000000.
2618,2026-05-29T12:44:28,494,8,0,2585,ajman,شركة تركيب كهرباء في عجمان,sharikat-tarkib-kahrabaa-fi-ajman,https://max-art-ae.com/sharikat-tarkib-kahrabaa-fi-ajman/,شركة تركيب كهرباء في عجمان ماكس آرت — تمديد وتركيب كهرباء للمنازل والمنشآت. اتصل 0500000000.
2617,2026-05-29T12:44:27,520,8,0,3219,ajman,شركة سباكة وصرف صحي سباك في عجمان,sharikat-sabaka-w-sarf-fi-ajman,https://max-art-ae.com/sharikat-sabaka-w-sarf-fi-ajman/,شركة سباكة وصرف صحي في عجمان ماكس آرت — سباكون محترفون للمنازل والمنشآت. خدمة طوارئ. اتصل 0500000000.
2616,2026-05-29T12:44:26,508,8,0,2585,ajman,شركة تركيب مطابخ في عجمان,sharikat-tarkib-matabikh-fi-ajman,https://max-art-ae.com/sharikat-tarkib-matabikh-fi-ajman/,شركة تركيب مطابخ في عجمان ماكس آرت — تركيب مطابخ جاهزة وبالقياس. سرعة واحتراف. اتصل 0500000000.
2615,2026-05-29T12:44:25,513,8,0,3219,ajman,شركة تصميم وبناء مظلات في عجمان,sharikat-tasmim-mzallat-fi-ajman,https://max-art-ae.com/sharikat-tasmim-mzallat-fi-ajman/,شركة تصميم وبناء مظلات في عجمان ماكس آرت — مظلات سيارات، حدائق، مداخل. اتصل 0500000000.
2614,2026-05-29T12:44:24,502,8,0,3219,ajman,شركة بلاستر وترميمات في عجمان,sharikat-blastar-w-tarmimat-fi-ajman,https://max-art-ae.com/sharikat-blastar-w-tarmimat-fi-ajman/,شركة بلاستر وترميمات في عجمان ماكس آرت — بلاستر جدران وترميم شامل. اتصل 0500000000.
2613,2026-05-29T12:44:22,510,8,0,2585,ajman,شركة تركيب فورسيلنج في عجمان,sharikat-tarkib-forceling-fi-ajman,https://max-art-ae.com/sharikat-tarkib-forceling-fi-ajman/,شركة تركيب فورسيلنج في عجمان ماكس آرت — أسقف مشدودة وفورسيلنج بكل الأشكال. اتصل 0500000000.
2612,2026-05-29T12:44:21,515,8,0,3219,ajman,شركة تكسير وترميم حمامات في عجمان,sharikat-taksir-w-tarmim-hammam-fi-ajman,https://max-art-ae.com/sharikat-taksir-w-tarmim-hammam-fi-ajman/,شركة تكسير وترميم حمامات في عجمان ماكس آرت — تجديد كامل للحمامات بأحدث التصاميم. اتصل 0500000000.
2611,2026-05-29T12:44:20,522,8,0,2585,ajman,شركة تركيب أبواب أكورديون في عجمان,sharikat-tarkib-abwab-accordion-fi-ajman,https://max-art-ae.com/sharikat-tarkib-abwab-accordion-fi-ajman/,شركة تركيب أبواب أكورديون في عجمان ماكس آرت — توفير المساحة بأبواب عملية وجميلة. اتصل 0500000000.
2610,2026-05-29T12:44:19,534,8,0,2585,ajman,شركة تركيب ورق الجدران في عجمان,sharikat-tarkib-waraq-judran-fi-ajman,https://max-art-ae.com/sharikat-tarkib-waraq-judran-fi-ajman/,شركة تركيب ورق الجدران في عجمان ماكس آرت — تركيب احترافي لكل أنواع الورق. اتصل 0500000000.
2609,2026-05-29T12:44:17,525,8,0,2585,ajman,شركة تركيب بديل الحجر في عجمان,sharikat-tarkib-badil-hajar-fi-ajman,https://max-art-ae.com/sharikat-tarkib-badil-hajar-fi-ajman/,شركة تركيب بديل الحجر في عجمان ماكس آرت — واجهات وجدران بديل الحجر. تركيب احترافي. اتصل 0500000000.
2608,2026-05-29T12:44:16,489,8,0,2585,ajman,شركة تركيب رخام وجرانيت في عجمان,sharikat-tarkib-rakkham-fi-ajman,https://max-art-ae.com/sharikat-tarkib-rakkham-fi-ajman/,شركة تركيب رخام وجرانيت في عجمان ماكس آرت — توريد وتركيب وتلميع بيد الخبراء. اتصل 0500000000.
2607,2026-05-29T12:44:15,486,8,0,3219,ajman,شركة تفصيل خزائن مطابخ في عجمان,sharikat-tafsal-khazain-fi-ajman,https://max-art-ae.com/sharikat-tafsal-khazain-fi-ajman/,شركة تفصيل خزائن مطابخ في عجمان ماكس آرت — خزائن بالقياس بأفضل الخامات. اتصل 0500000000.
2606,2026-05-29T12:44:14,485,8,0,3219,ajman,شركة تصميم مطابخ في عجمان,sharikat-tasmim-matabikh-fi-ajman,https://max-art-ae.com/sharikat-tasmim-matabikh-fi-ajman/,شركة تصميم مطابخ في عجمان ماكس آرت — تصميم 3D مجاني وتركيب احترافي. اتصل 0500000000.
2605,2026-05-29T12:44:13,482,8,0,3219,ajman,شركة تركيب زجاج وألوميتال في عجمان,sharikat-tarkib-zujaj-fi-ajman,https://max-art-ae.com/sharikat-tarkib-zujaj-fi-ajman/,شركة تركيب زجاج وألوميتال في عجمان ماكس آرت — نوافذ وأبواب وبارتيشن. جودة وضمان. اتصل 0500000000.
2604,2026-05-29T12:44:11,493,8,0,3219,ajman,شركة صيانة كهرباء في عجمان,sharikat-siana-kahrabaa-fi-ajman,https://max-art-ae.com/sharikat-siana-kahrabaa-fi-ajman/,شركة صيانة كهرباء في عجمان ماكس آرت — كهربائيون مرخصون، خدمة طوارئ 24/7. اتصل 0500000000.
2603,2026-05-29T12:44:10,490,8,0,3219,ajman,شركة صيانة مباني في عجمان,sharikat-siana-mabani-fi-ajman,https://max-art-ae.com/sharikat-siana-mabani-fi-ajman/,شركة صيانة مباني في عجمان ماكس آرت — صيانة شاملة ترميم وتجديد. اتصل 0500000000.
2602,2026-05-29T12:44:08,491,8,0,3219,ajman,شركة دهانات في عجمان,sharikat-dahanat-fi-ajman,https://max-art-ae.com/sharikat-dahanat-fi-ajman/,شركة دهانات في عجمان ماكس آرت — دهان داخلي وخارجي احترافي بأفضل الأصناف. اتصل 0500000000.
2601,2026-05-29T12:44:07,522,8,0,2585,sharjah,شركة تركيب رخام وجرانيت في الشارقة,sharikat-tarkib-rakkham-fi-sharjah,https://max-art-ae.com/sharikat-tarkib-rakkham-fi-sharjah/,شركة تركيب رخام وجرانيت في الشارقة ماكس آرت — توريد وتركيب وتلميع الرخام بأيدي خبيرة. اتصل 0500000000.
2600,2026-05-29T12:44:05,516,8,0,2585,sharjah,شركة تفصيل خزائن مطابخ في الشارقة,sharikat-tafsal-khazain-fi-sharjah,https://max-art-ae.com/sharikat-tafsal-khazain-fi-sharjah/,شركة تفصيل خزائن مطابخ في الشارقة ماكس آرت — خزائن بالقياس بأفضل الخامات. تصميم مجاني. اتصل 0500000000.
2599,2026-05-29T12:44:04,516,8,0,2585,sharjah,شركة تصميم مطابخ في الشارقة,sharikat-tasmim-matabikh-fi-sharjah,https://max-art-ae.com/sharikat-tasmim-matabikh-fi-sharjah/,شركة تصميم مطابخ في الشارقة ماكس آرت — تصميم وتركيب مطابخ عصرية وكلاسيكية. تصميم 3D مجاني. اتصل 0500000000.
2598,2026-05-29T12:44:03,537,8,0,2585,sharjah,شركة تركيب زجاج وألوميتال في الشارقة,sharikat-tarkib-zujaj-fi-sharjah,https://max-art-ae.com/sharikat-tarkib-zujaj-fi-sharjah/,شركة تركيب زجاج وألوميتال في الشارقة ماكس آرت — واجهات، نوافذ، أبواب، بارتيشن. جودة عالية وضمان. اتصل 0500000000.
2597,2026-05-29T12:44:01,530,8,0,2526,sharjah,شركة صيانة كهرباء في الشارقة,sharikat-siana-kahrabaa-fi-sharjah,https://max-art-ae.com/sharikat-siana-kahrabaa-fi-sharjah/,شركة صيانة كهرباء في الشارقة ماكس آرت — كهربائيون مرخصون، إصلاح وتركيب، خدمة 24/7. اتصل 0500000000.
2596,2026-05-29T12:44:00,536,8,0,2526,sharjah,شركة صيانة مباني في الشارقة,sharikat-siana-mabani-fi-sharjah,https://max-art-ae.com/sharikat-siana-mabani-fi-sharjah/,شركة صيانة مباني في الشارقة ماكس آرت — صيانة شاملة ترميم وتجديد لكل أنواع المباني. اتصل 0500000000.
2595,2026-05-29T12:43:59,550,8,0,2526,sharjah,شركة دهانات في الشارقة,sharikat-dahanat-fi-sharjah,https://max-art-ae.com/sharikat-dahanat-fi-sharjah/,شركة دهانات في الشارقة ماكس آرت — دهان داخلي وخارجي احترافي بأفضل المواد. ضمان سنة. اتصل 0500000000.
2594,2026-05-29T12:43:59,628,8,0,2585,dubai,شركة تركيب رخام وجرانيت في دبي,sharikat-tarkib-rakkham-fi-dubai,https://max-art-ae.com/sharikat-tarkib-rakkham-fi-dubai/,شركة تركيب رخام وجرانيت في دبي ماكس آرت — تركيب وتلميع وتجليخ رخام بأيدي خبيرة. ضمان كامل. اتصل 0500000000.
2593,2026-05-29T12:43:58,638,8,0,2585,dubai,شركة تفصيل خزائن مطابخ في دبي,sharikat-tafsal-khazain-fi-dubai,https://max-art-ae.com/sharikat-tafsal-khazain-fi-dubai/,شركة تفصيل خزائن مطابخ في دبي ماكس آرت — خزائن بالقياس بأفضل الخامات. تصميم مجاني وتركيب احترافي. اتصل 0500000000.
2592,2026-05-29T12:43:57,634,8,0,2585,dubai,شركة تصميم مطابخ في دبي,sharikat-tasmim-matabikh-fi-dubai,https://max-art-ae.com/sharikat-tasmim-matabikh-fi-dubai/,شركة تصميم مطابخ في دبي ماكس آرت — تصميم وتركيب مطابخ عصرية وكلاسيكية بأفضل المواد. معاينة مجانية. اتصل 0500000000.
2591,2026-05-29T12:43:55,631,8,0,2585,dubai,شركة تركيب زجاج وألوميتال في دبي,sharikat-tarkib-zujaj-fi-dubai,https://max-art-ae.com/sharikat-tarkib-zujaj-fi-dubai/,شركة تركيب زجاج وألوميتال في دبي ماكس آرت — واجهات زجاجية، أبواب وشبابيك ألوميتال، بارتيشن. جودة عالية وضمان. اتصل 0500000000.
2590,2026-05-29T12:43:54,649,8,0,2585,dubai,شركة صيانة كهرباء في دبي,sharikat-siana-kahrabaa-fi-dubai,https://max-art-ae.com/sharikat-siana-kahrabaa-fi-dubai/,شركة صيانة كهرباء في دبي ماكس آرت — كهربائيون مرخصون، إصلاح وتركيب وصيانة كاملة. خدمة 24/7. اتصل 0500000000.
2589,2026-05-29T12:43:53,663,8,0,2585,dubai,شركة صيانة مباني في دبي,sharikat-siana-mabani-fi-dubai,https://max-art-ae.com/sharikat-siana-mabani-fi-dubai/,شركة صيانة مباني في دبي ماكس آرت — صيانة شاملة للمباني السكنية والتجارية، ترميم وتجديد، فريق متكامل. اتصل 0500000000.
2588,2026-05-29T12:43:52,732,8,0,2585,dubai,شركة دهانات في دبي,sharikat-dahanat-fi-dubai,https://max-art-ae.com/sharikat-dahanat-fi-dubai/,شركة دهانات في دبي ماكس آرت — دهان داخلي وخارجي احترافي لكل أنواع المباني بأفضل المواد. معاينة مجانية وضمان سنة. اتصل 0500000000.
2682,2026-05-08T05:34:50,1403,8,4,2585,dubai,شركة كشف تسربات المياه في دبي,shrkh-kshf-tsrbat-almyah-fy-dby,https://max-art-ae.com/shrkh-kshf-tsrbat-almyah-fy-dby/,✍️ كتب هذا المقال: م. خالد المطيري — متخصص خدمات المنازل، شهادة ISO 9001 | 📅 آخر تحديث: أبريل 2026 | ✅ مراجعة: فريق ركن التطور كل ما تحتاج معرفته عن كشف تسربات المياه في دبي 2026 كشف تسربات المياه في دبي هي خدمة متخصصة تُقدّمها شركات محترفة
2683,2026-05-08T05:34:49,1402,8,4,2585,abu-dhabi,شركة كشف تسربات المياه في أبوظبي,shrkh-kshf-tsrbat-almyah-fy-abwzby,https://max-art-ae.com/shrkh-kshf-tsrbat-almyah-fy-abwzby/,✍️ كتب هذا المقال: م. خالد المطيري — متخصص خدمات المنازل، شهادة ISO 9001 | 📅 آخر تحديث: أبريل 2026 | ✅ مراجعة: فريق ركن التطور كل ما تحتاج معرفته عن كشف تسربات المياه في أبوظبي 2026 كشف تسربات المياه في أبوظبي هي خدمة متخصصة تُقدّمها شركات 
2685,2026-05-08T05:34:48,1408,8,4,2585,al-ain,شركة كشف تسربات المياه في العين,shrkh-kshf-tsrbat-almyah-fy-alayn,https://max-art-ae.com/shrkh-kshf-tsrbat-almyah-fy-alayn/,✍️ كتب هذا المقال: م. خالد المطيري — متخصص خدمات المنازل، شهادة ISO 9001 | 📅 آخر تحديث: أبريل 2026 | ✅ مراجعة: فريق ركن التطور كل ما تحتاج معرفته عن كشف تسربات المياه في العين 2026 كشف تسربات المياه في العين هي خدمة متخصصة تُقدّمها شركات مح
2684,2026-05-08T05:34:48,1410,8,4,2585,sharjah,شركة كشف تسربات المياه في الشارقة,shrkh-kshf-tsrbat-almyah-fy-alsharqh,https://max-art-ae.com/shrkh-kshf-tsrbat-almyah-fy-alsharqh/,✍️ كتب هذا المقال: م. خالد المطيري — متخصص خدمات المنازل، شهادة ISO 9001 | 📅 آخر تحديث: أبريل 2026 | ✅ مراجعة: فريق ركن التطور كل ما تحتاج معرفته عن كشف تسربات المياه في الشارقة 2026 كشف تسربات المياه في الشارقة هي خدمة متخصصة تُقدّمها شركا
2686,2026-05-08T05:34:47,1412,8,4,2585,ajman,شركة كشف تسربات المياه في عجمان,shrkh-kshf-tsrbat-almyah-fy-ajman,https://max-art-ae.com/shrkh-kshf-tsrbat-almyah-fy-ajman/,✍️ كتب هذا المقال: م. خالد المطيري — متخصص خدمات المنازل، شهادة ISO 9001 | 📅 آخر تحديث: أبريل 2026 | ✅ مراجعة: فريق ركن التطور كل ما تحتاج معرفته عن كشف تسربات المياه في عجمان 2026 كشف تسربات المياه في عجمان هي خدمة متخصصة تُقدّمها شركات مح
2687,2026-05-08T05:34:46,1438,8,4,2585,rak,شركة كشف تسربات المياه في رأس الخيمة,shrkh-kshf-tsrbat-almyah-fy-ras-alkhymh,https://max-art-ae.com/shrkh-kshf-tsrbat-almyah-fy-ras-alkhymh/,✍️ كتب هذا المقال: م. خالد المطيري — متخصص خدمات المنازل، شهادة ISO 9001 | 📅 آخر تحديث: أبريل 2026 | ✅ مراجعة: فريق ركن التطور كل ما تحتاج معرفته عن كشف تسربات المياه في رأس الخيمة 2026 كشف تسربات المياه في رأس الخيمة هي خدمة متخصصة تُقدّمه
2688,2026-05-08T05:34:45,1412,8,4,2585,fujairah,شركة كشف تسربات المياه في الفجيرة,shrkh-kshf-tsrbat-almyah-fy-alfjyrh,https://max-art-ae.com/shrkh-kshf-tsrbat-almyah-fy-alfjyrh/,✍️ كتب هذا المقال: م. خالد المطيري — متخصص خدمات المنازل، شهادة ISO 9001 | 📅 آخر تحديث: أبريل 2026 | ✅ مراجعة: فريق ركن التطور كل ما تحتاج معرفته عن كشف تسربات المياه في الفجيرة 2026 كشف تسربات المياه في الفجيرة هي خدمة متخصصة تُقدّمها شركا
2689,2026-05-08T05:34:44,1442,8,4,2585,uaq,شركة كشف تسربات المياه في أم القيوين,shrkh-kshf-tsrbat-almyah-fy-am-alqywyn,https://max-art-ae.com/shrkh-kshf-tsrbat-almyah-fy-am-alqywyn/,✍️ كتب هذا المقال: م. خالد المطيري — متخصص خدمات المنازل، شهادة ISO 9001 | 📅 آخر تحديث: أبريل 2026 | ✅ مراجعة: فريق ركن التطور كل ما تحتاج معرفته عن كشف تسربات المياه في أم القيوين 2026 كشف تسربات المياه في أم القيوين هي خدمة متخصصة تُقدّمه
2690,2026-05-08T05:34:43,1418,8,4,2585,khorfakkan,شركة كشف تسربات المياه في خورفكان,shrkh-kshf-tsrbat-almyah-fy-khwrfkan,https://max-art-ae.com/shrkh-kshf-tsrbat-almyah-fy-khwrfkan/,✍️ كتب هذا المقال: م. خالد المطيري — متخصص خدمات المنازل، شهادة ISO 9001 | 📅 آخر تحديث: أبريل 2026 | ✅ مراجعة: فريق ركن التطور كل ما تحتاج معرفته عن كشف تسربات المياه في خورفكان 2026 كشف تسربات المياه في خورفكان هي خدمة متخصصة تُقدّمها شركا
2691,2026-05-08T05:34:42,1411,8,4,2585,unknown,شركة كشف تسربات المياه في كلباء,shrkh-kshf-tsrbat-almyah-fy-klba,https://max-art-ae.com/shrkh-kshf-tsrbat-almyah-fy-klba/,✍️ كتب هذا المقال: م. خالد المطيري — متخصص خدمات المنازل، شهادة ISO 9001 | 📅 آخر تحديث: أبريل 2026 | ✅ مراجعة: فريق ركن التطور كل ما تحتاج معرفته عن كشف تسربات المياه في كلباء 2026 كشف تسربات المياه في كلباء هي خدمة متخصصة تُقدّمها شركات مح
2692,2026-05-08T05:34:41,1419,8,4,2585,unknown,شركة كشف تسربات المياه في الذيد,shrkh-kshf-tsrbat-almyah-fy-aldhyd,https://max-art-ae.com/shrkh-kshf-tsrbat-almyah-fy-aldhyd/,✍️ كتب هذا المقال: م. خالد المطيري — متخصص خدمات المنازل، شهادة ISO 9001 | 📅 آخر تحديث: أبريل 2026 | ✅ مراجعة: فريق ركن التطور كل ما تحتاج معرفته عن كشف تسربات المياه في الذيد 2026 كشف تسربات المياه في الذيد هي خدمة متخصصة تُقدّمها شركات مح
2693,2026-05-08T05:34:40,1403,8,4,2585,unknown,شركة كشف تسربات المياه في حتا,shrkh-kshf-tsrbat-almyah-fy-hta,https://max-art-ae.com/shrkh-kshf-tsrbat-almyah-fy-hta/,✍️ كتب هذا المقال: م. خالد المطيري — متخصص خدمات المنازل، شهادة ISO 9001 | 📅 آخر تحديث: أبريل 2026 | ✅ مراجعة: فريق ركن التطور كل ما تحتاج معرفته عن كشف تسربات المياه في حتا 2026 كشف تسربات المياه في حتا هي خدمة متخصصة تُقدّمها شركات محترفة
2695,2026-05-08T05:34:39,1440,8,4,2585,dubai,شركة كشف تسربات المياه في بر دبي,shrkh-kshf-tsrbat-almyah-fy-br-dby,https://max-art-ae.com/shrkh-kshf-tsrbat-almyah-fy-br-dby/,✍️ كتب هذا المقال: م. خالد المطيري — متخصص خدمات المنازل، شهادة ISO 9001 | 📅 آخر تحديث: أبريل 2026 | ✅ مراجعة: فريق ركن التطور كل ما تحتاج معرفته عن كشف تسربات المياه في بر دبي 2026 كشف تسربات المياه في بر دبي هي خدمة متخصصة تُقدّمها شركات 
2694,2026-05-08T05:34:39,1413,8,4,2585,unknown,شركة كشف تسربات المياه في ديرة,shrkh-kshf-tsrbat-almyah-fy-dyrh,https://max-art-ae.com/shrkh-kshf-tsrbat-almyah-fy-dyrh/,✍️ كتب هذا المقال: م. خالد المطيري — متخصص خدمات المنازل، شهادة ISO 9001 | 📅 آخر تحديث: أبريل 2026 | ✅ مراجعة: فريق ركن التطور كل ما تحتاج معرفته عن كشف تسربات المياه في ديرة 2026 كشف تسربات المياه في ديرة هي خدمة متخصصة تُقدّمها شركات محتر
2696,2026-05-08T05:34:38,1412,8,4,2585,unknown,شركة كشف تسربات المياه في الجميرا,shrkh-kshf-tsrbat-almyah-fy-aljmyra,https://max-art-ae.com/shrkh-kshf-tsrbat-almyah-fy-aljmyra/,✍️ كتب هذا المقال: م. خالد المطيري — متخصص خدمات المنازل، شهادة ISO 9001 | 📅 آخر تحديث: أبريل 2026 | ✅ مراجعة: فريق ركن التطور كل ما تحتاج معرفته عن كشف تسربات المياه في الجميرا 2026 كشف تسربات المياه في الجميرا هي خدمة متخصصة تُقدّمها شركا
2697,2026-05-08T05:34:37,1418,8,4,2585,unknown,شركة كشف تسربات المياه في البرشاء,shrkh-kshf-tsrbat-almyah-fy-albrsha,https://max-art-ae.com/shrkh-kshf-tsrbat-almyah-fy-albrsha/,✍️ كتب هذا المقال: م. خالد المطيري — متخصص خدمات المنازل، شهادة ISO 9001 | 📅 آخر تحديث: أبريل 2026 | ✅ مراجعة: فريق ركن التطور كل ما تحتاج معرفته عن كشف تسربات المياه في البرشاء 2026 كشف تسربات المياه في البرشاء هي خدمة متخصصة تُقدّمها شركا
2698,2026-05-08T05:34:36,1424,8,4,2585,unknown,شركة كشف تسربات المياه في مردف,shrkh-kshf-tsrbat-almyah-fy-mrdf,https://max-art-ae.com/shrkh-kshf-tsrbat-almyah-fy-mrdf/,✍️ كتب هذا المقال: م. خالد المطيري — متخصص خدمات المنازل، شهادة ISO 9001 | 📅 آخر تحديث: أبريل 2026 | ✅ مراجعة: فريق ركن التطور كل ما تحتاج معرفته عن كشف تسربات المياه في مردف 2026 كشف تسربات المياه في مردف هي خدمة متخصصة تُقدّمها شركات محتر
2699,2026-05-08T05:34:35,1416,8,4,2585,unknown,شركة كشف تسربات المياه في الخوانيج,shrkh-kshf-tsrbat-almyah-fy-alkhwanyj,https://max-art-ae.com/shrkh-kshf-tsrbat-almyah-fy-alkhwanyj/,✍️ كتب هذا المقال: م. خالد المطيري — متخصص خدمات المنازل، شهادة ISO 9001 | 📅 آخر تحديث: أبريل 2026 | ✅ مراجعة: فريق ركن التطور كل ما تحتاج معرفته عن كشف تسربات المياه في الخوانيج 2026 كشف تسربات المياه في الخوانيج هي خدمة متخصصة تُقدّمها شر
2700,2026-05-08T05:34:34,1418,8,4,2585,unknown,شركة كشف تسربات المياه في الورقاء,shrkh-kshf-tsrbat-almyah-fy-alwrqa,https://max-art-ae.com/shrkh-kshf-tsrbat-almyah-fy-alwrqa/,✍️ كتب هذا المقال: م. خالد المطيري — متخصص خدمات المنازل، شهادة ISO 9001 | 📅 آخر تحديث: أبريل 2026 | ✅ مراجعة: فريق ركن التطور كل ما تحتاج معرفته عن كشف تسربات المياه في الورقاء 2026 كشف تسربات المياه في الورقاء هي خدمة متخصصة تُقدّمها شركا
2701,2026-05-08T05:34:33,1412,8,4,2585,unknown,شركة كشف تسربات المياه في القوز,shrkh-kshf-tsrbat-almyah-fy-alqwz,https://max-art-ae.com/shrkh-kshf-tsrbat-almyah-fy-alqwz/,✍️ كتب هذا المقال: م. خالد المطيري — متخصص خدمات المنازل، شهادة ISO 9001 | 📅 آخر تحديث: أبريل 2026 | ✅ مراجعة: فريق ركن التطور كل ما تحتاج معرفته عن كشف تسربات المياه في القوز 2026 كشف تسربات المياه في القوز هي خدمة متخصصة تُقدّمها شركات مح
2702,2026-05-08T05:34:32,1439,8,4,2585,unknown,شركة كشف تسربات المياه في جبل علي,shrkh-kshf-tsrbat-almyah-fy-jbl-aly,https://max-art-ae.com/shrkh-kshf-tsrbat-almyah-fy-jbl-aly/,✍️ كتب هذا المقال: م. خالد المطيري — متخصص خدمات المنازل، شهادة ISO 9001 | 📅 آخر تحديث: أبريل 2026 | ✅ مراجعة: فريق ركن التطور كل ما تحتاج معرفته عن كشف تسربات المياه في جبل علي 2026 كشف تسربات المياه في جبل علي هي خدمة متخصصة تُقدّمها شركا
2704,2026-05-08T05:34:31,1505,8,4,2585,unknown,شركة كشف تسربات المياه في مدينة محمد بن زايد,shrkh-kshf-tsrbat-almyah-fy-mdynh-mhmd-bn-zayd,https://max-art-ae.com/shrkh-kshf-tsrbat-almyah-fy-mdynh-mhmd-bn-zayd/,✍️ كتب هذا المقال: م. خالد المطيري — متخصص خدمات المنازل، شهادة ISO 9001 | 📅 آخر تحديث: أبريل 2026 | ✅ مراجعة: فريق ركن التطور كل ما تحتاج معرفته عن كشف تسربات المياه في مدينة محمد بن زايد 2026 كشف تسربات المياه في مدينة محمد بن زايد هي خدم
2703,2026-05-08T05:34:31,1448,8,4,2585,unknown,شركة كشف تسربات المياه في مدينة خليفة,shrkh-kshf-tsrbat-almyah-fy-mdynh-khlyfh,https://max-art-ae.com/shrkh-kshf-tsrbat-almyah-fy-mdynh-khlyfh/,✍️ كتب هذا المقال: م. خالد المطيري — متخصص خدمات المنازل، شهادة ISO 9001 | 📅 آخر تحديث: أبريل 2026 | ✅ مراجعة: فريق ركن التطور كل ما تحتاج معرفته عن كشف تسربات المياه في مدينة خليفة 2026 كشف تسربات المياه في مدينة خليفة هي خدمة متخصصة تُقدّ
2705,2026-05-08T05:34:30,1440,8,4,2585,unknown,شركة كشف تسربات المياه في مدينة شخبوط,shrkh-kshf-tsrbat-almyah-fy-mdynh-shkhbwt,https://max-art-ae.com/shrkh-kshf-tsrbat-almyah-fy-mdynh-shkhbwt/,✍️ كتب هذا المقال: م. خالد المطيري — متخصص خدمات المنازل، شهادة ISO 9001 | 📅 آخر تحديث: أبريل 2026 | ✅ مراجعة: فريق ركن التطور كل ما تحتاج معرفته عن كشف تسربات المياه في مدينة شخبوط 2026 كشف تسربات المياه في مدينة شخبوط هي خدمة متخصصة تُقدّ
2706,2026-05-08T05:34:29,1449,8,4,2585,unknown,شركة كشف تسربات المياه في بني ياس,shrkh-kshf-tsrbat-almyah-fy-bny-yas,https://max-art-ae.com/shrkh-kshf-tsrbat-almyah-fy-bny-yas/,✍️ كتب هذا المقال: م. خالد المطيري — متخصص خدمات المنازل، شهادة ISO 9001 | 📅 آخر تحديث: أبريل 2026 | ✅ مراجعة: فريق ركن التطور كل ما تحتاج معرفته عن كشف تسربات المياه في بني ياس 2026 كشف تسربات المياه في بني ياس هي خدمة متخصصة تُقدّمها شركا
2707,2026-05-08T05:34:28,1413,8,4,2585,unknown,شركة كشف تسربات المياه في المصفح,shrkh-kshf-tsrbat-almyah-fy-almsfh,https://max-art-ae.com/shrkh-kshf-tsrbat-almyah-fy-almsfh/,✍️ كتب هذا المقال: م. خالد المطيري — متخصص خدمات المنازل، شهادة ISO 9001 | 📅 آخر تحديث: أبريل 2026 | ✅ مراجعة: فريق ركن التطور كل ما تحتاج معرفته عن كشف تسربات المياه في المصفح 2026 كشف تسربات المياه في المصفح هي خدمة متخصصة تُقدّمها شركات 
2708,2026-05-08T05:34:27,1406,8,4,2585,unknown,شركة كشف تسربات المياه في الشهامة,shrkh-kshf-tsrbat-almyah-fy-alshhamh,https://max-art-ae.com/shrkh-kshf-tsrbat-almyah-fy-alshhamh/,✍️ كتب هذا المقال: م. خالد المطيري — متخصص خدمات المنازل، شهادة ISO 9001 | 📅 آخر تحديث: أبريل 2026 | ✅ مراجعة: فريق ركن التطور كل ما تحتاج معرفته عن كشف تسربات المياه في الشهامة 2026 كشف تسربات المياه في الشهامة هي خدمة متخصصة تُقدّمها شركا
2709,2026-05-08T05:34:26,1412,8,4,2585,unknown,شركة كشف تسربات المياه في الرحبة,shrkh-kshf-tsrbat-almyah-fy-alrhbh,https://max-art-ae.com/shrkh-kshf-tsrbat-almyah-fy-alrhbh/,✍️ كتب هذا المقال: م. خالد المطيري — متخصص خدمات المنازل، شهادة ISO 9001 | 📅 آخر تحديث: أبريل 2026 | ✅ مراجعة: فريق ركن التطور كل ما تحتاج معرفته عن كشف تسربات المياه في الرحبة 2026 كشف تسربات المياه في الرحبة هي خدمة متخصصة تُقدّمها شركات 
2710,2026-05-08T05:34:24,1411,8,4,2585,unknown,شركة كشف تسربات المياه في اليحر,shrkh-kshf-tsrbat-almyah-fy-alyhr,https://max-art-ae.com/shrkh-kshf-tsrbat-almyah-fy-alyhr/,✍️ كتب هذا المقال: م. خالد المطيري — متخصص خدمات المنازل، شهادة ISO 9001 | 📅 آخر تحديث: أبريل 2026 | ✅ مراجعة: فريق ركن التطور كل ما تحتاج معرفته عن كشف تسربات المياه في اليحر 2026 كشف تسربات المياه في اليحر هي خدمة متخصصة تُقدّمها شركات مح
2711,2026-05-08T05:34:23,1412,8,4,2585,unknown,شركة كشف تسربات المياه في المقام,shrkh-kshf-tsrbat-almyah-fy-almqam,https://max-art-ae.com/shrkh-kshf-tsrbat-almyah-fy-almqam/,✍️ كتب هذا المقال: م. خالد المطيري — متخصص خدمات المنازل، شهادة ISO 9001 | 📅 آخر تحديث: أبريل 2026 | ✅ مراجعة: فريق ركن التطور كل ما تحتاج معرفته عن كشف تسربات المياه في المقام 2026 كشف تسربات المياه في المقام هي خدمة متخصصة تُقدّمها شركات 
2712,2026-05-08T05:34:21,1407,8,4,2585,unknown,شركة كشف تسربات المياه في الصاروج,shrkh-kshf-tsrbat-almyah-fy-alsarwj,https://max-art-ae.com/shrkh-kshf-tsrbat-almyah-fy-alsarwj/,✍️ كتب هذا المقال: م. خالد المطيري — متخصص خدمات المنازل، شهادة ISO 9001 | 📅 آخر تحديث: أبريل 2026 | ✅ مراجعة: فريق ركن التطور كل ما تحتاج معرفته عن كشف تسربات المياه في الصاروج 2026 كشف تسربات المياه في الصاروج هي خدمة متخصصة تُقدّمها شركا
2713,2026-05-08T05:34:20,1415,8,4,2585,unknown,شركة كشف تسربات المياه في المجاز,shrkh-kshf-tsrbat-almyah-fy-almjaz,https://max-art-ae.com/shrkh-kshf-tsrbat-almyah-fy-almjaz/,✍️ كتب هذا المقال: م. خالد المطيري — متخصص خدمات المنازل، شهادة ISO 9001 | 📅 آخر تحديث: أبريل 2026 | ✅ مراجعة: فريق ركن التطور كل ما تحتاج معرفته عن كشف تسربات المياه في المجاز 2026 كشف تسربات المياه في المجاز هي خدمة متخصصة تُقدّمها شركات 
2714,2026-05-08T05:34:19,1404,8,4,2585,unknown,شركة كشف تسربات المياه في التعاون,shrkh-kshf-tsrbat-almyah-fy-altaawn,https://max-art-ae.com/shrkh-kshf-tsrbat-almyah-fy-altaawn/,✍️ كتب هذا المقال: م. خالد المطيري — متخصص خدمات المنازل، شهادة ISO 9001 | 📅 آخر تحديث: أبريل 2026 | ✅ مراجعة: فريق ركن التطور كل ما تحتاج معرفته عن كشف تسربات المياه في التعاون 2026 كشف تسربات المياه في التعاون هي خدمة متخصصة تُقدّمها شركا
2715,2026-05-08T05:34:18,1405,8,4,2585,unknown,شركة كشف تسربات المياه في النهضة,shrkh-kshf-tsrbat-almyah-fy-alnhdh,https://max-art-ae.com/shrkh-kshf-tsrbat-almyah-fy-alnhdh/,✍️ كتب هذا المقال: م. خالد المطيري — متخصص خدمات المنازل، شهادة ISO 9001 | 📅 آخر تحديث: أبريل 2026 | ✅ مراجعة: فريق ركن التطور كل ما تحتاج معرفته عن كشف تسربات المياه في النهضة 2026 كشف تسربات المياه في النهضة هي خدمة متخصصة تُقدّمها شركات 
2716,2026-05-08T05:34:16,1407,8,4,2585,unknown,شركة كشف تسربات المياه في اليرموك,shrkh-kshf-tsrbat-almyah-fy-alyrmwk,https://max-art-ae.com/shrkh-kshf-tsrbat-almyah-fy-alyrmwk/,✍️ كتب هذا المقال: م. خالد المطيري — متخصص خدمات المنازل، شهادة ISO 9001 | 📅 آخر تحديث: أبريل 2026 | ✅ مراجعة: فريق ركن التطور كل ما تحتاج معرفته عن كشف تسربات المياه في اليرموك 2026 كشف تسربات المياه في اليرموك هي خدمة متخصصة تُقدّمها شركا
2717,2026-05-08T05:34:15,1398,8,4,2585,unknown,شركة كشف تسربات المياه في الرحمانية,shrkh-kshf-tsrbat-almyah-fy-alrhmanyh,https://max-art-ae.com/shrkh-kshf-tsrbat-almyah-fy-alrhmanyh/,✍️ كتب هذا المقال: م. خالد المطيري — متخصص خدمات المنازل، شهادة ISO 9001 | 📅 آخر تحديث: أبريل 2026 | ✅ مراجعة: فريق ركن التطور كل ما تحتاج معرفته عن كشف تسربات المياه في الرحمانية 2026 كشف تسربات المياه في الرحمانية هي خدمة متخصصة تُقدّمها 
2718,2026-05-08T05:34:14,1401,8,4,2585,unknown,شركة كشف تسربات المياه في السيوح,shrkh-kshf-tsrbat-almyah-fy-alsywh,https://max-art-ae.com/shrkh-kshf-tsrbat-almyah-fy-alsywh/,✍️ كتب هذا المقال: م. خالد المطيري — متخصص خدمات المنازل، شهادة ISO 9001 | 📅 آخر تحديث: أبريل 2026 | ✅ مراجعة: فريق ركن التطور كل ما تحتاج معرفته عن كشف تسربات المياه في السيوح 2026 كشف تسربات المياه في السيوح هي خدمة متخصصة تُقدّمها شركات 
2719,2026-05-08T05:34:13,1407,8,4,2585,unknown,شركة كشف تسربات المياه في مويلح,shrkh-kshf-tsrbat-almyah-fy-mwylh,https://max-art-ae.com/shrkh-kshf-tsrbat-almyah-fy-mwylh/,✍️ كتب هذا المقال: م. خالد المطيري — متخصص خدمات المنازل، شهادة ISO 9001 | 📅 آخر تحديث: أبريل 2026 | ✅ مراجعة: فريق ركن التطور كل ما تحتاج معرفته عن كشف تسربات المياه في مويلح 2026 كشف تسربات المياه في مويلح هي خدمة متخصصة تُقدّمها شركات مح
2720,2026-05-08T05:34:11,1420,8,4,2585,unknown,شركة كشف تسربات المياه في الروضة,shrkh-kshf-tsrbat-almyah-fy-alrwdh,https://max-art-ae.com/shrkh-kshf-tsrbat-almyah-fy-alrwdh/,✍️ كتب هذا المقال: م. خالد المطيري — متخصص خدمات المنازل، شهادة ISO 9001 | 📅 آخر تحديث: أبريل 2026 | ✅ مراجعة: فريق ركن التطور كل ما تحتاج معرفته عن كشف تسربات المياه في الروضة 2026 كشف تسربات المياه في الروضة هي خدمة متخصصة تُقدّمها شركات 
2721,2026-05-08T05:34:10,1400,8,4,2585,unknown,شركة كشف تسربات المياه في المويهات,shrkh-kshf-tsrbat-almyah-fy-almwyhat,https://max-art-ae.com/shrkh-kshf-tsrbat-almyah-fy-almwyhat/,✍️ كتب هذا المقال: م. خالد المطيري — متخصص خدمات المنازل، شهادة ISO 9001 | 📅 آخر تحديث: أبريل 2026 | ✅ مراجعة: فريق ركن التطور كل ما تحتاج معرفته عن كشف تسربات المياه في المويهات 2026 كشف تسربات المياه في المويهات هي خدمة متخصصة تُقدّمها شر
2722,2026-05-08T05:34:08,1405,8,4,2585,unknown,شركة كشف تسربات المياه في الحميدية,shrkh-kshf-tsrbat-almyah-fy-alhmydyh,https://max-art-ae.com/shrkh-kshf-tsrbat-almyah-fy-alhmydyh/,✍️ كتب هذا المقال: م. خالد المطيري — متخصص خدمات المنازل، شهادة ISO 9001 | 📅 آخر تحديث: أبريل 2026 | ✅ مراجعة: فريق ركن التطور كل ما تحتاج معرفته عن كشف تسربات المياه في الحميدية 2026 كشف تسربات المياه في الحميدية هي خدمة متخصصة تُقدّمها شر
2723,2026-05-08T05:34:07,1405,8,4,2585,unknown,شركة كشف تسربات المياه في الجرف,shrkh-kshf-tsrbat-almyah-fy-aljrf,https://max-art-ae.com/shrkh-kshf-tsrbat-almyah-fy-aljrf/,✍️ كتب هذا المقال: م. خالد المطيري — متخصص خدمات المنازل، شهادة ISO 9001 | 📅 آخر تحديث: أبريل 2026 | ✅ مراجعة: فريق ركن التطور كل ما تحتاج معرفته عن كشف تسربات المياه في الجرف 2026 كشف تسربات المياه في الجرف هي خدمة متخصصة تُقدّمها شركات مح
2724,2026-05-08T05:34:06,1405,8,4,2585,unknown,شركة كشف تسربات المياه في النعيمية,shrkh-kshf-tsrbat-almyah-fy-alnaymyh,https://max-art-ae.com/shrkh-kshf-tsrbat-almyah-fy-alnaymyh/,✍️ كتب هذا المقال: م. خالد المطيري — متخصص خدمات المنازل، شهادة ISO 9001 | 📅 آخر تحديث: أبريل 2026 | ✅ مراجعة: فريق ركن التطور كل ما تحتاج معرفته عن كشف تسربات المياه في النعيمية 2026 كشف تسربات المياه في النعيمية هي خدمة متخصصة تُقدّمها شر
2725,2026-05-08T05:34:05,1409,8,4,2585,unknown,شركة كشف تسربات المياه في الظيت,shrkh-kshf-tsrbat-almyah-fy-alzyt,https://max-art-ae.com/shrkh-kshf-tsrbat-almyah-fy-alzyt/,✍️ كتب هذا المقال: م. خالد المطيري — متخصص خدمات المنازل، شهادة ISO 9001 | 📅 آخر تحديث: أبريل 2026 | ✅ مراجعة: فريق ركن التطور كل ما تحتاج معرفته عن كشف تسربات المياه في الظيت 2026 كشف تسربات المياه في الظيت هي خدمة متخصصة تُقدّمها شركات مح
2726,2026-05-08T05:34:03,1437,8,4,2585,unknown,شركة كشف تسربات المياه في الجزيرة الحمراء,shrkh-kshf-tsrbat-almyah-fy-aljzyrh-alhmra,https://max-art-ae.com/shrkh-kshf-tsrbat-almyah-fy-aljzyrh-alhmra/,✍️ كتب هذا المقال: م. خالد المطيري — متخصص خدمات المنازل، شهادة ISO 9001 | 📅 آخر تحديث: أبريل 2026 | ✅ مراجعة: فريق ركن التطور كل ما تحتاج معرفته عن كشف تسربات المياه في الجزيرة الحمراء 2026 كشف تسربات المياه في الجزيرة الحمراء هي خدمة متخص
2727,2026-05-08T05:34:02,1416,8,4,2585,unknown,شركة كشف تسربات المياه في السلمة,shrkh-kshf-tsrbat-almyah-fy-alslmh,https://max-art-ae.com/shrkh-kshf-tsrbat-almyah-fy-alslmh/,✍️ كتب هذا المقال: م. خالد المطيري — متخصص خدمات المنازل، شهادة ISO 9001 | 📅 آخر تحديث: أبريل 2026 | ✅ مراجعة: فريق ركن التطور كل ما تحتاج معرفته عن كشف تسربات المياه في السلمة 2026 كشف تسربات المياه في السلمة هي خدمة متخصصة تُقدّمها شركات 
2728,2026-05-08T05:34:01,1447,8,4,2585,fujairah,شركة كشف تسربات المياه في دبا الفجيرة,shrkh-kshf-tsrbat-almyah-fy-dba-alfjyrh,https://max-art-ae.com/shrkh-kshf-tsrbat-almyah-fy-dba-alfjyrh/,✍️ كتب هذا المقال: م. خالد المطيري — متخصص خدمات المنازل، شهادة ISO 9001 | 📅 آخر تحديث: أبريل 2026 | ✅ مراجعة: فريق ركن التطور كل ما تحتاج معرفته عن كشف تسربات المياه في دبا الفجيرة 2026 كشف تسربات المياه في دبا الفجيرة هي خدمة متخصصة تُقدّ
2730,2026-05-08T05:34:00,1450,8,4,2585,unknown,شركة كشف تسربات المياه في داماك هيلز,shrkh-kshf-tsrbat-almyah-fy-damak-hylz,https://max-art-ae.com/shrkh-kshf-tsrbat-almyah-fy-damak-hylz/,✍️ كتب هذا المقال: م. خالد المطيري — متخصص خدمات المنازل، شهادة ISO 9001 | 📅 آخر تحديث: أبريل 2026 | ✅ مراجعة: فريق ركن التطور كل ما تحتاج معرفته عن كشف تسربات المياه في داماك هيلز 2026 كشف تسربات المياه في داماك هيلز هي خدمة متخصصة تُقدّمه
2729,2026-05-08T05:34:00,1436,8,4,2585,unknown,شركة كشف تسربات المياه في المرابع العربية,shrkh-kshf-tsrbat-almyah-fy-almraba-alarbyh,https://max-art-ae.com/shrkh-kshf-tsrbat-almyah-fy-almraba-alarbyh/,✍️ كتب هذا المقال: م. خالد المطيري — متخصص خدمات المنازل، شهادة ISO 9001 | 📅 آخر تحديث: أبريل 2026 | ✅ مراجعة: فريق ركن التطور كل ما تحتاج معرفته عن كشف تسربات المياه في المرابع العربية 2026 كشف تسربات المياه في المرابع العربية هي خدمة متخص
2731,2026-05-08T05:33:59,1472,8,4,2585,dubai,شركة كشف تسربات المياه في واحة دبي للسيليكون,shrkh-kshf-tsrbat-almyah-fy-wahh-dby-llsylykwn,https://max-art-ae.com/shrkh-kshf-tsrbat-almyah-fy-wahh-dby-llsylykwn/,✍️ كتب هذا المقال: م. خالد المطيري — متخصص خدمات المنازل، شهادة ISO 9001 | 📅 آخر تحديث: أبريل 2026 | ✅ مراجعة: فريق ركن التطور كل ما تحتاج معرفته عن كشف تسربات المياه في واحة دبي للسيليكون 2026 كشف تسربات المياه في واحة دبي للسيليكون هي خدم
2732,2026-05-08T05:33:58,1477,8,4,2585,unknown,شركة كشف تسربات المياه في جميرا فيليج سيركل,shrkh-kshf-tsrbat-almyah-fy-jmyra-fylyj-syrkl,https://max-art-ae.com/shrkh-kshf-tsrbat-almyah-fy-jmyra-fylyj-syrkl/,✍️ كتب هذا المقال: م. خالد المطيري — متخصص خدمات المنازل، شهادة ISO 9001 | 📅 آخر تحديث: أبريل 2026 | ✅ مراجعة: فريق ركن التطور كل ما تحتاج معرفته عن كشف تسربات المياه في جميرا فيليج سيركل 2026 كشف تسربات المياه في جميرا فيليج سيركل هي خدمة 
2733,2026-05-08T05:33:57,1449,8,4,2585,unknown,شركة كشف تسربات المياه في نخلة جميرا,shrkh-kshf-tsrbat-almyah-fy-nkhlh-jmyra,https://max-art-ae.com/shrkh-kshf-tsrbat-almyah-fy-nkhlh-jmyra/,✍️ كتب هذا المقال: م. خالد المطيري — متخصص خدمات المنازل، شهادة ISO 9001 | 📅 آخر تحديث: أبريل 2026 | ✅ مراجعة: فريق ركن التطور كل ما تحتاج معرفته عن كشف تسربات المياه في نخلة جميرا 2026 كشف تسربات المياه في نخلة جميرا هي خدمة متخصصة تُقدّمه
2734,2026-05-08T05:33:56,1483,8,4,2585,dubai,شركة كشف تسربات المياه في وسط مدينة دبي,shrkh-kshf-tsrbat-almyah-fy-wst-mdynh-dby,https://max-art-ae.com/shrkh-kshf-tsrbat-almyah-fy-wst-mdynh-dby/,✍️ كتب هذا المقال: م. خالد المطيري — متخصص خدمات المنازل، شهادة ISO 9001 | 📅 آخر تحديث: أبريل 2026 | ✅ مراجعة: فريق ركن التطور كل ما تحتاج معرفته عن كشف تسربات المياه في وسط مدينة دبي 2026 كشف تسربات المياه في وسط مدينة دبي هي خدمة متخصصة ت
2736,2026-05-08T05:33:55,1439,8,4,2585,dubai,شركة كشف تسربات بدون تكسير في دبي,shrkh-kshf-tsrbat-bdwn-tksyr-fy-dby,https://max-art-ae.com/shrkh-kshf-tsrbat-bdwn-tksyr-fy-dby/,✍️ كتب هذا المقال: م. سارة العتيبي — خبيرة جودة خدمات المنازل، +10 سنوات | 📅 آخر تحديث: أبريل 2026 | ✅ مراجعة: فريق ركن التطور كل ما تحتاج معرفته عن كشف تسربات بدون تكسير في دبي 2026 كشف تسربات بدون تكسير في دبي هي خدمة متخصصة تُقدّمها شركا
2735,2026-05-08T05:33:55,1454,8,4,2585,unknown,شركة كشف تسربات المياه في الخليج التجاري,shrkh-kshf-tsrbat-almyah-fy-alkhlyj-altjary,https://max-art-ae.com/shrkh-kshf-tsrbat-almyah-fy-alkhlyj-altjary/,✍️ كتب هذا المقال: م. خالد المطيري — متخصص خدمات المنازل، شهادة ISO 9001 | 📅 آخر تحديث: أبريل 2026 | ✅ مراجعة: فريق ركن التطور كل ما تحتاج معرفته عن كشف تسربات المياه في الخليج التجاري 2026 كشف تسربات المياه في الخليج التجاري هي خدمة متخصصة
2737,2026-05-08T05:33:54,1444,8,4,2585,abu-dhabi,شركة كشف تسربات بدون تكسير في أبوظبي,shrkh-kshf-tsrbat-bdwn-tksyr-fy-abwzby,https://max-art-ae.com/shrkh-kshf-tsrbat-bdwn-tksyr-fy-abwzby/,✍️ كتب هذا المقال: م. سارة العتيبي — خبيرة جودة خدمات المنازل، +10 سنوات | 📅 آخر تحديث: أبريل 2026 | ✅ مراجعة: فريق ركن التطور كل ما تحتاج معرفته عن كشف تسربات بدون تكسير في أبوظبي 2026 كشف تسربات بدون تكسير في أبوظبي هي خدمة متخصصة تُقدّمه
2738,2026-05-08T05:33:53,1448,8,4,2585,sharjah,شركة كشف تسربات بدون تكسير في الشارقة,shrkh-kshf-tsrbat-bdwn-tksyr-fy-alsharqh,https://max-art-ae.com/shrkh-kshf-tsrbat-bdwn-tksyr-fy-alsharqh/,✍️ كتب هذا المقال: م. سارة العتيبي — خبيرة جودة خدمات المنازل، +10 سنوات | 📅 آخر تحديث: أبريل 2026 | ✅ مراجعة: فريق ركن التطور كل ما تحتاج معرفته عن كشف تسربات بدون تكسير في الشارقة 2026 كشف تسربات بدون تكسير في الشارقة هي خدمة متخصصة تُقدّ
2739,2026-05-08T05:33:52,1447,8,4,2585,al-ain,شركة كشف تسربات بدون تكسير في العين,shrkh-kshf-tsrbat-bdwn-tksyr-fy-alayn,https://max-art-ae.com/shrkh-kshf-tsrbat-bdwn-tksyr-fy-alayn/,✍️ كتب هذا المقال: م. سارة العتيبي — خبيرة جودة خدمات المنازل، +10 سنوات | 📅 آخر تحديث: أبريل 2026 | ✅ مراجعة: فريق ركن التطور كل ما تحتاج معرفته عن كشف تسربات بدون تكسير في العين 2026 كشف تسربات بدون تكسير في العين هي خدمة متخصصة تُقدّمها 
2740,2026-05-08T05:33:51,1453,8,4,2585,ajman,شركة كشف تسربات بدون تكسير في عجمان,shrkh-kshf-tsrbat-bdwn-tksyr-fy-ajman,https://max-art-ae.com/shrkh-kshf-tsrbat-bdwn-tksyr-fy-ajman/,✍️ كتب هذا المقال: م. سارة العتيبي — خبيرة جودة خدمات المنازل، +10 سنوات | 📅 آخر تحديث: أبريل 2026 | ✅ مراجعة: فريق ركن التطور كل ما تحتاج معرفته عن كشف تسربات بدون تكسير في عجمان 2026 كشف تسربات بدون تكسير في عجمان هي خدمة متخصصة تُقدّمها 
2741,2026-05-08T05:33:50,1491,8,4,2585,rak,شركة كشف تسربات بدون تكسير في رأس الخيمة,shrkh-kshf-tsrbat-bdwn-tksyr-fy-ras-alkhymh,https://max-art-ae.com/shrkh-kshf-tsrbat-bdwn-tksyr-fy-ras-alkhymh/,✍️ كتب هذا المقال: م. سارة العتيبي — خبيرة جودة خدمات المنازل، +10 سنوات | 📅 آخر تحديث: أبريل 2026 | ✅ مراجعة: فريق ركن التطور كل ما تحتاج معرفته عن كشف تسربات بدون تكسير في رأس الخيمة 2026 كشف تسربات بدون تكسير في رأس الخيمة هي خدمة متخصصة
2742,2026-05-08T05:33:49,1450,8,4,2585,fujairah,شركة كشف تسربات بدون تكسير في الفجيرة,shrkh-kshf-tsrbat-bdwn-tksyr-fy-alfjyrh,https://max-art-ae.com/shrkh-kshf-tsrbat-bdwn-tksyr-fy-alfjyrh/,✍️ كتب هذا المقال: م. سارة العتيبي — خبيرة جودة خدمات المنازل، +10 سنوات | 📅 آخر تحديث: أبريل 2026 | ✅ مراجعة: فريق ركن التطور كل ما تحتاج معرفته عن كشف تسربات بدون تكسير في الفجيرة 2026 كشف تسربات بدون تكسير في الفجيرة هي خدمة متخصصة تُقدّ
2743,2026-05-08T05:33:48,1488,8,4,2585,uaq,شركة كشف تسربات بدون تكسير في أم القيوين,shrkh-kshf-tsrbat-bdwn-tksyr-fy-am-alqywyn,https://max-art-ae.com/shrkh-kshf-tsrbat-bdwn-tksyr-fy-am-alqywyn/,✍️ كتب هذا المقال: م. سارة العتيبي — خبيرة جودة خدمات المنازل، +10 سنوات | 📅 آخر تحديث: أبريل 2026 | ✅ مراجعة: فريق ركن التطور كل ما تحتاج معرفته عن كشف تسربات بدون تكسير في أم القيوين 2026 كشف تسربات بدون تكسير في أم القيوين هي خدمة متخصصة
2744,2026-05-08T05:33:47,1453,8,4,2585,khorfakkan,شركة كشف تسربات بدون تكسير في خورفكان,shrkh-kshf-tsrbat-bdwn-tksyr-fy-khwrfkan,https://max-art-ae.com/shrkh-kshf-tsrbat-bdwn-tksyr-fy-khwrfkan/,✍️ كتب هذا المقال: م. سارة العتيبي — خبيرة جودة خدمات المنازل، +10 سنوات | 📅 آخر تحديث: أبريل 2026 | ✅ مراجعة: فريق ركن التطور كل ما تحتاج معرفته عن كشف تسربات بدون تكسير في خورفكان 2026 كشف تسربات بدون تكسير في خورفكان هي خدمة متخصصة تُقدّ
2745,2026-05-08T05:33:46,1440,8,4,2585,unknown,شركة كشف تسربات بدون تكسير في كلباء,shrkh-kshf-tsrbat-bdwn-tksyr-fy-klba,https://max-art-ae.com/shrkh-kshf-tsrbat-bdwn-tksyr-fy-klba/,✍️ كتب هذا المقال: م. سارة العتيبي — خبيرة جودة خدمات المنازل، +10 سنوات | 📅 آخر تحديث: أبريل 2026 | ✅ مراجعة: فريق ركن التطور كل ما تحتاج معرفته عن كشف تسربات بدون تكسير في كلباء 2026 كشف تسربات بدون تكسير في كلباء هي خدمة متخصصة تُقدّمها 
2746,2026-05-08T05:33:45,1447,8,4,2585,unknown,شركة كشف تسربات بدون تكسير في الذيد,shrkh-kshf-tsrbat-bdwn-tksyr-fy-aldhyd,https://max-art-ae.com/shrkh-kshf-tsrbat-bdwn-tksyr-fy-aldhyd/,✍️ كتب هذا المقال: م. سارة العتيبي — خبيرة جودة خدمات المنازل، +10 سنوات | 📅 آخر تحديث: أبريل 2026 | ✅ مراجعة: فريق ركن التطور كل ما تحتاج معرفته عن كشف تسربات بدون تكسير في الذيد 2026 كشف تسربات بدون تكسير في الذيد هي خدمة متخصصة تُقدّمها 
2747,2026-05-08T05:33:44,1446,8,4,2585,unknown,شركة كشف تسربات بدون تكسير في حتا,shrkh-kshf-tsrbat-bdwn-tksyr-fy-hta,https://max-art-ae.com/shrkh-kshf-tsrbat-bdwn-tksyr-fy-hta/,✍️ كتب هذا المقال: م. سارة العتيبي — خبيرة جودة خدمات المنازل، +10 سنوات | 📅 آخر تحديث: أبريل 2026 | ✅ مراجعة: فريق ركن التطور كل ما تحتاج معرفته عن كشف تسربات بدون تكسير في حتا 2026 كشف تسربات بدون تكسير في حتا هي خدمة متخصصة تُقدّمها شركا
2748,2026-05-08T05:33:43,1437,8,4,2585,unknown,شركة كشف تسربات بدون تكسير في ديرة,shrkh-kshf-tsrbat-bdwn-tksyr-fy-dyrh,https://max-art-ae.com/shrkh-kshf-tsrbat-bdwn-tksyr-fy-dyrh/,✍️ كتب هذا المقال: م. سارة العتيبي — خبيرة جودة خدمات المنازل، +10 سنوات | 📅 آخر تحديث: أبريل 2026 | ✅ مراجعة: فريق ركن التطور كل ما تحتاج معرفته عن كشف تسربات بدون تكسير في ديرة 2026 كشف تسربات بدون تكسير في ديرة هي خدمة متخصصة تُقدّمها شر
2749,2026-05-08T05:33:42,1492,8,4,2585,dubai,شركة كشف تسربات بدون تكسير في بر دبي,shrkh-kshf-tsrbat-bdwn-tksyr-fy-br-dby,https://max-art-ae.com/shrkh-kshf-tsrbat-bdwn-tksyr-fy-br-dby/,✍️ كتب هذا المقال: م. سارة العتيبي — خبيرة جودة خدمات المنازل، +10 سنوات | 📅 آخر تحديث: أبريل 2026 | ✅ مراجعة: فريق ركن التطور كل ما تحتاج معرفته عن كشف تسربات بدون تكسير في بر دبي 2026 كشف تسربات بدون تكسير في بر دبي هي خدمة متخصصة تُقدّمه
2751,2026-05-08T05:33:41,1450,8,4,2585,unknown,شركة كشف تسربات بدون تكسير في البرشاء,shrkh-kshf-tsrbat-bdwn-tksyr-fy-albrsha,https://max-art-ae.com/shrkh-kshf-tsrbat-bdwn-tksyr-fy-albrsha/,✍️ كتب هذا المقال: م. سارة العتيبي — خبيرة جودة خدمات المنازل، +10 سنوات | 📅 آخر تحديث: أبريل 2026 | ✅ مراجعة: فريق ركن التطور كل ما تحتاج معرفته عن كشف تسربات بدون تكسير في البرشاء 2026 كشف تسربات بدون تكسير في البرشاء هي خدمة متخصصة تُقدّ
2750,2026-05-08T05:33:41,1436,8,4,2585,unknown,شركة كشف تسربات بدون تكسير في الجميرا,shrkh-kshf-tsrbat-bdwn-tksyr-fy-aljmyra,https://max-art-ae.com/shrkh-kshf-tsrbat-bdwn-tksyr-fy-aljmyra/,✍️ كتب هذا المقال: م. سارة العتيبي — خبيرة جودة خدمات المنازل، +10 سنوات | 📅 آخر تحديث: أبريل 2026 | ✅ مراجعة: فريق ركن التطور كل ما تحتاج معرفته عن كشف تسربات بدون تكسير في الجميرا 2026 كشف تسربات بدون تكسير في الجميرا هي خدمة متخصصة تُقدّ
2752,2026-05-08T05:33:40,1456,8,4,2585,unknown,شركة كشف تسربات بدون تكسير في مردف,shrkh-kshf-tsrbat-bdwn-tksyr-fy-mrdf,https://max-art-ae.com/shrkh-kshf-tsrbat-bdwn-tksyr-fy-mrdf/,✍️ كتب هذا المقال: م. سارة العتيبي — خبيرة جودة خدمات المنازل، +10 سنوات | 📅 آخر تحديث: أبريل 2026 | ✅ مراجعة: فريق ركن التطور كل ما تحتاج معرفته عن كشف تسربات بدون تكسير في مردف 2026 كشف تسربات بدون تكسير في مردف هي خدمة متخصصة تُقدّمها شر
2753,2026-05-08T05:33:39,1453,8,4,2585,unknown,شركة كشف تسربات بدون تكسير في الخوانيج,shrkh-kshf-tsrbat-bdwn-tksyr-fy-alkhwanyj,https://max-art-ae.com/shrkh-kshf-tsrbat-bdwn-tksyr-fy-alkhwanyj/,✍️ كتب هذا المقال: م. سارة العتيبي — خبيرة جودة خدمات المنازل، +10 سنوات | 📅 آخر تحديث: أبريل 2026 | ✅ مراجعة: فريق ركن التطور كل ما تحتاج معرفته عن كشف تسربات بدون تكسير في الخوانيج 2026 كشف تسربات بدون تكسير في الخوانيج هي خدمة متخصصة تُق
2754,2026-05-08T05:33:37,1453,8,4,2585,unknown,شركة كشف تسربات بدون تكسير في الورقاء,shrkh-kshf-tsrbat-bdwn-tksyr-fy-alwrqa,https://max-art-ae.com/shrkh-kshf-tsrbat-bdwn-tksyr-fy-alwrqa/,✍️ كتب هذا المقال: م. سارة العتيبي — خبيرة جودة خدمات المنازل، +10 سنوات | 📅 آخر تحديث: أبريل 2026 | ✅ مراجعة: فريق ركن التطور كل ما تحتاج معرفته عن كشف تسربات بدون تكسير في الورقاء 2026 كشف تسربات بدون تكسير في الورقاء هي خدمة متخصصة تُقدّ
2755,2026-05-08T05:33:36,1445,8,4,2585,unknown,شركة كشف تسربات بدون تكسير في القوز,shrkh-kshf-tsrbat-bdwn-tksyr-fy-alqwz,https://max-art-ae.com/shrkh-kshf-tsrbat-bdwn-tksyr-fy-alqwz/,✍️ كتب هذا المقال: م. سارة العتيبي — خبيرة جودة خدمات المنازل، +10 سنوات | 📅 آخر تحديث: أبريل 2026 | ✅ مراجعة: فريق ركن التطور كل ما تحتاج معرفته عن كشف تسربات بدون تكسير في القوز 2026 كشف تسربات بدون تكسير في القوز هي خدمة متخصصة تُقدّمها 
2756,2026-05-08T05:33:34,1473,8,4,2585,unknown,شركة كشف تسربات بدون تكسير في جبل علي,shrkh-kshf-tsrbat-bdwn-tksyr-fy-jbl-aly,https://max-art-ae.com/shrkh-kshf-tsrbat-bdwn-tksyr-fy-jbl-aly/,✍️ كتب هذا المقال: م. سارة العتيبي — خبيرة جودة خدمات المنازل، +10 سنوات | 📅 آخر تحديث: أبريل 2026 | ✅ مراجعة: فريق ركن التطور كل ما تحتاج معرفته عن كشف تسربات بدون تكسير في جبل علي 2026 كشف تسربات بدون تكسير في جبل علي هي خدمة متخصصة تُقدّ
2757,2026-05-08T05:33:32,1493,8,4,2585,unknown,شركة كشف تسربات بدون تكسير في مدينة خليفة,shrkh-kshf-tsrbat-bdwn-tksyr-fy-mdynh-khlyfh,https://max-art-ae.com/shrkh-kshf-tsrbat-bdwn-tksyr-fy-mdynh-khlyfh/,✍️ كتب هذا المقال: م. سارة العتيبي — خبيرة جودة خدمات المنازل، +10 سنوات | 📅 آخر تحديث: أبريل 2026 | ✅ مراجعة: فريق ركن التطور كل ما تحتاج معرفته عن كشف تسربات بدون تكسير في مدينة خليفة 2026 كشف تسربات بدون تكسير في مدينة خليفة هي خدمة متخص
2758,2026-05-08T05:33:30,1546,8,4,2585,unknown,شركة كشف تسربات بدون تكسير في مدينة محمد بن زايد,shrkh-kshf-tsrbat-bdwn-tksyr-fy-mdynh-mhmd-bn-zayd,https://max-art-ae.com/shrkh-kshf-tsrbat-bdwn-tksyr-fy-mdynh-mhmd-bn-zayd/,✍️ كتب هذا المقال: م. سارة العتيبي — خبيرة جودة خدمات المنازل، +10 سنوات | 📅 آخر تحديث: أبريل 2026 | ✅ مراجعة: فريق ركن التطور كل ما تحتاج معرفته عن كشف تسربات بدون تكسير في مدينة محمد بن زايد 2026 كشف تسربات بدون تكسير في مدينة محمد بن زاي
2759,2026-05-08T05:33:29,1492,8,4,2585,unknown,شركة كشف تسربات بدون تكسير في مدينة شخبوط,shrkh-kshf-tsrbat-bdwn-tksyr-fy-mdynh-shkhbwt,https://max-art-ae.com/shrkh-kshf-tsrbat-bdwn-tksyr-fy-mdynh-shkhbwt/,✍️ كتب هذا المقال: م. سارة العتيبي — خبيرة جودة خدمات المنازل، +10 سنوات | 📅 آخر تحديث: أبريل 2026 | ✅ مراجعة: فريق ركن التطور كل ما تحتاج معرفته عن كشف تسربات بدون تكسير في مدينة شخبوط 2026 كشف تسربات بدون تكسير في مدينة شخبوط هي خدمة متخص
2760,2026-05-08T05:33:27,1474,8,4,2585,unknown,شركة كشف تسربات بدون تكسير في بني ياس,shrkh-kshf-tsrbat-bdwn-tksyr-fy-bny-yas,https://max-art-ae.com/shrkh-kshf-tsrbat-bdwn-tksyr-fy-bny-yas/,✍️ كتب هذا المقال: م. سارة العتيبي — خبيرة جودة خدمات المنازل، +10 سنوات | 📅 آخر تحديث: أبريل 2026 | ✅ مراجعة: فريق ركن التطور كل ما تحتاج معرفته عن كشف تسربات بدون تكسير في بني ياس 2026 كشف تسربات بدون تكسير في بني ياس هي خدمة متخصصة تُقدّ
2761,2026-05-08T05:33:26,1464,8,4,2585,unknown,شركة كشف تسربات بدون تكسير في المصفح,shrkh-kshf-tsrbat-bdwn-tksyr-fy-almsfh,https://max-art-ae.com/shrkh-kshf-tsrbat-bdwn-tksyr-fy-almsfh/,✍️ كتب هذا المقال: م. سارة العتيبي — خبيرة جودة خدمات المنازل، +10 سنوات | 📅 آخر تحديث: أبريل 2026 | ✅ مراجعة: فريق ركن التطور كل ما تحتاج معرفته عن كشف تسربات بدون تكسير في المصفح 2026 كشف تسربات بدون تكسير في المصفح هي خدمة متخصصة تُقدّمه
2762,2026-05-08T05:33:24,1461,8,4,2585,unknown,شركة كشف تسربات بدون تكسير في الشهامة,shrkh-kshf-tsrbat-bdwn-tksyr-fy-alshhamh,https://max-art-ae.com/shrkh-kshf-tsrbat-bdwn-tksyr-fy-alshhamh/,✍️ كتب هذا المقال: م. سارة العتيبي — خبيرة جودة خدمات المنازل، +10 سنوات | 📅 آخر تحديث: أبريل 2026 | ✅ مراجعة: فريق ركن التطور كل ما تحتاج معرفته عن كشف تسربات بدون تكسير في الشهامة 2026 كشف تسربات بدون تكسير في الشهامة هي خدمة متخصصة تُقدّ
2763,2026-05-08T05:33:23,1467,8,4,2585,unknown,شركة كشف تسربات بدون تكسير في الرحبة,shrkh-kshf-tsrbat-bdwn-tksyr-fy-alrhbh,https://max-art-ae.com/shrkh-kshf-tsrbat-bdwn-tksyr-fy-alrhbh/,✍️ كتب هذا المقال: م. سارة العتيبي — خبيرة جودة خدمات المنازل، +10 سنوات | 📅 آخر تحديث: أبريل 2026 | ✅ مراجعة: فريق ركن التطور كل ما تحتاج معرفته عن كشف تسربات بدون تكسير في الرحبة 2026 كشف تسربات بدون تكسير في الرحبة هي خدمة متخصصة تُقدّمه
2764,2026-05-08T05:33:22,1439,8,4,2585,unknown,شركة كشف تسربات بدون تكسير في اليحر,shrkh-kshf-tsrbat-bdwn-tksyr-fy-alyhr,https://max-art-ae.com/shrkh-kshf-tsrbat-bdwn-tksyr-fy-alyhr/,✍️ كتب هذا المقال: م. سارة العتيبي — خبيرة جودة خدمات المنازل، +10 سنوات | 📅 آخر تحديث: أبريل 2026 | ✅ مراجعة: فريق ركن التطور كل ما تحتاج معرفته عن كشف تسربات بدون تكسير في اليحر 2026 كشف تسربات بدون تكسير في اليحر هي خدمة متخصصة تُقدّمها 
2765,2026-05-08T05:33:21,1460,8,4,2585,unknown,شركة كشف تسربات بدون تكسير في المقام,shrkh-kshf-tsrbat-bdwn-tksyr-fy-almqam,https://max-art-ae.com/shrkh-kshf-tsrbat-bdwn-tksyr-fy-almqam/,✍️ كتب هذا المقال: م. سارة العتيبي — خبيرة جودة خدمات المنازل، +10 سنوات | 📅 آخر تحديث: أبريل 2026 | ✅ مراجعة: فريق ركن التطور كل ما تحتاج معرفته عن كشف تسربات بدون تكسير في المقام 2026 كشف تسربات بدون تكسير في المقام هي خدمة متخصصة تُقدّمه
2766,2026-05-08T05:33:19,1441,8,4,2585,unknown,شركة كشف تسربات بدون تكسير في الصاروج,shrkh-kshf-tsrbat-bdwn-tksyr-fy-alsarwj,https://max-art-ae.com/shrkh-kshf-tsrbat-bdwn-tksyr-fy-alsarwj/,✍️ كتب هذا المقال: م. سارة العتيبي — خبيرة جودة خدمات المنازل، +10 سنوات | 📅 آخر تحديث: أبريل 2026 | ✅ مراجعة: فريق ركن التطور كل ما تحتاج معرفته عن كشف تسربات بدون تكسير في الصاروج 2026 كشف تسربات بدون تكسير في الصاروج هي خدمة متخصصة تُقدّ
2767,2026-05-08T05:33:18,1443,8,4,2585,unknown,شركة كشف تسربات بدون تكسير في المجاز,shrkh-kshf-tsrbat-bdwn-tksyr-fy-almjaz,https://max-art-ae.com/shrkh-kshf-tsrbat-bdwn-tksyr-fy-almjaz/,✍️ كتب هذا المقال: م. سارة العتيبي — خبيرة جودة خدمات المنازل، +10 سنوات | 📅 آخر تحديث: أبريل 2026 | ✅ مراجعة: فريق ركن التطور كل ما تحتاج معرفته عن كشف تسربات بدون تكسير في المجاز 2026 كشف تسربات بدون تكسير في المجاز هي خدمة متخصصة تُقدّمه
2768,2026-05-08T05:33:16,1445,8,4,2585,unknown,شركة كشف تسربات بدون تكسير في التعاون,shrkh-kshf-tsrbat-bdwn-tksyr-fy-altaawn,https://max-art-ae.com/shrkh-kshf-tsrbat-bdwn-tksyr-fy-altaawn/,✍️ كتب هذا المقال: م. سارة العتيبي — خبيرة جودة خدمات المنازل، +10 سنوات | 📅 آخر تحديث: أبريل 2026 | ✅ مراجعة: فريق ركن التطور كل ما تحتاج معرفته عن كشف تسربات بدون تكسير في التعاون 2026 كشف تسربات بدون تكسير في التعاون هي خدمة متخصصة تُقدّ
2769,2026-05-08T05:33:13,1448,8,4,2585,unknown,شركة كشف تسربات بدون تكسير في النهضة,shrkh-kshf-tsrbat-bdwn-tksyr-fy-alnhdh,https://max-art-ae.com/shrkh-kshf-tsrbat-bdwn-tksyr-fy-alnhdh/,✍️ كتب هذا المقال: م. سارة العتيبي — خبيرة جودة خدمات المنازل، +10 سنوات | 📅 آخر تحديث: أبريل 2026 | ✅ مراجعة: فريق ركن التطور كل ما تحتاج معرفته عن كشف تسربات بدون تكسير في النهضة 2026 كشف تسربات بدون تكسير في النهضة هي خدمة متخصصة تُقدّمه
2770,2026-05-08T05:33:11,1464,8,4,2585,unknown,شركة كشف تسربات بدون تكسير في اليرموك,shrkh-kshf-tsrbat-bdwn-tksyr-fy-alyrmwk,https://max-art-ae.com/shrkh-kshf-tsrbat-bdwn-tksyr-fy-alyrmwk/,✍️ كتب هذا المقال: م. سارة العتيبي — خبيرة جودة خدمات المنازل، +10 سنوات | 📅 آخر تحديث: أبريل 2026 | ✅ مراجعة: فريق ركن التطور كل ما تحتاج معرفته عن كشف تسربات بدون تكسير في اليرموك 2026 كشف تسربات بدون تكسير في اليرموك هي خدمة متخصصة تُقدّ
2771,2026-05-08T05:33:09,1450,8,4,2585,unknown,شركة كشف تسربات بدون تكسير في الرحمانية,shrkh-kshf-tsrbat-bdwn-tksyr-fy-alrhmanyh,https://max-art-ae.com/shrkh-kshf-tsrbat-bdwn-tksyr-fy-alrhmanyh/,✍️ كتب هذا المقال: م. سارة العتيبي — خبيرة جودة خدمات المنازل، +10 سنوات | 📅 آخر تحديث: أبريل 2026 | ✅ مراجعة: فريق ركن التطور كل ما تحتاج معرفته عن كشف تسربات بدون تكسير في الرحمانية 2026 كشف تسربات بدون تكسير في الرحمانية هي خدمة متخصصة ت
2772,2026-05-08T05:33:08,1458,8,4,2585,unknown,شركة كشف تسربات بدون تكسير في السيوح,shrkh-kshf-tsrbat-bdwn-tksyr-fy-alsywh,https://max-art-ae.com/shrkh-kshf-tsrbat-bdwn-tksyr-fy-alsywh/,✍️ كتب هذا المقال: م. سارة العتيبي — خبيرة جودة خدمات المنازل، +10 سنوات | 📅 آخر تحديث: أبريل 2026 | ✅ مراجعة: فريق ركن التطور كل ما تحتاج معرفته عن كشف تسربات بدون تكسير في السيوح 2026 كشف تسربات بدون تكسير في السيوح هي خدمة متخصصة تُقدّمه
2773,2026-05-08T05:33:06,1438,8,4,2585,unknown,شركة كشف تسربات بدون تكسير في مويلح,shrkh-kshf-tsrbat-bdwn-tksyr-fy-mwylh,https://max-art-ae.com/shrkh-kshf-tsrbat-bdwn-tksyr-fy-mwylh/,✍️ كتب هذا المقال: م. سارة العتيبي — خبيرة جودة خدمات المنازل، +10 سنوات | 📅 آخر تحديث: أبريل 2026 | ✅ مراجعة: فريق ركن التطور كل ما تحتاج معرفته عن كشف تسربات بدون تكسير في مويلح 2026 كشف تسربات بدون تكسير في مويلح هي خدمة متخصصة تُقدّمها 
2774,2026-05-08T05:33:05,1454,8,4,2585,unknown,شركة كشف تسربات بدون تكسير في الروضة,shrkh-kshf-tsrbat-bdwn-tksyr-fy-alrwdh,https://max-art-ae.com/shrkh-kshf-tsrbat-bdwn-tksyr-fy-alrwdh/,✍️ كتب هذا المقال: م. سارة العتيبي — خبيرة جودة خدمات المنازل، +10 سنوات | 📅 آخر تحديث: أبريل 2026 | ✅ مراجعة: فريق ركن التطور كل ما تحتاج معرفته عن كشف تسربات بدون تكسير في الروضة 2026 كشف تسربات بدون تكسير في الروضة هي خدمة متخصصة تُقدّمه
2775,2026-05-08T05:33:03,1462,8,4,2585,unknown,شركة كشف تسربات بدون تكسير في المويهات,shrkh-kshf-tsrbat-bdwn-tksyr-fy-almwyhat,https://max-art-ae.com/shrkh-kshf-tsrbat-bdwn-tksyr-fy-almwyhat/,✍️ كتب هذا المقال: م. سارة العتيبي — خبيرة جودة خدمات المنازل، +10 سنوات | 📅 آخر تحديث: أبريل 2026 | ✅ مراجعة: فريق ركن التطور كل ما تحتاج معرفته عن كشف تسربات بدون تكسير في المويهات 2026 كشف تسربات بدون تكسير في المويهات هي خدمة متخصصة تُق
2776,2026-05-08T05:33:02,1439,8,4,2585,unknown,شركة كشف تسربات بدون تكسير في الحميدية,shrkh-kshf-tsrbat-bdwn-tksyr-fy-alhmydyh,https://max-art-ae.com/shrkh-kshf-tsrbat-bdwn-tksyr-fy-alhmydyh/,✍️ كتب هذا المقال: م. سارة العتيبي — خبيرة جودة خدمات المنازل، +10 سنوات | 📅 آخر تحديث: أبريل 2026 | ✅ مراجعة: فريق ركن التطور كل ما تحتاج معرفته عن كشف تسربات بدون تكسير في الحميدية 2026 كشف تسربات بدون تكسير في الحميدية هي خدمة متخصصة تُق
2777,2026-05-08T05:33:01,1456,8,4,2585,unknown,شركة كشف تسربات بدون تكسير في الجرف,shrkh-kshf-tsrbat-bdwn-tksyr-fy-aljrf,https://max-art-ae.com/shrkh-kshf-tsrbat-bdwn-tksyr-fy-aljrf/,✍️ كتب هذا المقال: م. سارة العتيبي — خبيرة جودة خدمات المنازل، +10 سنوات | 📅 آخر تحديث: أبريل 2026 | ✅ مراجعة: فريق ركن التطور كل ما تحتاج معرفته عن كشف تسربات بدون تكسير في الجرف 2026 كشف تسربات بدون تكسير في الجرف هي خدمة متخصصة تُقدّمها 
2778,2026-05-08T05:33:00,1445,8,4,2585,unknown,شركة كشف تسربات بدون تكسير في النعيمية,shrkh-kshf-tsrbat-bdwn-tksyr-fy-alnaymyh,https://max-art-ae.com/shrkh-kshf-tsrbat-bdwn-tksyr-fy-alnaymyh/,✍️ كتب هذا المقال: م. سارة العتيبي — خبيرة جودة خدمات المنازل، +10 سنوات | 📅 آخر تحديث: أبريل 2026 | ✅ مراجعة: فريق ركن التطور كل ما تحتاج معرفته عن كشف تسربات بدون تكسير في النعيمية 2026 كشف تسربات بدون تكسير في النعيمية هي خدمة متخصصة تُق
2779,2026-05-08T05:32:59,1452,8,4,2585,unknown,شركة كشف تسربات بدون تكسير في الظيت,shrkh-kshf-tsrbat-bdwn-tksyr-fy-alzyt,https://max-art-ae.com/shrkh-kshf-tsrbat-bdwn-tksyr-fy-alzyt/,✍️ كتب هذا المقال: م. سارة العتيبي — خبيرة جودة خدمات المنازل، +10 سنوات | 📅 آخر تحديث: أبريل 2026 | ✅ مراجعة: فريق ركن التطور كل ما تحتاج معرفته عن كشف تسربات بدون تكسير في الظيت 2026 كشف تسربات بدون تكسير في الظيت هي خدمة متخصصة تُقدّمها 
2780,2026-05-08T05:32:58,1492,8,4,2585,unknown,شركة كشف تسربات بدون تكسير في الجزيرة الحمراء,shrkh-kshf-tsrbat-bdwn-tksyr-fy-aljzyrh-alhmra,https://max-art-ae.com/shrkh-kshf-tsrbat-bdwn-tksyr-fy-aljzyrh-alhmra/,✍️ كتب هذا المقال: م. سارة العتيبي — خبيرة جودة خدمات المنازل، +10 سنوات | 📅 آخر تحديث: أبريل 2026 | ✅ مراجعة: فريق ركن التطور كل ما تحتاج معرفته عن كشف تسربات بدون تكسير في الجزيرة الحمراء 2026 كشف تسربات بدون تكسير في الجزيرة الحمراء هي خ
2781,2026-05-08T05:32:57,1454,8,4,2585,unknown,شركة كشف تسربات بدون تكسير في السلمة,shrkh-kshf-tsrbat-bdwn-tksyr-fy-alslmh,https://max-art-ae.com/shrkh-kshf-tsrbat-bdwn-tksyr-fy-alslmh/,✍️ كتب هذا المقال: م. سارة العتيبي — خبيرة جودة خدمات المنازل، +10 سنوات | 📅 آخر تحديث: أبريل 2026 | ✅ مراجعة: فريق ركن التطور كل ما تحتاج معرفته عن كشف تسربات بدون تكسير في السلمة 2026 كشف تسربات بدون تكسير في السلمة هي خدمة متخصصة تُقدّمه
2782,2026-05-08T05:32:56,1485,8,4,2585,fujairah,شركة كشف تسربات بدون تكسير في دبا الفجيرة,shrkh-kshf-tsrbat-bdwn-tksyr-fy-dba-alfjyrh,https://max-art-ae.com/shrkh-kshf-tsrbat-bdwn-tksyr-fy-dba-alfjyrh/,✍️ كتب هذا المقال: م. سارة العتيبي — خبيرة جودة خدمات المنازل، +10 سنوات | 📅 آخر تحديث: أبريل 2026 | ✅ مراجعة: فريق ركن التطور كل ما تحتاج معرفته عن كشف تسربات بدون تكسير في دبا الفجيرة 2026 كشف تسربات بدون تكسير في دبا الفجيرة هي خدمة متخص
2783,2026-05-08T05:32:55,1501,8,4,2585,unknown,شركة كشف تسربات بدون تكسير في المرابع العربية,shrkh-kshf-tsrbat-bdwn-tksyr-fy-almraba-alarbyh,https://max-art-ae.com/shrkh-kshf-tsrbat-bdwn-tksyr-fy-almraba-alarbyh/,✍️ كتب هذا المقال: م. سارة العتيبي — خبيرة جودة خدمات المنازل، +10 سنوات | 📅 آخر تحديث: أبريل 2026 | ✅ مراجعة: فريق ركن التطور كل ما تحتاج معرفته عن كشف تسربات بدون تكسير في المرابع العربية 2026 كشف تسربات بدون تكسير في المرابع العربية هي خ
2784,2026-05-08T05:32:54,1478,8,4,2585,unknown,شركة كشف تسربات بدون تكسير في داماك هيلز,shrkh-kshf-tsrbat-bdwn-tksyr-fy-damak-hylz,https://max-art-ae.com/shrkh-kshf-tsrbat-bdwn-tksyr-fy-damak-hylz/,✍️ كتب هذا المقال: م. سارة العتيبي — خبيرة جودة خدمات المنازل، +10 سنوات | 📅 آخر تحديث: أبريل 2026 | ✅ مراجعة: فريق ركن التطور كل ما تحتاج معرفته عن كشف تسربات بدون تكسير في داماك هيلز 2026 كشف تسربات بدون تكسير في داماك هيلز هي خدمة متخصصة
2785,2026-05-08T05:32:53,1529,8,4,2585,dubai,شركة كشف تسربات بدون تكسير في واحة دبي للسيليكون,shrkh-kshf-tsrbat-bdwn-tksyr-fy-wahh-dby-llsylykwn,https://max-art-ae.com/shrkh-kshf-tsrbat-bdwn-tksyr-fy-wahh-dby-llsylykwn/,✍️ كتب هذا المقال: م. سارة العتيبي — خبيرة جودة خدمات المنازل، +10 سنوات | 📅 آخر تحديث: أبريل 2026 | ✅ مراجعة: فريق ركن التطور كل ما تحتاج معرفته عن كشف تسربات بدون تكسير في واحة دبي للسيليكون 2026 كشف تسربات بدون تكسير في واحة دبي للسيليكو
2786,2026-05-08T05:32:52,1526,8,4,2585,unknown,شركة كشف تسربات بدون تكسير في جميرا فيليج سيركل,shrkh-kshf-tsrbat-bdwn-tksyr-fy-jmyra-fylyj-syrkl,https://max-art-ae.com/shrkh-kshf-tsrbat-bdwn-tksyr-fy-jmyra-fylyj-syrkl/,✍️ كتب هذا المقال: م. سارة العتيبي — خبيرة جودة خدمات المنازل، +10 سنوات | 📅 آخر تحديث: أبريل 2026 | ✅ مراجعة: فريق ركن التطور كل ما تحتاج معرفته عن كشف تسربات بدون تكسير في جميرا فيليج سيركل 2026 كشف تسربات بدون تكسير في جميرا فيليج سيركل 
2787,2026-05-08T05:32:51,1500,8,4,2585,unknown,شركة كشف تسربات بدون تكسير في نخلة جميرا,shrkh-kshf-tsrbat-bdwn-tksyr-fy-nkhlh-jmyra,https://max-art-ae.com/shrkh-kshf-tsrbat-bdwn-tksyr-fy-nkhlh-jmyra/,✍️ كتب هذا المقال: م. سارة العتيبي — خبيرة جودة خدمات المنازل، +10 سنوات | 📅 آخر تحديث: أبريل 2026 | ✅ مراجعة: فريق ركن التطور كل ما تحتاج معرفته عن كشف تسربات بدون تكسير في نخلة جميرا 2026 كشف تسربات بدون تكسير في نخلة جميرا هي خدمة متخصصة
2788,2026-05-08T05:32:50,1531,8,4,2585,dubai,شركة كشف تسربات بدون تكسير في وسط مدينة دبي,shrkh-kshf-tsrbat-bdwn-tksyr-fy-wst-mdynh-dby,https://max-art-ae.com/shrkh-kshf-tsrbat-bdwn-tksyr-fy-wst-mdynh-dby/,✍️ كتب هذا المقال: م. سارة العتيبي — خبيرة جودة خدمات المنازل، +10 سنوات | 📅 آخر تحديث: أبريل 2026 | ✅ مراجعة: فريق ركن التطور كل ما تحتاج معرفته عن كشف تسربات بدون تكسير في وسط مدينة دبي 2026 كشف تسربات بدون تكسير في وسط مدينة دبي هي خدمة 
2789,2026-05-08T05:32:49,1484,8,4,2585,unknown,شركة كشف تسربات بدون تكسير في الخليج التجاري,shrkh-kshf-tsrbat-bdwn-tksyr-fy-alkhlyj-altjary,https://max-art-ae.com/shrkh-kshf-tsrbat-bdwn-tksyr-fy-alkhlyj-altjary/,✍️ كتب هذا المقال: م. سارة العتيبي — خبيرة جودة خدمات المنازل، +10 سنوات | 📅 آخر تحديث: أبريل 2026 | ✅ مراجعة: فريق ركن التطور كل ما تحتاج معرفته عن كشف تسربات بدون تكسير في الخليج التجاري 2026 كشف تسربات بدون تكسير في الخليج التجاري هي خدم
2790,2026-05-08T05:32:48,1435,8,4,2585,dubai,شركة كشف تسربات الغاز في دبي,shrkh-kshf-tsrbat-alghaz-fy-dby,https://max-art-ae.com/shrkh-kshf-tsrbat-alghaz-fy-dby/,✍️ كتب هذا المقال: م. سارة العتيبي — خبيرة جودة خدمات المنازل، +10 سنوات | 📅 آخر تحديث: أبريل 2026 | ✅ مراجعة: فريق ركن التطور كل ما تحتاج معرفته عن كشف تسربات الغاز في دبي 2026 كشف تسربات الغاز في دبي هي خدمة متخصصة تُقدّمها شركات محترفة ب
2791,2026-05-08T05:32:47,1414,8,4,2585,abu-dhabi,شركة كشف تسربات الغاز في أبوظبي,shrkh-kshf-tsrbat-alghaz-fy-abwzby,https://max-art-ae.com/shrkh-kshf-tsrbat-alghaz-fy-abwzby/,✍️ كتب هذا المقال: م. سارة العتيبي — خبيرة جودة خدمات المنازل، +10 سنوات | 📅 آخر تحديث: أبريل 2026 | ✅ مراجعة: فريق ركن التطور كل ما تحتاج معرفته عن كشف تسربات الغاز في أبوظبي 2026 كشف تسربات الغاز في أبوظبي هي خدمة متخصصة تُقدّمها شركات مح
2792,2026-05-08T05:32:46,1412,8,4,2585,sharjah,شركة كشف تسربات الغاز في الشارقة,shrkh-kshf-tsrbat-alghaz-fy-alsharqh,https://max-art-ae.com/shrkh-kshf-tsrbat-alghaz-fy-alsharqh/,✍️ كتب هذا المقال: م. سارة العتيبي — خبيرة جودة خدمات المنازل، +10 سنوات | 📅 آخر تحديث: أبريل 2026 | ✅ مراجعة: فريق ركن التطور كل ما تحتاج معرفته عن كشف تسربات الغاز في الشارقة 2026 كشف تسربات الغاز في الشارقة هي خدمة متخصصة تُقدّمها شركات 
2793,2026-05-08T05:32:45,1419,8,4,2585,al-ain,شركة كشف تسربات الغاز في العين,shrkh-kshf-tsrbat-alghaz-fy-alayn,https://max-art-ae.com/shrkh-kshf-tsrbat-alghaz-fy-alayn/,✍️ كتب هذا المقال: م. سارة العتيبي — خبيرة جودة خدمات المنازل، +10 سنوات | 📅 آخر تحديث: أبريل 2026 | ✅ مراجعة: فريق ركن التطور كل ما تحتاج معرفته عن كشف تسربات الغاز في العين 2026 كشف تسربات الغاز في العين هي خدمة متخصصة تُقدّمها شركات محتر
2794,2026-05-08T05:32:44,1414,8,4,2585,ajman,شركة كشف تسربات الغاز في عجمان,shrkh-kshf-tsrbat-alghaz-fy-ajman,https://max-art-ae.com/shrkh-kshf-tsrbat-alghaz-fy-ajman/,✍️ كتب هذا المقال: م. سارة العتيبي — خبيرة جودة خدمات المنازل، +10 سنوات | 📅 آخر تحديث: أبريل 2026 | ✅ مراجعة: فريق ركن التطور كل ما تحتاج معرفته عن كشف تسربات الغاز في عجمان 2026 كشف تسربات الغاز في عجمان هي خدمة متخصصة تُقدّمها شركات محتر
2795,2026-05-08T05:32:43,1436,8,4,2585,rak,شركة كشف تسربات الغاز في رأس الخيمة,shrkh-kshf-tsrbat-alghaz-fy-ras-alkhymh,https://max-art-ae.com/shrkh-kshf-tsrbat-alghaz-fy-ras-alkhymh/,✍️ كتب هذا المقال: م. سارة العتيبي — خبيرة جودة خدمات المنازل، +10 سنوات | 📅 آخر تحديث: أبريل 2026 | ✅ مراجعة: فريق ركن التطور كل ما تحتاج معرفته عن كشف تسربات الغاز في رأس الخيمة 2026 كشف تسربات الغاز في رأس الخيمة هي خدمة متخصصة تُقدّمها 
2796,2026-05-08T05:32:42,1420,8,4,2585,fujairah,شركة كشف تسربات الغاز في الفجيرة,shrkh-kshf-tsrbat-alghaz-fy-alfjyrh,https://max-art-ae.com/shrkh-kshf-tsrbat-alghaz-fy-alfjyrh/,✍️ كتب هذا المقال: م. سارة العتيبي — خبيرة جودة خدمات المنازل، +10 سنوات | 📅 آخر تحديث: أبريل 2026 | ✅ مراجعة: فريق ركن التطور كل ما تحتاج معرفته عن كشف تسربات الغاز في الفجيرة 2026 كشف تسربات الغاز في الفجيرة هي خدمة متخصصة تُقدّمها شركات 
2797,2026-05-08T05:32:41,1444,8,4,2585,uaq,شركة كشف تسربات الغاز في أم القيوين,shrkh-kshf-tsrbat-alghaz-fy-am-alqywyn,https://max-art-ae.com/shrkh-kshf-tsrbat-alghaz-fy-am-alqywyn/,✍️ كتب هذا المقال: م. سارة العتيبي — خبيرة جودة خدمات المنازل، +10 سنوات | 📅 آخر تحديث: أبريل 2026 | ✅ مراجعة: فريق ركن التطور كل ما تحتاج معرفته عن كشف تسربات الغاز في أم القيوين 2026 كشف تسربات الغاز في أم القيوين هي خدمة متخصصة تُقدّمها 
2798,2026-05-08T05:32:40,1400,8,4,2585,khorfakkan,شركة كشف تسربات الغاز في خورفكان,shrkh-kshf-tsrbat-alghaz-fy-khwrfkan,https://max-art-ae.com/shrkh-kshf-tsrbat-alghaz-fy-khwrfkan/,✍️ كتب هذا المقال: م. سارة العتيبي — خبيرة جودة خدمات المنازل، +10 سنوات | 📅 آخر تحديث: أبريل 2026 | ✅ مراجعة: فريق ركن التطور كل ما تحتاج معرفته عن كشف تسربات الغاز في خورفكان 2026 كشف تسربات الغاز في خورفكان هي خدمة متخصصة تُقدّمها شركات 
2799,2026-05-08T05:32:39,1418,8,4,2585,unknown,شركة كشف تسربات الغاز في كلباء,shrkh-kshf-tsrbat-alghaz-fy-klba,https://max-art-ae.com/shrkh-kshf-tsrbat-alghaz-fy-klba/,✍️ كتب هذا المقال: م. سارة العتيبي — خبيرة جودة خدمات المنازل، +10 سنوات | 📅 آخر تحديث: أبريل 2026 | ✅ مراجعة: فريق ركن التطور كل ما تحتاج معرفته عن كشف تسربات الغاز في كلباء 2026 كشف تسربات الغاز في كلباء هي خدمة متخصصة تُقدّمها شركات محتر
2800,2026-05-08T05:32:38,1418,8,4,2585,unknown,شركة كشف تسربات الغاز في الذيد,shrkh-kshf-tsrbat-alghaz-fy-aldhyd,https://max-art-ae.com/shrkh-kshf-tsrbat-alghaz-fy-aldhyd/,✍️ كتب هذا المقال: م. سارة العتيبي — خبيرة جودة خدمات المنازل، +10 سنوات | 📅 آخر تحديث: أبريل 2026 | ✅ مراجعة: فريق ركن التطور كل ما تحتاج معرفته عن كشف تسربات الغاز في الذيد 2026 كشف تسربات الغاز في الذيد هي خدمة متخصصة تُقدّمها شركات محتر
2801,2026-05-08T05:32:37,1404,8,4,2585,unknown,شركة كشف تسربات الغاز في حتا,shrkh-kshf-tsrbat-alghaz-fy-hta,https://max-art-ae.com/shrkh-kshf-tsrbat-alghaz-fy-hta/,✍️ كتب هذا المقال: م. سارة العتيبي — خبيرة جودة خدمات المنازل، +10 سنوات | 📅 آخر تحديث: أبريل 2026 | ✅ مراجعة: فريق ركن التطور كل ما تحتاج معرفته عن كشف تسربات الغاز في حتا 2026 كشف تسربات الغاز في حتا هي خدمة متخصصة تُقدّمها شركات محترفة ب
2802,2026-05-08T05:32:35,1411,8,4,2585,unknown,شركة كشف تسربات الغاز في ديرة,shrkh-kshf-tsrbat-alghaz-fy-dyrh,https://max-art-ae.com/shrkh-kshf-tsrbat-alghaz-fy-dyrh/,✍️ كتب هذا المقال: م. سارة العتيبي — خبيرة جودة خدمات المنازل، +10 سنوات | 📅 آخر تحديث: أبريل 2026 | ✅ مراجعة: فريق ركن التطور كل ما تحتاج معرفته عن كشف تسربات الغاز في ديرة 2026 كشف تسربات الغاز في ديرة هي خدمة متخصصة تُقدّمها شركات محترفة
2803,2026-05-08T05:32:34,1436,8,4,2585,dubai,شركة كشف تسربات الغاز في بر دبي,shrkh-kshf-tsrbat-alghaz-fy-br-dby,https://max-art-ae.com/shrkh-kshf-tsrbat-alghaz-fy-br-dby/,✍️ كتب هذا المقال: م. سارة العتيبي — خبيرة جودة خدمات المنازل، +10 سنوات | 📅 آخر تحديث: أبريل 2026 | ✅ مراجعة: فريق ركن التطور كل ما تحتاج معرفته عن كشف تسربات الغاز في بر دبي 2026 كشف تسربات الغاز في بر دبي هي خدمة متخصصة تُقدّمها شركات مح
2804,2026-05-08T05:32:33,1418,8,4,2585,unknown,شركة كشف تسربات الغاز في الجميرا,shrkh-kshf-tsrbat-alghaz-fy-aljmyra,https://max-art-ae.com/shrkh-kshf-tsrbat-alghaz-fy-aljmyra/,✍️ كتب هذا المقال: م. سارة العتيبي — خبيرة جودة خدمات المنازل، +10 سنوات | 📅 آخر تحديث: أبريل 2026 | ✅ مراجعة: فريق ركن التطور كل ما تحتاج معرفته عن كشف تسربات الغاز في الجميرا 2026 كشف تسربات الغاز في الجميرا هي خدمة متخصصة تُقدّمها شركات 
2805,2026-05-08T05:32:32,1410,8,4,2585,unknown,شركة كشف تسربات الغاز في البرشاء,shrkh-kshf-tsrbat-alghaz-fy-albrsha,https://max-art-ae.com/shrkh-kshf-tsrbat-alghaz-fy-albrsha/,✍️ كتب هذا المقال: م. سارة العتيبي — خبيرة جودة خدمات المنازل، +10 سنوات | 📅 آخر تحديث: أبريل 2026 | ✅ مراجعة: فريق ركن التطور كل ما تحتاج معرفته عن كشف تسربات الغاز في البرشاء 2026 كشف تسربات الغاز في البرشاء هي خدمة متخصصة تُقدّمها شركات 
2806,2026-05-08T05:32:30,1413,8,4,2585,unknown,شركة كشف تسربات الغاز في مردف,shrkh-kshf-tsrbat-alghaz-fy-mrdf,https://max-art-ae.com/shrkh-kshf-tsrbat-alghaz-fy-mrdf/,✍️ كتب هذا المقال: م. سارة العتيبي — خبيرة جودة خدمات المنازل، +10 سنوات | 📅 آخر تحديث: أبريل 2026 | ✅ مراجعة: فريق ركن التطور كل ما تحتاج معرفته عن كشف تسربات الغاز في مردف 2026 كشف تسربات الغاز في مردف هي خدمة متخصصة تُقدّمها شركات محترفة
2807,2026-05-08T05:32:29,1414,8,4,2585,unknown,شركة كشف تسربات الغاز في الخوانيج,shrkh-kshf-tsrbat-alghaz-fy-alkhwanyj,https://max-art-ae.com/shrkh-kshf-tsrbat-alghaz-fy-alkhwanyj/,✍️ كتب هذا المقال: م. سارة العتيبي — خبيرة جودة خدمات المنازل، +10 سنوات | 📅 آخر تحديث: أبريل 2026 | ✅ مراجعة: فريق ركن التطور كل ما تحتاج معرفته عن كشف تسربات الغاز في الخوانيج 2026 كشف تسربات الغاز في الخوانيج هي خدمة متخصصة تُقدّمها شركا
2808,2026-05-08T05:32:27,1403,8,4,2585,unknown,شركة كشف تسربات الغاز في الورقاء,shrkh-kshf-tsrbat-alghaz-fy-alwrqa,https://max-art-ae.com/shrkh-kshf-tsrbat-alghaz-fy-alwrqa/,✍️ كتب هذا المقال: م. سارة العتيبي — خبيرة جودة خدمات المنازل، +10 سنوات | 📅 آخر تحديث: أبريل 2026 | ✅ مراجعة: فريق ركن التطور كل ما تحتاج معرفته عن كشف تسربات الغاز في الورقاء 2026 كشف تسربات الغاز في الورقاء هي خدمة متخصصة تُقدّمها شركات 
2809,2026-05-08T05:32:25,1407,8,4,2585,unknown,شركة كشف تسربات الغاز في القوز,shrkh-kshf-tsrbat-alghaz-fy-alqwz,https://max-art-ae.com/shrkh-kshf-tsrbat-alghaz-fy-alqwz/,✍️ كتب هذا المقال: م. سارة العتيبي — خبيرة جودة خدمات المنازل، +10 سنوات | 📅 آخر تحديث: أبريل 2026 | ✅ مراجعة: فريق ركن التطور كل ما تحتاج معرفته عن كشف تسربات الغاز في القوز 2026 كشف تسربات الغاز في القوز هي خدمة متخصصة تُقدّمها شركات محتر
2810,2026-05-08T05:32:22,1448,8,4,2585,unknown,شركة كشف تسربات الغاز في جبل علي,shrkh-kshf-tsrbat-alghaz-fy-jbl-aly,https://max-art-ae.com/shrkh-kshf-tsrbat-alghaz-fy-jbl-aly/,✍️ كتب هذا المقال: م. سارة العتيبي — خبيرة جودة خدمات المنازل، +10 سنوات | 📅 آخر تحديث: أبريل 2026 | ✅ مراجعة: فريق ركن التطور كل ما تحتاج معرفته عن كشف تسربات الغاز في جبل علي 2026 كشف تسربات الغاز في جبل علي هي خدمة متخصصة تُقدّمها شركات 
2811,2026-05-08T05:32:21,1443,8,4,2585,unknown,شركة كشف تسربات الغاز في مدينة خليفة,shrkh-kshf-tsrbat-alghaz-fy-mdynh-khlyfh,https://max-art-ae.com/shrkh-kshf-tsrbat-alghaz-fy-mdynh-khlyfh/,✍️ كتب هذا المقال: م. سارة العتيبي — خبيرة جودة خدمات المنازل، +10 سنوات | 📅 آخر تحديث: أبريل 2026 | ✅ مراجعة: فريق ركن التطور كل ما تحتاج معرفته عن كشف تسربات الغاز في مدينة خليفة 2026 كشف تسربات الغاز في مدينة خليفة هي خدمة متخصصة تُقدّمه
2812,2026-05-08T05:32:19,1509,8,4,2585,unknown,شركة كشف تسربات الغاز في مدينة محمد بن زايد,shrkh-kshf-tsrbat-alghaz-fy-mdynh-mhmd-bn-zayd,https://max-art-ae.com/shrkh-kshf-tsrbat-alghaz-fy-mdynh-mhmd-bn-zayd/,✍️ كتب هذا المقال: م. سارة العتيبي — خبيرة جودة خدمات المنازل، +10 سنوات | 📅 آخر تحديث: أبريل 2026 | ✅ مراجعة: فريق ركن التطور كل ما تحتاج معرفته عن كشف تسربات الغاز في مدينة محمد بن زايد 2026 كشف تسربات الغاز في مدينة محمد بن زايد هي خدمة 
2813,2026-05-08T05:32:17,1445,8,4,2585,unknown,شركة كشف تسربات الغاز في مدينة شخبوط,shrkh-kshf-tsrbat-alghaz-fy-mdynh-shkhbwt,https://max-art-ae.com/shrkh-kshf-tsrbat-alghaz-fy-mdynh-shkhbwt/,✍️ كتب هذا المقال: م. سارة العتيبي — خبيرة جودة خدمات المنازل، +10 سنوات | 📅 آخر تحديث: أبريل 2026 | ✅ مراجعة: فريق ركن التطور كل ما تحتاج معرفته عن كشف تسربات الغاز في مدينة شخبوط 2026 كشف تسربات الغاز في مدينة شخبوط هي خدمة متخصصة تُقدّمه
2814,2026-05-08T05:32:16,1453,8,4,2585,unknown,شركة كشف تسربات الغاز في بني ياس,shrkh-kshf-tsrbat-alghaz-fy-bny-yas,https://max-art-ae.com/shrkh-kshf-tsrbat-alghaz-fy-bny-yas/,✍️ كتب هذا المقال: م. سارة العتيبي — خبيرة جودة خدمات المنازل، +10 سنوات | 📅 آخر تحديث: أبريل 2026 | ✅ مراجعة: فريق ركن التطور كل ما تحتاج معرفته عن كشف تسربات الغاز في بني ياس 2026 كشف تسربات الغاز في بني ياس هي خدمة متخصصة تُقدّمها شركات 
2815,2026-05-08T05:32:14,1422,8,4,2585,unknown,شركة كشف تسربات الغاز في المصفح,shrkh-kshf-tsrbat-alghaz-fy-almsfh,https://max-art-ae.com/shrkh-kshf-tsrbat-alghaz-fy-almsfh/,✍️ كتب هذا المقال: م. سارة العتيبي — خبيرة جودة خدمات المنازل، +10 سنوات | 📅 آخر تحديث: أبريل 2026 | ✅ مراجعة: فريق ركن التطور كل ما تحتاج معرفته عن كشف تسربات الغاز في المصفح 2026 كشف تسربات الغاز في المصفح هي خدمة متخصصة تُقدّمها شركات مح
2816,2026-05-08T05:32:12,1418,8,4,2585,unknown,شركة كشف تسربات الغاز في الشهامة,shrkh-kshf-tsrbat-alghaz-fy-alshhamh,https://max-art-ae.com/shrkh-kshf-tsrbat-alghaz-fy-alshhamh/,✍️ كتب هذا المقال: م. سارة العتيبي — خبيرة جودة خدمات المنازل، +10 سنوات | 📅 آخر تحديث: أبريل 2026 | ✅ مراجعة: فريق ركن التطور كل ما تحتاج معرفته عن كشف تسربات الغاز في الشهامة 2026 كشف تسربات الغاز في الشهامة هي خدمة متخصصة تُقدّمها شركات 
2817,2026-05-08T05:32:10,1421,8,4,2585,unknown,شركة كشف تسربات الغاز في الرحبة,shrkh-kshf-tsrbat-alghaz-fy-alrhbh,https://max-art-ae.com/shrkh-kshf-tsrbat-alghaz-fy-alrhbh/,✍️ كتب هذا المقال: م. سارة العتيبي — خبيرة جودة خدمات المنازل، +10 سنوات | 📅 آخر تحديث: أبريل 2026 | ✅ مراجعة: فريق ركن التطور كل ما تحتاج معرفته عن كشف تسربات الغاز في الرحبة 2026 كشف تسربات الغاز في الرحبة هي خدمة متخصصة تُقدّمها شركات مح
2818,2026-05-08T05:32:09,1405,8,4,2585,unknown,شركة كشف تسربات الغاز في اليحر,shrkh-kshf-tsrbat-alghaz-fy-alyhr,https://max-art-ae.com/shrkh-kshf-tsrbat-alghaz-fy-alyhr/,✍️ كتب هذا المقال: م. سارة العتيبي — خبيرة جودة خدمات المنازل، +10 سنوات | 📅 آخر تحديث: أبريل 2026 | ✅ مراجعة: فريق ركن التطور كل ما تحتاج معرفته عن كشف تسربات الغاز في اليحر 2026 كشف تسربات الغاز في اليحر هي خدمة متخصصة تُقدّمها شركات محتر
2819,2026-05-08T05:32:07,1413,8,4,2585,unknown,شركة كشف تسربات الغاز في المقام,shrkh-kshf-tsrbat-alghaz-fy-almqam,https://max-art-ae.com/shrkh-kshf-tsrbat-alghaz-fy-almqam/,✍️ كتب هذا المقال: م. سارة العتيبي — خبيرة جودة خدمات المنازل، +10 سنوات | 📅 آخر تحديث: أبريل 2026 | ✅ مراجعة: فريق ركن التطور كل ما تحتاج معرفته عن كشف تسربات الغاز في المقام 2026 كشف تسربات الغاز في المقام هي خدمة متخصصة تُقدّمها شركات مح
2820,2026-05-08T05:32:06,1421,8,4,2585,unknown,شركة كشف تسربات الغاز في الصاروج,shrkh-kshf-tsrbat-alghaz-fy-alsarwj,https://max-art-ae.com/shrkh-kshf-tsrbat-alghaz-fy-alsarwj/,✍️ كتب هذا المقال: م. سارة العتيبي — خبيرة جودة خدمات المنازل، +10 سنوات | 📅 آخر تحديث: أبريل 2026 | ✅ مراجعة: فريق ركن التطور كل ما تحتاج معرفته عن كشف تسربات الغاز في الصاروج 2026 كشف تسربات الغاز في الصاروج هي خدمة متخصصة تُقدّمها شركات 
2821,2026-05-08T05:32:05,1400,8,4,2585,unknown,شركة كشف تسربات الغاز في المجاز,shrkh-kshf-tsrbat-alghaz-fy-almjaz,https://max-art-ae.com/shrkh-kshf-tsrbat-alghaz-fy-almjaz/,✍️ كتب هذا المقال: م. سارة العتيبي — خبيرة جودة خدمات المنازل، +10 سنوات | 📅 آخر تحديث: أبريل 2026 | ✅ مراجعة: فريق ركن التطور كل ما تحتاج معرفته عن كشف تسربات الغاز في المجاز 2026 كشف تسربات الغاز في المجاز هي خدمة متخصصة تُقدّمها شركات مح
2822,2026-05-08T05:32:03,1405,8,4,2585,unknown,شركة كشف تسربات الغاز في التعاون,shrkh-kshf-tsrbat-alghaz-fy-altaawn,https://max-art-ae.com/shrkh-kshf-tsrbat-alghaz-fy-altaawn/,✍️ كتب هذا المقال: م. سارة العتيبي — خبيرة جودة خدمات المنازل، +10 سنوات | 📅 آخر تحديث: أبريل 2026 | ✅ مراجعة: فريق ركن التطور كل ما تحتاج معرفته عن كشف تسربات الغاز في التعاون 2026 كشف تسربات الغاز في التعاون هي خدمة متخصصة تُقدّمها شركات 
2824,2026-05-08T05:32:01,1405,8,4,2585,unknown,شركة كشف تسربات الغاز في اليرموك,shrkh-kshf-tsrbat-alghaz-fy-alyrmwk,https://max-art-ae.com/shrkh-kshf-tsrbat-alghaz-fy-alyrmwk/,✍️ كتب هذا المقال: م. سارة العتيبي — خبيرة جودة خدمات المنازل، +10 سنوات | 📅 آخر تحديث: أبريل 2026 | ✅ مراجعة: فريق ركن التطور كل ما تحتاج معرفته عن كشف تسربات الغاز في اليرموك 2026 كشف تسربات الغاز في اليرموك هي خدمة متخصصة تُقدّمها شركات 
2823,2026-05-08T05:32:01,1404,8,4,2585,unknown,شركة كشف تسربات الغاز في النهضة,shrkh-kshf-tsrbat-alghaz-fy-alnhdh,https://max-art-ae.com/shrkh-kshf-tsrbat-alghaz-fy-alnhdh/,✍️ كتب هذا المقال: م. سارة العتيبي — خبيرة جودة خدمات المنازل، +10 سنوات | 📅 آخر تحديث: أبريل 2026 | ✅ مراجعة: فريق ركن التطور كل ما تحتاج معرفته عن كشف تسربات الغاز في النهضة 2026 كشف تسربات الغاز في النهضة هي خدمة متخصصة تُقدّمها شركات مح
2825,2026-05-08T05:32:00,1405,8,4,2585,unknown,شركة كشف تسربات الغاز في الرحمانية,shrkh-kshf-tsrbat-alghaz-fy-alrhmanyh,https://max-art-ae.com/shrkh-kshf-tsrbat-alghaz-fy-alrhmanyh/,✍️ كتب هذا المقال: م. سارة العتيبي — خبيرة جودة خدمات المنازل، +10 سنوات | 📅 آخر تحديث: أبريل 2026 | ✅ مراجعة: فريق ركن التطور كل ما تحتاج معرفته عن كشف تسربات الغاز في الرحمانية 2026 كشف تسربات الغاز في الرحمانية هي خدمة متخصصة تُقدّمها شر
2826,2026-05-08T05:31:59,1406,8,4,2585,unknown,شركة كشف تسربات الغاز في السيوح,shrkh-kshf-tsrbat-alghaz-fy-alsywh,https://max-art-ae.com/shrkh-kshf-tsrbat-alghaz-fy-alsywh/,✍️ كتب هذا المقال: م. سارة العتيبي — خبيرة جودة خدمات المنازل، +10 سنوات | 📅 آخر تحديث: أبريل 2026 | ✅ مراجعة: فريق ركن التطور كل ما تحتاج معرفته عن كشف تسربات الغاز في السيوح 2026 كشف تسربات الغاز في السيوح هي خدمة متخصصة تُقدّمها شركات مح
2827,2026-05-08T05:31:58,1411,8,4,2585,unknown,شركة كشف تسربات الغاز في مويلح,shrkh-kshf-tsrbat-alghaz-fy-mwylh,https://max-art-ae.com/shrkh-kshf-tsrbat-alghaz-fy-mwylh/,✍️ كتب هذا المقال: م. سارة العتيبي — خبيرة جودة خدمات المنازل، +10 سنوات | 📅 آخر تحديث: أبريل 2026 | ✅ مراجعة: فريق ركن التطور كل ما تحتاج معرفته عن كشف تسربات الغاز في مويلح 2026 كشف تسربات الغاز في مويلح هي خدمة متخصصة تُقدّمها شركات محتر
2828,2026-05-08T05:31:57,1401,8,4,2585,unknown,شركة كشف تسربات الغاز في الروضة,shrkh-kshf-tsrbat-alghaz-fy-alrwdh,https://max-art-ae.com/shrkh-kshf-tsrbat-alghaz-fy-alrwdh/,✍️ كتب هذا المقال: م. سارة العتيبي — خبيرة جودة خدمات المنازل، +10 سنوات | 📅 آخر تحديث: أبريل 2026 | ✅ مراجعة: فريق ركن التطور كل ما تحتاج معرفته عن كشف تسربات الغاز في الروضة 2026 كشف تسربات الغاز في الروضة هي خدمة متخصصة تُقدّمها شركات مح
2829,2026-05-08T05:31:56,1410,8,4,2585,unknown,شركة كشف تسربات الغاز في المويهات,shrkh-kshf-tsrbat-alghaz-fy-almwyhat,https://max-art-ae.com/shrkh-kshf-tsrbat-alghaz-fy-almwyhat/,✍️ كتب هذا المقال: م. سارة العتيبي — خبيرة جودة خدمات المنازل، +10 سنوات | 📅 آخر تحديث: أبريل 2026 | ✅ مراجعة: فريق ركن التطور كل ما تحتاج معرفته عن كشف تسربات الغاز في المويهات 2026 كشف تسربات الغاز في المويهات هي خدمة متخصصة تُقدّمها شركا
2830,2026-05-08T05:31:55,1405,8,4,2585,unknown,شركة كشف تسربات الغاز في الحميدية,shrkh-kshf-tsrbat-alghaz-fy-alhmydyh,https://max-art-ae.com/shrkh-kshf-tsrbat-alghaz-fy-alhmydyh/,✍️ كتب هذا المقال: م. سارة العتيبي — خبيرة جودة خدمات المنازل، +10 سنوات | 📅 آخر تحديث: أبريل 2026 | ✅ مراجعة: فريق ركن التطور كل ما تحتاج معرفته عن كشف تسربات الغاز في الحميدية 2026 كشف تسربات الغاز في الحميدية هي خدمة متخصصة تُقدّمها شركا
2831,2026-05-08T05:31:54,1418,8,4,2585,unknown,شركة كشف تسربات الغاز في الجرف,shrkh-kshf-tsrbat-alghaz-fy-aljrf,https://max-art-ae.com/shrkh-kshf-tsrbat-alghaz-fy-aljrf/,✍️ كتب هذا المقال: م. سارة العتيبي — خبيرة جودة خدمات المنازل، +10 سنوات | 📅 آخر تحديث: أبريل 2026 | ✅ مراجعة: فريق ركن التطور كل ما تحتاج معرفته عن كشف تسربات الغاز في الجرف 2026 كشف تسربات الغاز في الجرف هي خدمة متخصصة تُقدّمها شركات محتر
2832,2026-05-08T05:31:53,1413,8,4,2585,unknown,شركة كشف تسربات الغاز في النعيمية,shrkh-kshf-tsrbat-alghaz-fy-alnaymyh,https://max-art-ae.com/shrkh-kshf-tsrbat-alghaz-fy-alnaymyh/,✍️ كتب هذا المقال: م. سارة العتيبي — خبيرة جودة خدمات المنازل، +10 سنوات | 📅 آخر تحديث: أبريل 2026 | ✅ مراجعة: فريق ركن التطور كل ما تحتاج معرفته عن كشف تسربات الغاز في النعيمية 2026 كشف تسربات الغاز في النعيمية هي خدمة متخصصة تُقدّمها شركا
2833,2026-05-08T05:31:52,1411,8,4,2585,unknown,شركة كشف تسربات الغاز في الظيت,shrkh-kshf-tsrbat-alghaz-fy-alzyt,https://max-art-ae.com/shrkh-kshf-tsrbat-alghaz-fy-alzyt/,✍️ كتب هذا المقال: م. سارة العتيبي — خبيرة جودة خدمات المنازل، +10 سنوات | 📅 آخر تحديث: أبريل 2026 | ✅ مراجعة: فريق ركن التطور كل ما تحتاج معرفته عن كشف تسربات الغاز في الظيت 2026 كشف تسربات الغاز في الظيت هي خدمة متخصصة تُقدّمها شركات محتر
2834,2026-05-08T05:31:51,1446,8,4,2585,unknown,شركة كشف تسربات الغاز في الجزيرة الحمراء,shrkh-kshf-tsrbat-alghaz-fy-aljzyrh-alhmra,https://max-art-ae.com/shrkh-kshf-tsrbat-alghaz-fy-aljzyrh-alhmra/,✍️ كتب هذا المقال: م. سارة العتيبي — خبيرة جودة خدمات المنازل، +10 سنوات | 📅 آخر تحديث: أبريل 2026 | ✅ مراجعة: فريق ركن التطور كل ما تحتاج معرفته عن كشف تسربات الغاز في الجزيرة الحمراء 2026 كشف تسربات الغاز في الجزيرة الحمراء هي خدمة متخصصة
2835,2026-05-08T05:31:50,1412,8,4,2585,unknown,شركة كشف تسربات الغاز في السلمة,shrkh-kshf-tsrbat-alghaz-fy-alslmh,https://max-art-ae.com/shrkh-kshf-tsrbat-alghaz-fy-alslmh/,✍️ كتب هذا المقال: م. سارة العتيبي — خبيرة جودة خدمات المنازل، +10 سنوات | 📅 آخر تحديث: أبريل 2026 | ✅ مراجعة: فريق ركن التطور كل ما تحتاج معرفته عن كشف تسربات الغاز في السلمة 2026 كشف تسربات الغاز في السلمة هي خدمة متخصصة تُقدّمها شركات مح
2836,2026-05-08T05:31:49,1447,8,4,2585,fujairah,شركة كشف تسربات الغاز في دبا الفجيرة,shrkh-kshf-tsrbat-alghaz-fy-dba-alfjyrh,https://max-art-ae.com/shrkh-kshf-tsrbat-alghaz-fy-dba-alfjyrh/,✍️ كتب هذا المقال: م. سارة العتيبي — خبيرة جودة خدمات المنازل، +10 سنوات | 📅 آخر تحديث: أبريل 2026 | ✅ مراجعة: فريق ركن التطور كل ما تحتاج معرفته عن كشف تسربات الغاز في دبا الفجيرة 2026 كشف تسربات الغاز في دبا الفجيرة هي خدمة متخصصة تُقدّمه
2837,2026-05-08T05:31:48,1446,8,4,2585,unknown,شركة كشف تسربات الغاز في المرابع العربية,shrkh-kshf-tsrbat-alghaz-fy-almraba-alarbyh,https://max-art-ae.com/shrkh-kshf-tsrbat-alghaz-fy-almraba-alarbyh/,✍️ كتب هذا المقال: م. سارة العتيبي — خبيرة جودة خدمات المنازل، +10 سنوات | 📅 آخر تحديث: أبريل 2026 | ✅ مراجعة: فريق ركن التطور كل ما تحتاج معرفته عن كشف تسربات الغاز في المرابع العربية 2026 كشف تسربات الغاز في المرابع العربية هي خدمة متخصصة
2839,2026-05-08T05:31:47,1477,8,4,2585,dubai,شركة كشف تسربات الغاز في واحة دبي للسيليكون,shrkh-kshf-tsrbat-alghaz-fy-wahh-dby-llsylykwn,https://max-art-ae.com/shrkh-kshf-tsrbat-alghaz-fy-wahh-dby-llsylykwn/,✍️ كتب هذا المقال: م. سارة العتيبي — خبيرة جودة خدمات المنازل، +10 سنوات | 📅 آخر تحديث: أبريل 2026 | ✅ مراجعة: فريق ركن التطور كل ما تحتاج معرفته عن كشف تسربات الغاز في واحة دبي للسيليكون 2026 كشف تسربات الغاز في واحة دبي للسيليكون هي خدمة 
2838,2026-05-08T05:31:47,1445,8,4,2585,unknown,شركة كشف تسربات الغاز في داماك هيلز,shrkh-kshf-tsrbat-alghaz-fy-damak-hylz,https://max-art-ae.com/shrkh-kshf-tsrbat-alghaz-fy-damak-hylz/,✍️ كتب هذا المقال: م. سارة العتيبي — خبيرة جودة خدمات المنازل، +10 سنوات | 📅 آخر تحديث: أبريل 2026 | ✅ مراجعة: فريق ركن التطور كل ما تحتاج معرفته عن كشف تسربات الغاز في داماك هيلز 2026 كشف تسربات الغاز في داماك هيلز هي خدمة متخصصة تُقدّمها 
2840,2026-05-08T05:31:46,1471,8,4,2585,unknown,شركة كشف تسربات الغاز في جميرا فيليج سيركل,shrkh-kshf-tsrbat-alghaz-fy-jmyra-fylyj-syrkl,https://max-art-ae.com/shrkh-kshf-tsrbat-alghaz-fy-jmyra-fylyj-syrkl/,✍️ كتب هذا المقال: م. سارة العتيبي — خبيرة جودة خدمات المنازل، +10 سنوات | 📅 آخر تحديث: أبريل 2026 | ✅ مراجعة: فريق ركن التطور كل ما تحتاج معرفته عن كشف تسربات الغاز في جميرا فيليج سيركل 2026 كشف تسربات الغاز في جميرا فيليج سيركل هي خدمة مت
2841,2026-05-08T05:31:45,1447,8,4,2585,unknown,شركة كشف تسربات الغاز في نخلة جميرا,shrkh-kshf-tsrbat-alghaz-fy-nkhlh-jmyra,https://max-art-ae.com/shrkh-kshf-tsrbat-alghaz-fy-nkhlh-jmyra/,✍️ كتب هذا المقال: م. سارة العتيبي — خبيرة جودة خدمات المنازل، +10 سنوات | 📅 آخر تحديث: أبريل 2026 | ✅ مراجعة: فريق ركن التطور كل ما تحتاج معرفته عن كشف تسربات الغاز في نخلة جميرا 2026 كشف تسربات الغاز في نخلة جميرا هي خدمة متخصصة تُقدّمها 
2843,2026-05-08T05:31:43,1441,8,4,2585,unknown,شركة كشف تسربات الغاز في الخليج التجاري,shrkh-kshf-tsrbat-alghaz-fy-alkhlyj-altjary,https://max-art-ae.com/shrkh-kshf-tsrbat-alghaz-fy-alkhlyj-altjary/,✍️ كتب هذا المقال: م. سارة العتيبي — خبيرة جودة خدمات المنازل، +10 سنوات | 📅 آخر تحديث: أبريل 2026 | ✅ مراجعة: فريق ركن التطور كل ما تحتاج معرفته عن كشف تسربات الغاز في الخليج التجاري 2026 كشف تسربات الغاز في الخليج التجاري هي خدمة متخصصة ت
2842,2026-05-08T05:31:43,1482,8,4,2585,dubai,شركة كشف تسربات الغاز في وسط مدينة دبي,shrkh-kshf-tsrbat-alghaz-fy-wst-mdynh-dby,https://max-art-ae.com/shrkh-kshf-tsrbat-alghaz-fy-wst-mdynh-dby/,✍️ كتب هذا المقال: م. سارة العتيبي — خبيرة جودة خدمات المنازل، +10 سنوات | 📅 آخر تحديث: أبريل 2026 | ✅ مراجعة: فريق ركن التطور كل ما تحتاج معرفته عن كشف تسربات الغاز في وسط مدينة دبي 2026 كشف تسربات الغاز في وسط مدينة دبي هي خدمة متخصصة تُق
2844,2026-05-08T05:31:42,1413,8,4,2585,dubai,شركة كشف تسربات التكييف في دبي,shrkh-kshf-tsrbat-altkyyf-fy-dby,https://max-art-ae.com/shrkh-kshf-tsrbat-altkyyf-fy-dby/,✍️ كتب هذا المقال: م. سارة العتيبي — خبيرة جودة خدمات المنازل، +10 سنوات | 📅 آخر تحديث: أبريل 2026 | ✅ مراجعة: فريق ركن التطور كل ما تحتاج معرفته عن كشف تسربات التكييف في دبي 2026 كشف تسربات التكييف في دبي هي خدمة متخصصة تُقدّمها شركات محتر
2845,2026-05-08T05:31:40,1407,8,4,2585,abu-dhabi,شركة كشف تسربات التكييف في أبوظبي,shrkh-kshf-tsrbat-altkyyf-fy-abwzby,https://max-art-ae.com/shrkh-kshf-tsrbat-altkyyf-fy-abwzby/,✍️ كتب هذا المقال: م. سارة العتيبي — خبيرة جودة خدمات المنازل، +10 سنوات | 📅 آخر تحديث: أبريل 2026 | ✅ مراجعة: فريق ركن التطور كل ما تحتاج معرفته عن كشف تسربات التكييف في أبوظبي 2026 كشف تسربات التكييف في أبوظبي هي خدمة متخصصة تُقدّمها شركا
2846,2026-05-08T05:31:39,1414,8,4,2585,sharjah,شركة كشف تسربات التكييف في الشارقة,shrkh-kshf-tsrbat-altkyyf-fy-alsharqh,https://max-art-ae.com/shrkh-kshf-tsrbat-altkyyf-fy-alsharqh/,✍️ كتب هذا المقال: م. سارة العتيبي — خبيرة جودة خدمات المنازل، +10 سنوات | 📅 آخر تحديث: أبريل 2026 | ✅ مراجعة: فريق ركن التطور كل ما تحتاج معرفته عن كشف تسربات التكييف في الشارقة 2026 كشف تسربات التكييف في الشارقة هي خدمة متخصصة تُقدّمها شر
2847,2026-05-08T05:31:38,1421,8,4,2585,al-ain,شركة كشف تسربات التكييف في العين,shrkh-kshf-tsrbat-altkyyf-fy-alayn,https://max-art-ae.com/shrkh-kshf-tsrbat-altkyyf-fy-alayn/,✍️ كتب هذا المقال: م. سارة العتيبي — خبيرة جودة خدمات المنازل، +10 سنوات | 📅 آخر تحديث: أبريل 2026 | ✅ مراجعة: فريق ركن التطور كل ما تحتاج معرفته عن كشف تسربات التكييف في العين 2026 كشف تسربات التكييف في العين هي خدمة متخصصة تُقدّمها شركات 
2848,2026-05-08T05:31:37,1405,8,4,2585,ajman,شركة كشف تسربات التكييف في عجمان,shrkh-kshf-tsrbat-altkyyf-fy-ajman,https://max-art-ae.com/shrkh-kshf-tsrbat-altkyyf-fy-ajman/,✍️ كتب هذا المقال: م. سارة العتيبي — خبيرة جودة خدمات المنازل، +10 سنوات | 📅 آخر تحديث: أبريل 2026 | ✅ مراجعة: فريق ركن التطور كل ما تحتاج معرفته عن كشف تسربات التكييف في عجمان 2026 كشف تسربات التكييف في عجمان هي خدمة متخصصة تُقدّمها شركات 
2849,2026-05-08T05:31:36,1449,8,4,2585,rak,شركة كشف تسربات التكييف في رأس الخيمة,shrkh-kshf-tsrbat-altkyyf-fy-ras-alkhymh,https://max-art-ae.com/shrkh-kshf-tsrbat-altkyyf-fy-ras-alkhymh/,✍️ كتب هذا المقال: م. سارة العتيبي — خبيرة جودة خدمات المنازل، +10 سنوات | 📅 آخر تحديث: أبريل 2026 | ✅ مراجعة: فريق ركن التطور كل ما تحتاج معرفته عن كشف تسربات التكييف في رأس الخيمة 2026 كشف تسربات التكييف في رأس الخيمة هي خدمة متخصصة تُقدّ
2850,2026-05-08T05:31:34,1414,8,4,2585,fujairah,شركة كشف تسربات التكييف في الفجيرة,shrkh-kshf-tsrbat-altkyyf-fy-alfjyrh,https://max-art-ae.com/shrkh-kshf-tsrbat-altkyyf-fy-alfjyrh/,✍️ كتب هذا المقال: م. سارة العتيبي — خبيرة جودة خدمات المنازل، +10 سنوات | 📅 آخر تحديث: أبريل 2026 | ✅ مراجعة: فريق ركن التطور كل ما تحتاج معرفته عن كشف تسربات التكييف في الفجيرة 2026 كشف تسربات التكييف في الفجيرة هي خدمة متخصصة تُقدّمها شر
2851,2026-05-08T05:31:33,1448,8,4,2585,uaq,شركة كشف تسربات التكييف في أم القيوين,shrkh-kshf-tsrbat-altkyyf-fy-am-alqywyn,https://max-art-ae.com/shrkh-kshf-tsrbat-altkyyf-fy-am-alqywyn/,✍️ كتب هذا المقال: م. سارة العتيبي — خبيرة جودة خدمات المنازل، +10 سنوات | 📅 آخر تحديث: أبريل 2026 | ✅ مراجعة: فريق ركن التطور كل ما تحتاج معرفته عن كشف تسربات التكييف في أم القيوين 2026 كشف تسربات التكييف في أم القيوين هي خدمة متخصصة تُقدّ
2852,2026-05-08T05:31:31,1408,8,4,2585,khorfakkan,شركة كشف تسربات التكييف في خورفكان,shrkh-kshf-tsrbat-altkyyf-fy-khwrfkan,https://max-art-ae.com/shrkh-kshf-tsrbat-altkyyf-fy-khwrfkan/,✍️ كتب هذا المقال: م. سارة العتيبي — خبيرة جودة خدمات المنازل، +10 سنوات | 📅 آخر تحديث: أبريل 2026 | ✅ مراجعة: فريق ركن التطور كل ما تحتاج معرفته عن كشف تسربات التكييف في خورفكان 2026 كشف تسربات التكييف في خورفكان هي خدمة متخصصة تُقدّمها شر
2853,2026-05-08T05:31:29,1412,8,4,2585,unknown,شركة كشف تسربات التكييف في كلباء,shrkh-kshf-tsrbat-altkyyf-fy-klba,https://max-art-ae.com/shrkh-kshf-tsrbat-altkyyf-fy-klba/,✍️ كتب هذا المقال: م. سارة العتيبي — خبيرة جودة خدمات المنازل، +10 سنوات | 📅 آخر تحديث: أبريل 2026 | ✅ مراجعة: فريق ركن التطور كل ما تحتاج معرفته عن كشف تسربات التكييف في كلباء 2026 كشف تسربات التكييف في كلباء هي خدمة متخصصة تُقدّمها شركات 
2854,2026-05-08T05:31:27,1407,8,4,2585,unknown,شركة كشف تسربات التكييف في الذيد,shrkh-kshf-tsrbat-altkyyf-fy-aldhyd,https://max-art-ae.com/shrkh-kshf-tsrbat-altkyyf-fy-aldhyd/,✍️ كتب هذا المقال: م. سارة العتيبي — خبيرة جودة خدمات المنازل، +10 سنوات | 📅 آخر تحديث: أبريل 2026 | ✅ مراجعة: فريق ركن التطور كل ما تحتاج معرفته عن كشف تسربات التكييف في الذيد 2026 كشف تسربات التكييف في الذيد هي خدمة متخصصة تُقدّمها شركات 
2855,2026-05-08T05:31:26,1405,8,4,2585,unknown,شركة كشف تسربات التكييف في حتا,shrkh-kshf-tsrbat-altkyyf-fy-hta,https://max-art-ae.com/shrkh-kshf-tsrbat-altkyyf-fy-hta/,✍️ كتب هذا المقال: م. سارة العتيبي — خبيرة جودة خدمات المنازل، +10 سنوات | 📅 آخر تحديث: أبريل 2026 | ✅ مراجعة: فريق ركن التطور كل ما تحتاج معرفته عن كشف تسربات التكييف في حتا 2026 كشف تسربات التكييف في حتا هي خدمة متخصصة تُقدّمها شركات محتر
2856,2026-05-08T05:31:24,1403,8,4,2585,unknown,شركة كشف تسربات التكييف في ديرة,shrkh-kshf-tsrbat-altkyyf-fy-dyrh,https://max-art-ae.com/shrkh-kshf-tsrbat-altkyyf-fy-dyrh/,✍️ كتب هذا المقال: م. سارة العتيبي — خبيرة جودة خدمات المنازل، +10 سنوات | 📅 آخر تحديث: أبريل 2026 | ✅ مراجعة: فريق ركن التطور كل ما تحتاج معرفته عن كشف تسربات التكييف في ديرة 2026 كشف تسربات التكييف في ديرة هي خدمة متخصصة تُقدّمها شركات مح
2857,2026-05-08T05:31:23,1440,8,4,2585,dubai,شركة كشف تسربات التكييف في بر دبي,shrkh-kshf-tsrbat-altkyyf-fy-br-dby,https://max-art-ae.com/shrkh-kshf-tsrbat-altkyyf-fy-br-dby/,✍️ كتب هذا المقال: م. سارة العتيبي — خبيرة جودة خدمات المنازل، +10 سنوات | 📅 آخر تحديث: أبريل 2026 | ✅ مراجعة: فريق ركن التطور كل ما تحتاج معرفته عن كشف تسربات التكييف في بر دبي 2026 كشف تسربات التكييف في بر دبي هي خدمة متخصصة تُقدّمها شركا
2858,2026-05-08T05:31:20,1417,8,4,2585,unknown,شركة كشف تسربات التكييف في الجميرا,shrkh-kshf-tsrbat-altkyyf-fy-aljmyra,https://max-art-ae.com/shrkh-kshf-tsrbat-altkyyf-fy-aljmyra/,✍️ كتب هذا المقال: م. سارة العتيبي — خبيرة جودة خدمات المنازل، +10 سنوات | 📅 آخر تحديث: أبريل 2026 | ✅ مراجعة: فريق ركن التطور كل ما تحتاج معرفته عن كشف تسربات التكييف في الجميرا 2026 كشف تسربات التكييف في الجميرا هي خدمة متخصصة تُقدّمها شر
2859,2026-05-08T05:31:19,1416,8,4,2585,unknown,شركة كشف تسربات التكييف في البرشاء,shrkh-kshf-tsrbat-altkyyf-fy-albrsha,https://max-art-ae.com/shrkh-kshf-tsrbat-altkyyf-fy-albrsha/,✍️ كتب هذا المقال: م. سارة العتيبي — خبيرة جودة خدمات المنازل، +10 سنوات | 📅 آخر تحديث: أبريل 2026 | ✅ مراجعة: فريق ركن التطور كل ما تحتاج معرفته عن كشف تسربات التكييف في البرشاء 2026 كشف تسربات التكييف في البرشاء هي خدمة متخصصة تُقدّمها شر
2860,2026-05-08T05:31:17,1409,8,4,2585,unknown,شركة كشف تسربات التكييف في مردف,shrkh-kshf-tsrbat-altkyyf-fy-mrdf,https://max-art-ae.com/shrkh-kshf-tsrbat-altkyyf-fy-mrdf/,✍️ كتب هذا المقال: م. سارة العتيبي — خبيرة جودة خدمات المنازل، +10 سنوات | 📅 آخر تحديث: أبريل 2026 | ✅ مراجعة: فريق ركن التطور كل ما تحتاج معرفته عن كشف تسربات التكييف في مردف 2026 كشف تسربات التكييف في مردف هي خدمة متخصصة تُقدّمها شركات مح
2861,2026-05-08T05:31:14,1411,8,4,2585,unknown,شركة كشف تسربات التكييف في الخوانيج,shrkh-kshf-tsrbat-altkyyf-fy-alkhwanyj,https://max-art-ae.com/shrkh-kshf-tsrbat-altkyyf-fy-alkhwanyj/,✍️ كتب هذا المقال: م. سارة العتيبي — خبيرة جودة خدمات المنازل، +10 سنوات | 📅 آخر تحديث: أبريل 2026 | ✅ مراجعة: فريق ركن التطور كل ما تحتاج معرفته عن كشف تسربات التكييف في الخوانيج 2026 كشف تسربات التكييف في الخوانيج هي خدمة متخصصة تُقدّمها 
2862,2026-05-08T05:31:12,1407,8,4,2585,unknown,شركة كشف تسربات التكييف في الورقاء,shrkh-kshf-tsrbat-altkyyf-fy-alwrqa,https://max-art-ae.com/shrkh-kshf-tsrbat-altkyyf-fy-alwrqa/,✍️ كتب هذا المقال: م. سارة العتيبي — خبيرة جودة خدمات المنازل، +10 سنوات | 📅 آخر تحديث: أبريل 2026 | ✅ مراجعة: فريق ركن التطور كل ما تحتاج معرفته عن كشف تسربات التكييف في الورقاء 2026 كشف تسربات التكييف في الورقاء هي خدمة متخصصة تُقدّمها شر
2863,2026-05-08T05:31:11,1410,8,4,2585,unknown,شركة كشف تسربات التكييف في القوز,shrkh-kshf-tsrbat-altkyyf-fy-alqwz,https://max-art-ae.com/shrkh-kshf-tsrbat-altkyyf-fy-alqwz/,✍️ كتب هذا المقال: م. سارة العتيبي — خبيرة جودة خدمات المنازل، +10 سنوات | 📅 آخر تحديث: أبريل 2026 | ✅ مراجعة: فريق ركن التطور كل ما تحتاج معرفته عن كشف تسربات التكييف في القوز 2026 كشف تسربات التكييف في القوز هي خدمة متخصصة تُقدّمها شركات 
2864,2026-05-08T05:31:09,1443,8,4,2585,unknown,شركة كشف تسربات التكييف في جبل علي,shrkh-kshf-tsrbat-altkyyf-fy-jbl-aly,https://max-art-ae.com/shrkh-kshf-tsrbat-altkyyf-fy-jbl-aly/,✍️ كتب هذا المقال: م. سارة العتيبي — خبيرة جودة خدمات المنازل، +10 سنوات | 📅 آخر تحديث: أبريل 2026 | ✅ مراجعة: فريق ركن التطور كل ما تحتاج معرفته عن كشف تسربات التكييف في جبل علي 2026 كشف تسربات التكييف في جبل علي هي خدمة متخصصة تُقدّمها شر
2865,2026-05-08T05:31:07,1442,8,4,2585,unknown,شركة كشف تسربات التكييف في مدينة خليفة,shrkh-kshf-tsrbat-altkyyf-fy-mdynh-khlyfh,https://max-art-ae.com/shrkh-kshf-tsrbat-altkyyf-fy-mdynh-khlyfh/,✍️ كتب هذا المقال: م. سارة العتيبي — خبيرة جودة خدمات المنازل، +10 سنوات | 📅 آخر تحديث: أبريل 2026 | ✅ مراجعة: فريق ركن التطور كل ما تحتاج معرفته عن كشف تسربات التكييف في مدينة خليفة 2026 كشف تسربات التكييف في مدينة خليفة هي خدمة متخصصة تُق
2866,2026-05-08T05:31:05,1519,8,4,2585,unknown,شركة كشف تسربات التكييف في مدينة محمد بن زايد,shrkh-kshf-tsrbat-altkyyf-fy-mdynh-mhmd-bn-zayd,https://max-art-ae.com/shrkh-kshf-tsrbat-altkyyf-fy-mdynh-mhmd-bn-zayd/,✍️ كتب هذا المقال: م. سارة العتيبي — خبيرة جودة خدمات المنازل، +10 سنوات | 📅 آخر تحديث: أبريل 2026 | ✅ مراجعة: فريق ركن التطور كل ما تحتاج معرفته عن كشف تسربات التكييف في مدينة محمد بن زايد 2026 كشف تسربات التكييف في مدينة محمد بن زايد هي خ
2867,2026-05-08T05:31:04,1448,8,4,2585,unknown,شركة كشف تسربات التكييف في مدينة شخبوط,shrkh-kshf-tsrbat-altkyyf-fy-mdynh-shkhbwt,https://max-art-ae.com/shrkh-kshf-tsrbat-altkyyf-fy-mdynh-shkhbwt/,✍️ كتب هذا المقال: م. سارة العتيبي — خبيرة جودة خدمات المنازل، +10 سنوات | 📅 آخر تحديث: أبريل 2026 | ✅ مراجعة: فريق ركن التطور كل ما تحتاج معرفته عن كشف تسربات التكييف في مدينة شخبوط 2026 كشف تسربات التكييف في مدينة شخبوط هي خدمة متخصصة تُق
2868,2026-05-08T05:31:02,1447,8,4,2585,unknown,شركة كشف تسربات التكييف في بني ياس,shrkh-kshf-tsrbat-altkyyf-fy-bny-yas,https://max-art-ae.com/shrkh-kshf-tsrbat-altkyyf-fy-bny-yas/,✍️ كتب هذا المقال: م. سارة العتيبي — خبيرة جودة خدمات المنازل، +10 سنوات | 📅 آخر تحديث: أبريل 2026 | ✅ مراجعة: فريق ركن التطور كل ما تحتاج معرفته عن كشف تسربات التكييف في بني ياس 2026 كشف تسربات التكييف في بني ياس هي خدمة متخصصة تُقدّمها شر
2869,2026-05-08T05:31:01,1417,8,4,2585,unknown,شركة كشف تسربات التكييف في المصفح,shrkh-kshf-tsrbat-altkyyf-fy-almsfh,https://max-art-ae.com/shrkh-kshf-tsrbat-altkyyf-fy-almsfh/,✍️ كتب هذا المقال: م. سارة العتيبي — خبيرة جودة خدمات المنازل، +10 سنوات | 📅 آخر تحديث: أبريل 2026 | ✅ مراجعة: فريق ركن التطور كل ما تحتاج معرفته عن كشف تسربات التكييف في المصفح 2026 كشف تسربات التكييف في المصفح هي خدمة متخصصة تُقدّمها شركا
2870,2026-05-08T05:31:00,1411,8,4,2585,unknown,شركة كشف تسربات التكييف في الشهامة,shrkh-kshf-tsrbat-altkyyf-fy-alshhamh,https://max-art-ae.com/shrkh-kshf-tsrbat-altkyyf-fy-alshhamh/,✍️ كتب هذا المقال: م. سارة العتيبي — خبيرة جودة خدمات المنازل، +10 سنوات | 📅 آخر تحديث: أبريل 2026 | ✅ مراجعة: فريق ركن التطور كل ما تحتاج معرفته عن كشف تسربات التكييف في الشهامة 2026 كشف تسربات التكييف في الشهامة هي خدمة متخصصة تُقدّمها شر
2871,2026-05-08T05:30:59,1421,8,4,2585,unknown,شركة كشف تسربات التكييف في الرحبة,shrkh-kshf-tsrbat-altkyyf-fy-alrhbh,https://max-art-ae.com/shrkh-kshf-tsrbat-altkyyf-fy-alrhbh/,✍️ كتب هذا المقال: م. سارة العتيبي — خبيرة جودة خدمات المنازل، +10 سنوات | 📅 آخر تحديث: أبريل 2026 | ✅ مراجعة: فريق ركن التطور كل ما تحتاج معرفته عن كشف تسربات التكييف في الرحبة 2026 كشف تسربات التكييف في الرحبة هي خدمة متخصصة تُقدّمها شركا
2872,2026-05-08T05:30:58,1418,8,4,2585,unknown,شركة كشف تسربات التكييف في اليحر,shrkh-kshf-tsrbat-altkyyf-fy-alyhr,https://max-art-ae.com/shrkh-kshf-tsrbat-altkyyf-fy-alyhr/,✍️ كتب هذا المقال: م. سارة العتيبي — خبيرة جودة خدمات المنازل، +10 سنوات | 📅 آخر تحديث: أبريل 2026 | ✅ مراجعة: فريق ركن التطور كل ما تحتاج معرفته عن كشف تسربات التكييف في اليحر 2026 كشف تسربات التكييف في اليحر هي خدمة متخصصة تُقدّمها شركات 
2873,2026-05-08T05:30:57,1403,8,4,2585,unknown,شركة كشف تسربات التكييف في المقام,shrkh-kshf-tsrbat-altkyyf-fy-almqam,https://max-art-ae.com/shrkh-kshf-tsrbat-altkyyf-fy-almqam/,✍️ كتب هذا المقال: م. سارة العتيبي — خبيرة جودة خدمات المنازل، +10 سنوات | 📅 آخر تحديث: أبريل 2026 | ✅ مراجعة: فريق ركن التطور كل ما تحتاج معرفته عن كشف تسربات التكييف في المقام 2026 كشف تسربات التكييف في المقام هي خدمة متخصصة تُقدّمها شركا
2874,2026-05-08T05:30:56,1410,8,4,2585,unknown,شركة كشف تسربات التكييف في الصاروج,shrkh-kshf-tsrbat-altkyyf-fy-alsarwj,https://max-art-ae.com/shrkh-kshf-tsrbat-altkyyf-fy-alsarwj/,✍️ كتب هذا المقال: م. سارة العتيبي — خبيرة جودة خدمات المنازل، +10 سنوات | 📅 آخر تحديث: أبريل 2026 | ✅ مراجعة: فريق ركن التطور كل ما تحتاج معرفته عن كشف تسربات التكييف في الصاروج 2026 كشف تسربات التكييف في الصاروج هي خدمة متخصصة تُقدّمها شر
2875,2026-05-08T05:30:55,1412,8,4,2585,unknown,شركة كشف تسربات التكييف في المجاز,shrkh-kshf-tsrbat-altkyyf-fy-almjaz,https://max-art-ae.com/shrkh-kshf-tsrbat-altkyyf-fy-almjaz/,✍️ كتب هذا المقال: م. سارة العتيبي — خبيرة جودة خدمات المنازل، +10 سنوات | 📅 آخر تحديث: أبريل 2026 | ✅ مراجعة: فريق ركن التطور كل ما تحتاج معرفته عن كشف تسربات التكييف في المجاز 2026 كشف تسربات التكييف في المجاز هي خدمة متخصصة تُقدّمها شركا
2876,2026-05-08T05:30:54,1409,8,4,2585,unknown,شركة كشف تسربات التكييف في التعاون,shrkh-kshf-tsrbat-altkyyf-fy-altaawn,https://max-art-ae.com/shrkh-kshf-tsrbat-altkyyf-fy-altaawn/,✍️ كتب هذا المقال: م. سارة العتيبي — خبيرة جودة خدمات المنازل، +10 سنوات | 📅 آخر تحديث: أبريل 2026 | ✅ مراجعة: فريق ركن التطور كل ما تحتاج معرفته عن كشف تسربات التكييف في التعاون 2026 كشف تسربات التكييف في التعاون هي خدمة متخصصة تُقدّمها شر
2877,2026-05-08T05:30:53,1408,8,4,2585,unknown,شركة كشف تسربات التكييف في النهضة,shrkh-kshf-tsrbat-altkyyf-fy-alnhdh,https://max-art-ae.com/shrkh-kshf-tsrbat-altkyyf-fy-alnhdh/,✍️ كتب هذا المقال: م. سارة العتيبي — خبيرة جودة خدمات المنازل، +10 سنوات | 📅 آخر تحديث: أبريل 2026 | ✅ مراجعة: فريق ركن التطور كل ما تحتاج معرفته عن كشف تسربات التكييف في النهضة 2026 كشف تسربات التكييف في النهضة هي خدمة متخصصة تُقدّمها شركا
2878,2026-05-08T05:30:51,1414,8,4,2585,unknown,شركة كشف تسربات التكييف في اليرموك,shrkh-kshf-tsrbat-altkyyf-fy-alyrmwk,https://max-art-ae.com/shrkh-kshf-tsrbat-altkyyf-fy-alyrmwk/,✍️ كتب هذا المقال: م. سارة العتيبي — خبيرة جودة خدمات المنازل، +10 سنوات | 📅 آخر تحديث: أبريل 2026 | ✅ مراجعة: فريق ركن التطور كل ما تحتاج معرفته عن كشف تسربات التكييف في اليرموك 2026 كشف تسربات التكييف في اليرموك هي خدمة متخصصة تُقدّمها شر
2879,2026-05-08T05:30:50,1401,8,4,2585,unknown,شركة كشف تسربات التكييف في الرحمانية,shrkh-kshf-tsrbat-altkyyf-fy-alrhmanyh,https://max-art-ae.com/shrkh-kshf-tsrbat-altkyyf-fy-alrhmanyh/,✍️ كتب هذا المقال: م. سارة العتيبي — خبيرة جودة خدمات المنازل، +10 سنوات | 📅 آخر تحديث: أبريل 2026 | ✅ مراجعة: فريق ركن التطور كل ما تحتاج معرفته عن كشف تسربات التكييف في الرحمانية 2026 كشف تسربات التكييف في الرحمانية هي خدمة متخصصة تُقدّمه
2880,2026-05-08T05:30:49,1417,8,4,2585,unknown,شركة كشف تسربات التكييف في السيوح,shrkh-kshf-tsrbat-altkyyf-fy-alsywh,https://max-art-ae.com/shrkh-kshf-tsrbat-altkyyf-fy-alsywh/,✍️ كتب هذا المقال: م. سارة العتيبي — خبيرة جودة خدمات المنازل، +10 سنوات | 📅 آخر تحديث: أبريل 2026 | ✅ مراجعة: فريق ركن التطور كل ما تحتاج معرفته عن كشف تسربات التكييف في السيوح 2026 كشف تسربات التكييف في السيوح هي خدمة متخصصة تُقدّمها شركا
2881,2026-05-08T05:30:48,1406,8,4,2585,unknown,شركة كشف تسربات التكييف في مويلح,shrkh-kshf-tsrbat-altkyyf-fy-mwylh,https://max-art-ae.com/shrkh-kshf-tsrbat-altkyyf-fy-mwylh/,✍️ كتب هذا المقال: م. سارة العتيبي — خبيرة جودة خدمات المنازل، +10 سنوات | 📅 آخر تحديث: أبريل 2026 | ✅ مراجعة: فريق ركن التطور كل ما تحتاج معرفته عن كشف تسربات التكييف في مويلح 2026 كشف تسربات التكييف في مويلح هي خدمة متخصصة تُقدّمها شركات 
2882,2026-05-08T05:30:47,1412,8,4,2585,unknown,شركة كشف تسربات التكييف في الروضة,shrkh-kshf-tsrbat-altkyyf-fy-alrwdh,https://max-art-ae.com/shrkh-kshf-tsrbat-altkyyf-fy-alrwdh/,✍️ كتب هذا المقال: م. سارة العتيبي — خبيرة جودة خدمات المنازل، +10 سنوات | 📅 آخر تحديث: أبريل 2026 | ✅ مراجعة: فريق ركن التطور كل ما تحتاج معرفته عن كشف تسربات التكييف في الروضة 2026 كشف تسربات التكييف في الروضة هي خدمة متخصصة تُقدّمها شركا
2883,2026-05-08T05:30:45,1410,8,4,2585,unknown,شركة كشف تسربات التكييف في المويهات,shrkh-kshf-tsrbat-altkyyf-fy-almwyhat,https://max-art-ae.com/shrkh-kshf-tsrbat-altkyyf-fy-almwyhat/,✍️ كتب هذا المقال: م. سارة العتيبي — خبيرة جودة خدمات المنازل، +10 سنوات | 📅 آخر تحديث: أبريل 2026 | ✅ مراجعة: فريق ركن التطور كل ما تحتاج معرفته عن كشف تسربات التكييف في المويهات 2026 كشف تسربات التكييف في المويهات هي خدمة متخصصة تُقدّمها 
2884,2026-05-08T05:30:44,1404,8,4,2585,unknown,شركة كشف تسربات التكييف في الحميدية,shrkh-kshf-tsrbat-altkyyf-fy-alhmydyh,https://max-art-ae.com/shrkh-kshf-tsrbat-altkyyf-fy-alhmydyh/,✍️ كتب هذا المقال: م. سارة العتيبي — خبيرة جودة خدمات المنازل، +10 سنوات | 📅 آخر تحديث: أبريل 2026 | ✅ مراجعة: فريق ركن التطور كل ما تحتاج معرفته عن كشف تسربات التكييف في الحميدية 2026 كشف تسربات التكييف في الحميدية هي خدمة متخصصة تُقدّمها 
2885,2026-05-08T05:30:43,1414,8,4,2585,unknown,شركة كشف تسربات التكييف في الجرف,shrkh-kshf-tsrbat-altkyyf-fy-aljrf,https://max-art-ae.com/shrkh-kshf-tsrbat-altkyyf-fy-aljrf/,✍️ كتب هذا المقال: م. سارة العتيبي — خبيرة جودة خدمات المنازل، +10 سنوات | 📅 آخر تحديث: أبريل 2026 | ✅ مراجعة: فريق ركن التطور كل ما تحتاج معرفته عن كشف تسربات التكييف في الجرف 2026 كشف تسربات التكييف في الجرف هي خدمة متخصصة تُقدّمها شركات 
2886,2026-05-08T05:30:42,1408,8,4,2585,unknown,شركة كشف تسربات التكييف في النعيمية,shrkh-kshf-tsrbat-altkyyf-fy-alnaymyh,https://max-art-ae.com/shrkh-kshf-tsrbat-altkyyf-fy-alnaymyh/,✍️ كتب هذا المقال: م. سارة العتيبي — خبيرة جودة خدمات المنازل، +10 سنوات | 📅 آخر تحديث: أبريل 2026 | ✅ مراجعة: فريق ركن التطور كل ما تحتاج معرفته عن كشف تسربات التكييف في النعيمية 2026 كشف تسربات التكييف في النعيمية هي خدمة متخصصة تُقدّمها 
2887,2026-05-08T05:30:41,1415,8,4,2585,unknown,شركة كشف تسربات التكييف في الظيت,shrkh-kshf-tsrbat-altkyyf-fy-alzyt,https://max-art-ae.com/shrkh-kshf-tsrbat-altkyyf-fy-alzyt/,✍️ كتب هذا المقال: م. سارة العتيبي — خبيرة جودة خدمات المنازل، +10 سنوات | 📅 آخر تحديث: أبريل 2026 | ✅ مراجعة: فريق ركن التطور كل ما تحتاج معرفته عن كشف تسربات التكييف في الظيت 2026 كشف تسربات التكييف في الظيت هي خدمة متخصصة تُقدّمها شركات 
2888,2026-05-08T05:30:40,1440,8,4,2585,unknown,شركة كشف تسربات التكييف في الجزيرة الحمراء,shrkh-kshf-tsrbat-altkyyf-fy-aljzyrh-alhmra,https://max-art-ae.com/shrkh-kshf-tsrbat-altkyyf-fy-aljzyrh-alhmra/,✍️ كتب هذا المقال: م. سارة العتيبي — خبيرة جودة خدمات المنازل، +10 سنوات | 📅 آخر تحديث: أبريل 2026 | ✅ مراجعة: فريق ركن التطور كل ما تحتاج معرفته عن كشف تسربات التكييف في الجزيرة الحمراء 2026 كشف تسربات التكييف في الجزيرة الحمراء هي خدمة مت
2889,2026-05-08T05:30:39,1410,8,4,2585,unknown,شركة كشف تسربات التكييف في السلمة,shrkh-kshf-tsrbat-altkyyf-fy-alslmh,https://max-art-ae.com/shrkh-kshf-tsrbat-altkyyf-fy-alslmh/,✍️ كتب هذا المقال: م. سارة العتيبي — خبيرة جودة خدمات المنازل، +10 سنوات | 📅 آخر تحديث: أبريل 2026 | ✅ مراجعة: فريق ركن التطور كل ما تحتاج معرفته عن كشف تسربات التكييف في السلمة 2026 كشف تسربات التكييف في السلمة هي خدمة متخصصة تُقدّمها شركا
2890,2026-05-08T05:30:37,1443,8,4,2585,fujairah,شركة كشف تسربات التكييف في دبا الفجيرة,shrkh-kshf-tsrbat-altkyyf-fy-dba-alfjyrh,https://max-art-ae.com/shrkh-kshf-tsrbat-altkyyf-fy-dba-alfjyrh/,✍️ كتب هذا المقال: م. سارة العتيبي — خبيرة جودة خدمات المنازل، +10 سنوات | 📅 آخر تحديث: أبريل 2026 | ✅ مراجعة: فريق ركن التطور كل ما تحتاج معرفته عن كشف تسربات التكييف في دبا الفجيرة 2026 كشف تسربات التكييف في دبا الفجيرة هي خدمة متخصصة تُق
2891,2026-05-08T05:30:36,1447,8,4,2585,unknown,شركة كشف تسربات التكييف في المرابع العربية,shrkh-kshf-tsrbat-altkyyf-fy-almraba-alarbyh,https://max-art-ae.com/shrkh-kshf-tsrbat-altkyyf-fy-almraba-alarbyh/,✍️ كتب هذا المقال: م. سارة العتيبي — خبيرة جودة خدمات المنازل، +10 سنوات | 📅 آخر تحديث: أبريل 2026 | ✅ مراجعة: فريق ركن التطور كل ما تحتاج معرفته عن كشف تسربات التكييف في المرابع العربية 2026 كشف تسربات التكييف في المرابع العربية هي خدمة مت
2892,2026-05-08T05:30:35,1443,8,4,2585,unknown,شركة كشف تسربات التكييف في داماك هيلز,shrkh-kshf-tsrbat-altkyyf-fy-damak-hylz,https://max-art-ae.com/shrkh-kshf-tsrbat-altkyyf-fy-damak-hylz/,✍️ كتب هذا المقال: م. سارة العتيبي — خبيرة جودة خدمات المنازل، +10 سنوات | 📅 آخر تحديث: أبريل 2026 | ✅ مراجعة: فريق ركن التطور كل ما تحتاج معرفته عن كشف تسربات التكييف في داماك هيلز 2026 كشف تسربات التكييف في داماك هيلز هي خدمة متخصصة تُقدّ
2893,2026-05-08T05:30:34,1480,8,4,2585,dubai,شركة كشف تسربات التكييف في واحة دبي للسيليكون,shrkh-kshf-tsrbat-altkyyf-fy-wahh-dby-llsylykwn,https://max-art-ae.com/shrkh-kshf-tsrbat-altkyyf-fy-wahh-dby-llsylykwn/,✍️ كتب هذا المقال: م. سارة العتيبي — خبيرة جودة خدمات المنازل، +10 سنوات | 📅 آخر تحديث: أبريل 2026 | ✅ مراجعة: فريق ركن التطور كل ما تحتاج معرفته عن كشف تسربات التكييف في واحة دبي للسيليكون 2026 كشف تسربات التكييف في واحة دبي للسيليكون هي خ
2894,2026-05-08T05:30:33,1486,8,4,2585,unknown,شركة كشف تسربات التكييف في جميرا فيليج سيركل,shrkh-kshf-tsrbat-altkyyf-fy-jmyra-fylyj-syrkl,https://max-art-ae.com/shrkh-kshf-tsrbat-altkyyf-fy-jmyra-fylyj-syrkl/,✍️ كتب هذا المقال: م. سارة العتيبي — خبيرة جودة خدمات المنازل، +10 سنوات | 📅 آخر تحديث: أبريل 2026 | ✅ مراجعة: فريق ركن التطور كل ما تحتاج معرفته عن كشف تسربات التكييف في جميرا فيليج سيركل 2026 كشف تسربات التكييف في جميرا فيليج سيركل هي خدم
2895,2026-05-08T05:30:32,1445,8,4,2585,unknown,شركة كشف تسربات التكييف في نخلة جميرا,shrkh-kshf-tsrbat-altkyyf-fy-nkhlh-jmyra,https://max-art-ae.com/shrkh-kshf-tsrbat-altkyyf-fy-nkhlh-jmyra/,✍️ كتب هذا المقال: م. سارة العتيبي — خبيرة جودة خدمات المنازل، +10 سنوات | 📅 آخر تحديث: أبريل 2026 | ✅ مراجعة: فريق ركن التطور كل ما تحتاج معرفته عن كشف تسربات التكييف في نخلة جميرا 2026 كشف تسربات التكييف في نخلة جميرا هي خدمة متخصصة تُقدّ
2896,2026-05-08T05:30:29,1482,8,4,2585,dubai,شركة كشف تسربات التكييف في وسط مدينة دبي,shrkh-kshf-tsrbat-altkyyf-fy-wst-mdynh-dby,https://max-art-ae.com/shrkh-kshf-tsrbat-altkyyf-fy-wst-mdynh-dby/,✍️ كتب هذا المقال: م. سارة العتيبي — خبيرة جودة خدمات المنازل، +10 سنوات | 📅 آخر تحديث: أبريل 2026 | ✅ مراجعة: فريق ركن التطور كل ما تحتاج معرفته عن كشف تسربات التكييف في وسط مدينة دبي 2026 كشف تسربات التكييف في وسط مدينة دبي هي خدمة متخصصة
2897,2026-05-08T05:30:27,1461,8,4,2585,unknown,شركة كشف تسربات التكييف في الخليج التجاري,shrkh-kshf-tsrbat-altkyyf-fy-alkhlyj-altjary,https://max-art-ae.com/shrkh-kshf-tsrbat-altkyyf-fy-alkhlyj-altjary/,✍️ كتب هذا المقال: م. سارة العتيبي — خبيرة جودة خدمات المنازل، +10 سنوات | 📅 آخر تحديث: أبريل 2026 | ✅ مراجعة: فريق ركن التطور كل ما تحتاج معرفته عن كشف تسربات التكييف في الخليج التجاري 2026 كشف تسربات التكييف في الخليج التجاري هي خدمة متخص
2898,2026-05-08T05:30:25,1420,8,4,2585,dubai,شركة إصلاح تسرب المياه في دبي,shrkh-aslah-tsrb-almyah-fy-dby,https://max-art-ae.com/shrkh-aslah-tsrb-almyah-fy-dby/,✍️ كتب هذا المقال: م. خالد المطيري — متخصص خدمات المنازل، شهادة ISO 9001 | 📅 آخر تحديث: أبريل 2026 | ✅ مراجعة: فريق ركن التطور كل ما تحتاج معرفته عن إصلاح تسرب المياه في دبي 2026 إصلاح تسرب المياه في دبي هي خدمة متخصصة تُقدّمها شركات محترفة
2899,2026-05-08T05:30:23,1421,8,4,2585,abu-dhabi,شركة إصلاح تسرب المياه في أبوظبي,shrkh-aslah-tsrb-almyah-fy-abwzby,https://max-art-ae.com/shrkh-aslah-tsrb-almyah-fy-abwzby/,✍️ كتب هذا المقال: م. خالد المطيري — متخصص خدمات المنازل، شهادة ISO 9001 | 📅 آخر تحديث: أبريل 2026 | ✅ مراجعة: فريق ركن التطور كل ما تحتاج معرفته عن إصلاح تسرب المياه في أبوظبي 2026 إصلاح تسرب المياه في أبوظبي هي خدمة متخصصة تُقدّمها شركات 
2900,2026-05-08T05:30:22,1418,8,4,2585,sharjah,شركة إصلاح تسرب المياه في الشارقة,shrkh-aslah-tsrb-almyah-fy-alsharqh,https://max-art-ae.com/shrkh-aslah-tsrb-almyah-fy-alsharqh/,✍️ كتب هذا المقال: م. خالد المطيري — متخصص خدمات المنازل، شهادة ISO 9001 | 📅 آخر تحديث: أبريل 2026 | ✅ مراجعة: فريق ركن التطور كل ما تحتاج معرفته عن إصلاح تسرب المياه في الشارقة 2026 إصلاح تسرب المياه في الشارقة هي خدمة متخصصة تُقدّمها شركا
2901,2026-05-08T05:30:21,1414,8,4,2585,al-ain,شركة إصلاح تسرب المياه في العين,shrkh-aslah-tsrb-almyah-fy-alayn,https://max-art-ae.com/shrkh-aslah-tsrb-almyah-fy-alayn/,✍️ كتب هذا المقال: م. خالد المطيري — متخصص خدمات المنازل، شهادة ISO 9001 | 📅 آخر تحديث: أبريل 2026 | ✅ مراجعة: فريق ركن التطور كل ما تحتاج معرفته عن إصلاح تسرب المياه في العين 2026 إصلاح تسرب المياه في العين هي خدمة متخصصة تُقدّمها شركات مح
2902,2026-05-08T05:30:19,1395,8,4,2585,ajman,شركة إصلاح تسرب المياه في عجمان,shrkh-aslah-tsrb-almyah-fy-ajman,https://max-art-ae.com/shrkh-aslah-tsrb-almyah-fy-ajman/,✍️ كتب هذا المقال: م. خالد المطيري — متخصص خدمات المنازل، شهادة ISO 9001 | 📅 آخر تحديث: أبريل 2026 | ✅ مراجعة: فريق ركن التطور كل ما تحتاج معرفته عن إصلاح تسرب المياه في عجمان 2026 إصلاح تسرب المياه في عجمان هي خدمة متخصصة تُقدّمها شركات مح
2903,2026-05-08T05:30:17,1434,8,4,2585,rak,شركة إصلاح تسرب المياه في رأس الخيمة,shrkh-aslah-tsrb-almyah-fy-ras-alkhymh,https://max-art-ae.com/shrkh-aslah-tsrb-almyah-fy-ras-alkhymh/,✍️ كتب هذا المقال: م. خالد المطيري — متخصص خدمات المنازل، شهادة ISO 9001 | 📅 آخر تحديث: أبريل 2026 | ✅ مراجعة: فريق ركن التطور كل ما تحتاج معرفته عن إصلاح تسرب المياه في رأس الخيمة 2026 إصلاح تسرب المياه في رأس الخيمة هي خدمة متخصصة تُقدّمه
2904,2026-05-08T05:30:14,1414,8,4,2585,fujairah,شركة إصلاح تسرب المياه في الفجيرة,shrkh-aslah-tsrb-almyah-fy-alfjyrh,https://max-art-ae.com/shrkh-aslah-tsrb-almyah-fy-alfjyrh/,✍️ كتب هذا المقال: م. خالد المطيري — متخصص خدمات المنازل، شهادة ISO 9001 | 📅 آخر تحديث: أبريل 2026 | ✅ مراجعة: فريق ركن التطور كل ما تحتاج معرفته عن إصلاح تسرب المياه في الفجيرة 2026 إصلاح تسرب المياه في الفجيرة هي خدمة متخصصة تُقدّمها شركا
2905,2026-05-08T05:30:11,1432,8,4,2585,uaq,شركة إصلاح تسرب المياه في أم القيوين,shrkh-aslah-tsrb-almyah-fy-am-alqywyn,https://max-art-ae.com/shrkh-aslah-tsrb-almyah-fy-am-alqywyn/,✍️ كتب هذا المقال: م. خالد المطيري — متخصص خدمات المنازل، شهادة ISO 9001 | 📅 آخر تحديث: أبريل 2026 | ✅ مراجعة: فريق ركن التطور كل ما تحتاج معرفته عن إصلاح تسرب المياه في أم القيوين 2026 إصلاح تسرب المياه في أم القيوين هي خدمة متخصصة تُقدّمه
2906,2026-05-08T05:30:10,1403,8,4,2585,khorfakkan,شركة إصلاح تسرب المياه في خورفكان,shrkh-aslah-tsrb-almyah-fy-khwrfkan,https://max-art-ae.com/shrkh-aslah-tsrb-almyah-fy-khwrfkan/,✍️ كتب هذا المقال: م. خالد المطيري — متخصص خدمات المنازل، شهادة ISO 9001 | 📅 آخر تحديث: أبريل 2026 | ✅ مراجعة: فريق ركن التطور كل ما تحتاج معرفته عن إصلاح تسرب المياه في خورفكان 2026 إصلاح تسرب المياه في خورفكان هي خدمة متخصصة تُقدّمها شركا
2907,2026-05-08T05:30:09,1414,8,4,2585,unknown,شركة إصلاح تسرب المياه في كلباء,shrkh-aslah-tsrb-almyah-fy-klba,https://max-art-ae.com/shrkh-aslah-tsrb-almyah-fy-klba/,✍️ كتب هذا المقال: م. خالد المطيري — متخصص خدمات المنازل، شهادة ISO 9001 | 📅 آخر تحديث: أبريل 2026 | ✅ مراجعة: فريق ركن التطور كل ما تحتاج معرفته عن إصلاح تسرب المياه في كلباء 2026 إصلاح تسرب المياه في كلباء هي خدمة متخصصة تُقدّمها شركات مح
2908,2026-05-08T05:30:08,1416,8,4,2585,unknown,شركة إصلاح تسرب المياه في الذيد,shrkh-aslah-tsrb-almyah-fy-aldhyd,https://max-art-ae.com/shrkh-aslah-tsrb-almyah-fy-aldhyd/,✍️ كتب هذا المقال: م. خالد المطيري — متخصص خدمات المنازل، شهادة ISO 9001 | 📅 آخر تحديث: أبريل 2026 | ✅ مراجعة: فريق ركن التطور كل ما تحتاج معرفته عن إصلاح تسرب المياه في الذيد 2026 إصلاح تسرب المياه في الذيد هي خدمة متخصصة تُقدّمها شركات مح
2909,2026-05-08T05:30:06,1409,8,4,2585,unknown,شركة إصلاح تسرب المياه في حتا,shrkh-aslah-tsrb-almyah-fy-hta,https://max-art-ae.com/shrkh-aslah-tsrb-almyah-fy-hta/,✍️ كتب هذا المقال: م. خالد المطيري — متخصص خدمات المنازل، شهادة ISO 9001 | 📅 آخر تحديث: أبريل 2026 | ✅ مراجعة: فريق ركن التطور كل ما تحتاج معرفته عن إصلاح تسرب المياه في حتا 2026 إصلاح تسرب المياه في حتا هي خدمة متخصصة تُقدّمها شركات محترفة
2910,2026-05-08T05:30:05,1406,8,4,2585,unknown,شركة إصلاح تسرب المياه في ديرة,shrkh-aslah-tsrb-almyah-fy-dyrh,https://max-art-ae.com/shrkh-aslah-tsrb-almyah-fy-dyrh/,✍️ كتب هذا المقال: م. خالد المطيري — متخصص خدمات المنازل، شهادة ISO 9001 | 📅 آخر تحديث: أبريل 2026 | ✅ مراجعة: فريق ركن التطور كل ما تحتاج معرفته عن إصلاح تسرب المياه في ديرة 2026 إصلاح تسرب المياه في ديرة هي خدمة متخصصة تُقدّمها شركات محتر
2911,2026-05-08T05:30:04,1434,8,4,2585,dubai,شركة إصلاح تسرب المياه في بر دبي,shrkh-aslah-tsrb-almyah-fy-br-dby,https://max-art-ae.com/shrkh-aslah-tsrb-almyah-fy-br-dby/,✍️ كتب هذا المقال: م. خالد المطيري — متخصص خدمات المنازل، شهادة ISO 9001 | 📅 آخر تحديث: أبريل 2026 | ✅ مراجعة: فريق ركن التطور كل ما تحتاج معرفته عن إصلاح تسرب المياه في بر دبي 2026 إصلاح تسرب المياه في بر دبي هي خدمة متخصصة تُقدّمها شركات 
2912,2026-05-08T05:30:02,1407,8,4,2585,unknown,شركة إصلاح تسرب المياه في الجميرا,shrkh-aslah-tsrb-almyah-fy-aljmyra,https://max-art-ae.com/shrkh-aslah-tsrb-almyah-fy-aljmyra/,✍️ كتب هذا المقال: م. خالد المطيري — متخصص خدمات المنازل، شهادة ISO 9001 | 📅 آخر تحديث: أبريل 2026 | ✅ مراجعة: فريق ركن التطور كل ما تحتاج معرفته عن إصلاح تسرب المياه في الجميرا 2026 إصلاح تسرب المياه في الجميرا هي خدمة متخصصة تُقدّمها شركا
2913,2026-05-08T05:30:00,1421,8,4,2585,unknown,شركة إصلاح تسرب المياه في البرشاء,shrkh-aslah-tsrb-almyah-fy-albrsha,https://max-art-ae.com/shrkh-aslah-tsrb-almyah-fy-albrsha/,✍️ كتب هذا المقال: م. خالد المطيري — متخصص خدمات المنازل، شهادة ISO 9001 | 📅 آخر تحديث: أبريل 2026 | ✅ مراجعة: فريق ركن التطور كل ما تحتاج معرفته عن إصلاح تسرب المياه في البرشاء 2026 إصلاح تسرب المياه في البرشاء هي خدمة متخصصة تُقدّمها شركا
2914,2026-05-08T05:29:59,1407,8,4,2585,unknown,شركة إصلاح تسرب المياه في مردف,shrkh-aslah-tsrb-almyah-fy-mrdf,https://max-art-ae.com/shrkh-aslah-tsrb-almyah-fy-mrdf/,✍️ كتب هذا المقال: م. خالد المطيري — متخصص خدمات المنازل، شهادة ISO 9001 | 📅 آخر تحديث: أبريل 2026 | ✅ مراجعة: فريق ركن التطور كل ما تحتاج معرفته عن إصلاح تسرب المياه في مردف 2026 إصلاح تسرب المياه في مردف هي خدمة متخصصة تُقدّمها شركات محتر
2915,2026-05-08T05:29:58,1404,8,4,2585,unknown,شركة إصلاح تسرب المياه في الخوانيج,shrkh-aslah-tsrb-almyah-fy-alkhwanyj,https://max-art-ae.com/shrkh-aslah-tsrb-almyah-fy-alkhwanyj/,✍️ كتب هذا المقال: م. خالد المطيري — متخصص خدمات المنازل، شهادة ISO 9001 | 📅 آخر تحديث: أبريل 2026 | ✅ مراجعة: فريق ركن التطور كل ما تحتاج معرفته عن إصلاح تسرب المياه في الخوانيج 2026 إصلاح تسرب المياه في الخوانيج هي خدمة متخصصة تُقدّمها شر
2916,2026-05-08T05:29:57,1405,8,4,2585,unknown,شركة إصلاح تسرب المياه في الورقاء,shrkh-aslah-tsrb-almyah-fy-alwrqa,https://max-art-ae.com/shrkh-aslah-tsrb-almyah-fy-alwrqa/,✍️ كتب هذا المقال: م. خالد المطيري — متخصص خدمات المنازل، شهادة ISO 9001 | 📅 آخر تحديث: أبريل 2026 | ✅ مراجعة: فريق ركن التطور كل ما تحتاج معرفته عن إصلاح تسرب المياه في الورقاء 2026 إصلاح تسرب المياه في الورقاء هي خدمة متخصصة تُقدّمها شركا
2917,2026-05-08T05:29:56,1402,8,4,2585,unknown,شركة إصلاح تسرب المياه في القوز,shrkh-aslah-tsrb-almyah-fy-alqwz,https://max-art-ae.com/shrkh-aslah-tsrb-almyah-fy-alqwz/,✍️ كتب هذا المقال: م. خالد المطيري — متخصص خدمات المنازل، شهادة ISO 9001 | 📅 آخر تحديث: أبريل 2026 | ✅ مراجعة: فريق ركن التطور كل ما تحتاج معرفته عن إصلاح تسرب المياه في القوز 2026 إصلاح تسرب المياه في القوز هي خدمة متخصصة تُقدّمها شركات مح
2918,2026-05-08T05:29:55,1444,8,4,2585,unknown,شركة إصلاح تسرب المياه في جبل علي,shrkh-aslah-tsrb-almyah-fy-jbl-aly,https://max-art-ae.com/shrkh-aslah-tsrb-almyah-fy-jbl-aly/,✍️ كتب هذا المقال: م. خالد المطيري — متخصص خدمات المنازل، شهادة ISO 9001 | 📅 آخر تحديث: أبريل 2026 | ✅ مراجعة: فريق ركن التطور كل ما تحتاج معرفته عن إصلاح تسرب المياه في جبل علي 2026 إصلاح تسرب المياه في جبل علي هي خدمة متخصصة تُقدّمها شركا
2919,2026-05-08T05:29:54,1437,8,4,2585,unknown,شركة إصلاح تسرب المياه في مدينة خليفة,shrkh-aslah-tsrb-almyah-fy-mdynh-khlyfh,https://max-art-ae.com/shrkh-aslah-tsrb-almyah-fy-mdynh-khlyfh/,✍️ كتب هذا المقال: م. خالد المطيري — متخصص خدمات المنازل، شهادة ISO 9001 | 📅 آخر تحديث: أبريل 2026 | ✅ مراجعة: فريق ركن التطور كل ما تحتاج معرفته عن إصلاح تسرب المياه في مدينة خليفة 2026 إصلاح تسرب المياه في مدينة خليفة هي خدمة متخصصة تُقدّ
2920,2026-05-08T05:29:53,1506,8,4,2585,unknown,شركة إصلاح تسرب المياه في مدينة محمد بن زايد,shrkh-aslah-tsrb-almyah-fy-mdynh-mhmd-bn-zayd,https://max-art-ae.com/shrkh-aslah-tsrb-almyah-fy-mdynh-mhmd-bn-zayd/,✍️ كتب هذا المقال: م. خالد المطيري — متخصص خدمات المنازل، شهادة ISO 9001 | 📅 آخر تحديث: أبريل 2026 | ✅ مراجعة: فريق ركن التطور كل ما تحتاج معرفته عن إصلاح تسرب المياه في مدينة محمد بن زايد 2026 إصلاح تسرب المياه في مدينة محمد بن زايد هي خدم
2921,2026-05-08T05:29:52,1445,8,4,2585,unknown,شركة إصلاح تسرب المياه في مدينة شخبوط,shrkh-aslah-tsrb-almyah-fy-mdynh-shkhbwt,https://max-art-ae.com/shrkh-aslah-tsrb-almyah-fy-mdynh-shkhbwt/,✍️ كتب هذا المقال: م. خالد المطيري — متخصص خدمات المنازل، شهادة ISO 9001 | 📅 آخر تحديث: أبريل 2026 | ✅ مراجعة: فريق ركن التطور كل ما تحتاج معرفته عن إصلاح تسرب المياه في مدينة شخبوط 2026 إصلاح تسرب المياه في مدينة شخبوط هي خدمة متخصصة تُقدّ
2922,2026-05-08T05:29:51,1444,8,4,2585,unknown,شركة إصلاح تسرب المياه في بني ياس,shrkh-aslah-tsrb-almyah-fy-bny-yas,https://max-art-ae.com/shrkh-aslah-tsrb-almyah-fy-bny-yas/,✍️ كتب هذا المقال: م. خالد المطيري — متخصص خدمات المنازل، شهادة ISO 9001 | 📅 آخر تحديث: أبريل 2026 | ✅ مراجعة: فريق ركن التطور كل ما تحتاج معرفته عن إصلاح تسرب المياه في بني ياس 2026 إصلاح تسرب المياه في بني ياس هي خدمة متخصصة تُقدّمها شركا
2923,2026-05-08T05:29:50,1419,8,4,2585,unknown,شركة إصلاح تسرب المياه في المصفح,shrkh-aslah-tsrb-almyah-fy-almsfh,https://max-art-ae.com/shrkh-aslah-tsrb-almyah-fy-almsfh/,✍️ كتب هذا المقال: م. خالد المطيري — متخصص خدمات المنازل، شهادة ISO 9001 | 📅 آخر تحديث: أبريل 2026 | ✅ مراجعة: فريق ركن التطور كل ما تحتاج معرفته عن إصلاح تسرب المياه في المصفح 2026 إصلاح تسرب المياه في المصفح هي خدمة متخصصة تُقدّمها شركات 
2924,2026-05-08T05:29:49,1410,8,4,2585,unknown,شركة إصلاح تسرب المياه في الشهامة,shrkh-aslah-tsrb-almyah-fy-alshhamh,https://max-art-ae.com/shrkh-aslah-tsrb-almyah-fy-alshhamh/,✍️ كتب هذا المقال: م. خالد المطيري — متخصص خدمات المنازل، شهادة ISO 9001 | 📅 آخر تحديث: أبريل 2026 | ✅ مراجعة: فريق ركن التطور كل ما تحتاج معرفته عن إصلاح تسرب المياه في الشهامة 2026 إصلاح تسرب المياه في الشهامة هي خدمة متخصصة تُقدّمها شركا
2925,2026-05-08T05:29:48,1404,8,4,2585,unknown,شركة إصلاح تسرب المياه في الرحبة,shrkh-aslah-tsrb-almyah-fy-alrhbh,https://max-art-ae.com/shrkh-aslah-tsrb-almyah-fy-alrhbh/,✍️ كتب هذا المقال: م. خالد المطيري — متخصص خدمات المنازل، شهادة ISO 9001 | 📅 آخر تحديث: أبريل 2026 | ✅ مراجعة: فريق ركن التطور كل ما تحتاج معرفته عن إصلاح تسرب المياه في الرحبة 2026 إصلاح تسرب المياه في الرحبة هي خدمة متخصصة تُقدّمها شركات 
2926,2026-05-08T05:29:47,1412,8,4,2585,unknown,شركة إصلاح تسرب المياه في اليحر,shrkh-aslah-tsrb-almyah-fy-alyhr,https://max-art-ae.com/shrkh-aslah-tsrb-almyah-fy-alyhr/,✍️ كتب هذا المقال: م. خالد المطيري — متخصص خدمات المنازل، شهادة ISO 9001 | 📅 آخر تحديث: أبريل 2026 | ✅ مراجعة: فريق ركن التطور كل ما تحتاج معرفته عن إصلاح تسرب المياه في اليحر 2026 إصلاح تسرب المياه في اليحر هي خدمة متخصصة تُقدّمها شركات مح
2927,2026-05-08T05:29:46,1416,8,4,2585,unknown,شركة إصلاح تسرب المياه في المقام,shrkh-aslah-tsrb-almyah-fy-almqam,https://max-art-ae.com/shrkh-aslah-tsrb-almyah-fy-almqam/,✍️ كتب هذا المقال: م. خالد المطيري — متخصص خدمات المنازل، شهادة ISO 9001 | 📅 آخر تحديث: أبريل 2026 | ✅ مراجعة: فريق ركن التطور كل ما تحتاج معرفته عن إصلاح تسرب المياه في المقام 2026 إصلاح تسرب المياه في المقام هي خدمة متخصصة تُقدّمها شركات 
2928,2026-05-08T05:29:45,1412,8,4,2585,unknown,شركة إصلاح تسرب المياه في الصاروج,shrkh-aslah-tsrb-almyah-fy-alsarwj,https://max-art-ae.com/shrkh-aslah-tsrb-almyah-fy-alsarwj/,✍️ كتب هذا المقال: م. خالد المطيري — متخصص خدمات المنازل، شهادة ISO 9001 | 📅 آخر تحديث: أبريل 2026 | ✅ مراجعة: فريق ركن التطور كل ما تحتاج معرفته عن إصلاح تسرب المياه في الصاروج 2026 إصلاح تسرب المياه في الصاروج هي خدمة متخصصة تُقدّمها شركا
2929,2026-05-08T05:29:44,1420,8,4,2585,unknown,شركة إصلاح تسرب المياه في المجاز,shrkh-aslah-tsrb-almyah-fy-almjaz,https://max-art-ae.com/shrkh-aslah-tsrb-almyah-fy-almjaz/,✍️ كتب هذا المقال: م. خالد المطيري — متخصص خدمات المنازل، شهادة ISO 9001 | 📅 آخر تحديث: أبريل 2026 | ✅ مراجعة: فريق ركن التطور كل ما تحتاج معرفته عن إصلاح تسرب المياه في المجاز 2026 إصلاح تسرب المياه في المجاز هي خدمة متخصصة تُقدّمها شركات 
2930,2026-05-08T05:29:43,1413,8,4,2585,unknown,شركة إصلاح تسرب المياه في التعاون,shrkh-aslah-tsrb-almyah-fy-altaawn,https://max-art-ae.com/shrkh-aslah-tsrb-almyah-fy-altaawn/,✍️ كتب هذا المقال: م. خالد المطيري — متخصص خدمات المنازل، شهادة ISO 9001 | 📅 آخر تحديث: أبريل 2026 | ✅ مراجعة: فريق ركن التطور كل ما تحتاج معرفته عن إصلاح تسرب المياه في التعاون 2026 إصلاح تسرب المياه في التعاون هي خدمة متخصصة تُقدّمها شركا
2931,2026-05-08T05:29:42,1411,8,4,2585,unknown,شركة إصلاح تسرب المياه في النهضة,shrkh-aslah-tsrb-almyah-fy-alnhdh,https://max-art-ae.com/shrkh-aslah-tsrb-almyah-fy-alnhdh/,✍️ كتب هذا المقال: م. خالد المطيري — متخصص خدمات المنازل، شهادة ISO 9001 | 📅 آخر تحديث: أبريل 2026 | ✅ مراجعة: فريق ركن التطور كل ما تحتاج معرفته عن إصلاح تسرب المياه في النهضة 2026 إصلاح تسرب المياه في النهضة هي خدمة متخصصة تُقدّمها شركات 
2932,2026-05-08T05:29:41,1417,8,4,2585,unknown,شركة إصلاح تسرب المياه في اليرموك,shrkh-aslah-tsrb-almyah-fy-alyrmwk,https://max-art-ae.com/shrkh-aslah-tsrb-almyah-fy-alyrmwk/,✍️ كتب هذا المقال: م. خالد المطيري — متخصص خدمات المنازل، شهادة ISO 9001 | 📅 آخر تحديث: أبريل 2026 | ✅ مراجعة: فريق ركن التطور كل ما تحتاج معرفته عن إصلاح تسرب المياه في اليرموك 2026 إصلاح تسرب المياه في اليرموك هي خدمة متخصصة تُقدّمها شركا
2933,2026-05-08T05:29:40,1409,8,4,2585,unknown,شركة إصلاح تسرب المياه في الرحمانية,shrkh-aslah-tsrb-almyah-fy-alrhmanyh,https://max-art-ae.com/shrkh-aslah-tsrb-almyah-fy-alrhmanyh/,✍️ كتب هذا المقال: م. خالد المطيري — متخصص خدمات المنازل، شهادة ISO 9001 | 📅 آخر تحديث: أبريل 2026 | ✅ مراجعة: فريق ركن التطور كل ما تحتاج معرفته عن إصلاح تسرب المياه في الرحمانية 2026 إصلاح تسرب المياه في الرحمانية هي خدمة متخصصة تُقدّمها 
2934,2026-05-08T05:29:39,1417,8,4,2585,unknown,شركة إصلاح تسرب المياه في السيوح,shrkh-aslah-tsrb-almyah-fy-alsywh,https://max-art-ae.com/shrkh-aslah-tsrb-almyah-fy-alsywh/,✍️ كتب هذا المقال: م. خالد المطيري — متخصص خدمات المنازل، شهادة ISO 9001 | 📅 آخر تحديث: أبريل 2026 | ✅ مراجعة: فريق ركن التطور كل ما تحتاج معرفته عن إصلاح تسرب المياه في السيوح 2026 إصلاح تسرب المياه في السيوح هي خدمة متخصصة تُقدّمها شركات 
2935,2026-05-08T05:29:38,1415,8,4,2585,unknown,شركة إصلاح تسرب المياه في مويلح,shrkh-aslah-tsrb-almyah-fy-mwylh,https://max-art-ae.com/shrkh-aslah-tsrb-almyah-fy-mwylh/,✍️ كتب هذا المقال: م. خالد المطيري — متخصص خدمات المنازل، شهادة ISO 9001 | 📅 آخر تحديث: أبريل 2026 | ✅ مراجعة: فريق ركن التطور كل ما تحتاج معرفته عن إصلاح تسرب المياه في مويلح 2026 إصلاح تسرب المياه في مويلح هي خدمة متخصصة تُقدّمها شركات مح
2936,2026-05-08T05:29:36,1399,8,4,2585,unknown,شركة إصلاح تسرب المياه في الروضة,shrkh-aslah-tsrb-almyah-fy-alrwdh,https://max-art-ae.com/shrkh-aslah-tsrb-almyah-fy-alrwdh/,✍️ كتب هذا المقال: م. خالد المطيري — متخصص خدمات المنازل، شهادة ISO 9001 | 📅 آخر تحديث: أبريل 2026 | ✅ مراجعة: فريق ركن التطور كل ما تحتاج معرفته عن إصلاح تسرب المياه في الروضة 2026 إصلاح تسرب المياه في الروضة هي خدمة متخصصة تُقدّمها شركات 
2937,2026-05-08T05:29:35,1417,8,4,2585,unknown,شركة إصلاح تسرب المياه في المويهات,shrkh-aslah-tsrb-almyah-fy-almwyhat,https://max-art-ae.com/shrkh-aslah-tsrb-almyah-fy-almwyhat/,✍️ كتب هذا المقال: م. خالد المطيري — متخصص خدمات المنازل، شهادة ISO 9001 | 📅 آخر تحديث: أبريل 2026 | ✅ مراجعة: فريق ركن التطور كل ما تحتاج معرفته عن إصلاح تسرب المياه في المويهات 2026 إصلاح تسرب المياه في المويهات هي خدمة متخصصة تُقدّمها شر
2938,2026-05-08T05:29:33,1406,8,4,2585,unknown,شركة إصلاح تسرب المياه في الحميدية,shrkh-aslah-tsrb-almyah-fy-alhmydyh,https://max-art-ae.com/shrkh-aslah-tsrb-almyah-fy-alhmydyh/,✍️ كتب هذا المقال: م. خالد المطيري — متخصص خدمات المنازل، شهادة ISO 9001 | 📅 آخر تحديث: أبريل 2026 | ✅ مراجعة: فريق ركن التطور كل ما تحتاج معرفته عن إصلاح تسرب المياه في الحميدية 2026 إصلاح تسرب المياه في الحميدية هي خدمة متخصصة تُقدّمها شر
2939,2026-05-08T05:29:32,1409,8,4,2585,unknown,شركة إصلاح تسرب المياه في الجرف,shrkh-aslah-tsrb-almyah-fy-aljrf,https://max-art-ae.com/shrkh-aslah-tsrb-almyah-fy-aljrf/,✍️ كتب هذا المقال: م. خالد المطيري — متخصص خدمات المنازل، شهادة ISO 9001 | 📅 آخر تحديث: أبريل 2026 | ✅ مراجعة: فريق ركن التطور كل ما تحتاج معرفته عن إصلاح تسرب المياه في الجرف 2026 إصلاح تسرب المياه في الجرف هي خدمة متخصصة تُقدّمها شركات مح
2940,2026-05-08T05:29:30,1407,8,4,2585,unknown,شركة إصلاح تسرب المياه في النعيمية,shrkh-aslah-tsrb-almyah-fy-alnaymyh,https://max-art-ae.com/shrkh-aslah-tsrb-almyah-fy-alnaymyh/,✍️ كتب هذا المقال: م. خالد المطيري — متخصص خدمات المنازل، شهادة ISO 9001 | 📅 آخر تحديث: أبريل 2026 | ✅ مراجعة: فريق ركن التطور كل ما تحتاج معرفته عن إصلاح تسرب المياه في النعيمية 2026 إصلاح تسرب المياه في النعيمية هي خدمة متخصصة تُقدّمها شر
2532,2025-10-16T03:31:30,2901,6,0,2569,sharjah,شركة تركيب بديل الحجر في الشارقة,stone-alternative-installation-in-sharjah,https://max-art-ae.com/stone-alternative-installation-in-sharjah/,مقدمة ما هي شركة ماكس آرت؟ شركة ماكس آرت هي إحدى الشركات الرائدة في مجال تصميم وتركيب بديل الحجر في الشارقة. تأسست الشركة لتلبية الاحتياجات المتزايدة للسوق المحلية في تقديم حلول مبتكرة وجذابة للأبنية سواء كانت سكنية أو تجارية. تسعى شركة ماك
97,2025-03-28T15:45:02,3184,6,0,2567,sharjah,شركة تركيب ورق الجدران في الشارقة,wallpaper-installation-company-in-sharjah,https://max-art-ae.com/wallpaper-installation-company-in-sharjah/,مقدمة ما هو ورق الجدران وأهميته في التصميم الداخلي يعتبر ورق الجدران من العناصر الأساسية في فن التصميم الداخلي، حيث يلعب دوراً مهماً في تحديد معالم المساحات التي نعيش ونعمل بها. ورق الجدران هو عبارة عن تطبيق من الورق أو المواد الأخرى على جد
96,2025-03-28T05:25:29,2796,10,0,2565,sharjah,شركة تركيب أبواب أكورديون في الشارقة,accordion-door-installation-company-in-sharjah,https://max-art-ae.com/accordion-door-installation-company-in-sharjah/,فوائد تركيب أبواب أكورديون تعتبر أبواب أكورديون إحدى الحلول الفعالة والمبتكرة في عالم التصميم الداخلي، حيث تجمع بين الجمال والوظائف في آن واحد. في هذه الفقرة، سنستعرض أبرز فوائد تركيب أبواب أكورديون، والتي يمكن أن تحدث فرقًا كبيرًا في كيفية
95,2025-03-28T05:24:54,2254,4,0,2563,sharjah,شركة تكسير وترميم حمامات في الشارقة,bathroom-demolition-and-restoration-company-in-sharjah,https://max-art-ae.com/bathroom-demolition-and-restoration-company-in-sharjah/,مقدمة تعتبر الحمامات من العناصر الأساسية في أي منزل، لذا فإن الحفاظ على جودتها ووظيفتها أمر بالغ الأهمية. في الشارقة، حيث الطقس الحار والرطوبة العالية في بعض الأحيان، يتطلب الأمر اهتمامًا خاصًا فيما يتعلق بترميم الحمامات. قد تبدو عمليات الت
94,2025-03-28T05:24:19,2968,5,0,2560,sharjah,شركة تركيب فورسيلنج في الشارقة,false-ceiling-installation-company-in-sharjah,https://max-art-ae.com/false-ceiling-installation-company-in-sharjah/,شركة ماكس آرت : منشأ وتاريخ الشركة تأسيس شركة ماكس آرت تأسست شركة ماكس آرت في عام 2010، حيث بدأت كفكرة تراود مجموعة من المهندسين والفنانين الذين أرادوا تقديم حلول مبتكرة في مجال تصميم وتركيب الأسقف. وقد كانت البداية بسيطة، حيث بدأوا من ورشة
93,2025-03-28T05:23:48,2872,6,0,2550,sharjah,شركة بلاستر و ترميمات في الشارقة,plaster-and-restoration-company-in-sharjah,https://max-art-ae.com/plaster-and-restoration-company-in-sharjah/,مقدمة ما هي شركة بلاستر و ترميمات في الشارقة؟ شركة بلاستر وترميمات في الشارقة واحدة من الشركات الرائدة في مجال أعمال المحارة والتشطيبات، حيث تقدم مجموعة متنوعة من الخدمات التي تلبي احتياجات المشاريع السكنية والتجارية على حد سواء. تتمتع الشر
92,2025-03-28T05:23:16,3060,6,0,2554,sharjah,شركة تصميم وبناء مظلات في الشارقة,awning-design-and-construction-company-in-sharjah,https://max-art-ae.com/awning-design-and-construction-company-in-sharjah/,ماهية شركة ماكس آرت نشأة الشركة تأسست شركة ماكس آرت في عام 2010، حيث بدأت كاستجابة للاحتياجات المتزايدة في سوق تصميم وبناء المظلات في الشارقة. وتزامنت بداية الشركة مع boom النمو العقاري في الإمارات، مما جعل الطلب على الحلول الخاصة بالظل وحم
91,2025-03-28T02:04:24,2718,1,0,2571,sharjah,شركة تركيب مطابخ في الشارقة,kitchen-installation-company-in-sharjah,https://max-art-ae.com/kitchen-installation-company-in-sharjah/,&lt;h2&gt;مقدمة&lt;/h2&gt; &lt;h3&gt;ما هي شركة تركيب مطابخ في الشارقة؟&lt;/h3&gt; تعتبر شركات تركيب المطابخ في الشارقة من العناصر الأساسية في صناعة التأثيث والتصميم الداخلي. هذه الشركات تقدم باقة متنوعة من الخدمات التي تسهل على العملاء تجه
90,2025-03-28T02:03:24,2600,5,0,2585,sharjah,شركة مسابح في الشارقة,swimming-pool-company-in-sharjah,https://max-art-ae.com/swimming-pool-company-in-sharjah/,تقديم شركة مسابح في الشارقة شركة ماكس آرت تُعتبر شركة ماكس آرت واحدة من أبرز الشركات المتخصصة في مجال بناء وصيانة المسابح في الشارقة. تلتزم الشركة بتقديم حلول مبتكرة وعالية الجودة لكل من يبحث عن تصميم مسابح تناسب احتياجاته وتطلعاته. من خلال
89,2025-03-28T02:02:47,3012,7,0,2585,sharjah,شركة تنسيق حدائق في الشارقة,garden-landscaping-company-in-sharjah,https://max-art-ae.com/garden-landscaping-company-in-sharjah/,مقدمة ماهي شركة تنسيق حدائق في الشارقة؟ في عالم يسعى فيه الناس للحصول على بيئة مريحة وملهمة، تبرز أهمية شركات تنسيق الحدائق. تلك الشركات المتخصصة تقدم خدمات فريدة تهدف إلى تحويل المساحات الخضراء إلى أعمال فنية متكاملة. تعتبر شركة تنسيق حدائ
88,2025-03-28T02:02:10,2288,4,0,2585,sharjah,شركة سباكة وصرف صحي سباك في الشارقة,plumbing-and-sanitation-company-plumber-in-sharjah,https://max-art-ae.com/plumbing-and-sanitation-company-plumber-in-sharjah/,مقدمة ماهية الشركة وخدماتها تعتبر شركة ماكس آرت واحدة من أبرز شركات السباكة والصرف الصحي في الشارقة، حيث تقدم مجموعة شاملة من الخدمات المتعلقة بمجال السباكة تم تصميمها لتلبية احتياجات جميع العملاء. تأسست الشركة بهدف توفير حلول فعالة ومبتكرة
87,2025-03-28T02:01:36,3328,7,0,2585,sharjah,شركة تركيب كهرباء في الشارقة,electrical-installation-company-in-sharjah,https://max-art-ae.com/electrical-installation-company-in-sharjah/,مقدمة ما هي شركة تركيب كهرباء في الشارقة؟ شركة تركيب كهرباء في الشارقة هي عبارة عن مؤسسة متخصصة في تقديم خدمات التركيب والصيانة الكهربائية للمنازل، المنشآت التجارية، والمرافق العامة. تأتي هذه الشركات لتعكس احتياجات المجتمع المتزايدة للأنظمة
86,2025-03-28T02:00:21,982,0,0,2585,sharjah,شركة تركيب سيراميك في الشارقة,ceramic-installation-company-in-sharjah,https://max-art-ae.com/ceramic-installation-company-in-sharjah/,<h2>مقدمة</h2> <h3>ما هي شركة تركيب سيراميك في الشارقة؟</h3> تُعد شركة تركيب سيراميك في الشارقة من الشركات الرائدة في مجال تحسين المظهر الداخلي والخارجي للمنازل والمكاتب في المنطقة. تقدم هذه الشركات مجموعة متنوعة من خدمات تركيب السيراميك وا
85,2025-03-28T01:59:25,2786,5,0,2585,sharjah,شركة تصميم نوافير وشلالات في الشارقة,fountain-and-waterfall-design-company-in-sharjah,https://max-art-ae.com/fountain-and-waterfall-design-company-in-sharjah/,مقدمة ما هي شركة تصميم نوافير وشلالات في الشارقة؟ تُعتبر شركة تصميم نوافير وشلالات في الشارقة من المؤسسات التي تسهم بشكل كبير في تحسين جمالية الفضاءات العامة والخاصة من خلال إنشاء تصاميم فنية تلبي احتياجات العملاء. تجمع هذه الشركات بين الخب
84,2025-03-28T01:58:46,3501,8,0,2585,sharjah,شركة صبغ في الشارقة,painting-company-in-sharjah,https://max-art-ae.com/painting-company-in-sharjah/,مقدمة ما هي شركة ماكس آرت؟ تُعَدُّ شركة ماكس آرت واحدة من أبرز الشركات المتخصصة في مجال الصبغ والدهانات في الشارقة. تأسست الشركة بهدف تقديم حلول متكاملة لأغراض التشطيبات الداخلية والخارجية، وقد نجحت في بناء سمعة قوية كواحدة من أفضل شركات ال
83,2025-03-28T01:58:01,3606,8,0,2585,sharjah,شركة تركيب باركيه في الشارقة,parquet-installation-company-in-sharjah,https://max-art-ae.com/parquet-installation-company-in-sharjah/,مقدمة ماهية شركة تركيب الباركيه في الشارقة؟ تعتبر شركات تركيب الباركيه في الشارقة إحدى المؤسسات الأساسية التي تلبي احتياجات أصحاب المنازل والمكاتب على حد سواء. يتخصص هؤلاء المحترفون في تقديم خدمات تتعلق بتركيب الأرضيات ذات الجودة العالية، و
82,2025-03-28T01:56:26,3159,6,0,2585,sharjah,شركة تركيب جبس بورد في الشارقة,gypsum-board-installation-company-in-sharjah,https://max-art-ae.com/gypsum-board-installation-company-in-sharjah/,مقدمة ما هي شركة تركيب جبس بورد في الشارقة؟ تُعتبر شركة تركيب جبس بورد في الشارقة واحدة من أبرز الخيارات التي يسعى الكثير من الأفراد والمصممين للجوء إليها، وذلك بسبب ما تقدمه من حلول ديكورية مبتكرة وعصرية للمساحات المختلفة. جبس بورد هو مادة
81,2025-03-28T01:55:26,2935,7,0,2585,sharjah,شركة ديكورات في الشارقة,decoration-company-in-sharjah,https://max-art-ae.com/decoration-company-in-sharjah/,مقدمة ما هي شركة ماكس آرت؟ تعتبر شركة ماكس آرت واحدة من أبرز الشركات المتخصصة في تصميم الديكورات الداخلية في الشارقة. منذ تأسيسها، عملت الشركة على تلبية احتياجات عملائها من خلال تقديم مجموعة متنوعة من الخدمات التي تشمل التصميمات الداخلية لل
80,2025-03-26T06:25:41,2448,5,0,2526,sharjah,شركة صيانة عامة في الشارقة,general-maintenance-company-in-sharjah,https://max-art-ae.com/general-maintenance-company-in-sharjah/,مقدمة ما هي خدمات شركة صيانة عامة في الشارقة؟ تعتبر خدمات شركات الصيانة العامة في الشارقة من الأركان الأساسية التي تضمن استمرار العمل وكفاءة المباني، سواء كانت منازل أو منشآت تجارية. تقدم هذه الشركات مجموعة واسعة من الخدمات التي تشمل: صيانة
77,2025-03-21T01:41:23,3284,8,0,2585,sharjah,شركة تركيب بديل الخشب في الشارقة,wood-alternative-installation-company-in-sharjah,https://max-art-ae.com/wood-alternative-installation-company-in-sharjah/,مقدمة ما هو بديل الخشب؟ بديل الخشب هو مادة مصممة لتكون بديلاً عن الخشب الطبيعي، وتستخدم بشكل شائع في مجالات البناء والديكور. تتنوع مواد بديل الخشب بين البلاستيك، وكان منتجًا ثوريًا أدى إلى تحسين العديد من جوانب التصميم الداخلي والخارجي. تشه
76,2025-03-21T01:28:29,2843,5,0,2585,sharjah,شركة تركيب بديل الرخام في الشارقة,marble-alternative-installation-company-in-sharjah,https://max-art-ae.com/marble-alternative-installation-company-in-sharjah/,مقدمة ما هو الرخام البديل؟ الرخام البديل هو مادة مستخدمة في الديكور والتشطيبات الداخلية، تم تصميمها لتكون بديلاً للمادة الطبيعية التقليدية المعروفة بالرخام. تُستخدم هذه المادة في مختلف التطبيقات، بما في ذلك الجدران والأرضيات والأسطح. يعد ال
53,2025-03-17T16:32:16,3089,6,0,2585,dubai,شركة تنسيق حدائق في دبي,garden-landscaping-company-in-dubai,https://max-art-ae.com/garden-landscaping-company-in-dubai/,مقدمة ما هي خدمات شركة ماكس آرت؟ تُعتبر شركة ماكس آرت واحدة من الشركات الرائدة في مجال تنسيق الحدائق في دبي، حيث تقدم مجموعة شاملة من الخدمات التي تهدف إلى تحويل المساحات الخارجية إلى أماكن خضراء نابضة بالحياة. تشمل خدمات ماكس آرت: تصميم ال
52,2025-03-16T09:50:03,3220,7,0,2585,dubai,شركة تركيب سباكة وصرف صحي سباك في دبي,plumbing-and-drainage-installation-company-plumber-in-dubai,https://max-art-ae.com/plumbing-and-drainage-installation-company-plumber-in-dubai/,مقدمة ماهية السباكة وصرف الصحي السباكة وصرف الصحي هما من الأساسيات الحيوية التي تضمن توفير الراحة والصحة في كل منزل. يشمل مجال السباكة تصميم وتركيب الأنابيب، والحنفيات، والأدوات الصحية، والأنظمة المسؤولة عن توفير المياه وعلاج الصرف. بينما ي
51,2025-03-16T08:44:28,1817,4,0,2585,dubai,شركة تركيب كهرباء في دبي,electrical-installation-company-in-dubai,https://max-art-ae.com/electrical-installation-company-in-dubai/,مقدمة ما هي شركة تركيب كهرباء في دبي شركة تركيب كهرباء في دبي هي جهة متخصصة تقدم خدمات شاملة في مجال تركيب وصيانة الأنظمة الكهربائية. يشمل ذلك كل ما يتعلق بالكهرباء للمباني السكنية والتجارية، سواء كان ذلك في مشاريع جديدة أو تجديدات لمرافق ق
46,2025-03-16T08:35:14,3252,7,0,2585,dubai,شركة تركيب فورسيلنج في دبي,false-ceiling-installation-company-in-dubai,https://max-art-ae.com/false-ceiling-installation-company-in-dubai/,مقدمة ماهية شركة تركيب فورسيلنج في دبي تعتبر شركات تركيب فورسيلنج في دبي من الشركات الرائدة في تقديم الخدمات المتعلقة بتحسين المظهر الداخلي للمنازل والمكاتب. تعتمد هذه الشركات على تصميم وتركيب أنظمة فورسيلنج متخصصة، وهي تعطي للمساحات الداخل
49,2025-03-16T08:34:04,2266,5,0,2585,dubai,شركة تركيب ورق جدران في دبي,wallpaper-installation-company-in-dubai,https://max-art-ae.com/wallpaper-installation-company-in-dubai/,مقدمة ما هي شركة ماكس آرت؟ تُعتبر شركة ماكس آرت واحدة من أبرز الشركات في مجال تصميم وتركيب ورق الجدران في دبي. تأسست الشركة بهدف تقديم خدمات عالية الجودة تناسب كافة الأذواق والاحتياجات الخاصة بالعملاء. يجمع فريق ماكس آرت بين الخبرة الواسعة 
48,2025-03-16T08:33:32,2812,7,0,3219,dubai,شركة تكسير وترميم حمامات في دبي,bathroom-demolition-and-renovation-company-in-dubai,https://max-art-ae.com/bathroom-demolition-and-renovation-company-in-dubai/,مقدمة ماهو ترميم وتكسير الحمامات في دبي؟ ترميم وتكسير الحمامات في دبي هو عملية تتضمن تحديث وتجديد الحمامات، مما يجعلها أكثر ملاءمة للاستخدام العصري. عندما نتحدث عن تكسير الحمامات، فإنه يشير إلى إزالة العناصر القديمة مثل الأحواض، والمراحيض، 
47,2025-03-16T08:32:48,3012,0,0,3219,dubai,شركة تركيب أبواب أكورديون في دبي,accordion-door-installation-company-in-dubai,https://max-art-ae.com/accordion-door-installation-company-in-dubai/,بماذا تتعلق الموضوع؟ عندما نتحدث عن أبواب أكورديون، فإننا نشير إلى واحدة من أذكى الخيارات المتاحة اليوم لنقل الحدود بين المساحات في المنازل والمكاتب. هذه الأبواب ليست فقط عملية ولكنها تجسد جمال التصميم العصري والتفكير العملي كما أنها تمثل ا
45,2025-03-16T08:31:14,2952,5,0,3219,dubai,شركة بلاستر وترميمات في دبي,plaster-and-restoration-company-in-dubai,https://max-art-ae.com/plaster-and-restoration-company-in-dubai/,مقدمة من هي شركة ماكس آرت؟ تعتبر شركة ماكس آرت واحدة من الشركات الرائدة في مجال خدمات البلاستر والترميم في دبي. تأسست الشركة بهدف توفير حلول متميزة تناسب جميع احتياجات العملاء. تتمتع ماكس آرت بفريق من الخبراء المدربين تدريبا عاليا الذين يمت
44,2025-03-16T08:29:34,3006,6,0,3219,dubai,شركة تصميم وبناء مظلات في دبي,awning-design-and-construction-company-in-dubai,https://max-art-ae.com/awning-design-and-construction-company-in-dubai/,مقدمة ماهية الشركة ومجال عملها تُعتبر الشركة من بين أفضل الشركات المتخصصة في تصميم وبناء مظلات في دبي، حيث تسعى جاهدة لتوفير حلول مبتكرة تلبي احتياجات العملاء في مجالات متعددة. تقدم الشركة مجموعة واسعة من الخدمات تشمل تركيب مظلات سيارات في 
43,2025-03-16T08:28:15,3181,7,0,3219,dubai,شركة تركيب سيراميك في دبي,ceramic-installation-company-in-dubai,https://max-art-ae.com/ceramic-installation-company-in-dubai/,مقدمة ما هي خدمات شركة ماكس آرت؟ تُعد شركة ماكس آرت واحدة من الشركات الرائدة في مجال تركيب السيراميك في دبي. تقدم الشركة مجموعة متنوعة من الخدمات التي تلبي احتياجات العملاء المختلفة، حيث تهدف إلى تحقيق أعلى معايير الجودة والتميز في كل مشروع
42,2025-03-16T08:27:43,3145,7,0,3219,dubai,شركة تكسير وترميم فلل في دبي,wood-alternative-installation-company-in-dubai-2,https://max-art-ae.com/wood-alternative-installation-company-in-dubai-2/,مقدمة ماهية الشركة وخبرتها في تكسير وترميم الفلل تُعد شركة تكسير وترميم فلل في دبي من الشركات الرائدة في مجال خدمة تجديد الفلل وإعادة تأهيلها. تأسست الشركة منذ عدة سنوات وتوسعت لتصبح واحدة من أفضل شركات ترميم الفلل في دبي، حيث تتمتع بخبرة و
41,2025-03-16T08:27:02,3157,7,0,2585,dubai,شركة تركيب بديل الخشب في دبي,wood-alternative-installation-company-in-dubai,https://max-art-ae.com/wood-alternative-installation-company-in-dubai/,مقدمة ما هو الخشب البديل؟ الخشب البديل هو مواد مصنوعة تحاكي الخشب الطبيعي في المظهر والملمس، ولكن دون الحاجة للقطع كميات كبيرة من الأشجار. تتنوع أنواع الخشب البديل بين الألواح المصنوعة من البلاستيك المركب، والألياف الخشبية، كما تشمل الألواح
40,2025-03-16T08:25:53,2785,5,0,2585,dubai,شركة تركيب بديل الحجر في دبي,stone-alternative-installation-company-in-dubai,https://max-art-ae.com/stone-alternative-installation-company-in-dubai/,مقدمة ما هي شركة تركيب بديل الحجر في دبي وما هي أهميتها؟ تعتبر دبي من المدن التي تتميز بمعمارها الفريد والاستثنائي، حيث تحظى الأسطح والواجهات اهتمامًا خاصًا من حيث التصميم والجمال، وذلك لأن هذه العناصر تعكس هوية المدينة وتاريخها الثقافي. في
39,2025-03-16T08:24:52,2039,4,0,2585,dubai,شركة تركيب بديل الرخام في دبي,marble-alternative-installation-company-in-dubai,https://max-art-ae.com/marble-alternative-installation-company-in-dubai/,مقدمة ما هي شركة تركيب بديل الرخام في دبي؟ شركة تركيب بديل الرخام في دبي تُعد واحدة من الخيارات الأكثر شعبية في مجتمع التصميم والبناء، حيث تقدم حلولاً ذكية ومبتكرة للأشخاص الذين يرغبون في الحصول على مظهر رخام فاخر دون تحمل تكاليفه المرتفعة 
38,2025-03-16T08:24:08,2966,7,0,2585,dubai,شركة تركيب مطابخ في دبي,kitchen-installation-company-in-dubai,https://max-art-ae.com/kitchen-installation-company-in-dubai/,مقدمة ما هو تركيب المطابخ في دبي؟ يُعتبر تركيب المطابخ في دبي من العمليات الحيوية التي تتطلب اهتمامًا خاصًا ودراسة جيدة. وبما أن المطبخ هو قلب المنزل ومكان تجمع الأسرة، فإن تصميمه وتركيبه يحتاجان إلى خبرة ودقة عالية لضمان تلبية احتياجات الم
21,2025-03-15T19:47:36,2200,4,0,3219,dubai,شركة مسابح في دبي,swimming-pool-company-in-dubai,https://max-art-ae.com/swimming-pool-company-in-dubai/,مقدمة ما هي خدمات شركة ماكس آرت لإنشاء وصيانة المسابح في دبي؟ تُعتبر شركة ماكس آرت من الشركات الرائدة في مجال إنشاء وصيانة المسابح في دبي، حيث تقدم مجموعة متكاملة من الخدمات التي تلبي احتياجات العملاء وتحقق تطلعاتهم. تم تأسيس الشركة على أسا
20,2025-03-15T19:46:39,3043,6,0,3219,dubai,شركة صبغ في دبي,painting-company-in-dubai,https://max-art-ae.com/painting-company-in-dubai/,شركة صبغ في دبي ما هي خدمات شركة صبغ في دبي؟ شركة صبغ في دبي تقدم مجموعة واسعة من الخدمات التي تلبي احتياجات العملاء المختلفة. ومع تزايد الطلب على تحسين المظهر الداخلي والخارجي للمنازل والمباني، أصبح من الضروري معرفة الخيارات المتاحة. إليك 
19,2025-03-15T19:45:43,3063,7,0,2585,dubai,شركة تركيب جبس بورد في دبي,gypsum-board-installation-company-in-dubai,https://max-art-ae.com/gypsum-board-installation-company-in-dubai/,مقدمة ما هي شركة تركيب جبس بورد في دبي؟ تعتبر شركة تركيب جبس بورد في دبي واحدة من الخيارات الأكثر شيوعًا بين المواطنين والمقيمين في المدينة الذين يسعون لتحسين مظهر منازلهم أو مكاتبهم. يتميز جبس البورد، الذي يُعرف أيضًا باسم الألواح الجبسية،
12,2025-03-14T10:14:38,2940,5,0,3219,dubai,شركة تصميم نوافير وشلالات في دبي,fountain-and-waterfall-design-company-in-dubai,https://max-art-ae.com/fountain-and-waterfall-design-company-in-dubai/,مقدمة في السنوات الأخيرة، شهدت مدن العالم تطورات هائلة في تصميم الفضاءات العامة، مما جعلها أكثر جاذبية وراحة للسكان والزوار على حد سواء. من بين العناصر التي تعزز من جماليات هذه الفضاءات وتمثل نقطة جذب رئيسية، نجد النوافير والشلالات. هذه الع
11,2025-03-14T08:51:46,2833,4,0,2585,dubai,شركة تركيب باركيه في دبي,parquet-installation-company-in-dubai,https://max-art-ae.com/parquet-installation-company-in-dubai/,شركة تركيب باركيه في دبي – شركة ماكس آرت تعتبر شركة ماكس آرت واحدة من الشركات الرائدة في مجال تركيب باركيه في دبي، حيث ابتكرت لنفسها سمعة متميزة في تقديم خدمات عالية الجودة. تركز الشركة على تلبية احتياجات عملائها من خلال تقديم مجموعة متنوعة
9,2025-03-14T06:22:15,3382,8,0,3219,dubai,شركة ديكورات في دبي,decoration-company-in-dubai,https://max-art-ae.com/decoration-company-in-dubai/,مقدمة ما هي شركة ماكس آرت؟ تعد شركة ماكس آرت واحدة من أبرز شركات التصميم الداخلي والديكور في دبي، حيث تميزت بخدماتها المتنوعة وجودتها العالية. تأسست الشركة بهدف تقديم حلول مبتكرة للعملاء من الأفراد والشركات، وتقدم مجموعة شاملة من الخدمات تش
8,2025-03-14T06:20:17,2925,6,0,2526,dubai,شركة صيانة عامة في دبي,general-maintenance-company-in-dubai,https://max-art-ae.com/general-maintenance-company-in-dubai/,مقدمة ما هي خدمات شركة صيانة عامة في دبي؟ تعتبر خدمات الصيانة العامة في دبي من الأمور الحيوية التي تضمن سلامة وجودة المباني والفلل والشقق. تتميز هذه الخدمات بتنوعها، حيث تشمل صيانة الأجهزة الكهربائية، السباكة، تنظيف المباني، والصيانة الدوري
127,2025-01-02T19:26:37,3275,6,0,0,abu-dhabi,شركة كشف تسربات المياه في أبوظبي,water-leak-detection-company-in-abu-dhabi,https://max-art-ae.com/water-leak-detection-company-in-abu-dhabi/,مقدمة عند الحديث عن خدمات كشف تسربات المياه، يتبادر إلى الذهن أهمية المياه كعنصر حيوي لا غنى عنه. لكن المشكلة تكمن في تسربات المياه التي قد تتسبب في أضرار جسيمة للممتلكات، مما يستدعي الحاجة الملحة إلى الكشف عنها بشكل سريع وفعال. ما هي خدمات
